numero,processo,dataDeRealizacao,dataDePublicacao,modalidade,orgao,fase,tipoObjeto,objeto,valorEstimado,valorContratado,vencedor,comissao,horaDeRealizacao,localDeRealizacao,ano_consulta
0100/2021,0138/2021,20/07/2021,06/07/2021,Pregão eletrônico,Secretaria Municipal de Saúde | SESAU,Processo Concluído,Compras e serviços,EVENTUAL AQUISIÇÃO DE MATERIAIS MÉDICO HOSPITALAR,"R$ 3.862.096,85",,,Comissão Especial de Pregão III,10:00,Prefeitura de Petrolina,2021
0004/2021,0157/2021,25/02/2021,29/12/2021,Inexigibilidade,Prefeitura municipal de Petrolina,Em andamento,Compras e serviços,"Serviços e venda de produtos de comercialização em âmbito nacional e internacional, pela EM PRESA BRASILEIRA DE CORREIOS E
TELÉGRAFOS • ECT",,,,Comissão permanente de licitação,10:00,Prefeitura de Petrolina,2021
0145/2020,0239/2020,07/01/2021,07/01/2021,Pregão eletrônico,Secretaria Municipal da Fazenda e Planejamento,Processo Concluído,Compras e serviços,CONFECÇÃO DE CARNÊS ,"R$ 129.500,00","R$ 0,00",,Comissão Especial de Pregão II,09:00,Prefeitura de Petrolina,2021
0025/2020,0229/2020,11/01/2021,10/12/2020,Concorrência,"Secretaria Municipal de Educação, Cultura e Esportes",Processo Concluído,Compras e serviços,"Contratação de empresa especializada para prestação de serviços de engenharia civil relativos à reforma da Escola Municipal Eduardo Souza e da Escola Municipal Dr. José Araújo, no município de Petrolina/PE.","R$ 814.117,59","R$ 0,00",,Comissão Especial Permanente de Licitação,11:00,Prefeitura de Petrolina,2021
0098/2021,0135/2021,14/07/2021,01/07/2021,Pregão eletrônico,"Secretaria Municipal de Educação, Cultura e Esportes",Processo Concluído,Compras e serviços,Eventual fornecimento de materiais e produtos limpeza destinados às unidades escolares e entidades conveniadas de responsabilidade deste município bem como para atender as necessidades da Secretaria Municipal de Educação,"R$ 1.857.284,00","R$ 1.126.315,50",,Comissão Especial de Pregão III,10:00,Prefeitura de Petrolina,2021
0106/2021,0000/0000,05/08/2021,09/09/2021,Dispensa por outros motivos,Prefeitura municipal de Petrolina,Processo Concluído,Locação,"contrato de locação de imóvel entre o Srª. LUIZA MARIA TOMAZ – CPF N.º 050.246.774-63 , para funcionar a casa de apoio para professores da Escola
Municipal Olavo Bilac. ","R$ 4.800,00",,,Comissão permanente de licitação,13:00,petrolina,2021
0069/2021,0099/2021,24/05/2021,11/05/2021,Pregão eletrônico,Secretaria Municipal da Fazenda e Planejamento,Processo Concluído,Compras e serviços,"EVENTUAL AQUISIÇÃO DE MATERIAL DE LIMPEZA, HIGIENE E EQUIPAMENTOS DE PROTEÇÃO INDIVIDUAL ","R$ 363.116,63","R$ 78.577,19",,Comissão Especial de Pregão III,10:00,Prefeitura de Petrolina,2021
0150/2020,0245/2020,27/01/2021,14/01/2021,Pregão eletrônico,Secretaria Municipal de Saúde | SESAU,Processo Concluído,Compras e serviços,"Eventual fornecimento de kits para instalação de ares condicionados, para suprir as necessidades da Secretaria Municipal de Saúde de Petrolina-PE.","R$ 20.161,05","R$ 0,00",,Comissão Especial de Pregão I,09:00,Prefeitura de Petrolina,2021
0017/2021,0000/0000,26/10/2021,03/11/2021,Dispensa por outros motivos,Prefeitura municipal de Petrolina,Processo Concluído,Compras e serviços,"Contratação da CLÍNICA MÉDICA IBIRAPUERA S/C LTDA, para a prestação de serviços de consulta medica especializada e procedimento de laserterapia em atendimento a ordem judicial: Processo n° 0006487-93.2019.8.17.3130 ",,,,Comissão permanente de licitação,13:00,Prefeitura de Petrolina,2021
0008/2021,0078/2021,23/03/2021,05/04/2021,Dispensa por outros motivos,Secretaria Municipal de Saúde | SESAU,Processo Concluído,Compras e serviços,"fornecimento de gás medicinal, com comodato de cilindro de oxigênio, para suprir as necessidades da Secretaria Municipal de
Saúde de Petrolina-PE","R$ 27.750,00","R$ 27.750,00",,Comissão permanente de licitação,10:00,Prefeitura de Petrolina,2021
0081/2021,0112/2021,07/06/2021,25/05/2021,Pregão eletrônico,Secretaria Municipal de Saúde | SESAU,Processo Concluído,Compras e serviços,REGISTRO DE PREÇO - AQUISIÇÃO DE GÊNEROS ALIMENTÍCIOS (PERECÍVEIS) PARA OS CAP'S.,"R$ 1.325.168,19","R$ 0,00",,Comissão Especial de Pregão II,10:00,Prefeitura de Petrolina,2021
0033/2021,0042/2021,03/03/2021,19/02/2021,Pregão eletrônico,Secretaria Municipal de Desenvolvimento Social e Direitos Humanos,Processo Concluído,Compras e serviços,Registro de Preço - Aquisição de equipamentos de informática e outros ,"R$ 131.275,57","R$ 0,00",,Comissão Especial de Pregão II,13:00,Prefeitura de Petrolina,2021
0018/2021,,19/01/2021,27/10/2021,Dispensa por outros motivos,Prefeitura municipal de Petrolina,Processo Concluído,Compras e serviços," locação de imóvel, situado na Rua Centro, S/N – Zona Rural, CRISTALIA-PE,",,,,Comissão permanente de licitação,13:00,Prefeitura de Petrolina,2021
0029/2021,0037/2021,11/03/2021,27/02/2021,Pregão eletrônico,Secretaria Municipal de Saúde | SESAU,Processo Concluído,Compras e serviços,"Eventual prestação de serviços gráficos, para suprir as necessidades da Secretaria Municipal de Saúde de Petrolina-PE,","R$ 1.373.345,94","R$ 0,00",,Comissão Especial de Pregão I,10:00,Prefeitura de Petrolina,2021
0231/2021,0313/2021,28/12/2021,15/12/2021,Pregão eletrônico,Secretaria Municipal de Saúde | SESAU,Revogada,Compras e serviços,"contratação de empresa especializada na prestação de serviços de manutenção, instalação, desinstalação, conservação e limpeza de ares condicionados","R$ 547.390,00",,,Comissão Especial de Licitação V,09:00,Portal de Compras Públicas,2021
0183/2021,0248/2021,16/11/2021,28/10/2021,Pregão eletrônico,Secretaria Municipal de Saúde | SESAU,Processo Concluído,Compras e serviços,"EVENTUAL AQUISIÇÃO DE VEÍCULO, PARA ATENDER ÀS NECESSIDADES DA SECRETARIA MUNICIPAL DE SAÚDE - SESAU","R$ 721.867,60",,,Comissão Especial de Licitação V,09:00,PORTAL DE COMPRAS PÚBLICAS,2021
0228/2021,0309/2021,27/12/2021,14/12/2021,Pregão eletrônico,"Secretaria Municipal de Educação, Cultura e Esportes",Processo Concluído,Compras e serviços,"EVENTUAL AQUISIÇÃO DE PROJETO DE LEITURA PARA ASSEGURAR A IMPLANTAÇÃO DO PROJETO: PETROLINA LER + PARA OS ESTUDANTES DAS
UNIDADES ESCOLARES DA REDE MUNICIPAL DE ENSINO DE PETROLINA.","R$ 5.898.500,00",,,Comissão Especial de Licitação IV,09:00,PORTAL DE COMPRAS PÚBLICAS,2021
0207/2021,0281/2021,10/12/2021,29/11/2021,Pregão eletrônico,Secretaria Municipal da Fazenda e Planejamento,Em andamento,Compras e serviços,"CONFECÇÃO DE CARNÊS DE TRIBUTOS (IPTU, ISS E TAXAS)","R$ 66.000,00","R$ 0,00",,Comissão Especial de Pregão II,09:00,Portal de Compras Públicas,2021
0220/2021,0296/2021,16/12/2021,03/12/2021,Pregão eletrônico,Secretaria Municipal de Saúde | SESAU,Deserta,Compras e serviços,"Aquisições de ticket vale gás para a casa do Tratamento Fora Domicilio em Recife-PE, conforme especificações e quantitativos indicados, para suprir as necessidades da secretaria Municipal de Saúde de Petrolina-PE.","R$ 27.148,00",,,Comissão Especial de Licitação V,15:00,Portal de Compras Públicas,2021
0177/2021,0239/2021,21/12/2021,09/12/2021,Pregão eletrônico,Secretaria Municipal de Saúde | SESAU,Processo Concluído,Compras e serviços,"Eventuais aquisições de suplementos alimentares e leites, em atendimento as ordens judiciais","R$ 39.849,36",,,Comissão Especial de Licitação V,09:00,Portal de Compras Públicas,2021
0010/2021,0164/2021,09/08/2021,06/08/2021,Credenciamento,Secretaria de Agricultura,Processo Concluído,Compras e serviços,"CREDENCIAMENTO de carros pipas com o condutor (pessoa física), equipado com motor bomba, mangote e conexões(...).",,,,Comissão Especial Permanente de Licitação,10:00,Prefeitura de Petrolia,2021
0004/2021,0006/2021,29/01/2021,19/01/2021,Pregão eletrônico,Autarquia Municipal de Mobilidade de Petrolina | AMMPLA,Processo Concluído,Compras e serviços,"REGISTRO DE PREÇO - AQUISIÇÃO DE MATERIAL PARA SINALIZAÇÃO HORIZONTAL (TINTAS, TACHAS E TACHÕES) PARA AMMPLA","R$ 1.035.347,69","R$ 0,00",,Comissão Especial de Pregão II,10:00,Prefeitura de Petrolina,2021
0138/2021,0138/2021,23/11/2021,25/11/2021,Dispensa por outros motivos,Prefeitura municipal de Petrolina,Processo Concluído,Compras e serviços,"Contratação da empresa ELISSON CASTRO DE LIMA – ME, CNPJ: 08.074.508/0001- 46, para prestação de serviço artístico/musical “MUSICAL NATALINO”, cuja apresentação no evento Lançamento do Natal de Luz.","R$ 12.000,00","R$ 12.000,00",,Comissão permanente de licitação,09:00,Prefeitura de Petrolina.,2021
0057/2021,0082/2021,27/04/2021,16/04/2021,Pregão eletrônico,"Secretaria Municipal de Educação, Cultura e Esportes",Processo Concluído,Compras e serviços,"CONTRATAÇÃO DE EMPRESA ESPECIALIZADA PARA, SOB DEMANDA, PRESTAR SERVIÇOS DE PINTURA DE PAREDES E TETOS COM PRODUTO INSETICIDA DE AÇÃO DURADOURA E EFICAZ, ","R$ 9.078.152,92","R$ 9.035.000,00",,Comissão Especial de Pregão III,09:00,Prefeitura de Petrolina,2021
0118/2021,0159/2021,20/08/2021,13/08/2021,Pregão eletrônico,Secretaria Municipal de Saúde | SESAU,Em andamento,Compras e serviços,"Contratação de empresa para PRESTAÇÃO DE SERVIÇO DE LOCAÇÃO DE EQUIPAMENTO DE GASOMETRIA com prestação de serviço de manutenção preventiva e corretiva, com fornecimento de peças e insumos para realização de testes de Gasometria...","R$ 97.692,00","R$ 0,00",,Comissão Especial de Pregão I,,,2021
0131/2021,0175/2021,22/09/2021,18/08/2021,Pregão eletrônico,Secretaria de Agricultura,Processo Concluído,Compras e serviços,"AQUISIÇÃO DE LÂMINAS, PORCAS E PARAFUSOS PARA OS EQUIPAMENTOS DA PATRULHA MECANIZADA, PARA RECUPERAÇÃO DAS ESTRADAS QUE FORAM DANIFICADAS POR CONTA DAS CHUVAS E/OU PELO DESGASTE NATURAL","R$ 1.251.563,20",,,Comissão Especial de Pregão III,10:00,Prefeitura de Petrolina,2021
0186/2021,0251/2021,25/11/2021,11/11/2021,Pregão eletrônico,Secretaria Municipal da Fazenda e Planejamento,Deserta,Obras e serviços de engenharia,REFORMA E RECUPARAÇÃO DA COBERTURA DO PRÉDIO SEDE DA PREFEITURA E DO SETOR DE TRIBUTOS,"R$ 95.024,31","R$ 0,00",,Comissão Especial de Pregão II,09:00,PLATAFORMA DO GOVERNO FEDERAL - COMPRASNET,2021
0130/2021,0174/2021,27/08/2021,16/08/2021,Pregão eletrônico,Secretaria Municipal de Saúde | SESAU,Processo Concluído,Compras e serviços,"Eventual aquisição de caixa térmica para vacina, de acordo com a solicitação expressa da SECRETARIA MUNICIPAL DE SAÚDE .","R$ 129.451,80","R$ 0,00",,Comissão Especial de Pregão I,10:00,Prefeitura de Petrolina,2021
0071/2021,0101/2021,21/05/2021,10/05/2021,Pregão eletrônico,Secretaria Municipal de Desenvolvimento Social e Direitos Humanos,Processo Concluído,Compras e serviços,aquisição de material de expediente,"R$ 213.389,58","R$ 0,00",,Comissão Especial de Pregão II,10:00,Prefeitura de Petrolina,2021
0010/2021,0204/2021,04/11/2021,04/10/2021,Concorrência,Secretaria de Infraestrutura e Mobilidade,Fracassada,Obras e serviços de engenharia,"PRESTAÇÃO DE SERVIÇOS DE ENGENHARIA RELATIVOS À CONSTRUÇÃO, REVITALIZAÇÃO E REFORMA DE PRAÇAS, CONFORME SOLICITAÇÃO EXPRESSA DA SECRETARIA DE MUNICIPAL DE INFRAESTRUTURA E MOBILIDADE - SEINFRA.

","R$ 3.420.801,47","R$ 0,00",,Comissão permanente de licitação,09:00,"avenida Guararapes,  2114, centro ",2021
0230/2021,0312/2021,29/12/2021,15/12/2021,Pregão eletrônico,Prefeitura municipal de Petrolina,Processo Concluído,Compras e serviços,"EVENTUAL AQUISIÇÃO DE  APARELHOS AR CONDICIONADOS DE MODELOS E MARCAS DIVERSAS, NAS SECRETARIAS LOTADAS NO PRÉDIO SEDE DA PREFEITURA MUNICIPAL DE PETROLINA PARA ATENDER AS NECESSIDADES DE DIVERSAS SECRETARIAS MUNICIPAIS.","R$ 81.633,27","R$ 0,00",,Comissão Especial de Pregão I,10:30,www.portaldecompraspublicas.com.br,2021
0009/2021,0233/2021,05/11/2021,19/10/2021,Tomada de preço,Secretaria de Infraestrutura e Mobilidade,Processo Concluído,Obras e serviços de engenharia,"serviços relativos à REVITALIZAÇÃO DO CEMITÉRIO CAMPO DAS FLORES.

","R$ 684.563,90","R$ 0,00",,Comissão permanente de licitação,10:00,Prefeitura de Petrolina,2021
0166/2021,0225/2021,29/10/2021,19/10/2021,Pregão eletrônico,Secretaria Municipal de Saúde | SESAU,Processo Concluído,Compras e serviços,"Prestação de Serviços de fornecimento de alimentação para Unidade de Acolhimento Infanto Juvenil e Unidade de Acolhimento Adulto, para suprir as necessidades da Secretaria Municipal de Saúde de Petrolina-PE","R$ 716.827,60",,,Comissão Especial de Licitação V,13:00,Prefeitura de Petrolina.,2021
0001/2021,0002/2021,22/01/2021,11/01/2021,Pregão eletrônico,Secretaria Municipal de Saúde | SESAU,Processo Concluído,Compras e serviços,"Eventual aquisição de luvas para procedimento em látex, para suprir as necessidades da Secretaria Municipal de Saúde de Petrolina-PE.","R$ 1.170.000,00","R$ 0,00",,Comissão Especial de Pregão I,10:00,Prefeitura de Petrolina,2021
0117/2020,,22/09/2021,18/10/2021,Dispensa por outros motivos,Prefeitura municipal de Petrolina,Processo Concluído,Locação,"locação de software de transparência pública – Licença de uso do portal institucional do IGEPREV, integração de todos os
sistemas complementares da gestão pública ",,,,Comissão permanente de licitação,13:00,Prefeitura de petrolina,2021
0082/2021,0113/2021,16/06/2021,02/06/2021,Pregão eletrônico,Secretaria Municipal de Planejamento e Gestão,Processo Concluído,Compras e serviços,EVENTUAL CONTRATAÇÃO DE EMPRESA ESPECIALIZADA PARA FORNECIMENTO DE MATERIAIS E EQUIPAMENTOS DE INFORMÁTICA PARA ATENDER AS NECESSIDADES DE DIVERSAS SECRETARIAS MUNICIPAIS E OUTROS ÓRGÃOS DA ADMINISTRAÇÃO INDIRETA DO MUNICÍPIO ,"R$ 506.970,91","R$ 308.895,84",,Comissão Especial de Pregão III,10:00,Prefeitura de Petrolina,2021
0136/2020,0226/2020,05/01/2021,21/12/2020,Pregão eletrônico,Secretaria Municipal de Desenvolvimento Social e Direitos Humanos,Aberta,Compras e serviços,"CONFECÇÃO DE FARDAMENTO, CAMISETAS, COLETES, BONÉS E MOCHILAS ","R$ 58.945,25","R$ 0,00",,Comissão Especial de Pregão II,,,2021
0036/2021,0046/2021,08/03/2021,24/02/2021,Pregão eletrônico,Secretaria Municipal de Saúde | SESAU,Processo Concluído,Compras e serviços,"Eventual aquisição de móveis, para atender às necessidades da Secretaria Municipal de Saúde","R$ 221.337,75",,,Comissão Especial de Pregão III,10:00,Prefeitura de Petrolina,2021
0019/2021,0022/2021,19/02/2021,03/02/2021,Pregão eletrônico,Secretaria Municipal de Saúde | SESAU,Aberta,Compras e serviços,"EVENTUAL AQUISIÇÃO DE FRALDAS, LENÇOS UMEDECIDOS, COLCHÃO, MATERIAIS MÉDICOS, INSUMOS E MEDICAMENTOS, EM ATENDIMENTO A ORDEM JUDICIAL.","R$ 188.794,13","R$ 0,00",,Comissão Especial de Pregão I,,,2021
0006/2021,0172/2021,22/09/2021,20/08/2021,Concorrência,"Secretaria Municipal de Educação, Cultura e Esportes",Processo Concluído,Obras e serviços de engenharia,OBRAS DE ENGENHARIA PARA CONSTRUÇÃO DE SALAS DE AULAS EM DIVERSAS UNIDADES ESCOLARES - ,"R$ 3.411.505,26","R$ 0,00",,Comissão permanente de licitação,09:00,Prefeitura de Petrolina,2021
0030/2021,0039/2021,04/03/2021,19/02/2021,Pregão eletrônico,Secretaria Municipal de Saúde | SESAU,Revogada,Compras e serviços,"Fornecimento de gases medicinais com comodato de cilindros para o Hospital campanha do COVID-19, para suprir as necessidades da   Secretaria Municipal de Saúde de Petrolina-PE.","R$ 96.784,75","R$ 0,00",,Comissão Especial de Pregão I,,,2021
0001/2021,0133/2021,14/10/2021,17/09/2021,Regime Diferenciado de Contratação - RDC,Secretaria de Infraestrutura e Mobilidade,Processo Concluído,Obras e serviços de engenharia,"ELABORAÇÃO DOS PROJETOS BÁSICO E EXECUTIVO DE ENGENHARIA E EXECUÇÃO DAS OBRAS E DEMAIS OPERAÇÕES NECESSÁRIAS E SUFICIENTES PARA IMPLANTAÇÃO DE PAVIMENTAÇÃO DE DIVERSAS VIAS EM BAIRROS. OBS.: CASO NÃO CONSIGA ""BAIXAR"" TODOS OS ARQUIVOS -87.3861.3514","R$ 1,00","R$ 0,00",,Comissão permanente de licitação,09:00,"COMPRASNET
",2021
0041/2021,0054/2021,22/03/2021,09/03/2021,Pregão eletrônico,Secretaria Municipal de Saúde | SESAU,Processo Concluído,Compras e serviços,"Prestação de serviços de lavanderia hospitalar para o hospital campanha COVID-19, para suprir as necessidades da   Secretaria Municipal de Saúde de Petrolina-PE","R$ 111.040,00",,,Comissão Especial de Pregão III,09:00,Prefeitura de Petrolina,2021
0008/2021,0142/2021,16/08/2021,15/07/2021,Tomada de preço,Secretaria de Infraestrutura e Mobilidade,Revogada,Obras e serviços de engenharia,"DIAGNÓSTICO, ELABORAÇÃO DE PROJETO BÁSICO E EXECUTIVO DE URBANISMO/PAISAGISMO E COMPLEMENTARES E PLANILHAS ORÇAMENTÁRIAS - CONSTRUÇÃO, REVITALIZAÇÃO E REFORMA DE PRAÇAS - ","R$ 220.316,78","R$ 0,00",,Comissão permanente de licitação,09:00,"avenida guararapes, 2114, centro",2021
0142/2020,0236/2020,06/01/2021,21/12/2020,Pregão eletrônico,Secretaria Municipal de Desenvolvimento Social e Direitos Humanos,Processo Concluído,Compras e serviços,AQUISIÇÃO DE MOBILIÁRIO PARA SEDESDH,"R$ 115.081,38","R$ 0,00",,Comissão Especial de Pregão II,09:00,Prefeitura de Petrolina,2021
0175/2021,0236/2021,29/10/2021,20/10/2021,Pregão eletrônico,Secretaria de Agricultura,Processo Concluído,Compras e serviços,"Aquisição de materiais para perfuração de poços, para atender as demandas da Secretaria Municipal de Agricultura. ","R$ 79.044,40",,,Comissão Especial de Pregão III,09:00,Prefeitura de Petrolina,2021
0189/2021,0255/2021,29/11/2021,16/11/2021,Pregão eletrônico,"Secretaria Municipal de Educação, Cultura e Esportes",Fracassada,Compras e serviços,Eventual contratação de vasilhames de gás de cozinha p13 e p45 destinados às unidades escolares,"R$ 370.250,00",,,Comissão Especial de Pregão III,09:00,www.portaldecompraspublicas.com.br ,2021
0008/2021,0121/2021,30/06/2021,24/06/2021,Credenciamento,Secretaria Municipal de Saúde | SESAU,Aberta,Compras e serviços,"Prestação de serviços de saúde, de forma complementar ao Sistema Único de Saúde – SUS – Petrolina/PE, na realização de consultas e exames pré e pós-operatório e cirurgias eletivas nas especialidades de: ginecologia, pediatria, ortopedia,(...).","R$ 0,00","R$ 0,00",,Comissão permanente de licitação,,,2021
0143/2021,0194/2021,15/10/2021,30/09/2021,Pregão eletrônico,Secretaria Municipal de Desenvolvimento Social e Direitos Humanos,Revogada,Compras e serviços,"REGISTRO DE PREÇO para eventual AQUISIÇÃO de CESTAS BÁSICAS, PARA ATENDER ÀS NECESSIDADES DE UNIDADE DA SECRETARIA MUNICIPAL DE DESENVOLVIMENTO SOCIAL E DIREITOS HUMANOS","R$ 655.320,00",,,Comissão Especial de Pregão III,10:00,Prefeitura de Petrolina,2021
0168/2021,0227/2021,04/11/2021,20/10/2021,Pregão eletrônico,Secretaria Municipal de Desenvolvimento Social e Direitos Humanos,Processo Concluído,Compras e serviços,Eventual aquisição de eletrodomésticos para atender às necessidades dos serviços socioassistenciais da Secretaria Municipal De Desenvolvimento Social E Direitos Humanos,"R$ 230.275,76",,,Comissão Especial de Pregão III,09:00,Prefeitura de Petrolina,2021
0052/0202,0076/2021,16/04/2021,06/04/2021,Pregão eletrônico,Secretaria Municipal de Saúde | SESAU,Aberta,Compras e serviços,"CONTRATAÇÃO DE EMPRESA PARA FORNECIMENTO, COM INSTALAÇÃO, DE MÓVEIS PLANEJADOS PARA POLICLÍNICA.","R$ 109.310,53","R$ 0,00",,Comissão Especial de Pregão II,,,2021
0222/2021,0299/2021,28/12/2021,13/12/2021,Pregão eletrônico,Secretaria Municipal da Fazenda e Planejamento,Deserta,Compras e serviços,Contratação de empresa especializada na prestação de serviços de digitalização e virtualização dos processos administrativos da Prefeitura Municipal de Petrolina/PE.,"R$ 2.289.160,00",,,Comissão Especial de Pregão III,09:00,www.portaldecompraspublicas.com.br,2021
0112/2021,0152/2021,04/08/2021,22/07/2021,Pregão eletrônico,Secretaria de Agricultura,Processo Concluído,Compras e serviços,Aquisição de 225 reservatórios d’agua (tipo cisternas) de polietileno com capacidade de 10.000lts,"R$ 892.500,75","R$ 723.218,52",,Comissão Especial de Pregão III,10:00,Prefeitura de Petrolina,2021
0093/2020,0170/2020,05/03/2021,29/12/2020,Pregão eletrônico,Secretaria Municipal de Saúde | SESAU,Revogada,Compras e serviços,"Contratação de empresa para prestação de serviços na locação de veículos, de acordo com a solicitação expressa da Secretaria Municipal de Saúde de Petrolina-PE.","R$ 99.112,50","R$ 0,00",,Comissão Especial de Pregão III,09:00,Prefeitura de Petrolina,2021
0141/2020,0234/2020,06/01/2021,23/12/2020,Pregão eletrônico,Autarquia Municipal de Mobilidade de Petrolina | AMMPLA,Revogada,Compras e serviços,"Eventual contratação de empresa especializada para instalação (com fornecimento de material) de sistema eletrônico de vigilância e monitoramento urbano, constituindo solução integrada de redes e serviços, dados e vídeo monitoramento.","R$ 663.663,53","R$ 0,00",,Comissão Especial de Pregão III,,,2021
0005/2021,0007/2021,04/03/2021,02/02/2021,Pregão eletrônico,Autarquia Municipal de Mobilidade de Petrolina | AMMPLA,Processo Concluído,Compras e serviços,"PRESTAÇÃO DE SERVIÇOS, COM FORNECIMENTO DE MATERIAL PARA EQUIPAMENTOS ELETRÔNICOS DE SINALIZAÇÃO VERTICAL, DE MONITORAMENTO URBANO E SERVIÇOS DE IMPLANTAÇÃO, REALOCAÇÃO, DESMOBILIZAÇÃO, MANUTENÇÃO CORRETIVA E MANUTENÇÃO PREVENTIVA NO MUNICÍPIO.","R$ 513.598,18","R$ 0,00",,Comissão Especial de Pregão III,10:00,Prefeitura de Petrolina,2021
0106/2021,0146/2021,29/07/2021,16/07/2021,Pregão eletrônico,"Secretaria Municipal de Educação, Cultura e Esportes",Revogada,Compras e serviços,"Eventual aquisição de material didático complementar para os estudantes da educação infantil, ensino fundamental e professores da rede municipal de ensino.","R$ 20.622.007,59",,,Comissão Especial de Pregão III,10:00,Prefeitura de Petrolina,2021
0052/2021,0072/2021,16/04/2021,03/05/2021,Pregão eletrônico,Secretaria Municipal de Saúde | SESAU,Processo Concluído,Compras e serviços,"Aquisição e instalação de móveis planejados para a Policlínica Municipal, para suprir as necessidades da   Secretaria Municipal de Saúde.","R$ 109.310,53","R$ 0,00",,Comissão Especial de Pregão II,14:00,Prefeitura de Petrolina,2021
0039/2021,0050/2021,30/03/2021,17/03/2021,Pregão eletrônico,Secretaria Municipal de Saúde | SESAU,Revogada,Compras e serviços,"Eventual aquisição de equipamentos hospitalares, para suprir as necessidades da Secretaria Municipal de Saúde ","R$ 3.976.532,55",,,Comissão Especial de Pregão III,,,2021
0002/2021,,10/02/2021,09/02/2021,Credenciamento,Secretaria Municipal de Saúde | SESAU,Processo Concluído,Compras e serviços,"Prestação de serviços em exames de imagem (ressonâncias magnéticas e tomografias computadorizadas), a nível ambulatorial  para o atendimento aos usuários do Sistema Único de Saúde - SUS.",,,,Comissão permanente de licitação,15:00,Prefeitura de Petrolina.,2021
0126/2021,0168/2021,02/09/2021,18/08/2021,Pregão eletrônico,Secretaria Municipal de Desenvolvimento Urbano e Habitação,Processo Concluído,Compras e serviços,"EVENTUAL CONTRATAÇÃO DE EMPRESA(S) ESPECIALIZADA(S) NA PRESTAÇÃO DE SERVIÇOS GRÁFICOS, PARA ATENDER ÀS NECESSIDADES DA SECRETARIA MUNICIPAL DE DESENVOLVIMENTO URBANO, HABITAÇÃO E SUSTENTABILIDADE - SEDURBHS","R$ 21.811,07",,,Comissão Especial de Pregão III,10:00,Prefeitura de Petrolina,2021
0225/2021,0304/2021,29/12/2021,16/12/2021,Pregão eletrônico,Secretaria Municipal de Saúde | SESAU,Processo Concluído,Compras e serviços,"aquisição de tenda, conforme especificações e quantitativos indicados, para suprir as necessidades da secretaria Municipal de Saúde de Petrolina-PE","R$ 44.250,00",,,Comissão Especial de Licitação V,09:00,Portal de Compras Públicas,2021
0090/2021,0124/2021,12/07/2021,29/06/2021,Pregão eletrônico,Secretaria Municipal de Saúde | SESAU,Fracassada,Compras e serviços,"Eventual aquisição de veículo para o Centro de Controle de Zoonoses, para atender às necessidades da Secretaria Municipal de Saúde – SESAU.","R$ 193.104,67","R$ 0,00",,Comissão Especial de Pregão I,09:00,"Sistema do PORTAL DE COMPRAS PÚBLICAS, no endereço eletrônico www.portaldecompraspublicas.com.br",2021
0180/2021,0243/2021,12/11/2021,27/10/2021,Pregão eletrônico,Secretaria Municipal de Saúde | SESAU,Deserta,Compras e serviços,"EVENTUAL AQUISIÇÃO DE CADEIRAS DE PLÁSTICO, PARA ATENDER ÀS NECESSIDADES DA SECRETARIA MUNICIPAL DE SAÚDE - SESAU","R$ 23.895,00",,,Comissão Especial de Licitação V,09:00,Prefeitura de Petrolina,2021
0072/2021,0102/2021,25/05/2021,12/05/2021,Pregão eletrônico,Secretaria Municipal de Saúde | SESAU,Processo Concluído,Compras e serviços,"Eventual aquisição de medicamento (referência, genérico e similar), para suprir as necessidades da Secretaria Municipal de Saúde de Petrolina-PE.","R$ 5.597.123,42","R$ 0,00",,Comissão Especial de Pregão I,10:00,Prefeitura de Petrolina,2021
0200/2021,0271/2021,06/12/2021,18/11/2021,Pregão eletrônico,Secretaria Municipal de Desenvolvimento Social e Direitos Humanos,Processo Concluído,Compras e serviços,"Eventual execução de serviços de manutenção preventiva e corretiva dos equipamentos de purificadores de água, para atender às necessidades da Secretaria Municipal de Desenvolvimento Social e Direitos Humanos","R$ 72.211,30",,,Comissão Especial de Pregão III,09:00,www.portaldecompraspublicas.com.br,2021
0127/2021,0169/2021,25/08/2021,12/08/2021,Pregão eletrônico,Secretaria Municipal de Saúde | SESAU,Processo Concluído,Compras e serviços,"REGISTRO DE PREÇO PARA EVENTUAL AQUISIÇÃO DE MATERIAL MÉDICO, INSUMO, MEDICAMENTO, LEITE, SUPLEMENTO ALIMENTAR, FRALDA E COLCHÃO EM ATENDIMENTO AS ORDENS JUDICIAIS ACOSTADAS AO PROCESSO.","R$ 266.247,95","R$ 0,00",,Comissão Especial de Pregão II,10:00,Prefeitura de Petrolina,2021
0003/2021,,04/01/2021,13/10/2021,Dispensa por outros motivos,Prefeitura municipal de Petrolina,Processo Concluído,Compras e serviços,"locação, o imóvel de sua propriedade sito à Avenida Pacífico da Luz, nº 809, bairro Centro, Petrolina, Estado de
Pernambuco.",,,,Comissão permanente de licitação,10:00,Prefeitura de Petrolina,2021
0095/2021,0000/0000,23/07/2021,31/08/2021,Dispensa por outros motivos,"Secretaria Municipal de Educação, Cultura e Esportes",Processo Concluído,Locação,"locação de imóvel para funcionar a Escola Municipal Rubem Amorim, Rua Do Trabalho, nº 172, bairro Atrás da Banca. O imóvel é composto 12 salas de aula, banheiros, deposito, cozinha. ","R$ 180.000,00",,,Comissão permanente de licitação,13:00,Prefeitura de petrolina,2021
0004/2021,0053/2021,11/03/2021,12/03/2021,Credenciamento,Secretaria Municipal de Saúde | SESAU,Aberta,Compras e serviços,"CREDENCIAMENTO DE PESSOAS JURÍDICAS PARA A PRESTAÇÃO DE SERVIÇOS DE SAÚDE, PARA A REALIZAÇÃO, DE FORMA COMPLEMENTAR AO SISTEMA ÚNICO DE SAÚDE – SUS – PETROLINA/PE, DE SERVIÇO MÓVEL DE MAMOGRAFIA DIGITAL.","R$ 544.320,00",,,Comissão permanente de licitação,,,2021
0022/2021,0028/2021,23/02/2021,08/02/2021,Pregão eletrônico,Secretaria Municipal de Saúde | SESAU,Processo Concluído,Compras e serviços,"Eventual aquisição de medicamento (referência, genérico e similar), para suprir as necessidades da Secretaria Municipal de Saúde de Petrolina-PE.","R$ 4.864.836,10","R$ 0,00",,Comissão Especial de Pregão I,10:00,Prefeitura de Petrolina,2021
0005/2021,0092/2021,17/05/2021,29/04/2021,Tomada de preço,Secretaria de Infraestrutura e Mobilidade,Processo Concluído,Obras e serviços de engenharia,IMPLANTAÇÃO DE COMPLEXO ESPORTIVO NO BAIRRO TERRAS DO SUL.,"R$ 661.757,06","R$ 0,00",,Comissão permanente de licitação,09:00,Prefeitura de Petrolina,2021
0097/2021,0134/2021,07/07/2021,01/07/2021,Pregão eletrônico,Secretaria Municipal de Saúde | SESAU,Processo Concluído,Compras e serviços,AQUISIÇÃO DE TESTES RÁPIDOS - COVID/19,"R$ 1.422.600,00","R$ 0,00",,Comissão Especial de Pregão II,11:00,Prefeitura de Petrolina,2021
0007/2021,0108/2021,15/06/2021,18/05/2021,Credenciamento,Secretaria Municipal de Saúde | SESAU,Aberta,Compras e serviços,CREDENCIAMENTO DE EMPRESAS (PESSOA JURÍDICA) PARA PRESTAÇÃO DE SERVIÇOS - APOIO DIAGNÓSTICO E TERAPÊUTICO (SADT) COM A OFERTA DE PROCEDIMENTOS DE LABORATÓRIO CLÍNICO - ATENDIMENTO SUS. HOSPITAL DE CAMPANHA (COVID/19).,"R$ 0,00","R$ 0,00",,Comissão permanente de licitação,,,2021
0213/2021,0288/2021,29/12/2021,15/12/2021,Pregão eletrônico,Secretaria Municipal de Desenvolvimento Social e Direitos Humanos,Deserta,Compras e serviços,AQUISIÇÃO DE BENS DURÁVEIS (FONTE DE ALIMENTAÇÃO).,"R$ 4.582,60","R$ 0,00",,Comissão Especial de Pregão II,09:00,PORTAL DE COMPRAS PÚBLICAS,2021
0161/2021,0219/2021,26/10/2021,08/10/2021,Pregão eletrônico,Secretaria Municipal de Desenvolvimento Social e Direitos Humanos,Processo Concluído,Compras e serviços,Aquisição de gêneros alimentícios (perecíveis) para abastecimento das unidades da SEDESDH,"R$ 2.640.092,66","R$ 0,00",,Comissão Especial de Pregão II,10:00,Prefeitura de Petrolina,2021
0055/2021,0077/2021,13/04/2021,31/03/2021,Pregão eletrônico,Secretaria Municipal de Desenvolvimento Social e Direitos Humanos,Processo Concluído,Compras e serviços,"AQUISIÇÃO DE INSUMOS DE INFORMÁTICA, MÓVEIS E EQUIPAMENTOS ELETRÔNICOS","R$ 75.363,69","R$ 0,00",,Comissão Especial de Pregão II,10:00,Prefeitura de Petrolina,2021
0005/2021,0144/2021,20/08/2021,16/07/2021,Concorrência,"Secretaria Municipal de Educação, Cultura e Esportes",Processo Concluído,Compras e serviços,contratação de empresa especializada para prestação de serviços de engenharia civil relativos à AMPLIAÇÃO E ADEQUAÇÃO FÍSICA DAS ESCOLAS MUNICIPAIS JOSÉ FERNANDES COELHO E GOVERNADOR MIGUEL ARRAES DE ALENCAR - SEDUC,"R$ 477.218,68","R$ 0,00",,Comissão Especial Permanente de Licitação,13:00,Prefeitura de Petrolina.,2021
0001/2021,0032/2021,22/03/2021,17/02/2021,Concorrência,"Secretaria Municipal de Educação, Cultura e Esportes",Processo Concluído,Obras e serviços de engenharia,"REFORMA E AMPLIAÇÃO DA ESCOLA MUNICIPAL JOÃO BATISTA (RUA 26, BAIRRO SÃO GONÇALO).
OBSERVAÇÃO: QUALQUER NECESSIDADE DE PLANTAS/PROJETOS - SUPERINTENDÊNCIA DE LICITAÇÕES","R$ 1.746.550,18","R$ 0,00",,Comissão permanente de licitação,10:00,Prefeitura de Petrolina,2021
0159/2021,0217/2021,26/10/2021,06/10/2021,Pregão eletrônico,Secretaria Municipal de Saúde | SESAU,Fracassada,Compras e serviços,Eventuais aquisições de ticket vale gás para a casa do Tratamento Fora Domicilio em Recife-PE,"R$ 19.620,00",,,Comissão Especial de Pregão III,14:00,Prefeitura de Petrolina,2021
0211/2021,0286/2021,10/12/2021,29/11/2021,Pregão eletrônico,"Secretaria Municipal de Educação, Cultura e Esportes",Processo Concluído,Compras e serviços,"CONTRATAR EMPRESA PARA SERVIÇOS DE RECARGA E AQUISIÇÃO DE TONER’S, TINTAS E CHIPS PARA IMPRESSORAS","R$ 166.028,68",,,Comissão Especial de Licitação IV,09:00,PORTAL DE COMPRAS PUBLICAS,2021
0010/2021,0081/2021,23/03/2021,22/04/2021,Dispensa por outros motivos,Secretaria Municipal de Saúde | SESAU,Processo Concluído,Compras e serviços,"Fornecimento de equipamentos médicohospitalares, para suprir as necessidades da Secretaria Municipal de Saúde de Petrolina-PE","R$ 551.810,00","R$ 551.810,00",,Comissão permanente de licitação,10:00,Prefeitura de Petrolina,2021
0002/2021,0004/2021,19/02/2021,03/02/2021,Tomada de preço,"Secretaria Municipal de Educação, Cultura e Esportes",Processo Concluído,Obras e serviços de engenharia,AMPLIAÇÃO DA ESCOLA MUNICIPAL MARECHAL MASCARENHAS DE MORAES - RESIDENCIAL VIVENDAS I.,"R$ 677.563,42","R$ 0,00",,Comissão permanente de licitação,10:50,Prefeitura de Petrolina,2021
0018/2021,0021/2021,18/02/2021,02/02/2021,Pregão eletrônico,Secretaria Municipal de Saúde | SESAU,Processo Concluído,Compras e serviços,"Eventual aquisição de RESMA DE PAPEL A4, para suprir as necessidades da Secretaria Municipal de Saúde de Petrolina-PE.","R$ 99.579,96","R$ 0,00",,Comissão Especial de Pregão I,10:00,Prefeitura de Petrolina,2021
0197/2021,0268/2021,07/12/2021,24/11/2021,Pregão eletrônico,Instituto de Gestão Previdenciária de Petrolina | IGEPREV,Revogada,Compras e serviços,"Contratar empresa especializada na prestação de serviços de análise, conferência e revisão de procedimentos, para fins de Compensação Financeiro-Previdenciária entre Regimes (RPPS e RGPS) - COMPREV.","R$ 8.000.000,00","R$ 0,00",,Comissão Especial de Pregão I,09:00,www.portaldecompraspublicas.com.br,2021
0227/2021,0307/2021,23/12/2021,10/12/2021,Pregão eletrônico,Agência Municipal do Meio Ambiente | AMMA,Processo Concluído,Compras e serviços,registro de preço - aquisição de material para manutenção do Viveiro Municipal,"R$ 39.640,50","R$ 0,00",,Comissão permanente de licitação,09:00,Portal de compras públicas,2021
0223/2021,0301/2021,17/12/2021,03/12/2021,Pregão eletrônico,Secretaria Municipal de Saúde | SESAU,Processo Concluído,Compras e serviços,"eventual aquisição de tablet, conforme especificações e quantitativos indicados, para suprir as necessidades da secretaria Municipal de Saúde de Petrolina-PE","R$ 33.146,40",,,Comissão Especial de Licitação V,15:00,Portal de Compras Públicas,2021
0001/2021,0001/2021,11/02/2021,26/01/2021,Tomada de preço,"Secretaria Municipal de Educação, Cultura e Esportes",Processo Concluído,Compras e serviços,"Contratação de empresa especializada no ramo de engenharia civil para a prestação de serviços relativos à reforma e ampliação da Escola M. Jacob Ferreira, no município de Petrolina/PE.","R$ 1.083.976,49","R$ 0,00",,Comissão permanente de licitação,13:00,Prefeitura de Petrolina,2021
0012/2021,0014/2021,09/02/2021,27/01/2021,Pregão eletrônico,Secretaria Municipal de Saúde | SESAU,Processo Concluído,Compras e serviços,"Eventual aquisição de materiais (caixa térmica, gelox e termômetro), para suprir as necessidades da Secretaria Municipal de Saúde de Petrolina-PE.","R$ 47.510,20","R$ 0,00",,Comissão Especial de Pregão I,10:00,Prefeitura de Petrolina,2021
0119/2021,0160/2021,09/08/2021,27/07/2021,Pregão eletrônico,Secretaria Municipal de Saúde | SESAU,Processo Concluído,Compras e serviços,"Eventual aquisição de alimentos não perecíveis para atender a casa do Tratamento Fora Domicilio (TFD) localizada na cidade de Recife-PE, de acordo com a solicitação expressa da Secretaria Municipal de Saúde de Petrolina-PE.","R$ 216.919,10","R$ 0,00",,Comissão Especial de Pregão I,10:00,Prefeitura de Petrolina,2021
0172/2021,0232/2021,18/11/2021,04/11/2021,Pregão eletrônico,"Secretaria Municipal de Educação, Cultura e Esportes",Em andamento,Compras e serviços,EVENTUAL AQUISIÇÃO DE KIT'S DE ALIMENTAÇÃO (G~ENEROS ALIMENTÍCIO NÃO PERECÍVEIS) PARA MERENDA ESCOLAR,"R$ 10.901.800.000,00","R$ 0,00",,Comissão Especial de Pregão II,09:00,PORTAL DE COMPRAS PÚBLICAS,2021
0132/2021,0177/2021,06/09/2021,19/08/2021,Pregão eletrônico,Secretaria Municipal de Desenvolvimento Social e Direitos Humanos,Fracassada,Compras e serviços,"AQUISIÇÃO DE VEÍCULOS, PARA ATENDER ÀS NECESSIDADES SECRETARIA MUNICIPAL DE DESENVOLVIMENTO SOCIAL E DIREITOS HUMANOS","R$ 101.926,66",,,Comissão Especial de Pregão III,10:00,Prefeitura de Petrolina,2021
0107/2021,0147/2021,26/08/2021,12/08/2021,Pregão eletrônico,"Secretaria Municipal de Educação, Cultura e Esportes",Revogada,Compras e serviços,"Aquisição de mobiliário escolar para unidades da rede de ensino infantil, conforme solicitação da Secretaria de Educação","R$ 699.530,14","R$ 0,00",,Comissão Especial de Pregão II,,,2021
0137/2021,0185/2021,13/10/2021,28/09/2021,Pregão eletrônico,Secretaria Municipal de Saúde | SESAU,Processo Concluído,Compras e serviços,"Eventual aquisição de moveis e eletrodomésticos, de acordo com a solicitação expressa da Secretaria Municipal de Saúde.","R$ 238.456,96","R$ 0,00",,Comissão Especial de Pregão I,10:00,Prefeitura de Petrolina,2021
0133/2021,0178/2021,22/09/2021,09/09/2021,Pregão eletrônico,Secretaria de Agricultura,Revogada,Compras e serviços,"Aquisição de materiais para perfuração de poços, para atender as demandas da Secretaria de Agricultura, na zona rural de nosso município. ","R$ 69.811,20",,,Comissão Especial de Pregão III,,,2021
0085/2021,0117/2021,09/06/2021,26/05/2021,Pregão eletrônico,Secretaria Municipal de Desenvolvimento Social e Direitos Humanos,Processo Concluído,Compras e serviços,REGISTRO DE PREÇO - CONTRATAÇÃO DE EMPRESA PARA O PREPARO E FORNECIMENTO DE REFEIÇÕES PRONTAS PARA CIDADÃOS EM SITUAÇÃO DE RUA E QUE ESTEJA OU NÃO NA REDE SOCIO ASSISTENCIAL. - SEDESDH,"R$ 655.416,00","R$ 0,00",,Comissão Especial de Pregão II,10:00,Prefeitura de Petrolina,2021
0164/2021,0222/2021,08/11/2021,21/10/2021,Pregão eletrônico,Secretaria Municipal de Saúde | SESAU,Fracassada,Compras e serviços,Eventual aquisição de veículo para atender às necessidades da Secretaria Municipal de Saúde,"R$ 254.987,50",,,Comissão Especial de Pregão III,09:00,portal,2021
0001/2021,0074/2021,25/05/2021,29/04/2021,Chamada pública,"Secretaria Municipal de Educação, Cultura e Esportes",Processo Concluído,Compras e serviços,Aquisição de gêneros alimentícios (hortifrutigranjeiros) da Agricultura Familiar - PNAE,"R$ 3.051.967,30","R$ 0,00",,Comissão permanente de licitação,10:00,Prefeitura de Petrolina,2021
0096/2021,0132/2021,20/07/2021,07/07/2021,Pregão eletrônico,Secretaria Municipal de Desenvolvimento Social e Direitos Humanos,Fracassada,Compras e serviços,AQUISIÇÃO DE LONA PLÁSTICA - SEDESDH,"R$ 21.613,60","R$ 0,00",,Comissão Especial de Pregão II,,,2021
0030/2021,,02/02/2021,13/10/2021,Dispensa por outros motivos,Prefeitura municipal de Petrolina,Processo Concluído,Locação,"Locação de prédio para o funcionamento da Escola do Saber, visando atender às demandas da Secretaria Municipal de Educação, Cultura e Esportes",,,,Comissão permanente de licitação,01:00,Prefeitura de petrolina,2021
0012/2021,0197/2021,29/09/2021,28/09/2021,Credenciamento,Secretaria Municipal de Saúde | SESAU,Em andamento,Compras e serviços,Credenciamento de pessoas jurídicas para prestação de serviços de TELEDIAGNÓSTICO DE IMAGEM PARA APOIO DIAGNÓSTICO DE EXAMES DE MAMOGRAFIA E DENSITOMETRIA ÓSSEA(...). ,,"R$ 0,00",,Comissão Especial Permanente de Licitação,08:00,"Superintendência Geral de Licitações, sito a Av. Guararapes, nº 2.114 – 2º andar do Anexo- Centro - Petrolina-PE.",2021
0006/2021,0114/2021,02/07/2021,02/06/2021,Tomada de preço,Autarquia Municipal de Mobilidade de Petrolina | AMMPLA,Processo Concluído,Compras e serviços,Contratação de empresa especializada na prestação de serviços técnicos para elaboração de projeto básico do novo terminal rodoviário de Petrolina/PE.,"R$ 424.601,58","R$ 0,00",,Comissão permanente de licitação,10:00,Prefeitura de Petrolina,2021
0031/2021,,10/02/2021,14/10/2021,Dispensa por outros motivos,Prefeitura municipal de Petrolina,Processo Concluído,Locação,"locação de imóvel situado na Dr. Purifico da Luz nº 29 centro Petrolina-PE para funcionar a funcionar o Conselho Municipal de Assistência Social - CMAS,",,,,Comissão permanente de licitação,13:00,Prefeitura de Petrolina,2021
0162/2021,0220/2021,18/11/2021,21/10/2021,Pregão eletrônico,Secretaria Municipal de Desenvolvimento Social e Direitos Humanos,Processo Concluído,Compras e serviços,Registro de Preço - Eventual aquisição de gêneros alimentícios (não perecíveis) para abastecimento das unidades da SEDESDH. ,"R$ 643.644,73","R$ 0,00",,Comissão Especial de Pregão II,09:00,PORTAL DE COMPRAS PÚBLICAS,2021
0013/2021,0230/2021,06/12/2021,04/11/2021,Concorrência,"Secretaria Municipal de Educação, Cultura e Esportes",Processo Concluído,Compras e serviços,"Contratação de empresa especializada para prestação de serviços de engenharia civil relativos à CONSTRUÇÃO DE ESCOLA DE 6 (SEIS) SALAS COM QUADRA, PADRÃO FNDE, NO BAIRRO JARDIM GUARARAPES.","R$ 3.359.261,16","R$ 0,00",,Comissão permanente de licitação,09:00,"Superintendência Geral de Licitações, sito na Av. Guararapes, 2114, 2º Andar do Anexo, Centro, Petrolina-PE",2021
0025/2021,0033/2021,12/03/2021,17/02/2021,Pregão eletrônico,Secretaria Municipal de Saúde | SESAU,Processo Concluído,Compras e serviços,"Eventual aquisição de equipamento hospitalar, para suprir as necessidades da Secretaria Municipal de Saúde de Petrolina-PE.","R$ 2.073.661,70","R$ 0,00",,Comissão Especial de Pregão I,11:00,Prefeitura de petrolina.,2021
0001/2021,0000/0000,04/01/2021,26/08/2021,Dispensa por outros motivos,"Secretaria Municipal de Educação, Cultura e Esportes",Processo Concluído,Compras e serviços,"locação de imóvel para funcionar a Centro de Referência Educação Especial/Inclusiva, situada Rua Dr. Pacifico da Luz, 890,
– Bairro Centro, Petrolina/PE","R$ 144.000,00","R$ 144.000,00",,Comissão permanente de licitação,10:00,Prefeitura de Petrolina,2021
0062/2021,0892/021_,12/05/2021,16/04/2021,Pregão eletrônico,"Secretaria Municipal de Educação, Cultura e Esportes",Processo Concluído,Compras e serviços,REGISTRO DE PREÇO - EVENTUAL AQUISIÇÃO DE MOBILIÁRIO ESCOLAR PARA UNIDADES DO ENSINO FUNDAMENTAL.,"R$ 3.154.666,98","R$ 0,00",,Comissão Especial de Pregão II,10:00,Prefeitura de Petrolina,2021
0171/2021,0231/2021,07/12/2021,23/11/2021,Pregão eletrônico,Secretaria Municipal de Desenvolvimento Urbano e Habitação,Deserta,Compras e serviços,"Eventual locação de viaturas operacionais, para atender às necessidades da Secretaria Municipal de Desenvolvimento Urbano, Habitação e Sustentabilidade","R$ 640.017,12",,,Comissão Especial de Pregão III,09:00,www.portaldecompraspublicas.com.br,2021
0054/2021,0076/2021,13/04/2021,31/03/2021,Pregão eletrônico,Secretaria Municipal de Desenvolvimento Social e Direitos Humanos,Fracassada,Compras e serviços,aquisição de 01 veículo automotivo para atender às necessidades da Secretaria Executiva da Juventude e Direito Humanos - SEDESDH CONVÊNIO 879279/2018.,"R$ 50.095,00","R$ 0,00",,Comissão Especial de Pregão II,,,2021
0016/2021,0019/2021,10/03/2021,25/02/2021,Pregão eletrônico,Secretaria Municipal de Saúde | SESAU,Processo Concluído,Compras e serviços,"Eventual aquisição de MÓVEIS E ELETRODOMÉSTICOS, para suprir as necessidades da   Secretaria Municipal de Saúde de Petrolina-PE.","R$ 554.654,20","R$ 0,00",,Comissão Especial de Pregão I,10:00,Prefeitura de Petrolina,2021
0219/2021,0295/2021,22/12/2021,09/12/2021,Pregão eletrônico,Secretaria Municipal de Saúde | SESAU,Deserta,Compras e serviços,Contratação de empresa para prestação de serviços manutenção preventiva e corretiva de placas de aquecimento solar com troca de peças,"R$ 39.708,32",,,Comissão Especial de Licitação V,09:00,"Contratação de empresa para prestação de serviços manutenção preventiva e corre-tiva de placas de aquecimento solar com troca de peças, conforme especificações e quantitativos indicados, para suprir a",2021
0015/2021,0017/2021,18/02/2021,02/02/2021,Pregão eletrônico,Secretaria Municipal de Saúde | SESAU,Processo Concluído,Compras e serviços,"Eventual AQUISIÇÃO DE PROTETOR FACIAL, para suprir as necessidades e conforme a solicitação expressa da Secretaria Municipal de Saúde de Petrolina-PE.","R$ 17.686,94","R$ 0,00",,Comissão Especial de Pregão I,09:00,Prefeitura de Petrolina,2021
0006/2021,0095/2021,10/05/2021,03/05/2021,Credenciamento,Secretaria Municipal de Saúde | SESAU,Processo Concluído,Compras e serviços,"PRESTAÇÃO DE SERVIÇOS DE SAÚDE, PARA A REALIZAÇÃO, DE FORMA COMPLEMENTAR AO SISTEMA ÚNICO DE SAÚDE – SUS – PETROLINA/PE, DE CONSULTAS MÉDICAS ESPECIALIZADAS, EXAMES DE DIAGNÓSTICO E PROCEDIMENTOS CLÍNICOS E CIRÚRGICOS NA ESPECIALIDADE DE OFTALMOLOGIA",,,,Comissão permanente de licitação,10:00,Prefeitura de Petrolina,2021
0078/2021,0109/2021,14/06/2021,19/05/2021,Pregão eletrônico,Secretaria Municipal de Desenvolvimento Social e Direitos Humanos,Processo Concluído,Compras e serviços,REGISTRO DE PREÇO - AQUISIÇÃO DE MATERIAL DE HIGIENE E LIMPEZA - SEDESDH,"R$ 288.388,05","R$ 0,00",,Comissão Especial de Pregão II,10:00,Prefeitura de Petrolina,2021
0013/2021,0137/2021,30/06/2021,02/07/2021,Dispensa por outros motivos,Secretaria Municipal de Saúde | SESAU,Processo Concluído,Compras e serviços,"Contratação da empresa Roadmapps Soluções em Tecnologia de Informação, CNPJ 15.525.341/0001-58 cujo objetivo é a implantação de um sistema de cadastramento para vacinação.","R$ 225.200,00","R$ 225.200,00",,Comissão permanente de licitação,10:00,Prefeitura de Petrolina,2021
0016/2021,0000/0000,03/03/2021,07/08/2023,Dispensa por outros motivos,Prefeitura municipal de Petrolina,Processo Concluído,Compras e serviços,"Dispensa de Licitação Emergência  para contratação de empresa especializada, para AQUISIÇÃO DE GÁS DE COZINHA ",,,,Comissão de Licitação 01,11:00,PREFEITURA DE PETROLINA,2021
0021/2021,0027/2021,23/02/2021,05/02/2021,Pregão eletrônico,Secretaria Municipal de Saúde | SESAU,Processo Concluído,Compras e serviços,"Eventual AQUISIÇÃO DE TESTE DE LEISHMANIOSE, para suprir as necessidades da Secretaria Municipal de Saúde de Petrolina-PE.","R$ 36.840,00","R$ 0,00",,Comissão Especial de Pregão I,10:00,Prefeitura de Petrolina,2021
0002/2021,0038/2021,15/03/2021,11/02/2021,Concorrência,Secretaria de Infraestrutura e Mobilidade,Processo Concluído,Compras e serviços,"Contratação de empresa especializada para prestação de serviços de engenharia civil relativos à PAVIMENTAÇÃO DA AVENIDA JOÃO CAMPOS, NO MUNICÍPIO DE PETROLINA/PE.","R$ 4.341.346,33","R$ 0,00",,Comissão Especial Permanente de Licitação,13:00,Prefeitura de Petrolina,2021
0056/2021,0079/2021,23/04/2021,09/04/2021,Pregão eletrônico,"Secretaria Municipal de Educação, Cultura e Esportes",Fracassada,Compras e serviços,REGISTRO DE PREÇO - EVENTUAL AQUISIÇÃO DE KIT'S ALIMENTARES (NÃO PERECÍVEIS) DESTINADOS À ALIMENTAÇÃO ESCOLAR.,"R$ 16.802.240,00","R$ 0,00",,Comissão Especial de Pregão II,09:00,PORTAL DE COMPRAS,2021
0008/2022,0000/0000,13/10/2021,03/03/2022,Dispensa por outros motivos,Prefeitura municipal de Petrolina,Processo Concluído,Compras e serviços,"Contratar de empresa para prestação de serviço em recarga de Cartuchos, tones e manutenção preventiva e corretiva de impressoras atendendo as necessidades do Instituto de Previdência IGEPREV.",,,,Comissão permanente de licitação,11:00,Prefeitura de Petrolina,2021
0070/2021,0100/2021,25/05/2021,12/05/2021,Pregão eletrônico,Secretaria Municipal de Desenvolvimento Social e Direitos Humanos,Processo Concluído,Compras e serviços,SERVIÇOS GRÁFICOS - SEDESDH,"R$ 222.389,04","R$ 0,00",,Comissão Especial de Pregão II,10:00,Prefeitura de Petrolina,2021
0014/2021,0016/2021,08/03/2021,04/02/2021,Pregão eletrônico,Secretaria Municipal de Saúde | SESAU,Processo Concluído,Compras e serviços,"Eventual prestação de serviço na confecção de máscaras e squeeze com a logomarca da prefeitura, para suprir as necessidades e conforme a solicitação expressa da Secretaria Municipal de Saúde de Petrolina-PE.","R$ 602.865,01","R$ 0,00",,Comissão Especial de Pregão I,10:00,Prefeitura de Petrolina,2021
0153/2021,0209/2021,20/10/2021,05/10/2021,Pregão eletrônico,Secretaria Municipal de Saúde | SESAU,Processo Concluído,Compras e serviços,"Eventuais aquisições de equipamentos medico hospitalares para a assistência de media e alta complexidade (MAC), para suprir as necessidades da Secretaria Municipal de Saúde de Petrolina-PE.","R$ 399.244,07","R$ 0,00",,Comissão Especial de Pregão I,10:00,Prefeitura de Petrolina,2021
0024/2021,0030/2021,26/02/2021,11/02/2021,Pregão eletrônico,Secretaria Municipal de Desenvolvimento Social e Direitos Humanos,Processo Concluído,Compras e serviços,EVENTUAL CONTRATAÇÃO DE EMPRESA PARA FORNECIMENTO DE CERCA DE SEGURANÇA TIPO CONCERTINA SIMPLES COM SERVIÇO DE INSTALAÇÃO INCLUSO.,"R$ 43.110.320,00","R$ 0,00",,Comissão Especial de Pregão II,10:00,Prefeitura de Petrolina,2021
0023/2021,0029/2021,25/02/2021,12/02/2021,Pregão eletrônico,Secretaria Municipal de Desenvolvimento Social e Direitos Humanos,Processo Concluído,Compras e serviços,"Eventual aquisição e recarga de material de consumo de informática (cartucho, toner e recarga), para atender às necessidades da Secretaria Municipal de Desenvolvimento Social e Direitos Humanos","R$ 64.573,06","R$ 0,00",,Comissão Especial de Pregão III,09:00,Prefeitura de Petrolina,2021
0009/2021,0193/2021,22/10/2021,17/09/2021,Concorrência,"Secretaria Municipal de Educação, Cultura e Esportes",Processo Concluído,Compras e serviços,"contratação de empresa especializada para prestação de serviços de engenharia civil relativos à REFORMA DA ESCOLA MUNICIPAL
RICARDINA FERREIRA DA SILVA, conforme solicitação expressa da Secretaria de Municipal de Educação, Cultura e Esportes.","R$ 965.648,52","R$ 0,00",,Comissão Especial Permanente de Licitação,11:00,Prefeitura de petrolina,2021
0092/2021,0126/2021,01/07/2021,17/06/2021,Pregão eletrônico,Secretaria Municipal de Saúde | SESAU,Processo Concluído,Compras e serviços,REGISTRO DE PREÇO - AQUISIÇÃO DE GÊNEROS ALIMENTÍCIOS PARA O PROGRAMA TRATAMENTO FORA DO DOMICÍLIO - TFD DA SECRETARIA DE SAÚDE ,"R$ 277.950,00","R$ 0,00",,Comissão Especial de Pregão II,10:00,Prefeitura de Petrolina,2021
0040/2021,0051/2021,12/03/2021,15/04/2021,Pregão eletrônico,Secretaria Municipal de Saúde | SESAU,Deserta,Compras e serviços,EVENTUAL AQUISIÇÃO DE VEÍCULO (CARROCINHA),"R$ 165.197,50",,,Comissão Especial de Pregão III,,,2021
0134/2020,0224/2020,14/01/2021,30/12/2020,Pregão eletrônico,Secretaria Municipal de Saúde | SESAU,Revogada,Compras e serviços,"Contratação de empresa especializada para eventual aquisição de materiais hospitalares e equipamentos, para suprir as necessidades da Secretaria Municipal de Saúde de Petrolina-PE.","R$ 70.221,50","R$ 0,00",,Comissão Especial de Pregão III,11:00,PREFEITURA DE PETROLINA,2021
0156/2021,0213/2021,20/10/2021,04/10/2021,Pregão eletrônico,Secretaria de Agricultura,Processo Concluído,Compras e serviços,"Aquisição de Trator Agrícola e Implementos, para atender as demandas da Secretaria de Agricultura","R$ 187.594,82",,,Comissão Especial de Pregão III,10:00,Prefeitura de Petrolina,2021
0121/2021,0162/2021,13/08/2021,02/08/2021,Pregão eletrônico,"Secretaria Municipal de Educação, Cultura e Esportes",Processo Concluído,Compras e serviços,REGISTRO DE PREÇO - AQUISIÇÃO DE PRODUTOS DE HIGIENE - UNIDADES ESCOLARES,"R$ 3.140.760,00","R$ 0,00",,Comissão Especial de Pregão II,10:00,Prefeitura de Petrolina,2021
0047/2021,0063/2021,05/04/2021,22/03/2021,Pregão eletrônico,Secretaria Municipal de Saúde | SESAU,Adiada,Compras e serviços,"Prestação de serviço de fornecimento de Reagente(s) e Insumo(s) para realização de testes de Gasometria Sanguínea com cessão de 01 (um) equipamento novo automatizado para gasometria, para atender as necessidades do Hospital de Campanha COVID-19.","R$ 69.916,80",,,Comissão Especial de Pregão III,,,2021
0007/2021,0009/2021,22/01/2021,15/01/2021,Pregão eletrônico,Secretaria Municipal de Saúde | SESAU,Processo Concluído,Compras e serviços,"Eventual aquisição de CÂMARAS FRIAS, para organização e estruturação da Rede de Frio e Salas de Vacina de acordo com os padrões preconizados pelo Ministério da Saúde na vacinação contra a Covid – 19.",,"R$ 0,00",,Comissão Especial de Pregão I,10:00,Prefeitura de Petrolina,2021
0131/2020,0221/2020,12/01/2021,04/12/2020,Pregão eletrônico,Secretaria Municipal de Saúde | SESAU,Processo Concluído,Compras e serviços,"Eventual aquisição de veículo (CASTRA MÓVEL), para suprir as necessidades da Secretaria Municipal de Saúde de Petrolina-PE.","R$ 172.700,00","R$ 0,00",,Comissão Especial de Pregão III,09:00,Prefeitura de Petrolina,2021
0001/2021,0024/2302,23/02/2021,11/03/2021,Dispensa por outros motivos,Prefeitura municipal de Petrolina,Processo Concluído,Compras e serviços," prestação de serviços de administração de benefícios, incentivos e gestão de despesas corporativas, por meio de fornecimento
e carga de cartão eletrônico com chip e/ou tarja magnética, para pagamento de despesas de gêneros alimentícios,","R$ 5.600.000,00","R$ 5.600.000,00",,Comissão permanente de licitação,10:00,Prefeitura de Petrolina,2021
0182/2021,0247/2021,30/12/2021,17/12/2021,Pregão eletrônico,Secretaria Municipal de Saúde | SESAU,Processo Concluído,Compras e serviços,"REGISTRO DE PREÇO PARA EVENTUAL AQUISIÇÃO DE APARELHO DE GLICEMIA CAPILAR E PORTA LÂMINA, PARA ATENDER ÀS NECESSIDADES DA SECRETARIA MUNICIPAL DE SAÚDE - SESAU","R$ 156.845,00",,,Comissão Especial de Licitação V,09:00,Portal de Compras Públicas,2021
0051/2021,0073/2021,14/04/2021,29/03/2021,Pregão eletrônico,Secretaria Municipal de Saúde | SESAU,Processo Concluído,Compras e serviços,"EVENTUAL FORNECIMENTO DE MARMITEX, LANCHES E ÁGUA, PARA ATENDER ÀS NECESSIDADES DA SECRETARIA MUNICIPAL DE SAÚDE - SESAU","R$ 238.065,00","R$ 180.615,00",,Comissão Especial de Pregão III,13:00,Prefeitura de Petrolina,2021
0017/2021,0246/2021,08/12/2021,05/11/2021,Dispensa de locação,"Secretaria Municipal de Educação, Cultura e Esportes",Em andamento,Compras e serviços,"Contratação de empresa especializada para prestação de serviços de engenharia civil relativos à CONSTRUÇÃO DE 03 (TRÊS) CRECHES TIPO 1, PADRÃO FNDE, NOS BAIRROS FERNANDO IDALINO BEZERRA, JARDIM IMPERIAL E JARDIM PETRÓPOLIS, no município de Petrolina-PE","R$ 12.342.034,41","R$ 0,00",,Comissão permanente de licitação,09:00,"Superintendência Geral de Licitações, sito a Av. Guararapes, nº 2.114 – 2º andar do Anexo- Centro - Petrolina-PE",2021
0128/2021,0170/2021,01/09/2021,18/08/2021,Pregão eletrônico,Secretaria Municipal de Desenvolvimento Social e Direitos Humanos,Fracassada,Compras e serviços,"AQUISIÇÃO DE VEÍCULO, PARA ATENDER ÀS NECESSIDADES SECRETARIA MUNICIPAL DE DESENVOLVIMENTO SOCIAL E DIREITOS HUMANOS - SEDESDH","R$ 50.963,33",,,Comissão Especial de Pregão III,10:00,Prefeitura de Petrolina,2021
0147/2021,0201/2021,22/10/2021,05/10/2021,Pregão eletrônico,Secretaria Municipal de Desenvolvimento Social e Direitos Humanos,Processo Concluído,Compras e serviços,"Eventual aquisição de utensílios de cozinha, para atender às necessidades da Secretaria Municipal de Desenvolvimento Social e Direitos Humanos ","R$ 30.835,79",,,Comissão Especial de Pregão III,10:00,Prefeitura de Petrolina.,2021
0146/2020,0240/2020,08/01/2021,17/12/2020,Pregão eletrônico,Secretaria Municipal de Saúde | SESAU,Processo Concluído,Compras e serviços,"Eventual aquisição de SERINGAS PARA VACINAÇÃO CONTRA A COVID-19, para suprir as necessidades da Secretaria Municipal de Saúde de Petrolina-PE.","R$ 154.000,00","R$ 0,00",,Comissão Especial de Pregão III,10:00,Prefeitura de Petrolina,2021
0076/2021,0106/2021,17/05/2021,11/05/2021,Pregão eletrônico,Secretaria Municipal de Saúde | SESAU,Processo Concluído,Compras e serviços,"Contratação de empresa para prestação de serviços de locação de tenda, para suprir as necessidades da  Secretaria Municipal de Saúde de Petrolina-PE","R$ 215.000,00","R$ 159.900,00",,Comissão Especial de Pregão III,10:00,Prefeitura de Petrolina,2021
0042/2021,0055/2021,08/04/2021,25/03/2021,Pregão eletrônico,Secretaria Municipal de Saúde | SESAU,Processo Concluído,Compras e serviços,SRP - AQUISIÇÃO DE SUPLEMENTO ALIMENTAR E LEITE - ORDEM JUDICIAL.,"R$ 284.414,64","R$ 0,00",,Comissão Especial de Pregão II,10:00,Prefeitura de Petrolina,2021
0004/2021,0060/2021,07/06/2021,24/03/2021,Tomada de preço,Secretaria de Infraestrutura e Mobilidade,Processo Concluído,Compras e serviços,Contratação de empresa especializada no ramo de engenharia civil para a prestação de serviços relativos à ELABORAÇÃO DO PLANO DIRETOR E PROJETOS DE MACRODRENAGEM DO MUNICÍPIO DE PETROLINA/PE.,"R$ 2.869.812,02","R$ 0,00",,Comissão permanente de licitação,15:00,Prefeitura de Petrolina,2021
0148/2021,0202/2021,08/11/2021,22/10/2021,Pregão eletrônico,Secretaria Municipal de Saúde | SESAU,Processo Concluído,Compras e serviços,"EVENTUAL AQUISIÇÃO DE MEDICAMENTO (REFERÊNCIA, GENÉRICO E SIMILAR), para suprir as necessidades da Secretaria Municipal de Saúde de Petrolina-PE.","R$ 12.198.831,10","R$ 0,00",,Comissão Especial de Pregão I,09:00,www.portaldecompraspublicas.com.br,2021
0050/2021,0071/2021,22/04/2021,08/04/2021,Pregão eletrônico,Secretaria Municipal de Saúde | SESAU,Processo Concluído,Compras e serviços,Fornecimento de alimentação hospitalar para atender as necessidades do Hospital de Campanha COVID-19,"R$ 369.199,80","R$ 271.630,80",,Comissão Especial de Pregão III,10:00,Prefeitura de Petrolina,2021
0108/2021,0148/2021,17/08/2021,04/08/2021,Pregão,"Secretaria Municipal de Educação, Cultura e Esportes",Processo Concluído,Compras e serviços,"Eventual aquisição de gêneros alimentícios  perecíveis,  para atender os alunos da Rede de Ensino e do Programa Nova Semente do município de Petrolina-PE.","R$ 10.806.610,00","R$ 0,00",,Comissão Especial de Pregão I,09:00,Prefeitura de Petrolina ,2021
0003/2021,0131/2021,15/06/2021,09/07/2021,Inexigibilidade,Secretaria Municipal de Saúde | SESAU,Em andamento,Compras e serviços,"Contratação para prestação e venda de produtos de comercialização em âmbito nacional e internacional, pela EMPRESA BRASILEIRA DE CORREIOS ETELÉGRAFOS – ECF, para atender as necessidades de Secretaria Municipal de Saúde. ","R$ 20.000,00","R$ 20.000,00",,Comissão permanente de licitação,09:00,Prefeitura de Petrolina,2021
0095/2021,0130/2021,15/07/2021,05/07/2021,Pregão eletrônico,Secretaria de Agricultura,Revogada,Compras e serviços,"AQUISIÇÃO DE KIT/COMBOIO MECANIZADO PARA PERFURAÇÃO DE POÇOS TUBULARES EM ÁREAS DE ROCHAS CRISTALINAS, PARA ATENDER AS NECESSIDADES DA SECRETARIA MUNICIPAL DE AGRICULTURA, NA PERFURAÇÃO E MANUTENÇÃO DE POÇOS NA ZONA RURAL DE NOSSO MUNICÍPI","R$ 1.386.500,00",,,Comissão Especial de Pregão III,,,2021
0048/2021,,19/01/2021,13/10/2021,Dispensa por outros motivos,Prefeitura municipal de Petrolina,Processo Concluído,Compras e serviços,"Locação de imóvel entre a Prefeitura Municipal de Petrolina e a Sra.. MARIA DE LOURDES SOUSA COELHO- CPF N. º 656.163.244-34, referente à locação de imóvel Rua Centro, S/N – Zona Rural – Crisália.",,,,Comissão permanente de licitação,13:00,Prefeitura de Petrolina,2021
0143/2020,0237/2020,08/01/2021,17/12/2020,Pregão eletrônico,Secretaria Municipal de Saúde | SESAU,Processo Concluído,Compras e serviços,"Eventual aquisição de MÁSCARAS CIRÚRGICAS, para suprir as necessidades da Secretaria Municipal de Saúde de Petrolina-PE.","R$ 260.000,00","R$ 0,00",,Comissão Especial de Pregão III,10:00,Prefeitura de Petrolina,2021
0192/2021,0262/2021,22/12/2021,10/12/2021,Pregão eletrônico,Secretaria Municipal da Fazenda e Planejamento,Revogada,Compras e serviços,Eventual contratação de empresa especializada em manutenção preventiva e corretiva nos aparelhos de ar condicionados.,"R$ 268.202,21",,,Comissão Especial de Pregão III,09:00,www.portaldecompraspublicas.com.br,2021
0154/2021,0211/2021,27/10/2021,08/10/2021,Pregão eletrônico,Secretaria Municipal de Saúde | SESAU,Processo Concluído,Compras e serviços,Eventual aquisição de sensor de fluxo de espirometro.,"R$ 223.800,00",,,Comissão Especial de Pregão III,09:00,Prefeitura de Petrolina,2021
0059/2021,0085/2021,26/04/2021,12/04/2021,Pregão eletrônico,Prefeitura municipal de Petrolina,Aberta,Compras e serviços,aquisição de equipamentos de informática para Controladoria Geral,"R$ 38.980,13","R$ 0,00",,Comissão Especial de Pregão II,10:00,Prefeitura de Petrolina.,2021
0013/2021,0253/2021,16/11/2021,11/11/2021,Credenciamento,Secretaria Municipal de Saúde | SESAU,Deserta,Compras e serviços,"Credenciamento, em caráter emergencial, para pessoas jurídicas prestadoras de Serviços de Saúde, para a oferta de Leitos de Enfermaria Clínica Covid-19 Adulto.",,,,Comissão permanente de licitação,08:00,"Sup. Geral de Licitações, sito na Av. Guararapes, 2.144, 2º Andar do Anexo, Centro, Petrolina-PE. Fone (87) 3861-3514.",2021
0019/2021,0332/2021,29/12/2021,03/01/2022,Dispensa por outros motivos,Prefeitura municipal de Petrolina,Processo Concluído,Compras e serviços,"AQUISIÇÃO CESTAS BÁSICAS, conforme solicitação da SECRETARIA MUNICIPAL DE DESENVOLVIMENTO SOCIAL
E DIREITOS HUMANOS.",,,,Comissão permanente de licitação,10:00,Prefeitura de Petrolina.,2021
0120/2021,0161/2021,25/08/2021,30/07/2021,Pregão eletrônico,Secretaria Municipal de Saúde | SESAU,Processo Concluído,Compras e serviços,"EVENTUAL AQUISIÇÃO E INSTALAÇÃO DE VIDROS E PORTAS DE VIDROS, para suprir as necessidades da Secretaria Municipal de Saúde de Petrolina-PE.","R$ 663.109,00","R$ 0,00",,Comissão Especial de Pregão I,10:00,Prefeitura de Petrolina,2021
0160/2021,0218/2021,09/11/2021,21/10/2021,Pregão eletrônico,Secretaria Municipal de Desenvolvimento Social e Direitos Humanos,Processo Concluído,Compras e serviços,Eventual AQUISIÇÃO DE MATERIAL DE MOBILIARIO,"R$ 183.169,03",,,Comissão Especial de Pregão III,09:00,Prefeitura de Petrolina.,2021
0233/2021,,29/12/2021,16/12/2021,Pregão eletrônico,Secretaria Municipal de Saúde | SESAU,Processo Concluído,Compras e serviços,"eventuais aquisições de suplementos e insumos medico hospitalar em atendimento as ordens judiciais, conforme especificações e quantitativos indicados, para suprir as necessidades da Secretaria Municipal de Saúde de Petrolina-PE","R$ 67.979,82",,,Comissão Especial de Licitação V,15:00,Portal de Compras Públicas,2021
0094/2021,0129/2021,12/07/2021,29/06/2021,Pregão eletrônico,Secretaria Municipal de Desenvolvimento Social e Direitos Humanos,Processo Concluído,Compras e serviços,EVENTUAL EXECUÇÃO DE SERVIÇOS DE MANUTENÇÃO PREVENTIVA E CORRETIVA DOS EQUIPAMENTOS DA COZINHA INDUSTRIAL DO RESTAURANTE POPULAR DE PETROLINA-PE.,"R$ 107.574,07","R$ 97.452,36",,Comissão Especial de Pregão III,10:00,Prefeitura de Petrolina,2021
0038/2021,0049/2021,10/03/2021,25/02/2021,Pregão eletrônico,Agência Municipal do Meio Ambiente | AMMA,Deserta,Compras e serviços,"Eventual aquisição dos materiais utilizados no viveiro municipal, para atender às necessidades da Agência Municipal do Meio Ambiente - AMMA.","R$ 31.886,14",,,Comissão Especial de Pregão III,,,2021
0151/2021,0206/2021,20/10/2021,05/10/2021,Pregão eletrônico,"Secretaria Municipal de Educação, Cultura e Esportes",Fracassada,Compras e serviços,Aquisição de amplificadores de voz (portátil e profissional) para professores da Rede de Ensino Municipal.,"R$ 2.846.695,48","R$ 0,00",,Comissão Especial de Pregão II,10:00,Prefeitura de Petrolina,2021
0193/2021,0263/2021,02/12/2021,16/11/2021,Pregão eletrônico,Secretaria Municipal de Desenvolvimento Urbano e Habitação,Deserta,Compras e serviços,"Eventual aquisição com instalação de 16 (dezesseis) conjuntos de equipamentos de sinalização visual e acústica para a adaptação de veículos, tipo SUV","R$ 160.165,44",,,Comissão Especial de Pregão III,09:00,www.portaldecompraspublicas.com.br,2021
0170/2021,0229/2021,24/11/2021,10/11/2021,Pregão eletrônico,Secretaria Municipal de Saúde | SESAU,Processo Concluído,Compras e serviços,"Aquisição e instalação de equipamentos de Sistema de Segurança de Vídeo Monitoramento para a Central de Abastecimento Farmacêutico, Almoxarifado e o prédio da secretaria municipal de saúde","R$ 37.677,98",,,Comissão Especial de Licitação V,09:00,Portal de Compras Públicas,2021
0095/2021,,23/07/2021,13/10/2021,Dispensa por outros motivos,Prefeitura municipal de Petrolina,Processo Concluído,Locação,"locação de imóvel para funcionar a Escola Municipal Rubem Amorim, Rua Do Trabalho, nº 172, bairro Atrás da Banca. O imóvel é composto 12 salas de aula, banheiros, deposito, cozinha. ",,,,Comissão permanente de licitação,13:00,Petrolina,2021
0007/2021,0225/6202,29/07/2021,20/12/2021,Inexigibilidade,Secretaria Municipal de Saúde | SESAU,Em andamento,Compras e serviços,"Fornecimento de vale transporte para os funcionários da Secretaria Municipal de Saúde de Petrolina-PE, conforme solicitação da SECRETARIA MUNICIPAL DE SAÚDE,",,,,Comissão permanente de licitação,10:00,Prefeitura de Petrolina,2021
0104/2021,0143/2021,29/07/2021,16/07/2021,Pregão eletrônico,"Secretaria Municipal de Educação, Cultura e Esportes",Processo Concluído,Compras e serviços,REGISTRO DE PREÇO - EVENTUAL AQUISIÇÃO DE EQUIPAMENTOS DE INFORMÁTICA.,"R$ 2.025.237,08","R$ 0,00",,Comissão Especial de Pregão II,10:00,Prefeitura de Petrolina,2021
0068/2021,0098/2021,12/05/2021,29/04/2021,Pregão eletrônico,Secretaria de Infraestrutura e Mobilidade,Processo Concluído,Compras e serviços,"EVENTUAL FORNECIMENTO DE FERRAMENTAS E EQUIPAMENTOS DE PROTEÇÃO INDIVIDUAL (EPI) para equipe do Patronato Penitenciário de Pernambuco, contratados através do Convênio Nº 005/2021-SJDH.","R$ 34.489,20","R$ 33.104,50",,Comissão Especial de Pregão III,10:00,Prefeitura de Petrolina,2021
0048/2021,0065/2021,26/04/2021,26/03/2021,Pregão eletrônico,Secretaria Municipal de Saúde | SESAU,Processo Concluído,Compras e serviços,Eventual aquisição de equipamento de proteção individual - SESAU,"R$ 7.853.608,00",,,Comissão Especial de Pregão III,10:00,Prefeitura de Petrolina,2021
0028/2021,0036/2021,25/02/2021,11/02/2021,Pregão eletrônico,Secretaria Municipal de Saúde | SESAU,Processo Concluído,Compras e serviços,"Prestação de serviços de locação de geradores, para suprir as necessidades da   Secretaria Municipal de Saúde de Petrolina-PE.","R$ 47.285,10","R$ 0,00",,Comissão Especial de Pregão I,10:00,Prefeitura de Petrolina,2021
0007/2021,0176/2021,16/11/2021,13/10/2021,Concorrência,Autarquia Municipal de Mobilidade de Petrolina | AMMPLA,Em andamento,Compras e serviços,"Concessão não remunerada para instalação, manutenção e conservação de equipamento municipal  urbano, com exploração dos espaços publicitários, incluindo previamente a criação(...).","R$ 0,00","R$ 0,00",,Comissão Especial Permanente de Licitação,,,2021
0199/2021,0270/2021,06/12/2021,23/11/2021,Pregão eletrônico,Secretaria Municipal da Fazenda e Planejamento,Processo Concluído,Compras e serviços,"SERVIÇOS TÉC. DE ENGENHARIA CONSULTIVA DE AEROFOTOGRAMETRIA, PERFILAMENTO A LASER, ATUALIZAÇÃO CADASTRAL, SISTEMA DE INFORMAÇÕES GEOGRÁFICAS – SIG, COM IMPLANTAÇÃO DE SISTEMA WEB, RENUMERAÇÃO PREDIAL....","R$ 9.870.783,40","R$ 0,00",,Comissão Especial de Pregão II,09:00,PORTAL DE COMPRAS PÚBLICAS,2021
0088/2021,0120/2021,30/06/2021,28/06/2021,Pregão eletrônico,Secretaria Municipal de Saúde | SESAU,Processo Concluído,Compras e serviços,aquisição de dieta enteral para pacientes do Hospital de Campanha - COVID/19.,"R$ 548.930,00","R$ 0,00",,Comissão Especial de Pregão II,09:00,Prefeitura de Petrolina,2021
0113/2021,0153/2021,16/08/2021,03/08/2021,Pregão eletrônico,"Secretaria Municipal de Educação, Cultura e Esportes",Deserta,Compras e serviços,Eventual aquisição de gás de cozinha e similares destinados às unidades escolares e entidades conveniadas,"R$ 1.306.007,52",,,Comissão Especial de Pregão III,,,2021
0049/2021,0069/2021,13/04/2021,29/03/2021,Pregão eletrônico,"Secretaria Municipal de Educação, Cultura e Esportes",Processo Concluído,Compras e serviços,"CONTRATAÇÃO DE EMPRESA PARA O FORNECIMENTO DA COLEÇÃO DESCOBRIR E APRENDER, PARA COMPLEMENTAÇÃO DA AQUISIÇÃO ANTERIOR, ONDE CONTEMPLARÁ, EM SUA TOTALIDADE, OS ALUNOS DA MODALIDADE DE EDUCAÇÃO INFANTIL DE PETROLINA.","R$ 280.601,00","R$ 274.846,00",,Comissão Especial de Pregão III,10:00,Prefeitura de Petrolina,2021
0004/2021,0094/2021,16/06/2021,14/05/2021,Concorrência,Prefeitura municipal de Petrolina,Aberta,Compras e serviços,"contratação de empresa especializada para prestação de serviços de engenharia civil relativos ao RECAPEAMENTO DE PAVIMENTAÇÃO DA VIA DE ACESSO À AGROVILA DO KM25, PROJETO MARIA TEREZA, NO MUNICÍPIO DE PETROLINA/PE.","R$ 3.289.358,70","R$ 0,00",,Comissão permanente de licitação,11:00,Prefeitura de Petrolina,2021
0208/2021,0282/2021,09/12/2021,26/11/2021,Pregão eletrônico,"Secretaria Municipal de Educação, Cultura e Esportes",Processo Concluído,Compras e serviços,EVENTUAL CONTRATAÇÃO DE EMPRESA PARA AQUISIÇÃO DE MATERIAL DIDÁTICO COMPLEMENTAR (COLEÇÕES DE LIVROS),"R$ 24.066.650,00",,,Comissão Especial de Licitação IV,09:00,portal de compras públicas,2021
0150/2021,0205/2021,25/10/2021,07/10/2021,Pregão eletrônico,Secretaria de Agricultura,Processo Concluído,Compras e serviços,Eventual locação de veículo para atender às necessidades das diversas secretarias do município de Petrolina-PE. ,"R$ 1.045.725,12",,,Comissão Especial de Pregão III,03:00,Prefeitura de Petrolina,2021
0074/2021,0104/2021,21/05/2021,14/05/2021,Pregão eletrônico,Secretaria Municipal de Saúde | SESAU,Aberta,Compras e serviços,Aquisição de freezer de temperatura ultra baixa. Observação: sessão na plataforma compraspúblicas,"R$ 159.833,73","R$ 0,00",,Comissão Especial de Pregão II,,,2021
0122/2021,0163/2021,13/08/2021,02/08/2021,Pregão eletrônico,Secretaria Municipal de Saúde | SESAU,Em andamento,Compras e serviços,"Eventual aquisição de material médico hospitalar, de acordo com a solicitação expressa da Secretaria Municipal de Saúde de Petrolina-PE.","R$ 17.916,40","R$ 0,00",,Comissão Especial de Pregão I,,,2021
0067/2021,0097/2021,28/05/2021,18/05/2021,Pregão eletrônico,Prefeitura municipal de Petrolina,Processo Concluído,Compras e serviços,Registro de preço: aquisição de material de expediente e material de consumo para diversas secretarias.,"R$ 374.957,37","R$ 0,00",,Comissão Especial de Pregão II,13:00,Prefeitura de Petrolina,2021
0021/2020,0213/2020,29/01/2021,30/12/2020,Concorrência,"Secretaria Municipal de Educação, Cultura e Esportes",Processo Concluído,Obras e serviços de engenharia,CONSTRUÇÃO DE ESCOLAS TIPO 12 SALAS - PADRÃO FNDE - OBSERVAÇÃO: PLANTAS E PROJETOS DISPONÍVEIS NA SUPERINTENDÊNCIA  DE LICITAÇÕES - 87.3861.3514 ,"R$ 9.423.649,52","R$ 0,00",,Comissão permanente de licitação,09:00,Prefeitura de Petrolina,2021
0124/2021,0166/2021,19/08/2021,06/08/2021,Pregão eletrônico,Secretaria Municipal de Saúde | SESAU,Processo Concluído,Compras e serviços,"Eventual aquisição de alimentos não perecíveis para o CAPS Infantil, CAPS II E CAPS AD III de acordo com a solicitação expressa da Secretaria Municipal de Saúde.","R$ 522.241,02","R$ 0,00",,Comissão Especial de Pregão I,10:00,Prefeitura de Petrolina,2021
0065/2021,0091/2021,04/05/2021,20/04/2021,Pregão eletrônico,Secretaria Municipal de Saúde | SESAU,Processo Concluído,Compras e serviços,REGISTRO DE PREÇO - EVENTUAL AQUISIÇÃO DE ÁGUA MINERAL - GARRAFINHA PLÁSTICA 500ml PARA HOSPITAL DE CAMPANHA - MONTE CASTELO.,"R$ 69.500,00","R$ 0,00",,Comissão Especial de Pregão II,11:00,Prefeitura de Petrolina,2021
0009/2021,0000/0000,17/11/2021,19/11/2021,Inexigibilidade,Prefeitura municipal de Petrolina,Processo Concluído,Compras e serviços,"Contratação por inexibilidade da empresa GSC TOOL CONSULTORIA EMPRESARIAL LTDA, CNPJ: 30.430.146/0001-38, para a prestação de serviço de consultoria e fornecimento de plataforma de indicadores de qualidade de vida do município de Petrolina/PE.",,,,Comissão permanente de licitação,13:00,Prefeitura de Petrolina,2021
0125/2021,0167/2021,30/08/2021,17/08/2021,Pregão eletrônico,Secretaria de Agricultura,Processo Concluído,Compras e serviços,"Aquisição de conjunto motor bomba e elétrico para abastecimento de água tratada, com fornecimento de equipamentos e serviço de montagem dos equipamentos fornecidos, para adutora do Vira Beju, localizada na zona rural de nosso município","R$ 18.691,11",,,Comissão Especial de Pregão III,10:00,Prefeitura de Petrolina,2021
0018/2021,0257/2021,09/12/2021,08/11/2021,Concorrência,"Secretaria Municipal de Educação, Cultura e Esportes",Processo Concluído,Obras e serviços de engenharia,"CONTRATAÇÃO DE EMPRESA DE ENGENHARIA PARA PRESTAÇÃO DE SERVIÇOS DE RELATIVOS À CONSTRUÇÃO DE ESCOLA TEMPO INTEGRAL, COM 15 SALAS E QUADRA COBERTA, NO BAIRRO ANTÔNIO CASSIMIRO.  

","R$ 7.818.299,55","R$ 0,00",,Comissão permanente de licitação,10:00,"AVENIDA GUARARAPES, 2114, CENTRO, PETROLINA",2021
0003/2021,0048/2021,19/07/2021,25/03/2021,Tomada de preço,Secretaria Municipal de Desenvolvimento Social e Direitos Humanos,Processo Concluído,Compras e serviços,"prestação de Serviços Técnicos Sociais, na área de Habitação de Interesse Social p/ execução do Projeto de Trabalho Social- PTS, no Residencial Pomares, pelo PMCMV- Programa Minha Casa Minha Vida, com Recursos do FAR- Fundo de Arrendamento Resi","R$ 793.600,00","R$ 0,00",,Comissão permanente de licitação,10:00,Prefeitura de Petrolina,2021
0002/2021,0195/2021,05/11/2021,17/09/2021,Regime Diferenciado de Contratação - RDC,Secretaria Municipal de Saúde | SESAU,Processo Concluído,Obras e serviços de engenharia,"Contratação Integrada de empresa de engenharia para elaboração de projetos executivos, elaboração de as built, obtenção de licenças, outorgas, aprovações e execução das obras e serviços de engenharia para a construção do CRSC.","R$ 0,00","R$ 0,00",,Comissão Especial Permanente de Licitação,09:00,PORTAL DE COMPRAS DO GOVERNO FEDERAL – www.comprasgovernamentais.gov.br,2021
0008/2021,0280/2021,05/11/2021,17/11/2021,Inexigibilidade,Prefeitura municipal de Petrolina,Em andamento,Compras e serviços,"Contratação da empresa ZÊNITE INFORMAÇÃO E CONSULTORIA S/A, para ministrar o curso: ""COMO ELABORAR O ESTUDO TÉCNICO PRELIMINAR E O TERMO DE REFERÊNCIA PARA COMPRAS E SERVIÇOS DE ACORDO COM O REGIME ATUAL E A NOVA LEI DE LICITAÇÕES","R$ 10.080,00",,,Comissão permanente de licitação,13:00,Prefeitura de Petrolina.,2021
0111/2021,0151/2021,06/08/2021,26/07/2021,Pregão eletrônico,"Secretaria Municipal de Educação, Cultura e Esportes",Processo Concluído,Compras e serviços,REGISTRO DE PREÇO - AQUISIÇÃO DE PÃES (TIPO CACHORRO QUENTE E DE FORMA INTERGRAL) PARA MERENDA ESCOLAR,"R$ 861.950,00","R$ 0,00",,Comissão Especial de Pregão II,10:00,Prefeitura de Petrolina,2021
0019/2021,0260/2021,13/12/2021,11/11/2021,Concorrência,"Secretaria Municipal de Educação, Cultura e Esportes",Em andamento,Compras e serviços,"Contratação de empresa especializada para prestação de serviços de engenharia civil relativos à CONSTRUÇÃO DE PÁTIO COBERTO NA ESCOLA JOÃO RODRIGUES DE MACÊDO, localizada em Cristália, zona rural do município de Petrolina-PE.","R$ 339.236,20","R$ 0,00",,Comissão permanente de licitação,09:00,"Superintendência Geral de Licitações, sito a Av. Guararapes, nº 2.114 – 2º andar do Anexo- Centro - Petrolina-PE",2021
0027/2021,0035/2021,26/02/2021,13/02/2021,Pregão eletrônico,Secretaria Municipal de Saúde | SESAU,Aberta,Compras e serviços,"Eventual aquisição de ÁGUA MINERAL, para suprir as necessidades do Hospital de Campanha – COVID -19.","R$ 30.500,00","R$ 0,00",,Comissão Especial de Pregão I,,,2021
0020/2021,0026/2021,24/02/2021,09/02/2021,Pregão eletrônico,"Secretaria Municipal de Educação, Cultura e Esportes",Processo Concluído,Compras e serviços,Aquisição de ventiladores de parede para as unidades de Educação Básica - Rede Municipal de Ensino ,"R$ 205.368.000,00","R$ 0,00",,Comissão Especial de Pregão II,10:00,Prefeitura de Petrolina,2021
0138/2021,0186/2021,14/10/2021,29/09/2021,Pregão eletrônico,Secretaria Municipal de Saúde | SESAU,Processo Concluído,Compras e serviços,"Eventual aquisição de medicamentos para o Centro de Controle de Zoonoses, para atender às necessidades da Secretaria Municipal de Saúde – SESAU.","R$ 70.126,08","R$ 0,00",,Comissão Especial de Pregão I,09:00,Prefeitura de Petrolina,2021
0196/2021,0267/2021,03/12/2021,23/11/2021,Pregão eletrônico,Secretaria Municipal de Saúde | SESAU,Revogada,Compras e serviços,Eventual aquisição e instalação de moveis planejados para o CAPS II e a assistência farmacêutica,"R$ 377.436,33",,,Comissão Especial de Licitação V,15:00,Portal de Compras Públicas,2021
0010/2021,0012/2021,11/02/2021,29/01/2021,Pregão eletrônico,Secretaria Municipal de Saúde | SESAU,Processo Concluído,Compras e serviços,"Eventual aquisição de material médico hospitalar, para suprir as necessidades e conforme a solicitação expressa da Secretaria Municipal de Saúde de Petrolina-PE.","R$ 3.397.874,83","R$ 0,00",,Comissão Especial de Pregão I,10:00,Prefeitura de Petrolina,2021
0008/2021,0180/2021,27/09/2021,25/08/2021,Concorrência,"Secretaria Municipal de Educação, Cultura e Esportes",Processo Concluído,Compras e serviços,"contratação de empresa especializada para prestação de serviços de engenharia civil relativos à REFORMA DA ESCOLA MUNICIPAL CAMILA BRANCO DE ALMEIDA, localizada na Vila Aparecida, na zona rural do município de Petrolina-PE - SEDUCE.","R$ 986.951,66","R$ 0,00",,Comissão permanente de licitação,13:00,Prefeitura de Petrolina,2021
0148/2020,0243/2020,09/02/2021,28/01/2021,Pregão eletrônico,Secretaria Municipal de Desenvolvimento Social e Direitos Humanos,Processo Concluído,Compras e serviços,AQUISIÇÃO DE UTENSÍLIOS DOMÉSTICOS,"R$ 43.138,53","R$ 0,00",,Comissão Especial de Pregão II,09:00,Prefeitura de Petrolina,2021
0149/2021,0203/2021,21/10/2021,05/10/2021,Pregão eletrônico,"Secretaria Municipal de Educação, Cultura e Esportes",Processo Concluído,Compras e serviços,"Eventual aquisição de jogos e materiais pedagógicos para educação especial / inclusiva, atendendo as necessidades da Secretaria Municipal de Educação, Cultura e Esportes.","R$ 92.522,43",,,Comissão Especial de Pregão III,15:00,Prefeitura de Petrolina.,2021
0011/2021,0084/2021,01/04/2021,15/04/2021,Dispensa por outros motivos,Prefeitura municipal de Petrolina,Aberta,Compras e serviços,"prestação de serviços de instalação de rede de gases medicinais, para suprir as necessidades da Secretaria Municipal de Saúde de
Petrolina-PE e","R$ 50.000,00","R$ 50.000,00",,Comissão permanente de licitação,10:00,Petrolina ,2021
0005/2021,0056/2021,15/03/2021,11/03/2021,Credenciamento,Secretaria Municipal de Saúde | SESAU,Processo Concluído,Compras e serviços,"Contratação de Pessoas Jurídicas para a prestação de serviços de saúde, para a realização, de forma complementar ao Sistema Único de Saúde – SUS – Petrolina/PE","R$ 0,00",,,Comissão permanente de licitação,09:00,Prefeitura de Petrolina,2021
0008/2021,0010/2021,05/02/2021,25/01/2021,Pregão eletrônico,Secretaria Municipal de Saúde | SESAU,Processo Concluído,Compras e serviços,"Eventual aquisição de TESTE RÁPIDO PARA COVID-19, para suprir as necessidades da   Secretaria Municipal de Saúde de Petrolina-PE.","R$ 1.598.400,00","R$ 0,00",,Comissão Especial de Pregão I,10:00,Prefeitura de Petrolina,2021
0035/2021,0044/2021,17/03/2021,04/03/2021,Pregão eletrônico,Secretaria Municipal de Desenvolvimento Social e Direitos Humanos,Fracassada,Compras e serviços,REGISTRO DE PREÇO - AQUISIÇÃO DE ELETRODOMÉSTICOS E OUTROS PARA SEDESDH,"R$ 119.571,03","R$ 0,00",,Comissão Especial de Pregão II,,,2021
0104/2020,0183/2020,07/01/2021,09/10/2020,Pregão eletrônico,Secretaria Municipal de Saúde | SESAU,Processo Concluído,Compras e serviços,"Eventual aquisição de materiais e equipamentos de limpeza e higienização, para suprir as necessidades da Secretaria Municipal de Saúde de Petrolina-PE.","R$ 2.574.521,89","R$ 0,0",,Comissão Especial de Pregão III,09:00,Prefeitura de Petrolina,2021
0174/2021,0235/2021,02/12/2021,18/11/2021,Pregão eletrônico,Secretaria Municipal de Saúde | SESAU,Processo Concluído,Compras e serviços,Eventual aquisição de microchip e leitor de dados universal para o Centro de Controle de Zoonoses,"R$ 41.786,68",,,Comissão Especial de Licitação V,09:00,Portal de Compras Públicas,2021
0003/2021,0005/2021,02/02/2021,20/01/2021,Pregão eletrônico,Secretaria Municipal de Saúde | SESAU,Aberta,Compras e serviços,"Eventual aquisição de ÁGUA MINERAL, para suprir as necessidades do Hospital de Campanha – COVID -19, de acordo com a solicitação expressa da Secretaria Municipal de Saúde de Petrolina-PE.","R$ 22.000,00","R$ 0,00",,Comissão Especial de Pregão I,,,2021
0066/2021,0096/2021,06/05/2021,29/04/2021,Pregão eletrônico,Secretaria Municipal de Saúde | SESAU,Processo Concluído,Compras e serviços,EVENTUAL AQUISIÇÃO DE NOTEBOOK - VACINA COVID 19 - SESAU,"R$ 67.227,45","R$ 61.275,00",,Comissão Especial de Pregão III,10:00,Prefeitura de Petrolina,2021
0173/2021,0234/2021,03/11/2021,20/10/2021,Pregão eletrônico,Secretaria Municipal da Fazenda e Planejamento,Deserta,Compras e serviços,"Eventual contratação de empresa para instalação de linhas telefônicas (comutadas), com a possibilidade de fornecimento de busca automática (ramais)","R$ 197.030,88",,,Comissão Especial de Pregão III,10:00,Prefeitura de Petrolina.,2021
0087/2021,0119/2021,21/06/2021,20/08/2021,Pregão eletrônico,Procuradoria Geral do Município,Processo Concluído,Compras e serviços,"Aquisição de cadeiras de escritório (bens permanentes), para suprir as necessidades do programa municipal de defesa do consumidor - PRODECON","R$ 17.813,28","R$ 12.330,00",,Comissão Especial de Pregão III,09:00,Prefeitura de Petrolina,2021
0014/2021,0173/2021,09/08/2021,23/08/2021,Dispensa por outros motivos,"Secretaria Municipal de Educação, Cultura e Esportes",Processo Concluído,Compras e serviços,"AQUISIÇÃO DE GÊNEROS PERECÍVEIS E NÃO PERECÍVEIS destinados à alimentação escolar dos alunos da Rede de Ensino e do Programa Nova Semente do Município de Petrolina – PE, para o ano letivo de 2021, conforme solicitação da Secretaria Municipal de Educação.","R$ 3.200.203,50","R$ 3.200.203,50",,Comissão permanente de licitação,09:00,Prefeitura de Petrolina,2021
0013/2021,0015/2021,04/02/2021,28/01/2021,Pregão eletrônico,Autarquia Municipal de Mobilidade de Petrolina | AMMPLA,Processo Concluído,Compras e serviços,"AQUISIÇÃO DE SUPRIMENTOS DE INFORMÁTICA, CONFORME SOLICITAÇÃO DA AMMPLA

","R$ 68.135,38","R$ 0,00",,Comissão Especial de Pregão II,10:00,Prefeitura de Petrolina,2021
0140/2021,0190/2021,27/09/2021,14/09/2021,Pregão eletrônico,"Secretaria Municipal de Educação, Cultura e Esportes",Fracassada,Compras e serviços,"EVENTUAL AQUISIÇÃO DE ÁGUA MINERAL, VASILHAMES, CAFÉ EM PÓ E AÇÚCAR, CONFORME SOLICITAÇÃO DA SECRETARIA MUNICIPAL DE EDUCAÇÃO CULTURA E ESPORTES ","R$ 24.276,50",,,Comissão Especial de Pregão III,,,2021
0144/2020,0238/2020,05/01/2021,19/12/2020,Pregão eletrônico,Secretaria Municipal de Saúde | SESAU,Processo Concluído,Compras e serviços,"Eventual prestação de serviço de recarga de toner, para suprir as necessidades da Secretaria Municipal de Saúde de Petrolina-PE.","R$ 93.450,96","R$ 0,00",,Comissão Especial de Pregão III,10:00,Prefeitura de Petrolina,2021
0080/2021,0111/2021,11/06/2021,28/05/2021,Pregão eletrônico,Secretaria Municipal de Saúde | SESAU,Processo Concluído,Compras e serviços,"EVENTUAL AQUISIÇÃO DE EQUIPAMENTO DE PROTEÇÃO INDIVIDUAL, PARA ATENDER ÀS NECESSIDADES DA SECRETARIA MUNICIPAL DE SAÚDE - SESAU","R$ 7.993.349,00","R$ 6.186.954,00",,Comissão Especial de Pregão III,10:00,Prefeitura de Petrolina,2021
0004/2021,0059/2021,10/04/2021,11/03/2021,Dispensa por outros motivos,Secretaria Municipal de Saúde | SESAU,Processo Concluído,Compras e serviços,"PRESTAÇÃO DE SERVIÇOS DE SAÚDE, PARA A OFERTA DE LEITOS DE UNIDADE DE TERAPIA INTENSIVA - ADULTO, PARA ENFRENTAMENTO DA EMERGÊNCIA DE SAÚDE PÚBLICA DE IMPORTÂNCIA INTERNACIONAL DECORRENTE DO COVID-19","R$ 8.100.000,00","R$ 8.100.000,00",,Comissão permanente de licitação,09:00,Prefeitura de Petrolina,2021
0226/2021,0306/2021,28/12/2021,14/12/2021,Pregão eletrônico,Secretaria Municipal de Desenvolvimento Econômico e Turismo,Processo Concluído,Compras e serviços,Contratação de empresa especializada para consultoria e criação de uma plataforma de dados socioeconômicos para análise de variáveis a partir de indicadores e cenários dinâmicos que favoreçam a geração de políticas e ações da gestão municipal.,"R$ 174.824,67","R$ 0,00",,Comissão Especial de Pregão I,09:00,www.portaldecompraspublicas.com.br,2021
0002/2021,0000/0000,18/10/2021,22/02/2022,Adesão interna,Prefeitura municipal de Petrolina,Processo Concluído,Compras e serviços,"PUHLTEC INFORMÁTICA LTDA, CNPJ Nº 40.214.076/0001- 34, vencedora do certame sob Registro de Preço, N° 323/2021, Pregão eletrônico
104/2021, Processo ADMINISTRATIVO nº 143/2021, realizado pela SECRETARIA MUNICIPAL DE EDUCAÇÃO CULTURA E ESPORTES",,,,Comissão permanente de licitação,10:00,Prefeitura de Petrolina,2021
0002/2021,0025/2021,29/01/2021,02/02/2021,Dispensa por outros motivos,Secretaria Municipal de Saúde | SESAU,Processo Concluído,Compras e serviços,"Fornecimento de luvas e máscaras cirúrgica, conforme especificações e quantitativos indicados no termo de referência em anexo, para suprir as necessidades da secretaria Municipal de Saúde de Petrolina-PE.","R$ 65.032,00","R$ 65.032,00",,Comissão Especial de Pregão I,10:00,Prefeitura de Petrolina,2021
0123/2021,0000/0000,11/10/2021,11/11/2021,Dispensa por outros motivos,Prefeitura municipal de Petrolina,Processo Concluído,Locação," locação do imóvel, onde funcionará o Conselho Municipal Tutelar R2, situado á Rua do Carretão, nº 76, Gercino Coelho, Petrolina/PE.",,,,Comissão permanente de licitação,13:00,Prefeitura de petrolina,2021
0198/2021,0269/2021,03/12/2021,18/11/2021,Pregão eletrônico,Secretaria Municipal de Saúde | SESAU,Processo Concluído,Compras e serviços,"Prestação de serviços de emissão de passagens aéreas, compreendendo os serviços de reserva, emissão, marcação e remarcação de bilhetes das passagens","R$ 150.000,00",,,Comissão Especial de Licitação V,09:00,Portal de Compras Públicas,2021
0128/2021,0128/2021,19/10/2021,25/11/2021,Dispensa por outros motivos,Prefeitura municipal de Petrolina,Processo Concluído,Compras e serviços,"Contratação direta de empresa de engenharia para a prestação dos serviços de atualização de Inventário da situação atual e levantamento visual contínuo do sistema viário do Município de PETROLINA/PE,","R$ 28.892,26","R$ 28.892,26",,Comissão permanente de licitação,09:00,Prefeitura de Petrolina,2021
0063/2021,0089/2021,18/05/2021,04/05/2021,Pregão eletrônico,Secretaria Municipal de Saúde | SESAU,Processo Concluído,Compras e serviços,"REGISTRO DE PREÇO – AQUISIÇÃO DE GÊNEROS ALIMENTÍCIOS (HORTIFRUTIGRANJEIROS) PARA ATENDER ÀS NECESSIDADES DOS CAPS INFANTIL, CAPS II E CAPS AD III.","R$ 313.546,21","R$ 0,00",,Comissão Especial de Pregão II,10:00,Prefeitura de Petrolina,2021
0165/2021,0224/2021,05/11/2021,21/10/2021,Pregão eletrônico,"Secretaria Municipal de Educação, Cultura e Esportes",Processo Concluído,Compras e serviços,Eventual contratação sob Registro de Preços para aquisição de FARDAMENTO E EQUIPAMENTOS DE PROTEÇÃO INDIVIDUAL (EPI) ,"R$ 339.570,00",,,Comissão Especial de Pregão III,09:00,Prefeitura de Petrolina,2021
0091/2021,0125/2021,28/07/2021,15/07/2021,Pregão eletrônico,Secretaria Municipal de Desenvolvimento Social e Direitos Humanos,Processo Concluído,Compras e serviços,"EVENTUAL AQUISIÇÃO DE MATERIAIS DESCARTAVEIS (MARMITAS, TALHERES, COPOS) DIRECIONADOS AO RESTAURANTE POPULAR E CRAS, PARA ","R$ 934.282,00","R$ 238.220,00",,Comissão Especial de Pregão III,09:00,Prefeitura de Petrolina,2021
0075/2021,,27/05/2021,19/08/2021,Dispensa de valor,Prefeitura municipal de Petrolina,Processo Concluído,Compras e serviços,"fornecimento gêneros alimentícios, materiais de consumos e outros para suprir a demanda deste Instituto de Previdência, pelo período de 12
meses para suprir a demanda administrativa das unidades do Instituto de Previdência do Município –IGEPREV.
","R$ 15.166,35","R$ 15.166,35",,Comissão permanente de licitação,10:00,Prefeitura de Petrolina,2021
0146/2021,0200/2021,25/11/2021,10/11/2021,Pregão eletrônico,Secretaria Municipal de Saúde | SESAU,Revogada,Compras e serviços,Prestação de serviços de transporte intermunicipal e interestadual de pacientes em ambulância de suporte avançado (Unidade de Terapia Intensiva Móvel),"R$ 1.073.237,00",,,Comissão Especial de Licitação V,09:00,Portal de Compras Públicas,2021
0094/2021,0000/0000,04/06/2021,31/08/2021,Dispensa por outros motivos,"Secretaria Municipal de Educação, Cultura e Esportes",Aberta,Locação,"locação de imóvel entre o Sr. JUNIOR BARBOSA DOS SANTOS – CPF N.º 042.558.414-38, para funcionar a casa de apoio para professores da
Escola Municipal Monsenhor Ângelo Sampaio","R$ 2.880,00",,,Comissão permanente de licitação,13:00,Petrolina,2021
0091/2021,,30/06/2021,13/10/2021,Dispensa por outros motivos,Prefeitura municipal de Petrolina,Processo Concluído,Locação,"Locação do imóvel que localiza na Rua Maria de Saldanha, nº 90, quadra T bairro Vila Débora em nome da ASSOCIAÇÃO DE EDUCAÇÃO E BENEFICIENCIA SANTA CATARINA DE SENA.",,,,Comissão permanente de licitação,13:00,Prefeitura de Petrolina ,2021
0005/2021,0064/2021,15/03/2021,29/03/2021,Dispensa por outros motivos,Secretaria Municipal de Saúde | SESAU,Processo Concluído,Compras e serviços,"serviços de plataforma para a realização de cadastramento populacional, visando agendamento de vacinas, notificação de
lembretes e gestão de oferta da imunização à população, para suprir as necessidades da ","R$ 246.300,00","R$ 246.300,00",,Comissão permanente de licitação,10:00,Prefeitura de Petrolina,2021
0073/2021,,07/06/2021,13/10/2021,Dispensa por outros motivos,Prefeitura municipal de Petrolina,Processo Concluído,Locação,"locação de imóvel localizado à Rua Marquês do Amorim, nº 114, Boa Vista, Recife/PE, CEP 50.070-335,",,,,Comissão permanente de licitação,13:00,Petrolina.,2021
0115/2021,0155/2021,10/08/2021,28/07/2021,Pregão eletrônico,"Secretaria Municipal de Educação, Cultura e Esportes",Processo Concluído,Compras e serviços,REGISTRO DE PREÇO - AQUISIÇÃO DE GÊNEROS ALIMENTÍCIOS (NÃO PERECÍVEIS) PARA ALIMENTAÇÃO DO ALUNOS DA REDE DE ENSINO (CONVENCIONAL E CONVENIADA) - SECRETARIA DE EDUCAÇÃO.,"R$ 9.099.105,00","R$ 0,00",,Comissão Especial de Pregão II,13:00,Prefeitura de petrolina,2021
0178/2021,0241/2021,20/12/2021,07/12/2021,Pregão eletrônico,Secretaria Municipal de Saúde | SESAU,Deserta,Compras e serviços,"Aquisição de materiais medico hospitalar para o Centro de Controle de Zoonoses, conforme especificações e quantitativos indicados, para suprir as necessidades da secretaria Municipal de Saúde de Petrolina-PE","R$ 18.191,00",,,Comissão Especial de Licitação V,09:00,Portal de Compras Públicas,2021
0053/2021,0075/2021,19/04/2021,06/04/2021,Pregão eletrônico,Secretaria Municipal de Saúde | SESAU,Processo Concluído,Compras e serviços,"REGISTRO DE PREÇO - AQUISIÇÃO DE EQUIPAMENTOS MÉDICOS HOSPITALARES -

PLATAFORMA: compraspúblicas ","R$ 131.338,56","R$ 0,00",,Comissão Especial de Pregão II,13:00,Prefeitura de Petrolina,2021
0114/2021,0154/2021,10/08/2021,28/07/2021,Pregão eletrônico,Secretaria Municipal de Saúde | SESAU,Processo Concluído,Compras e serviços,"Eventual fornecimento de MARMITEX e ÁGUA, para suprir as necessidades da Secretaria Municipal de Saúde de Petrolina-PE, conforme solicitação expressa da mesma .","R$ 530.950,00","R$ 0,00",,Comissão Especial de Pregão I,10:00,Prefeitura de Petrolina,2021
0204/2021,0276/2021,13/11/2021,29/11/2021,Pregão eletrônico,Autarquia Municipal de Mobilidade de Petrolina | AMMPLA,Deserta,Compras e serviços,Eventual aquisição de 15 (quinze) motocicletas de no mínimo 290 (duzentos e noventa) cilindradas equipadas para viatura (incluindo equipamentos),"R$ 423.367,50",,,Comissão Especial de Pregão III,09:00,www.portaldecompraspublicas.com.br,2021
0217/2021,0293/2021,16/12/2021,03/12/2021,Pregão eletrônico,Secretaria Municipal de Saúde | SESAU,Processo Concluído,Compras e serviços,"Eventuais aquisições de água mineral para atender a demanda do Hospital de Campanha, conforme especificações e quantitativos indicados, para suprir as necessidades da secretaria Municipal de Saúde de Petrolina-PE","R$ 33.600,00",,,Comissão Especial de Licitação V,09:00,Portal de Compras Públicas,2021
0116/2021,0156/2021,11/08/2021,29/07/2021,Pregão eletrônico,Secretaria de Agricultura,Processo Concluído,Compras e serviços,"AQUISIÇÃO DE KIT/COMBOIO MECANIZADO PARA PERFURAÇÃO DE POÇOS TUBULARES EM ÁREAS DE ROCHAS CRISTALINAS, PARA ATENDER AS NECESSIDADES DA SECRETARIA MUNICIPAL DE AGRICULTURA, NA PERFURAÇÃO E MANUTENÇÃO DE POÇOS NA ZONA RURAL DE NOSSO MUNICÍPIO","R$ 1.620.000,00","R$ 1.248.000,00",,Comissão Especial de Pregão III,09:00,Prefeitura de Petrolina,2021
0001/2021,0018/2021,08/02/2021,05/02/2021,Credenciamento,Secretaria Municipal de Saúde | SESAU,Aberta,Compras e serviços,"Prestação de serviços de sessões de fisioterapia, a nível ambulatorial para o atendimento aos usuários do Sistema Único de Saúde - SUS de Petrolina/PE.",,,,Comissão Especial Permanente de Licitação,,,2021
0133/2020,0223/2020,11/01/2021,21/12/2020,Pregão eletrônico,Secretaria Municipal de Desenvolvimento Social e Direitos Humanos,Processo Concluído,Compras e serviços,AQUSIÇÃO DE EQUIPAMENTOS ELETRÔNICOS PARA SEDESDH,"R$ 31.076,15","R$ 0,00",,Comissão Especial de Pregão II,09:00,Prefeitura de Petrolina,2021
0001/2022,0010/2022,21/12/2021,20/01/2022,Dispensa por outros motivos,Prefeitura municipal de Petrolina,Processo Concluído,Compras e serviços,"contrato dar continuidade e reforçar o Projeto de Formação de Professor, Apoio à Aprendizagem e Avaliação diagnóstica dos alunos, implementadas desde 2018, visando aprofundar e consolidar os conceitos da Base Nacional Comum Curricular- BNCC",,,,Comissão permanente de licitação,10:00,Prefeitura de Petrolina.,2021
0103/2021,0141/2021,20/07/2021,08/07/2021,Pregão eletrônico,Secretaria Municipal de Saúde | SESAU,Processo Concluído,Compras e serviços,"EVENTUAL AQUISIÇÃO E INSTALAÇÃO DE VIDROS, PORTAS DE VIDROS E PELÍCULAS, para suprir as necessidades da Secretaria Municipal de Saúde de Petrolina-PE.","R$ 480.547,75","R$ 0,00",,Comissão Especial de Pregão I,09:00,Prefeitura de Petrolina,2021
0210/2021,0284/2021,30/12/2021,09/12/2021,Pregão eletrônico,Secretaria Municipal de Saúde | SESAU,Processo Concluído,Compras e serviços,Prestação de serviços de locação banheiros químicos,"R$ 654.883,20",,,Comissão Especial de Licitação V,09:00,Portal de Compras Públicas,2021
0003/2021,0066/2021,01/06/2021,14/04/2021,Concorrência,Secretaria de Infraestrutura e Mobilidade,Cancelada,Compras e serviços,"contratação de empresa  para atuar como VERIFICADOR INDEPENDENTE, monitorando de forma permanente o desempenho da CONCESSIONÁRIA de Iluminação Pública e o respectivo cumprimento do CONTRATO DE CONCESSÃO N.º 019/2021.","R$ 5.600.662,02","R$ 0,00",,Comissão permanente de licitação,10:00,Prefeitura de Petrolina,2021
0229/2021,0310/2021,30/12/2021,15/12/2021,Pregão eletrônico,Secretaria Municipal da Fazenda e Planejamento,Processo Concluído,Compras e serviços,REGISTRO DE PREÇO - AQUISIÇÃO DE MATERIAL E EQUIPAMENTOS DE INFORMÁTICA PARA DIVERSAS SECRETARIAS E ÓRGÃOS DA ADM. INDIRETA,"R$ 375.253,92","R$ 0,00",,Comissão Especial de Pregão II,09:00,PORTAL DE COMPRAS PÚBLICAS,2021
0006/2021,0188/2021,04/06/2021,23/12/2021,Inexigibilidade,Prefeitura municipal de Petrolina,Processo Concluído,Compras e serviços,"Fornecimento de 76.000 (setenta e seis mil) munições, de três calibres: 40 S&W, 9mm e 38SPL, de vários tipos para operações,
habilitação em novo armamento e treinamento dos guardas civis, para atender a demanda operacional da Guarda Civil de Petrolina-PE.",,,,Comissão permanente de licitação,10:00,Prefeitura de Petrolina,2021
0221/2021,0297/2021,17/12/2021,03/12/2021,Pregão eletrônico,Secretaria Municipal de Saúde | SESAU,Processo Concluído,Compras e serviços,"Aquisição de sacos plásticos, conforme especificações e quantitativos indicados, para suprir as necessidades da Secretaria Municipal de Saúde de Petrolina-PE.","R$ 269.520,00",,,Comissão Especial de Licitação V,09:00,Portal de Compras Públicas,2021
0109/2021,0149/2021,02/08/2021,19/07/2021,Pregão eletrônico,Secretaria Municipal de Saúde | SESAU,Processo Concluído,Compras e serviços,Eventual aquisição de materiais de expediente,"R$ 414.158,03","R$ 342.898,30",,Comissão Especial de Pregão III,09:00,Prefeitura de Petrolina,2021
0141/2021,0191/2021,28/09/2021,16/09/2021,Pregão eletrônico,Secretaria Municipal de Desenvolvimento Social e Direitos Humanos,Processo Concluído,Compras e serviços,"AQUISIÇÃO DE TENDAS ARTICULADAS E TOLDOS FIXOS, PARA ATENDER ÀS NECESSIDADES SECRETARIA MUNICIPAL DE DESENVOLVIMENTO SOCIAL E DIREITOS HUMANOS - SEDESDH","R$ 70.588,14",,,Comissão Especial de Pregão III,10:00,Prefeitura de Petrolina,2021
0089/2021,0122/2021,02/07/2021,22/06/2021,Pregão eletrônico,Secretaria Municipal de Saúde | SESAU,Revogada,Compras e serviços,"Prestação de serviços de dedetização, desinsetização e desratização, para suprir as necessidades da   Secretaria Municipal de Saúde de Petrolina-PE.","R$ 339.790,00",,,Comissão Especial de Pregão III,10:00,Prefeitura de Petrolina.,2021
0075/2021,0105/2021,21/05/2021,14/05/2021,Pregão eletrônico,Secretaria Municipal de Saúde | SESAU,Processo Concluído,Compras e serviços,"Eventual aquisição de material médico-hospitalar para o Hospital Campanha do COVID-19, para suprir as necessidades da Secretaria Municipal de Saúde de Petrolina-PE.","R$ 373.041,60","R$ 0,00",,Comissão Especial de Pregão I,10:00,Prefeitura de Petrolina,2021
0044/2021,0058/2021,07/04/2021,12/03/2021,Pregão eletrônico,Secretaria Municipal de Saúde | SESAU,Processo Concluído,Compras e serviços,Fornecimento de gases medicinais com comodato de cilindros para o Hospital Campanha do COVID-19 e o Centro de Atendimento para o Enfrentamento A COVID 19.,"R$ 96.784,75",,,Comissão Especial de Pregão III,10:00,Prefeitura de Petrolina,2021
0009/2021,0011/2021,05/02/2021,25/01/2021,Pregão eletrônico,Secretaria Municipal de Saúde | SESAU,Processo Concluído,Compras e serviços,"Eventual aquisição de anestésicos médico veterinário, para suprir as necessidades da Secretaria Municipal de Saúde de Petrolina-PE.","R$ 47.369,00","R$ 0,00",,Comissão Especial de Pregão I,09:00,Prefeitura de Petrolina,2021
0214/2021,0290/2021,27/12/2021,13/12/2021,Pregão eletrônico,Secretaria Municipal da Fazenda e Planejamento,Aberta,Compras e serviços,"Eventual contratação de empresa para instalação de linhas telefônicas (comutadas), com a possibilidade de fornecimento de busca automática (ramais) conforme necessidade do contratante em endereço por prédio a ser instalado","R$ 213.266,56",,,Comissão Especial de Pregão III,09:00,www.portaldecompraspublicas.com.br,2021
0099/2021,0136/2021,19/07/2021,06/07/2021,Pregão eletrônico,Secretaria Municipal de Saúde | SESAU,Processo Concluído,Compras e serviços,EVENTUAL AQUISIÇÃO DE RAÇÕES PARA O CENTRO DE CONTROLE DE ZOONOSES,"R$ 178.646,00","R$ 160.477,00",,Comissão Especial de Pregão III,10:00,Prefeitura de Petrolina,2021
0032/2021,0048/2021,10/05/2021,01/03/2021,Pregão eletrônico,Autarquia Municipal de Mobilidade de Petrolina | AMMPLA,Revogada,Compras e serviços,"SRP - CONTRATAÇÃO DE EMPRESA ESPECIALIZADA PARA INSTALAÇÃO (COM FORNECIMENTO DE MATERIAL) DE O DE VIGILÂNCIA E MONITORAMENTO URBANO, constituindo solução integrada de redes e serviços, dados e vídeo monitoramento a ser instalado  - AMMPLA","R$ 663.663,53","R$ 0,00",,Comissão Especial de Pregão II,09:00,av. guararapes,2021
0026/2021,0032/2021,02/03/2021,18/02/2021,Pregão eletrônico,Secretaria Municipal de Desenvolvimento Social e Direitos Humanos,Processo Concluído,Compras e serviços,AQUISIÇÃO DE GÊNEROS ALIMENTÍCIOS (PERECÍVEIS E NÃO PERECÍVEIS) PARA AS UNIDADES DA SEDESDH.,"R$ 1.651.851,94","R$ 0,00",,Comissão Especial de Pregão II,03:00,Prefeitura de Petrolina,2021
0145/2021,0199/2021,07/10/2021,24/09/2021,Pregão eletrônico,"Secretaria Municipal de Educação, Cultura e Esportes",Processo Concluído,Compras e serviços,Aquisição de material de expediente para atender às necessidades da Secretaria de Educação,"R$ 2.259.685,60","R$ 0,00",,Comissão Especial de Pregão II,13:00,Prefeitura de Petrolina.,2021
0163/2021,0221/2021,29/10/2021,18/10/2021,Pregão eletrônico,Secretaria Municipal de Saúde | SESAU,Processo Concluído,Compras e serviços,"Eventual aquisição de material e equipamentos de higiene e limpeza, conforme solicitação expressa da Secretaria Municipal de Saúde.","R$ 440.405,60","R$ 0,00",,Comissão Especial de Pregão I,09:00,Prefeitura de Petrrolina,2021
0134/2021,0179/2021,24/09/2021,13/09/2021,Pregão eletrônico,Secretaria Municipal de Planejamento e Gestão,Processo Concluído,Compras e serviços,EVENTUAL CONTRATAÇÃO DE EMPRESA ESPECIALIZADA EM FORNECIMENTO DE MATERIAIS DE MANUTENÇÃO PREDIAL (MATERIAIS PARA REFORMA E CONSTRUÇÃO.,"R$ 36.594,00",,,Comissão Especial de Pregão III,10:00,Prefeitura de Petrolina,2021
0043/2021,0057/2021,20/04/2021,08/04/2021,Pregão eletrônico,Secretaria Municipal de Saúde | SESAU,Adiada,Compras e serviços,"Eventual aquisição de fraldas, lenços umedecidos, colchão, materiais médicos, insumos e medicamentos, em atendimento a ordem judicial.","R$ 188.794,13","R$ 0,00",,Comissão Especial de Pregão I,,,2021
0190/2021,0259/2021,03/12/2021,16/11/2021,Pregão eletrônico,Secretaria Municipal de Desenvolvimento Social e Direitos Humanos,Processo Concluído,Compras e serviços,"AQUISIÇÃO DE VEÍCULOS, PARA ATENDER ÀS NECESSIDADES SECRETARIA MUNICIPAL DE DESENVOLVIMENTO SOCIAL E DIREITOS HUMANOS","R$ 153.863,34",,,Comissão Especial de Pregão III,09:00,www.portaldecompraspublicas.com.br,2021
0167/2021,0226/2021,27/10/2021,14/10/2021,Pregão eletrônico,Secretaria Municipal de Saúde | SESAU,Processo Concluído,Compras e serviços,"EVENTUAL AQUISIÇÃO DE BOTAS PARA O SAMU, PARA ATENDER ÀS NECESSIDADES DA SECRETARIA MUNICIPAL DE SAÚDE - SESAU","R$ 53.668,92",,,Comissão Especial de Licitação V,13:00,Prefeitura de Petrolina.,2021
0109/2021,,24/08/2021,14/10/2021,Dispensa por outros motivos,Prefeitura municipal de Petrolina,Processo Concluído,Locação,locação do imóvel para funcionar o depósito de materiais obsoletos/sucatas. ,,,,Comissão permanente de licitação,13:00,Petrolina,2021
0209/2021,0283/2021,09/12/2021,29/11/2021,Pregão eletrônico,Secretaria Municipal de Desenvolvimento Social e Direitos Humanos,Fracassada,Compras e serviços,"AQUISIÇÃO DE VEÍCULO, PARA ATENDER ÀS NECESSIDADES SECRETARIA MUNICIPAL DE DESENVOLVIMENTO SOCIAL E DIREITOS HUMANOS - SEDESDH","R$ 80.787,50",,,Comissão Especial de Pregão III,09:00,www.portaldecompraspublicas.com.br,2021
0017/2021,0020/2021,09/03/2021,24/02/2021,Pregão eletrônico,Secretaria Municipal de Saúde | SESAU,Processo Concluído,Compras e serviços,"Prestação de serviços de manutenção preventiva e/ou corretiva em forro de gesso e parede de bloco de gesso, para suprir as necessidades da   Secretaria Municipal de Saúde de Petrolina-PE.","R$ 99.570,00","R$ 0,00",,Comissão Especial de Pregão I,10:00,Prefeitura de Petrolina,2021
0015/2021,0240/2021,09/12/2021,08/11/2021,Concorrência,"Secretaria Municipal de Educação, Cultura e Esportes",Processo Concluído,Compras e serviços,Contratação de empresa especializada para prestação de serviços de engenharia civil relativos à REFORMA DA ESCOLA MUNICIPAL LUIZ RODRIGUES DE ARAÚJO.,"R$ 1.513.127,12","R$ 0,00",,Comissão permanente de licitação,09:00,"Superintendência Geral de Licitações, sito a Av. Guararapes, nº 2.114 – 2º andar do Anexo- Centro - Petrolina-PE",2021
0012/2021,0223/2021,18/11/2021,18/10/2021,Concorrência,"Secretaria Municipal de Educação, Cultura e Esportes",Processo Concluído,Obras e serviços de engenharia,REFORMA DAS ESCOLAS: SENADOR JOSÉ COELHO E MARECHAL RONDON,"R$ 965.903,08","R$ 0,00",,Comissão permanente de licitação,09:00,"AVENIDA GUARARAPES, 2114",2021
0005/2021,0187/2021,04/06/2021,23/12/2021,Inexigibilidade,Prefeitura municipal de Petrolina,Processo Concluído,Compras e serviços,"Fornecimento de 18.000 (dezoito mil) munições calibre 12 de 02 (dois) tipos para operações, habilitação em novo armamento e treinamento
dos guardas civis, para atender a demanda operacional da Guarda Civil de Petrolina-PE.",,,,Comissão permanente de licitação,10:00,Prefeitura de Petrolina ,2021
0073/2021,0103/2021,25/05/2021,18/05/2021,Pregão eletrônico,Secretaria Municipal de Saúde | SESAU,Processo Concluído,Compras e serviços,EVENTUAL AQUISIÇÃO DE EQUIPAMENTOS HOSPITALARES PARA O HOSPITAL CAMPANHA DO COVID-19,"R$ 374.782,18","R$ 201.905,00",,Comissão Especial de Pregão III,10:00,Prefeitura de Petrolina,2021
0001/2021,0298/2021,20/12/2021,07/12/2021,Sem licitação,Prefeitura municipal de Petrolina,Em andamento,Compras e serviços,SORTEIO CONFORME EDITAL,"R$ 0,00","R$ 0,00",,Comissão permanente de licitação,09:00,"AVENIDA GUARARAPES, 2114, CENTRO, PETROLINA/PE",2021
0187/2021,0252/2021,15/12/2021,02/12/2021,Pregão eletrônico,Secretaria de Infraestrutura e Mobilidade,Processo Concluído,Compras e serviços,"Contratação de empresa especializada em serviços de confecção e implantação de módulos de abrigos de táxi e moto táxi no Município de Petrolina – PE, em atendimento às diretrizes da AMMPLA, conforme solicitação expressa da SEINFRA","R$ 801.303,60",,,Comissão Especial de Pregão III,09:00,www.portaldecompraspublicas.com.br,2021
0123/2021,0165/2021,31/08/2021,18/08/2021,Pregão eletrônico,Secretaria de Infraestrutura e Mobilidade,Processo Concluído,Obras e serviços de engenharia,"CONTRATAÇÃO DE EMPRESA ESPECIALIZADA PARA ATUAR COMO VERIFICADOR INDEPENDENTE, MONITORANDO DE FORMA INDEPENDENTE O DESEMPENHO DA CONCESSIONÁRIA DE ILUMINAÇÃO PÚBLICA (CONTRATO Nº 019/2021).","R$ 4.183.333,33","R$ 0,00",,Comissão Especial de Pregão II,13:00,Prefeitura de Petrolina.,2021
0102/2021,0140/2021,22/07/2021,09/07/2021,Pregão eletrônico,"Secretaria Municipal de Educação, Cultura e Esportes",Processo Concluído,Compras e serviços,REGISTRO DE PREÇO - AQUISIÇÃO DE MATERIAL ESCOLAR PARA ALUNOS DA REDE MUNCIPAL DE ENSINO - CONVENCIONAL E CONVENIADA.,"R$ 1.078.524,09","R$ 0,00",,Comissão Especial de Pregão II,11:00,Prefeitura de Petrolina,2021
0001/2021,0000/0000,16/12/2021,22/02/2022,Inexigibilidade,Prefeitura municipal de Petrolina,Aberta,Compras e serviços,"Prestação de serviços de palestra com o tema “A FELICIDADE NÃO DEPENDE DO QUE NOS FALTA” a ser ministrada pelo psicólogo Rossandro Klinjey Irineu Barros na modalidade presencial, no dia 02 de fevereiro de 2022,
",,,,Comissão permanente de licitação,10:00,Prefeitura de Petrolina,2021
0034/2021,0043/2021,30/03/2021,17/03/2021,Pregão eletrônico,Secretaria Municipal de Saúde | SESAU,Processo Concluído,Compras e serviços,"Eventual aquisição de MATERIAL DE CONSTRUÇÃO E ELÉTRICO, para suprir as necessidades da   Secretaria Municipal de Saúde de Petrolina-PE.","R$ 858.031,59","R$ 0,00",,Comissão Especial de Pregão I,10:00,Prefeitura de Petrolina,2021
0169/2021,0228/2021,28/10/2021,14/10/2021,Pregão eletrônico,Secretaria Municipal de Saúde | SESAU,Processo Concluído,Compras e serviços,"EVENTUAL AQUISIÇÃO DE MATERIAIS DE FISIOTERAPIA, PARA ATENDER ÀS NECESSIDADES DA SECRETARIA MUNICIPAL DE SAÚDE - SESAU","R$ 30.144,90",,,Comissão Especial de Licitação V,14:00,Prefeitura de Petrolina,2021
0152/2021,0208/2021,13/10/2021,29/09/2021,Pregão eletrônico,Secretaria Municipal de Desenvolvimento Econômico e Turismo,Processo Concluído,Compras e serviços,"PRESTAÇÃO DE SERVIÇOS DE LOCAÇÃO, MONTAGEM E DESMONTAGEM DE DECORAÇÃO NATALINA, INCLUINDO MANUTENÇÃO DE MATERIAIS, PARA EXECUÇÃO DO “NATAL DE LUZ E RENOVAÇÃO” ","R$ 1.397.700,00",,,Comissão Especial de Pregão III,09:00,Prefeitura de Petrolina,2021
0105/2021,0145/2021,27/07/2021,14/07/2021,Pregão eletrônico,Secretaria Municipal de Saúde | SESAU,Processo Concluído,Compras e serviços,"EVENTUAL AQUISIÇÃO DE FRALDAS, EM ATENDIMENTO AS ORDENS JUDICIAIS","R$ 231.380,62","R$ 157.919,82",,Comissão Especial de Pregão III,09:00,Prefeitura de Petrolina,2021
0094/2021,,04/06/2021,13/10/2021,Dispensa por outros motivos,Prefeitura municipal de Petrolina,Processo Concluído,Compras e serviços,"locação de imóvel entre o Sr. JUNIOR BARBOSA DOS SANTOS – CPF N.º 042.558.414-38, para funcionar a casa de apoio para professores da
Escola Municipal Monsenhor Ângelo Sampaio.",,,,Comissão permanente de licitação,13:00,Prefeitura de Petrolina,2021
0048/2021,0000/000_,19/01/2021,26/08/2021,Dispensa por outros motivos,"Secretaria Municipal de Educação, Cultura e Esportes",Processo Concluído,Compras e serviços,"locação de imóvel para funcionar a casa de apoio aos professores da Escola Municipal João Rodrigues de Macedo, tendo em vista que o imóvel é composto 02 salas, 01 cozinha, 02 quartos e 01 banheiro, localiza-se na Rua Centro, S/N – Zona Rural","R$ 4.200,00",,,Comissão permanente de licitação,10:00,Prefeitura de Petrolina,2021
0046/2021,0062/2021,20/04/2021,18/03/2021,Pregão eletrônico,Secretaria Municipal de Saúde | SESAU,Processo Concluído,Compras e serviços,Prestação de serviços de refeições TIPO SELF-SERVICE para funcionários plantonistas do Hospital Universitário,"R$ 902.120,00",,,Comissão Especial de Pregão III,09:00,Prefeitura de Petrolina,2021
0218/2021,0294/2021,15/12/2021,02/12/2021,Pregão eletrônico,Secretaria Municipal de Saúde | SESAU,Processo Concluído,Compras e serviços,"Eventual de cadeiras de plástico, conforme especificações e quantitativos indicados, para suprir as necessidades da secretaria Municipal de Saúde de Petrolina-PE","R$ 34.775,00",,,Comissão Especial de Licitação V,09:00,Portal de Compras Públicas,2021
0002/2021,0003/2021,25/01/2021,12/01/2021,Pregão eletrônico,Secretaria Municipal de Saúde | SESAU,Processo Concluído,Compras e serviços,"Eventual aquisição de rações e feno, para suprir as necessidades da Secretaria Municipal de Saúde de Petrolina-PE.","R$ 152.083,25","R$ 0,00",,Comissão Especial de Pregão I,10:00,Prefeitura de Petrolina,2021
0194/2021,0264/2021,24/11/2021,09/11/2021,Pregão eletrônico,Secretaria Municipal de Desenvolvimento Urbano e Habitação,Processo Concluído,Compras e serviços,Eventual aquisição com instalação de rádios comunicadores veiculares-SEDURBHS,"R$ 124.761,60",,,Comissão Especial de Pregão III,09:00,www.portaldecompraspublicas.com.br,2021
0155/2021,0212/2021,20/10/2021,05/10/2021,Pregão eletrônico,Secretaria Municipal de Saúde | SESAU,Processo Concluído,Compras e serviços,"Eventual aquisição de matérias medico hospitalar para o SAMU, conforme solicitação expressa da Secretaria Municipal de Saúde.","R$ 445.192,42","R$ 0,00",,Comissão Especial de Pregão I,10:00,Prefeitura de Petrolina,2021
0110/2021,0150/2021,30/07/2021,19/07/2021,Pregão eletrônico,Secretaria Municipal da Fazenda e Planejamento,Processo Concluído,Compras e serviços,"Prestação de serviços plataforma de atendimento digital como provedor de serviço para atendimento instantâneo a clientes por meio do aplicativo WhatsApp, com 44 (quarenta e quatro) usuários.","R$ 34.186,32",,,Comissão Especial de Pregão III,10:00,Prefeitura de Petrolina,2021
0093/2021,0127/2021,07/07/2021,23/06/2021,Pregão eletrônico,Secretaria Municipal de Saúde | SESAU,Processo Concluído,Compras e serviços,"Eventual aquisição de ÁGUA MINERAL para atender a casa do Tratamento Fora Domicilio (TFD) localizada na cidade de Recife-PE, de acordo com a solicitação expressa da Secretaria Municipal de Saúde de Petrolina-PE.","R$ 12.435,00","R$ 0,00",,Comissão Especial de Pregão I,10:00,Prefeitura de Petrolina,2021
0144/2021,0198/2021,15/10/2021,01/10/2021,Pregão eletrônico,"Secretaria Municipal de Educação, Cultura e Esportes",Processo Concluído,Compras e serviços,Aquisição de equipamentos e utensílios de cozinha para as unidades escolares,"R$ 2.249.446,22","R$ 0,00",,Comissão Especial de Pregão II,10:00,Prefeitura de Petrolina,2021
0201/2021,0272/2021,03/12/2021,22/11/2021,Pregão eletrônico,Secretaria Municipal de Desenvolvimento Social e Direitos Humanos,Processo Concluído,Compras e serviços,"EVENTUAL AQUISIÇÃO E RECARGA DE CARTUCHO E TONER, PARA ATENDER ÀS NECESSIDADES DA SECRETARIA MUNICIPAL DE DESENVOLVIMENTO SOCIAL E DIREITOS HUMANOS - SEDESDH.","R$ 45.735,85","R$ 0,00",,Comissão Especial de Pregão I,09:00,www.portaldecompraspublicas.com.br,2021
0079/2021,0110/2021,22/06/2021,09/06/2021,Pregão eletrônico,Secretaria Municipal de Saúde | SESAU,Aberta,Compras e serviços,"Eventual aquisição de materiais e equipamentos odontológicos, para atender às necessidades da Secretaria Municipal de Saúde.","R$ 1.743.628,71","R$ 0,00",,Comissão Especial de Pregão I,,,2021
0185/2021,0250/2021,19/11/2021,08/11/2021,Pregão eletrônico,Secretaria Municipal de Saúde | SESAU,Processo Concluído,Compras e serviços,"EVENTUAL AQUISIÇÃO DE RESMA DE PAPEL OFICIO A4, PARA ATENDER ÀS NECESSIDADES DA SECRETARIA MUNICIPAL DE SAÚDE - SESAU","R$ 134.063,36",,,Comissão Especial de Licitação V,09:00,Portal de Compras Públicas,2021
0135/2021,0181/2021,30/09/2021,15/09/2021,Pregão eletrônico,"Secretaria Municipal de Educação, Cultura e Esportes",Processo Concluído,Compras e serviços,"Eventual contratação de empresa especializada para o fornecimento de mobília escolar, equipamentos e eletrodomésticos, para atendimento das Unidades de Ensino Básico da Educação Infantil da Rede Municipal...","R$ 8.233.571,20","R$ 0,00",,Comissão Especial de Pregão I,13:00,Prefeitura de PetPrefeitura de Petrolinarolina.,2021
0191/2021,0261/2021,24/11/2021,10/11/2021,Pregão eletrônico,Secretaria Municipal da Fazenda e Planejamento,Processo Concluído,Compras e serviços,"MATERIAL DE HIGIENE/LIMPEZA, EQUIPAMENTOS DE PROTEÇÃO INDIVIDUAL E CONSUMO PARA ATENDER ÀS NECESSIDADES DAS DIVERSAS SECRETARIAS E ÓRGÃOS","R$ 512.308,33","R$ 0,00",,Comissão Especial de Pregão II,09:00,Portal de Compras Públicas,2021
0181/2021,0245/2021,12/11/2021,27/10/2021,Pregão eletrônico,Secretaria Municipal de Planejamento e Gestão,Processo Concluído,Compras e serviços,REGISTRO DE PREÇO - EVENTUL AQUISIÇÃO DE PLAQUETAS DE IDENTIFICAÇÃO PATROMONIAL (60.000) PARA DIVERSOS ÓRGÃOS - SEFAZ,"R$ 44.400,00","R$ 0,00",,Comissão Especial de Pregão II,09:00,PROTAL DE COMPRAS PÚBLICAS,2021
0001/2021,0183/2021,17/09/2021,09/09/2021,Convite,Secretaria Municipal de Desenvolvimento Econômico e Turismo,Fracassada,Compras e serviços,Contratação de empresa para consultoria e criação de uma plataforma de dados socioeconômicos para análise de variáveis a partir de indicadores e cenários dinâmicos que favoreçam a geração de políticas e ações da gestão municipal,"R$ 169.000,00",,,Comissão permanente de licitação,09:00,Prefeitura de Petrolina,2021
0012/2021,0093/2021,14/04/2021,04/11/2021,Dispensa por outros motivos,Prefeitura municipal de Petrolina,Processo Concluído,Compras e serviços,"Contratação em caráter emergencial da empresa JÚLIO CÉSAR MOREIRA BRITO EIRELI - ME, CNPJ 03.781.509/0001-07, cujo o objeto é a
prestação de serviços de locação de tenda, conforme especificações .
",,,,Comissão permanente de licitação,13:00,Prefeitura de Petrolina.,2021
0086/2021,0118/2021,18/06/2021,27/05/2021,Pregão eletrônico,Secretaria Municipal de Saúde | SESAU,Processo Concluído,Compras e serviços,"EVENTUAL AQUISIÇÃO DE ARES-CONDICIONADOS, PARA ATENDER ÀS NECESSIDADES DA SECRETARIA MUNICIPAL DE SAÚDE - SESAU","R$ 834.274,58","R$ 716.195,00",,Comissão Especial de Pregão III,10:00,Prefeitura de Petrolina,2021
0077/2021,,06/04/2021,14/10/2021,Dispensa por outros motivos,Prefeitura municipal de Petrolina,Processo Concluído,Locação,"locação de imóvel situado na localização BR – 428, na altura do km 185, nº 255 Loteamento Recife – Petrolina-PE",,,,Comissão permanente de licitação,13:00,Prefeitura de Petrolina,2021
0024/2020,0228/2020,22/02/2021,22/12/2020,Concorrência,Secretaria Municipal de Desenvolvimento Econômico e Turismo,Processo Concluído,Obras e serviços de engenharia,REFORMA E REVITALIZAÇÃO DO PÁTIO DA FEIRA LIVRE NO BAIRRO COHAB MASSANGANO,"R$ 3.695.954,85","R$ 0,00",,Comissão permanente de licitação,10:00,Prefeitura de Petrolina,2021
0058/2021,0083/2021,03/05/2021,19/04/2021,Pregão eletrônico,Secretaria Municipal de Desenvolvimento Econômico e Turismo,Processo Concluído,Compras e serviços,AQUISIÇÃO DO FARDAMENTO PARA CONCURSADOS APROVADOS E APTOS DO CONCURSO EDITAL 001/2019 - GUARDA CIVIL ,"R$ 69.789,00","R$ 0,00",,Comissão Especial de Pregão II,10:00,Prefeitura de Petrolina,2021
0136/2021,0184/2021,13/09/2021,30/08/2021,Pregão eletrônico,Secretaria Municipal de Saúde | SESAU,Processo Concluído,Compras e serviços,"Eventual aquisição de itens de cama, mesa e banho, de acordo com a solicitação expressa da SECRETARIA MUNICIPAL DE SAÚDE.","R$ 66.073,87","R$ 0,00",,Comissão Especial de Pregão I,13:00,Prefeitura de Petrolina.,2021
0224/2021,0302/2021,23/12/2021,10/12/2021,Pregão eletrônico,"Secretaria Municipal de Educação, Cultura e Esportes",Fracassada,Compras e serviços,"EVENTUAL CONTRATAÇÃO DE EMPRESA ESPECIALIZADA NO FORNECIMENTO DE PROJETO PEDAGÓGICO DE LABORATÓRIOS DE ROBÓTICA, DESTINADOS À AMPLIAÇÃO DAS ATIVIDADES NAS UNIDADES ESCOLARES DE ANOS FINAIS QUE COMPÕEM A REDE MUNICIPAL DE ENSINO DE PETROLINA","R$ 3.850.000,00",,,Comissão Especial de Licitação IV,09:00,PORTAL DE COMPRAS PÚBLICAS,2021
0003/2021,0031/2021,04/03/2021,15/02/2021,Credenciamento,Agência Municipal do Meio Ambiente | AMMA,Processo Concluído,Compras e serviços,Contratação de profissionais para atuarem como peritos nos processos administrativos de licenciamento e fiscalização ambiental do Município de Petrolina através da Agência Municipal de Meio Ambiente – AMMA,,,,Comissão permanente de licitação,10:00,Prefeitura de Petrolina,2021
0158/2021,0216/2021,26/11/2021,09/11/2021,Pregão eletrônico,Secretaria Municipal de Saúde | SESAU,Aberta,Compras e serviços,Prestação de Serviços Contínuos de Nutrição e Alimentação - Casa de Parto - SESAU.,"R$ 658.476,00",,,Comissão Especial de Pregão III,09:00,www.portaldecompraspublicas.com.br,2021
0206/2021,0278/2021,22/12/2021,09/12/2021,Pregão eletrônico,Secretaria Municipal de Saúde | SESAU,Processo Concluído,Compras e serviços,"eventual prestação de serviços de materiais gráficos, conforme especificações e quantita-tivos indicados, para suprir as necessidades da Secretaria Municipal de Saúde de Petrolina-PE","R$ 1.371.488,00",,,Comissão Especial de Licitação V,15:00,Portal de Compras Públicas,2021
0157/2021,0215/2021,21/10/2021,06/10/2021,Pregão eletrônico,Secretaria Municipal de Saúde | SESAU,Processo Concluído,Compras e serviços,Aquisição de móveis e eletrodomésticos para FARMÁCIA DA FAMÍLIA,"R$ 116.706,44","R$ 0,00",,Comissão Especial de Pregão II,13:00,Petrolina,2021
0045/2021,0061/2021,06/04/2021,22/03/2021,Pregão eletrônico,Secretaria Municipal de Saúde | SESAU,Processo Concluído,Compras e serviços,"LOCAÇÃO DE VEÍCULOS, para suprir as necessidades da   Secretaria Municipal de Saúde de Petrolina-PE.","R$ 521.847,12",,,Comissão Especial de Pregão III,09:00,Prefeitura de Petrolina,2021
0009/2021,0123/2021,28/06/2021,22/06/2021,Credenciamento,Secretaria Municipal de Saúde | SESAU,Processo Concluído,Compras e serviços,"Contratação de Pessoas Jurídicas para a prestação de serviços de saúde, para a realização, de forma complementar ao Sistema Único de Saúde – SUS – Petrolina/PE, SESSÕES DE FISIOTERAPIA",,,,Comissão permanente de licitação,10:00,Prefeitura de Petrolina,2021
0016/2021,,02/12/2021,29/10/2021,Concorrência,"Secretaria Municipal de Educação, Cultura e Esportes",Processo Concluído,Obras e serviços de engenharia,REFORMA E AMPLIAÇÃO DAS ESCOLAS MUNICIPAIS: JOSE´RIBEIRO DA SILVA E RICARDO SOARES COELHO.,"R$ 2.902.696,88","R$ 0,00",,Comissão permanente de licitação,09:00,"AVENIDA GUARARAPES, Nº 2114, CENTRO, PETROLINA/PE CEP 56.302.905 - 2º ANDAR DO ANEXO - SUPERINTENDÊNCIA GERAL DE LICITAÇÕES",2021
0142/2021,0192/2021,29/09/2021,16/09/2021,Pregão eletrônico,Secretaria Municipal de Desenvolvimento Social e Direitos Humanos,Processo Concluído,Compras e serviços,"AQUISIÇÃO DE LONAS PLÁSTICAS PRETAS, PARA ATENDER ÀS NECESSIDADES SECRETARIA MUNICIPAL DE DESENVOLVIMENTO SOCIAL E DIREITOS HUMANOS - SEDESDH","R$ 147.288,00",,,Comissão Especial de Pregão III,10:00,Prefeitura de Petrolina,2021
0195/2021,0265/2021,25/11/2021,09/11/2021,Pregão eletrônico,Secretaria Municipal de Desenvolvimento Urbano e Habitação,Processo Concluído,Compras e serviços,Eventual aquisição com instalação de compartimentos para transporte de detidos-SEDURBHS,"R$ 339.570,00",,,Comissão Especial de Pregão III,09:00,www.portaldecompraspublicas.com.br,2021
0014/2021,0237/2021,09/12/2021,08/11/2021,Concorrência,"Secretaria Municipal de Educação, Cultura e Esportes",Fracassada,Obras e serviços de engenharia,"REFORMA EM ESPAÇOS NAS UNIDADES ESCOLARES E SEUS ANEXOS, QUE SERVEM DE APOIO E ALOJAMENTO PARA PROFESSORES DA REDE MUNICIPAL DE ENSINO.","R$ 441.966,21","R$ 0,00",,Comissão permanente de licitação,09:00,"AVENIDA GUARARAPES, 2114, CENTRO, PETROLINA",2021
0149/2020,0244/2020,18/02/2021,04/02/2021,Pregão eletrônico,Secretaria Municipal de Desenvolvimento Social e Direitos Humanos,Processo Concluído,Compras e serviços,Manutenção de condicionadores de ar ,"R$ 20.622,30","R$ 0,00",,Comissão Especial de Pregão II,09:00,Prefeitura de Petrolina,2021
0084/2021,0116/2021,08/06/2021,25/05/2021,Pregão eletrônico,Secretaria Municipal de Saúde | SESAU,Processo Concluído,Compras e serviços,"REGISTRO DE PREÇO - AQUISIÇÃO DE MATERIAL M,ÉDICO HOSPITALAR PARA O CENTRO DE ZOONOSES.","R$ 179.448,65","R$ 0,00",,Comissão Especial de Pregão II,09:00,Prefeitura de Petrolina,2021
0203/2021,0275/2021,21/12/2021,09/12/2021,Pregão eletrônico,Secretaria Municipal de Desenvolvimento Social e Direitos Humanos,Processo Concluído,Compras e serviços,Eventual aquisição de equipamento de informática para atender às necessidades dos serviços socioassistenciais da Secretaria Municipal De Desenvolvimento Social e Direitos Humanos.,"R$ 423.989,26",,,Comissão Especial de Pregão III,09:00,www.portaldecompraspublicas.com.br,2021
0117/2021,0158/2021,12/08/2021,30/07/2021,Pregão eletrônico,Secretaria de Agricultura,Revogada,Compras e serviços,"Aquisição de lâminas, porcas e parafusos para os equipamentos da patrulha mecanizada,","R$ 1.251.563,20",,,Comissão Especial de Pregão III,,,2021
0083/2021,0115/2021,08/06/2021,21/05/2021,Pregão eletrônico,Secretaria Municipal de Saúde | SESAU,Processo Concluído,Compras e serviços,EVENTUAL PRESTAÇÃO DE SERVIÇO DE CONFECÇÃO DE FARDAMENTO PARA A POLICLÍNICA MUNICIPAL - SESAU,"R$ 20.309,30","R$ 18.104,26",,Comissão Especial de Pregão III,10:00,Prefeitura de Petrolina,2021
0139/2021,0189/2021,30/09/2021,16/09/2021,Pregão eletrônico,"Secretaria Municipal de Educação, Cultura e Esportes",Processo Concluído,Compras e serviços,Eventual aquisição de gás de cozinha e similares destinados às unidades escolares e entidades conveniadas de responsabilidade deste município ,"R$ 1.307.929,36",,,Comissão Especial de Pregão III,10:00,Prefeitura de Petrolina,2021
0077/2021,0107/2021,07/06/2021,21/05/2021,Pregão eletrônico,Secretaria de Agricultura,Processo Concluído,Compras e serviços,"AQUISIÇÃO DE MATERIAIS PARA PERFURAÇÃO DE POÇOS, PARA ATENDER AS DEMANDAS DA SECRETARIA DE AGRICULTURA, NA ZONA RURAL DE NOSSO MUNICÍPIO","R$ 119.365,26","R$ 43.798,00",,Comissão Especial de Pregão III,13:00,Prefeitura de Petrolina,2021
0176/2021,0238/2021,11/11/2021,27/10/2021,Pregão eletrônico,Secretaria Municipal de Saúde | SESAU,Processo Concluído,Compras e serviços,"EVENTUAL DE SUPLEMENTOS, FRALDAS E INSUMOS MEDICO HOSPITALAR EM ATENDIMENTO AS ORDENS JUDICIAIS ACOSTADAS AO PROCESSO, mediante solicitação da Secretaria de Saúde","R$ 94.887,24",,,Comissão Especial de Licitação V,09:00,Prefeitura de Petrolina,2021
0120/2020,,08/09/2021,18/10/2021,Dispensa por outros motivos,Prefeitura municipal de Petrolina,Processo Concluído,Locação,"a renovação contratual, cujo objeto é o imóvel de sua propriedade situado na Rua 24, nº 41, Bairro Alto da Boa Vista, PetrolinaPE",,,,Comissão permanente de licitação,13:00,Prefeitura de Petrolina,2021
0026/2020,0230/2020,15/01/2021,15/12/2020,Concorrência,"Secretaria Municipal de Educação, Cultura e Esportes",Processo Concluído,Obras e serviços de engenharia,REFORMA DA ESCOLA MUNICIPAL RUBEM AMORIM,"R$ 1.335.075,28","R$ 0,00",,Comissão permanente de licitação,09:00,Prefeitura de Petrolina,2021
0101/2021,0139/2021,21/07/2021,08/07/2021,Pregão eletrônico,Secretaria Municipal de Saúde | SESAU,Processo Concluído,Compras e serviços,REGISTRO DE PREÇO - AQUISIÇÃO DE  MATERIAL E EQUIPAMENTOS DE INFORMÁTICA - SEC. DE SAÚDE,"R$ 2.399.499,37","R$ 0,00",,Comissão Especial de Pregão II,10:00,Prefeitura de Petrolina,2021
0092/2022,0143/2022,20/06/2022,02/06/2022,Pregão eletrônico,Secretaria Municipal de Saúde | SESAU,Processo Concluído,Compras e serviços,"aquisição de material de equipamentos e materiais de construção, conforme especificações e quantitativos indicados, para suprir as necessidades da secretaria Municipal de Saúde de Petrolina-PE.","R$ 1.563.606,05",,,Comissão Especial de Licitação V,09:00,Portal de Compras Públicas,2022
0080/2022,0119/2022,07/06/2022,25/05/2022,Pregão eletrônico,Secretaria Municipal de Saúde | SESAU,Processo Concluído,Compras e serviços,"aquisição de insumos e materiais médicos hospitalares, conforme especificações e quantitativos indicados, para suprir as necessidades da secretaria Municipal de Saúde de Petrolina-PE","R$ 2.232.138,93",,,Comissão Especial de Licitação V,09:00,Portal de Compras Públicas,2022
0105/2022,0000/0000,01/10/2022,18/10/2022,Dispensa por outros motivos,Prefeitura municipal de Petrolina,Processo Concluído,Compras e serviços,POSSÍVEL E EVENTUAL CONTRATAÇÃO DE EMPRESA ESPECIALIZADA NA REALIZAÇÃO DE MANUTENÇÃO PREVENTIVA E CORRETIVA NOS EQUIPAMENTOS DE INFORMÁTICA.,,,,Comissão permanente de licitação,11:00,PREFEITURA DE PETROLINA,2022
0121/2022,0000/000_,06/10/2022,07/12/2022,Dispensa por outros motivos,Prefeitura municipal de Petrolina,Processo Concluído,Compras e serviços,"locação, referente à locação de imóvel para funcionar parcialmente EScOLA MUNICIPAL JOSÉ SENADOR, o prédio cstá localizado na Rua Projcto Scnador Nilo Coclho, n* 258, Quadra R, Vila 21, Área Maria Thereza, KM 25.",,,,Comissão permanente de licitação,11:00,Prefeitura de Petrolina,2022
0025/2022,0154/2022,01/06/2022,15/06/2022,Inexigibilidade,Prefeitura municipal de Petrolina,Processo Concluído,Compras e serviços,"contratação de NOVA PRODUÇÕES E EVENTOS LTDA - ME, para apresentação artística musical de “MANO WALTER” que irá se apresentar durante as festividades do SÃO JOÃO 2022 – CICLO JUNINO – PÁTIO DE EVENTOS",,,,Comissão permanente de licitação,10:00,Prefeitura de Petrolina,2022
0001/2022,0036/2022,04/04/2022,16/03/2022,Tomada de preço,"Secretaria Municipal de Educação, Cultura e Esportes",Processo Concluído,Obras e serviços de engenharia,AMPLIAÇÃO DOS CENTROS MUNICIPAIS DE EDUCAÇÃO INFANTIL (CMEI'S): GABRIEL MOREIRA E WALLYSSON PEDRO,"R$ 1.330.145,44","R$ 0,00",,Comissão permanente de licitação,09:00,"AVENIDA GUARARAPES, Nº 2114, CENTRO, PETROLINA/PE - 2º ANDAR DO ANEXO",2022
0006/2022,0212/2022,25/08/2022,25/07/2022,Tomada de preço,"Secretaria Municipal de Educação, Cultura e Esportes",Em andamento,Compras e serviços,"Contratação de empresa de engenharia para a prestação de serviços técnicos de engenharia, para ELABORAÇÃO DOS PROJETOS EXECUTIVOS DO COMPLEXO MUNICIPAL DE EDUCAÇÃO(...).","R$ 593.446,06","R$ 0,00",,Comissão permanente de licitação,09:00,"na Superintendência  Geral de Licitações, situada a AV. Guararapes, nº 2.114 - Centro - Petrolina-PE.",2022
0118/2022,0226/2022,13/09/2022,22/08/2022,Pregão eletrônico,Secretaria Municipal de Desenvolvimento Social e Direitos Humanos,Processo Concluído,Compras e serviços,EVENTUAL AQUISIÇÃO DE GENEROS ALIMENTICIOS (PERECÍVEIS),"R$ 5.332.009,62",,,Comissão Especial de Pregão III,09:00,www.portaldecompraspublicas.com.br,2022
0031/2022,0057/2022,28/03/2022,15/03/2022,Pregão eletrônico,"Secretaria Municipal de Educação, Cultura e Esportes",Em andamento,Compras e serviços,"EVENTUAL CONTRATAÇÃO DE SERVIÇOS DE COFFEE BREAK E BUFFET, POR INTERMÉDIO DE EMPRESA, DESTINADOS A ATENDER AS NECESSIDADES DA SECRETARIA MUNICIPAL DE EDUCAÇÃO, CULTURA E ESPORTES PARA O ANO DE 2022","R$ 1.901.500,00",,,Comissão Especial de Licitação IV,09:00,PORTAL DE COMPRAS PÚBLICAS,2022
0011/2022,0292/2022,06/10/2022,19/10/2022,Dispensa por outros motivos,Prefeitura municipal de Petrolina,Processo Concluído,Compras e serviços,"contratação em caráter emergencial da empresa LOCASERV – LOCAÇÕES E SERVIÇOS LTDA, inscrita no CNPJ SOB O Nº 02.694.924/0001-60,
especializada em transporte escolar para atender aos alunos da Rede Municipal",,,,Comissão permanente de licitação,11:00,PREFEITURA DE PETROLINA,2022
0215/2021,0291/2021,04/01/2022,20/12/2021,Pregão eletrônico,Secretaria Municipal de Desenvolvimento Urbano e Habitação,Revogada,Compras e serviços,"Eventual Aquisição De Coletes De Proteção Balística Nível III-A, destinados aos candidatos aprovados e aptos para nomeação Do Concurso Público de Guarda Civil, Edital Nº 001/2019.","R$ 90.116,50",,,Comissão Especial de Pregão III,09:00,www.portaldecompraspublicas.com.br,2022
0063/2022,0094/2022,04/05/2022,20/04/2022,Pregão eletrônico,Secretaria Municipal da Fazenda e Planejamento,Processo Concluído,Obras e serviços de engenharia,"CONTRATAÇÃO DE EMPRESA DE ENGENHARIA PARA PRESTAÇÃO DE SERVIÇOS RELATIVOS À REFORMA E RECUPERAÇÃO DA COBERTURA DO ANEXO DO PRÉDIO SEDE E DO SETOR DE TRIBUTOS DA PREFEITURA MUNICIPAL DE PETROLINA. 

","R$ 119.978,12","R$ 0,00",,Comissão Especial de Pregão II,09:00,portal de compras públicas,2022
0052/2022,0192/2022,14/06/2022,23/06/2022,Inexigibilidade,Prefeitura municipal de Petrolina,Processo Concluído,Compras e serviços,"contratação da empresa LIVE TALENTOS AGENCIAMENTO, PRODUÇÃO E PUBLICIDADE LTDA, para apresentação artística musical de “CHITÃOZINHO & XORORÓ” que irá se apresentar durante as festividades do SÃO JOÃO 2022 ",,,,Comissão permanente de licitação,11:00,PREFEITURA DE PETROLINA,2022
0011/2022,0125/2022,18/05/2022,26/05/2022,Inexigibilidade,Prefeitura municipal de Petrolina,Processo Concluído,Compras e serviços,"Contratação da empresa BM PRODUÇÕES ARTÍSTICAS - EIRELI, inscrito no CNPJ sob o nº 19.588.728/0001-04, para a prestação de serviços
artístico/musical da atração BELL MARQUES, a se apresentar durante o Ciclo Junino 2022.",,,,Comissão permanente de licitação,11:00,Prefeitura de Petrolina,2022
0062/2022,0092/2022,05/07/2022,21/06/2022,Pregão eletrônico,"Secretaria Municipal de Educação, Cultura e Esportes",Processo Concluído,Compras e serviços,"EVENTUAL CONTRATAÇÃO SOB SISTEMA DE REGISTRO DE PREÇO PARA ÁGUA MINERAL, VASILHAMES, CAFÉ EM PÓ E AÇÚCAR DESTINADOS À SECRETARIA MUNICIPAL DE EDUCAÇÃO, CULTURA E ESPORTES PARA O ANO DE 2022","R$ 43.224,00",,,Comissão Especial de Licitação IV,09:00,PORTAL DE COMPRAS PÚBLICAS,2022
0144/2022,0000/0000,09/11/2022,07/12/2022,Dispensa por outros motivos,Prefeitura municipal de Petrolina,Processo Concluído,Compras e serviços,"Inscrição para participação de 04 (quatro) colaborados no 2º Seminário Estadual de Educação Infantil, cujo tema é Tema: ""Lançamento da Resolução n° 01/2022 do CEE/PE, que regulamenta a Educação Infanti",,,,Comissão permanente de licitação,11:00,prefeitura de petrolina,2022
0114/2022,,04/08/2022,22/07/2022,Pregão eletrônico,Secretaria Municipal de Saúde | SESAU,Processo Concluído,Compras e serviços,prestação de serviços de fornecimento de alimentação na modalidade marmitex: café da manhã para as grávidas com diabetes gestacional do Centro de Referência em Saúde da Mulher – CRSM,"R$ 29.925,00",,,Comissão Especial de Licitação V,09:00,Portal de Compras Públicas,2022
0045/2022,0066/2022,13/04/2022,29/03/2022,Pregão eletrônico,Secretaria Municipal de Saúde | SESAU,Processo Concluído,Compras e serviços,prestação de serviço de fornecimento de refeições MARMITEX para funcionários plantonistas do Hospital Universitário – HU vinculados à Atenção Especializada,"R$ 115.821,00",,,Comissão Especial de Licitação V,09:00,Portal de Compras Publicas,2022
0066/2022,0220/2022,05/07/2022,26/07/2022,Inexigibilidade,Prefeitura municipal de Petrolina,Processo Concluído,Compras e serviços,"contratação de FARIAS EVENTOS E PRODUÇÕES EIRELI - ME, para apresentação artística musical de “RANIERI” que irá se apresentar durante a FESTA DO COLONO 2022, no Projeto BEBEDOURO",,,,Comissão permanente de licitação,11:00,Prefeitura de Petrolina,2022
0168/2022,0302/2022,24/11/2022,10/11/2022,Pregão eletrônico,Secretaria Municipal de Saúde | SESAU,Deserta,Compras e serviços,prestação de serviços para manutenção preventiva e corretiva de Câmara de Conservação de Imunobiológicos com reposição de peças,"R$ 115.945,83",,,Comissão Especial de Licitação V,09:00,Portal de Compras Públicas,2022
0003/2022,0000/0000,03/05/2022,27/05/2022,Inexigibilidade,Prefeitura municipal de Petrolina,Processo Concluído,Compras e serviços,"Contratação da empresa MARIA INEZ DA SILVA NOBRE MOTA, para executar serviços de publicação de editais, portarias, avisos,",,,,Comissão permanente de licitação,11:00,Prefeitura de Petrolina,2022
0164/2022,0298/2022,09/12/2022,29/11/2022,Pregão eletrônico,Secretaria de Agricultura,Fracassada,Compras e serviços,"AQUISIÇÃO DE EQUIPAMENTO DE PROTEÇÃO INDIVIDUAL (EPI), CONFORME SOLICITAÇÃO EXPRESSA DA SECRETARIA DE AGRICULTURA ","R$ 6.944,77",,,Comissão Especial de Pregão III,09:00,www.portaldecompraspublicas.com.br.,2022
0120/2022,0228/2022,23/08/2022,11/08/2022,Pregão eletrônico,Secretaria Municipal da Fazenda e Planejamento,Processo Concluído,Compras e serviços,Aquisição de água mineral (natural e sem gás) envasada em garrafão de 20 litros para diversas secretarias,"R$ 79.067,52","R$ 0,00",,Comissão Especial de Pregão II,09:00,PORTAL DE COMPRAS PÚBLICAS,2022
0064/2022,0096/2022,01/06/2022,16/05/2022,Pregão eletrônico,Secretaria Municipal de Saúde | SESAU,Processo Concluído,Compras e serviços,"Eventual aquisição de medicamentos e insumos, em atendimento as ordens judiciais, para suprir as necessidades da Secretaria Municipal de Saúde de Petrolina-PE.","R$ 39.630,96",,,Comissão Especial de Licitação V,09:00,Portal de Compras Públicas,2022
0103/2022,0179/2022,05/08/2022,25/07/2022,Pregão eletrônico,"Secretaria Municipal de Educação, Cultura e Esportes",Deserta,Compras e serviços,"EVENTUAL CONTRATAÇÃO DE EMPRESA ESPECIALIZADA PARA FORNECIMENTO DE MATERIAL DIDÁTICO COMPLEMENTAR PARA O DESENVOLVIMENTO DO PROJETO PEDAGÓGICO CANTANDO EU APRENDO +, VISANDO","R$ 4.170.152,88",,,Comissão Especial de Licitação IV,09:00,PORTAL DE COMPRAS PÚBLICAS,2022
0003/2022,0038/2022,18/02/2022,10/03/2022,Dispensa por outros motivos,Prefeitura municipal de Petrolina,Processo Concluído,Compras e serviços,"
prestação de serviços de acompanhamento e monitoramento do Portal Institucional de Transparência da Prefeitura Municipal de
Petrolina -PE",,,,Comissão permanente de licitação,11:00,Prefeitura de Petrolina,2022
0237/2021,0319/2021,11/01/2022,29/12/2021,Pregão eletrônico,Secretaria Municipal de Desenvolvimento Social e Direitos Humanos,Aberta,Compras e serviços,"manutenção (preventiva e corretiva), instalação e desinstalação de condicionadores de ar - ","R$ 69.177,15","R$ 0,00",,Comissão Especial de Pregão II,09:00,Portal de Compras Públicas,2022
0081/2022,0319/2022,23/11/2022,27/10/2023,Inexigibilidade,Prefeitura municipal de Petrolina,Processo Concluído,Compras e serviços,"Contratação da CLÍNICA MÉDICA IBIRAPUERA S/C LTDA, para a prestação de serviços de consulta medica especializada e procedimento de laserterapia em atendimento a ordem judicial: processo 0006487-93.2019.8.17.3130",,,,Comissão de Licitação 01,11:00,PREFEITURA DE PETROLINHA ,2022
0052/2022,0081/2022,27/05/2022,16/05/2022,Pregão eletrônico,Secretaria Municipal de Saúde | SESAU,Processo Concluído,Compras e serviços,"Eventual aquisição de água mineral e de ticket vale gás para a casa do Tratamento Fora Domicilio em Recife-PE, conforme especificações e quantitativos indicados, para suprir as necessidades da secretaria Municipal de Saúde de Petrolina-PE","R$ 40.352,00",,,Comissão Especial de Licitação V,09:00,Portal de Compras Públicas,2022
0013/2022,0073/2022,09/05/2022,06/04/2022,Concorrência,Secretaria de Infraestrutura e Mobilidade,Processo Concluído,Obras e serviços de engenharia,"implantação de novos pavimentose e recapeamentos asfálticos de trechos de diversas vias públicas. OBSERVAÇÃO: caso haja dificulade em acessar algum arquivo de projeto, a empresa deverá solicitar pelo e-mail: licitacaocplpetrolina@gmail.com","R$ 11.148.388,91","R$ 0,00",,Comissão permanente de licitação,09:00,"Avenida Guararapes, nº 2114, centro, Petrolina / PE (segundo andar do anexo). convênio 887.665/2019",2022
0085/2022,0342/2022,29/11/2022,07/02/2023,Inexigibilidade,Prefeitura municipal de Petrolina,Processo Concluído,Compras e serviços,"contratação de EDINALVA FERREIRA XAVIER EVENTOS EIRELI, inscrita no CNPJ sob o nº 22.678.145/0001-89,
para a prestação de serviços artístico/musical da atração SÉRGIO DO FORRÓ, a se apresentar no REVEILLON 2023",,,,Comissão permanente de licitação,11:00,PREFEITURA DE PETROLINA,2022
0070/2022,0102/2022,08/06/2022,13/05/2022,Pregão eletrônico,Secretaria Municipal de Saúde | SESAU,Em andamento,Compras e serviços,"contratação de empresa especializada nos serviços de administração, gerenciamento e fornecimento de combustíveis, utilizando cartão eletrônico, tecnologia smart, ou cartão com tarja magnética ","R$ 0,00",,,Comissão Especial de Licitação V,09:00,Portal de Compras Públicas,2022
0008/2022,0283/2022,21/10/2022,19/10/2022,Credenciamento,Secretaria Municipal de Saúde | SESAU,Revogada,Compras e serviços,"contratação de Pessoas Jurídicas para a prestação de serviços de saúde que consiste em coleta, transporte, processamento, análise e divulgação dos resultados referentes aos exames constantes na Tabela de Procedimentos/Valores SUS (Grupo 02 – Subgrupo 02) ",,,,Comissão Especial de Licitação V,09:00,SGL - Superintendência Geral de Licitações,2022
0030/2022,0043/2022,04/07/2022,21/06/2022,Pregão eletrônico,Secretaria Municipal de Desenvolvimento Social e Direitos Humanos,Processo Concluído,Compras e serviços,Eventual aquisição de mobiliário (com montagem),"R$ 380.352,54",,,Comissão Especial de Pregão III,09:00,www.portaldecompraspublicas.com.br ,2022
0035/2022,0050/2022,01/04/2022,21/03/2022,Pregão eletrônico,Secretaria Municipal da Fazenda e Planejamento,Revogada,Obras e serviços de engenharia,CONTRATAÇÃO DE EMPRESA DE ENGENHARIA PARA PRESTAÇÃO DE SERVIÇOS RELATIVOS À REFORMA E RECUPERAÇÃO DA COBERTURA DO ANEXO DO PRÉDIO SEDE DA PREFEITURA MUNICIPAL DE PETROLINA E DO SETOR DE TRIBUTOS,"R$ 119.978,12","R$ 0,00",,Comissão Especial de Pregão II,09:00,portal de compras públicas,2022
0022/2022,0267/2022,20/10/2022,19/09/2022,Concorrência,Secretaria de Agricultura,Processo Concluído,Obras e serviços de engenharia,IMPLANTAÇÃO DE SISTEMA SIMPLIFICADO DE ABASTECIMENTO DE ÁGUA EM ÁREAS RURAIS (PROJETO MARIA THEREZA - KM 22 E KM 25),"R$ 7.560.379,44","R$ 0,00",,Comissão permanente de licitação,09:00,"AVENIDA GUARARAPES, Nº 2114, CENTRO, PETROLINA/PE - SUPERINTENDÊNCIA GERAL DE LICITAÇÕES (SEGUNDO ANDAR DO ANEXO)",2022
0006/2022,0000/0000,14/12/2022,05/01/2023,Adesão interna,Prefeitura municipal de Petrolina,Processo Concluído,Compras e serviços,"contrato para aquisição de EQUIPAMENTOS DE INFORMÁTICA destinados a atender às necessidades da SECRETARIA MUNICIPAL DA FAZENDA E
PLANEJAMENTO.",,,,Comissão permanente de licitação,11:00,prefeitura de petrolina,2022
0051/2022,0080/2022,19/05/2022,06/05/2022,Pregão eletrônico,Secretaria Municipal de Saúde | SESAU,Aberta,Compras e serviços," prestação de serviços de recarga de toner, conforme especificações e quantitativos indicados, para suprir as necessidades da secretaria Municipal de Saúde de Petrolina-PE","R$ 81.454,50",,,Comissão Especial de Licitação V,09:00,Portal de Compras Públicas,2022
0247/2021,0331/2021,22/02/2022,09/02/2022,Pregão eletrônico,"Secretaria Municipal de Educação, Cultura e Esportes",Processo Concluído,Compras e serviços,CONTRATAÇÃO DE EMPRESA PARA AQUISIÇÃO DE KIT PROFESSOR - BOLSA PARA NOTEBOOK COM RODAS E GARRAFA TÉRMICA PARA ATENDER ÀS NECESSIDADES DA REDE MUNICIPAL DE ENSINO DE PETROLINA/PE,"R$ 1.320.688,00",,,Comissão Especial de Licitação IV,09:00,PORTAL DE COMPRAS PÚBLICAD,2022
0165/2022,0299/2022,09/12/2022,29/11/2022,Pregão eletrônico,Secretaria Municipal de Saúde | SESAU,Aberta,Compras e serviços,"contratação de empresa para locação de software 100% web na modalidade SAAS (software as a service), com treinamento","R$ 3.301.751,95",,,Comissão Especial de Licitação V,09:00,Portal de Compras Públicas,2022
0036/2022,0051/2022,29/03/2022,17/03/2022,Pregão eletrônico,Secretaria Municipal de Saúde | SESAU,Processo Concluído,Compras e serviços,"Prestação de serviços de locação de equipamentos médico-hospitalares para o paciente PEDRO HENRIQUE GOMES SANTOS, para atender solicitação do Ministério Público conforme TERMO ADITIVO AO AJUSTAMENTO DE CONDUTA (TAAC)","R$ 22.365,00",,,Comissão Especial de Licitação V,09:00,Portal de Compras Públicas,2022
0032/2022,0045/2022,06/04/2022,24/03/2022,Pregão eletrônico,Secretaria Municipal de Desenvolvimento Social e Direitos Humanos,Processo Concluído,Compras e serviços,EVENTUAL AQUISIÇÃO DE MATERIAIS DESCARTAVEIS,"R$ 789.669,72",,,Comissão Especial de Pregão III,09:00,www.portaldecompraspublicas.com.br,2022
0014/2022,0079/2022,13/05/2022,12/04/2022,Concorrência,Secretaria de Infraestrutura e Mobilidade,Processo Concluído,Compras e serviços,"Contratação de empresa especializada para prestação de serviços de engenharia civil relativos à IMPLANTAÇÃO DO PAVIMENTO DE VIAS PÚBLICAS NO MUNICÍPIO DE PETROLINA/PE, conforme solicitação expressa da Secretaria de Infraestrutura e Mobilidade – SEINFRA.","R$ 1.098.031,75","R$ 0,00",,Comissão permanente de licitação,09:00,"Superintendência Geral de Licitações, sito a Av. Guararapes, nº 2.114 – 2º andar do Anexo- Centro - Petrolina-PE",2022
0110/2022,0209/2022,29/07/2022,28/07/2022,Pregão eletrônico,Secretaria Municipal de Saúde | SESAU,Processo Concluído,Compras e serviços,"aquisição de veículo automotor adaptado para o Centro de Controle de Zoonoses - CCZ, conforme especificações e quantitativos indicados, para suprir as necessidades da secretaria Municipal de Saúde de Petrolina-PE","R$ 267.732,78",,,Comissão Especial de Licitação V,09:00,Portal de Compras Públicas,2022
0012/2022,0336/2022,28/12/2022,27/12/2022,Credenciamento,Secretaria Municipal de Saúde | SESAU,Aberta,Compras e serviços,"""CREDENCIAMENTO de Pessoas Jurídicas prestadoras de Assistência em Saúde para realização de serviços Ambulatoriais e Hospitalares",,,,Comissão Especial de Licitação V,09:00,SGL,2022
0023/2022,0030/2022,08/03/2022,24/02/2022,Pregão eletrônico,Secretaria Municipal de Desenvolvimento Social e Direitos Humanos,Processo Concluído,Compras e serviços,"Eventual aquisição de colchões e lençóis, para atender às necessidades da Secretaria Municipal de Desenvolvimento Social e Direitos ","R$ 96.420,00",,,Comissão Especial de Pregão III,09:00,www.portaldecompraspublicas.com.br,2022
0010/2022,0071/2022,02/05/2022,31/03/2022,Concorrência,Prefeitura municipal de Petrolina,Processo Concluído,Compras e serviços,Contratação de empresa especializada para prestação de serviços de engenharia relativos à EXECUÇÃO DOS SERVIÇOS DE MANUTENÇÃO EM EQUIPAMENTOS PÚBLICOS NO MUNICÍPIO DE PETROLINA/PE.,"R$ 10.855.527,58","R$ 0,00",,Comissão permanente de licitação,09:00,"Superintendência Geral de Licitações, sito a Av. Guararapes, nº 2.114 – 2º andar do Anexo- Centro - Petrolina-PE",2022
0070/2022,0000/0000,11/05/2022,17/06/2022,Dispensa por outros motivos,Prefeitura municipal de Petrolina,Processo Concluído,Compras e serviços," Contratar JOSÉ RENATO PINTO DE OLIVEIRA JÚNIOR02515136451-ME, inscrito no CNPJ sob o nº 30.426.048/0001-27, para a prestação de serviços artístico/musical da atração RENATO OLIVEIRA ARTE E CENA.",,,,Comissão permanente de licitação,11:00,prefeitura de Petrolina,2022
0123/2022,0232/2022,13/09/2022,30/08/2022,Pregão eletrônico,"Secretaria Municipal de Educação, Cultura e Esportes",Revogada,Compras e serviços,"EVENTUAL CONTRATAÇÃO DE EMPRESA ESPECIALIZADA PARA FORNECIMENTO DE MATERIAL DIDÁTICO COMPLEMENTAR PARA ESTUDANTES, FAMILIARES E PROFESSORES DO ENSINO FUNDAMENTAL DOS ANOS INICIAIS E ANOS FINAIS, ","R$ 743.453,07",,,Comissão Especial de Licitação IV,09:00,PORTAL DE COMPRAS PÚBLICAS,2022
0015/2022,0082/2022,27/05/2022,27/04/2022,Concorrência,Secretaria de Infraestrutura e Mobilidade,Aberta,Obras e serviços de engenharia,"CONTRATAÇÃO DE EMPRESA DE ENGENHARIA PARA PRESTAÇÃO DE SERVIÇOS RELATIVOS À IMPLANTAÇÃO DE NOVOS PAVIMENTOS E RECAPEAMENTOS ASFÁLTICOS DE TRECHOS DE DIVERSAS VIAS.

","R$ 2.424.431,08","R$ 0,00",,Comissão permanente de licitação,09:00,"Avenida Guararapes, nº 2114, centro, Petrolina/PE - segundo andar do anexo - Superintendência de Licitações",2022
0010/2021,0266/2021,08/04/2022,03/12/2021,Tomada de preço,Secretaria Municipal de Desenvolvimento Urbano e Habitação,Em andamento,Compras e serviços,"Contratação de empresa especializada em prestação de Serviços Técnicos Sociais, na área de Habitação de Interesse Social para execução do Projeto de Trabalho Social- PTS, no Residencial Novo Tempo 6, localizado no Município de Petrolina/PE.","R$ 272.400,00","R$ 0,00",,Comissão permanente de licitação,09:00,"Superintendência Geral de Licitações, situada a AV. Guararapes, nº 2.114 - Centro - Petrolina-PE.",2022
0012/2022,0126/2022,18/05/2022,26/05/2022,Inexigibilidade,Prefeitura municipal de Petrolina,Processo Concluído,Compras e serviços,"a contratação de ALIC PARTICIPAÇÕES E ENTRETENIMENTOS LTDA, para apresentação artística musical de “XAND AVIÃO” cque irá se apresentar durante as festividades do SÃO JOÃO 2022 – CICLO JUNINO ",,,,Comissão permanente de licitação,10:00,Prefeitura de Petrolina,2022
0004/2022,0106/2022,30/05/2022,12/05/2022,Tomada de preço,Secretaria de Infraestrutura e Mobilidade,Em andamento,Compras e serviços,"Contratação de empresa de engenharia para a “EXECUÇÃO DAS OBRAS E SERVIÇOS DE ENGENHARIA PARA IMPLANTAÇÃO DO COMPLEXO ESPORTIVO NO BAIRRO TERRAS DO SUL, NO MUNICÍPIO DE PETROLINA/PE”,.","R$ 923.260,24","R$ 0,00",,Comissão permanente de licitação,11:00,"Superintendência  Geral de Licitações, situada a AV. Guararapes, nº 2.114 - Centro - Petrolina-PE.",2022
0100/2022,0161/2022,11/07/2022,28/06/2022,Pregão eletrônico,"Secretaria Municipal de Educação, Cultura e Esportes",Em andamento,Compras e serviços,"EVENTUAL AQUISIÇÃO DE EQUIPAMENTOS DE COZINHA E ELETRODOMÉSTICOS DESTINADOS A ATENDER ÀS NECESSIDADES DA SECRETARIA DE EDUCAÇÃO, CULTURA E ESPORTES E AS UNIDADES ESCOLARES DE RESPONSABILIDADE DA REDE MUNICIPAL DE ENSINO DE PETROLINA/PE","R$ 5.460.099,80",,,Comissão Especial de Licitação IV,09:00,portal de compras públicas,2022
0041/2022,0061/2022,10/05/2022,28/04/2022,Pregão eletrônico,Secretaria Municipal de Desenvolvimento Social e Direitos Humanos,Processo Concluído,Compras e serviços,Eventual aquisição de eletrodomésticos,"R$ 477.023,74",,,Comissão Especial de Pregão III,09:00,www.portaldecompraspublicas.com.br ,2022
0076/2022,0000/0000,15/07/2022,12/07/2022,Dispensa por outros motivos,Prefeitura municipal de Petrolina,Processo Concluído,Compras e serviços,"Contratar empresa especializada para PRESTAÇÃO DE SERVIÇOS DE DIGITAÇÃO DIAGRAMAÇÃO, FORMATAÇÃO IMPRESSÃO, CONFECÇÃO E EXECUÇÃO DE SERVIÇOS GRÁFICOS necessários para atender as necessidades da Agência Municipal de Meio Ambiente – AMMA. ",,,,Comissão permanente de licitação,11:00,PREFEITURA DE PETROLINA,2022
0012/2022,0013/2022,07/04/2022,25/03/2022,Pregão eletrônico,Secretaria Municipal de Desenvolvimento Social e Direitos Humanos,Em análise de Habilitação,Compras e serviços,Eventual aquisição de cestas básicas,"R$ 1.053.810,00",,,Comissão Especial de Pregão III,09:00,www.portaldecompraspublicas.com.br,2022
0144/2022,0269/2022,08/11/2022,25/10/2022,Pregão eletrônico,Instituto de Gestão Previdenciária de Petrolina | IGEPREV,Aberta,Compras e serviços,"Eventual Aquisição de Móveis de Escritório, Ar Condicionado e Equipamentos de Informática","R$ 217.258,40",,,Comissão Especial de Pregão III,09:00,www.portaldecompraspublicas.com.br ,2022
0145/2022,0000/0000,13/10/2022,07/12/2022,Dispensa por outros motivos,Prefeitura municipal de Petrolina,Processo Concluído,Locação,"Contrato tem como objeto a locação do imóvel localizado na Rua João Pessoa, nº 10, Povoado de Pau Ferro, Zona Rural do Município de Petrolina/PE, com 01 (um) cômodo, que será utilizado para atender os alunos da Escola Municipal José Martins de Deus",,,,Comissão permanente de licitação,11:00,PREFEITURA DE PETROLINA,2022
0189/2022,0332/2022,29/12/2022,16/12/2022,Pregão eletrônico,Secretaria Municipal de Saúde | SESAU,Fracassada,Compras e serviços,"eventual aquisição de ticket para vasilhames de botijão de gás de cozinha P13 e P45 para atender as demandas dos CAPS, conforme especificações e quantitativos indicados, para suprir as necessidades da secretaria Municipal de Saúde de Petrolina-PE.","R$ 22.388,79",,,Comissão Especial de Licitação V,09:00,Portal de Compras Públicas,2022
0154/2022,0284/2022,23/11/2022,09/11/2022,Pregão eletrônico,Secretaria Municipal de Saúde | SESAU,Processo Concluído,Compras e serviços,"prestação de serviços de agenciamento de viagem, compreendendo os serviços de reserva marcação, remarcação, cancelamento e emissão de passagens aéreas nacional, incluindo taxa de embarque para os pacientes e acompanhantes","R$ 480.484,80",,,Comissão Especial de Licitação V,09:00,Portal de Compras Públicas,2022
0141/2022,0261/2022,29/09/2022,14/09/2022,Pregão eletrônico,Secretaria Municipal de Saúde | SESAU,Processo Concluído,Compras e serviços,"contratação de empresa especializada na prestação de serviços de dedetização, desinsetização, desratização e serviços de combate a pombos e morcegos","R$ 732.700,00",,,Comissão Especial de Licitação V,09:00,Portal de Compras Públicas,2022
0034/2022,0167/2022,09/06/2022,14/06/2022,Inexigibilidade,Prefeitura municipal de Petrolina,Processo Concluído,Compras e serviços,"contratação de MARÉ PRODUÇÕES CULTURAIS EIRELI - ME, para apresentação artística musical de “ZÉ MANOEL” que irá se apresentar durante as festividades do SÃO JOÃO 2022 – CICLO JUNINO – CONCERTO JUNINO DA PHILARMÔNICA 21 DE SETEMBRO NA CONCHA ACÚSTICA",,,,Comissão Especial Permanente de Licitação,11:00,PREFEITURA DE PETROLINA,2022
0029/2022,0042/2022,04/05/2022,20/04/2022,Pregão eletrônico,Secretaria Municipal de Desenvolvimento Social e Direitos Humanos,Processo Concluído,Compras e serviços,EVENTUAL AQUISIÇÃO DE MATERIAIS DE HIGIENE E LIMPEZA,"R$ 437.109,40",,,Comissão Especial de Pregão III,09:00,www.portaldecompraspublicas.com.br,2022
0232/2021,0314/2021,12/01/2022,30/12/2021,Pregão eletrônico,Secretaria Municipal de Saúde | SESAU,Processo Concluído,Compras e serviços,"eventuais aquisições de insumos e medicamentos em atendimento as ordens judiciais, conforme especificações e quantitativos indicados, para suprir as necessidades da Secretaria Municipal de Saúde de Petrolina-PE","R$ 8.584,44",,,Comissão Especial de Licitação V,09:00,Portal de Compras Públicas,2022
0054/2022,0084/2022,13/05/2022,02/05/2022,Pregão eletrônico,"Secretaria Municipal de Educação, Cultura e Esportes",Deserta,Compras e serviços,EVENTUAL CONTRATAÇÃO DE VASILHAMES PARA GÁS DE COZINHA TIPO P13 E P45 DESTINADOS ÀS UNIDADES ESCOLARES E ENTIDADES CONVENIADAS DE RESPONSABILIDADE DESTE MUNICÍPIO BEM COMO AS NECESSIDADES DA SECRETARIA MUNICIPAL DE EDUCAÇÃO DE PETROLINA,"R$ 324.636,50",,,Comissão Especial de Licitação IV,09:00,PORTAL DE COMPRAS PÚBLICAS,2022
0126/2022,0236/2022,05/09/2022,23/08/2022,Pregão eletrônico,"Secretaria Municipal de Educação, Cultura e Esportes",Revogada,Obras e serviços de engenharia,REGISTRO DE PREÇO – EVENTUAL CONTRATAÇÃO DE EMPRESA ESPECIALIZADA PARA PRESTAÇÃO DE SERVIÇOS RELATIVOS À IMPLANTAÇÃO DE ESPAÇOS RECREATIVOS EM GRAMA SINTÉTICA NAS ESCOLAS E CRECHES MUNICIPAIS.,"R$ 13.949.132,63","R$ 0,00",,Comissão Especial de Pregão II,09:00,PORTAL DE COMPRAS PÚBLICAS,2022
0043/2022,0178/2022,12/07/2022,04/07/2022,Inexigibilidade,Prefeitura municipal de Petrolina,Processo Concluído,Compras e serviços,"contratação de ZADE SHOWS GRAVAÇÕES E EDIÇÕES MUSICAIS LTDA - ME, para apresentação artística musical de “ERIC LAND” que irá se apresentar durante as festividades do SÃO JOÃO 2022 – CICLO JUNINO – PÁTIO DE EVENTOS",,,,Comissão permanente de licitação,11:00,Prefeitura de Petrolina,2022
0054/2022,0194/2022,08/06/2022,28/06/2022,Inexigibilidade,Prefeitura municipal de Petrolina,Processo Concluído,Compras e serviços,"contratação de ZE VAQUEIRO ORIGINAL MUSIC LTDA - EPP, para apresentação artística musical de “ZÉ VAQUEIRO ORIGINAL”",,,,Comissão permanente de licitação,11:00,PREFEITURA DE PETROLINA ,2022
0064/2022,0208/2022,03/08/2022,16/08/2022,Inexigibilidade,Prefeitura municipal de Petrolina,Processo Concluído,Compras e serviços,"prestação de serviços técnicos especializados de assessoria e consultoria jurídica, no Ramo do Direito Administrativo e Público, na área de assistência e de suporte operacional de demandas ",,,,Comissão permanente de licitação,11:00,PETROLINA ,2022
0084/2022,0129/2022,04/08/2022,22/07/2022,Pregão eletrônico,Secretaria de Agricultura,Processo Concluído,Compras e serviços,Aquisição de kits para poços tubulares,"R$ 1.586.112,73",,,Comissão Especial de Pregão III,09:00,www.portaldecompraspublicas.com.br,2022
0066/2022,0000/0000,07/06/2022,14/06/2022,Dispensa por outros motivos,Prefeitura municipal de Petrolina,Processo Concluído,Compras e serviços,"Contratar EUGÊNIO CRUZ, inscrito no CNPJ sob o nº 19.528.714/00001-03, para a prestação de serviços artístico/musical da atração SILAS FRANÇA a se apresentar durante o Ciclo Junino 2022",,,,Comissão permanente de licitação,11:00,PREFEITURA DE PETROLINA,2022
0008/2022,0121/2022,13/05/2022,27/05/2022,Inexigibilidade,Prefeitura municipal de Petrolina,Processo Concluído,Compras e serviços,"Contratação de EUGEI{IO CAVALCANTE DA CRUZ ARAUJO O2L77I724LL, para apresentação artística musical da -VERA DE MÂRIA MAGA"" que irá se apresentar durante as festividades do SÃO JOÃO 2022 - CICLO ,UNINO - PATIO DE EVENTOS,",,,,Comissão permanente de licitação,11:00,Prefeitura de Petrolina,2022
0002/2022,0029/2022,01/02/2022,14/02/2022,Dispensa por outros motivos,Prefeitura municipal de Petrolina,Processo Concluído,Compras e serviços,"Contrato a prestação de serviços e locação de equipamento médico-hospitalar para o paciente PEDRO HENRIQUE GOMES SANTOS,
conforme especificações indicadas no Termo de Referência, para suprir as necessidades da SECRETARIA MUNICIPAL DE SAÚDE ",,,,Comissão permanente de licitação,10:00,Prefeitura de Petrolina,2022
0124/2022,0234/2022,09/11/2022,26/10/2022,Pregão eletrônico,Secretaria Municipal de Desenvolvimento Social e Direitos Humanos,Processo Concluído,Compras e serviços,"prestação de serviços de instalação e desinstalação, manutenção preventiva e corretiva de condicionadores ","R$ 246.167,64",,,Comissão Especial de Pregão III,09:00,www.portaldecompraspublicas.com.br ,2022
0009/2022,0270/2022,13/12/2022,25/11/2022,Tomada de preço,Secretaria de Infraestrutura e Mobilidade,Em andamento,Compras e serviços,Contratação de empresa especializada no ramo de engenharia civil para a prestação de serviços relativos à elaboração dos projetos executivos de arquitetura e complementares de engenharia para reforma do edifício sede da Prefeitura Municipal de Petrolina.,"R$ 401.187,94","R$ 0,00",,Comissão permanente de licitação,09:00,"Superintendência  Geral de Licitações, situada a AV. Guararapes, nº 2.114 - Centro - Petrolina-PE",2022
0099/2022,0157/2022,06/07/2022,22/06/2022,Pregão eletrônico,Secretaria Municipal de Desenvolvimento Social e Direitos Humanos,Processo Concluído,Compras e serviços,Eventual contratação de serviços de coffee break,"R$ 733.950,00",,,Comissão Especial de Pregão III,09:00,www.portaldecompraspublicas.com.br,2022
0173/2022,0311/2022,21/11/2022,07/11/2022,Pregão eletrônico,Secretaria Municipal de Desenvolvimento Econômico e Turismo,Processo Concluído,Compras e serviços,"Contratação de empresa especializada em realização de ornamentação, locação, montagem e desmontagem de decoração e cênica natalina","R$ 1.816.799,08",,,Comissão Especial de Pregão III,09:00,www.portaldecompraspublicas.com.br,2022
0013/2022,0000/0000,25/01/2022,03/03/2022,Dispensa por outros motivos,Prefeitura municipal de Petrolina,Processo Concluído,Compras e serviços," fornecimento de serviços de Sistema Banco de Preços, para atender as necessidades da Secretaria Municipal da Fazenda e Planejamento.
",,,,Comissão permanente de licitação,10:00,Prefeitura de Petrolina ,2022
0063/2022,0000/0000,01/06/2022,06/06/2022,Dispensa por outros motivos,Prefeitura municipal de Petrolina,Processo Concluído,Locação," locação, 01 (um) imóvel residencial localizado a Rua Presidente Dutra, nº 290, Centro, Município de Petrolina, Estado de
Pernambuco, CEP 56.304-230",,,,Comissão permanente de licitação,11:00,Prefeitura de Petrolina,2022
0010/2022,0323/2022,20/12/2022,19/12/2022,Credenciamento,Secretaria Municipal de Saúde | SESAU,Processo Concluído,Compras e serviços,"SERVIÇOS AMBULATORIAIS DE MEDICINA NUCLEAR IN VIVO (CINTILOGRAFIAS), COM FINALIDADE DIAGNÓSTICA",,,,Comissão Especial de Licitação V,09:00,SGL,2022
0025/2022,0033/2022,13/04/2022,17/03/2022,Pregão eletrônico,Secretaria Municipal de Desenvolvimento Social e Direitos Humanos,Processo Concluído,Compras e serviços,Registro de Preço - Confecção de serviços gráficos. ,"R$ 629.955,50","R$ 0,00",,Comissão Especial de Pregão II,09:00,portal de compras públicas,2022
0008/2022,0067/2021,24/10/2022,27/10/2023,Inexigibilidade,Secretaria Municipal de Desenvolvimento Econômico e Turismo,Processo Concluído,Compras e serviços,"Contratação direta por Inexigibilidade de Licitação da FEDERACAO DA AGRICULTURA E PECUARIA DO ESTADO DE PERNAMBUCO – FAEPE, CNPJ 12.590.543/0001-95.",,,,Comissão de Licitação 01,11:00,PREFEITURA DE PETROLINA,2022
0040/2022,0060/2022,13/04/2022,31/03/2022,Pregão eletrônico,Secretaria de Agricultura,Processo Concluído,Compras e serviços,"Aquisição de patrulha mecanizada, para atender as demandas da Secretaria Municipal de Agricultura.","R$ 2.153.333,00",,,Comissão Especial de Pregão III,09:00,www.portaldecompraspublicas.com.br,2022
0171/2022,0307/2022,17/11/2022,31/10/2022,Pregão eletrônico,Secretaria Municipal de Desenvolvimento Social e Direitos Humanos,Processo Concluído,Compras e serviços,"Prestação de serviços de oficinas de capacitação, formação profissional e demais ações de inclusão produtiva, para execução do programa ACESSUAS TRABALHO","R$ 186.467,76",,,Comissão Especial de Pregão III,10:00,www.portaldecompraspublicas.com.br,2022
0083/2022,0128/2022,13/06/2022,31/05/2022,Pregão eletrônico,"Secretaria Municipal de Educação, Cultura e Esportes",Em andamento,Compras e serviços,"EVENTUAL CONTRATAÇÃO DE EMPRESA ESPECIALIZADA NO FORNECIMENTO APARELHOS DE ARES CONDICIONADOS, PARA ATENDER AS UNIDADES ESCOLARES ","R$ 15.336.267,90",,,Comissão Especial de Licitação IV,09:00,PORTAL DE COMPRAS PÚBLICAS,2022
0050/2022,0078/2022,20/05/2022,09/05/2022,Pregão eletrônico,"Secretaria Municipal de Educação, Cultura e Esportes",Processo Concluído,Compras e serviços,"EVENTUAL CONTRATAÇÃO DE EMPRESA ESPECIALIZADA NA PRESTAÇÃO DE SERVIÇOS RELATIVOS À CONFECÇÃO DE MATERIAL GRÁFICO/SERIGRÁFICO, SOB DEMANDA,","R$ 1.551.159,00",,,Comissão Especial de Licitação IV,09:00,PORTAL DE COMPRAS PÚBLICAS,2022
0044/2022,0180/2022,07/06/2022,23/06/2022,Inexigibilidade,Prefeitura municipal de Petrolina,Processo Concluído,Compras e serviços,"contratação de MARI FERNANDEZ EVENTOS E PRODUÇÕES LTDA - ME, para apresentação artística musical de “MARI FERNANDEZ” que irá se apresentar durante as festividades do SÃO JOÃO 2022 – CICLO JUNINO – PÁTIO DE EVENTOS",,,,Comissão permanente de licitação,11:00,Prefeitura de Petrolina,2022
0129/2022,0239/2022,14/09/2022,31/08/2022,Pregão eletrônico,Secretaria Municipal de Saúde | SESAU,Processo Concluído,Compras e serviços,"aquisição de água mineral, conforme especificações e quantitativos indicados, para suprir as necessidades da Secretaria Municipal de Saúde de Petrolina-PE","R$ 28.525,00",,,Comissão Especial de Licitação V,09:00,Portal de Compras Públicas,2022
0121/2022,0230/2022,31/08/2022,19/08/2022,Pregão eletrônico,Secretaria Municipal de Saúde | SESAU,Processo Concluído,Compras e serviços,"aquisição de equipamentos de informática, conforme especificações e quantitativos indicados, para suprir as necessidades da secretaria Municipal de Saúde de Petrolina-PE","R$ 822.505,84",,,Comissão Especial de Licitação V,09:00,Portal de Compras Públicas,2022
0082/2022,0123/2022,03/06/2022,23/05/2022,Pregão eletrônico,"Secretaria Municipal de Educação, Cultura e Esportes",Processo Concluído,Compras e serviços,"EVENTUAL AQUISIÇÃO DE EQUIPAMENTOS DE INFORMÁTICA DESTINADOS A ATENDER ÀS NECESSIDADES DA SECRETARIA DE EDUCAÇÃO, CULTURA E ESPORTES E DAS UNIDADES ESCOLARES DA REDE MUNICIPAL DE ENSINO DE PETROLINA/PE","R$ 13.953.648,50",,,Comissão Especial de Licitação IV,09:00,PORTAL DE COMPRAS PÚBLICAS,2022
0011/2021,0274/2021,03/01/2022,30/11/2021,Tomada de preço,Secretaria Municipal de Desenvolvimento Econômico e Turismo,Processo Concluído,Compras e serviços,"CONSULTORIA E ELABORAÇÃO DO ESTUDO E CRIAÇÃO DO PLANO MUNICIPAL TURISMO - PMT, COMO FORMA DE INCENTIVO AO TRADE TURÍSTICO E CRESCIMENTO DA ATIVIDADE ECONÔMICA NO MUNICÍPIO DE PETROLINA/PE.","R$ 260.000,00","R$ 0,00",,Comissão permanente de licitação,09:00,"AVENIDA GUARARAPES, Nº 2114, CENTRO - PETROLINA/PE (SEGUNDO ANDAR DO ANEXO)",2022
0072/2022,0110/2022,15/07/2022,30/05/2022,Pregão eletrônico,Secretaria Municipal de Desenvolvimento Social e Direitos Humanos,Processo Concluído,Compras e serviços,Eventual aquisição de peças e equipamentos de informática,"R$ 76.918,50",,,Comissão Especial de Pregão III,09:00,www.portaldecompraspublicas.com.br,2022
0003/2022,0003/2022,04/04/2022,23/03/2022,Pregão eletrônico,Secretaria Municipal de Saúde | SESAU,Processo Concluído,Compras e serviços,"eventual aquisição de materiais médico-hospitalares, conforme especificações e quantitativos indicados, para suprir as necessidades da secretaria Municipal de Saúde de Petrolina-PE","R$ 2.081.522,20",,,Comissão Especial de Licitação V,09:00,Portal de Compras Públicas,2022
0047/2022,0069/2022,26/04/2022,06/04/2022,Pregão eletrônico,Secretaria de Agricultura,Aberta,Compras e serviços,AQUISIÇÃO DE TRATOR AGRÍCOLA NOVO E IMPLEMENTOS: GRADE ARADORA E PULVERIZADOR,"R$ 297.620,00",,,Comissão Especial de Pregão III,09:00,www.portaldecompraspublicas.com.br,2022
0112/2021,0000/0000,12/10/2022,07/12/2022,Dispensa por outros motivos,Prefeitura municipal de Petrolina,Processo Concluído,Compras e serviços,"renovação do contrato de N.º 244/2021, referente à locação do imóvel onde funciona a Casa da Cidadania - Rua João Inocêncio, N.º 115, KM-25, Projeto Maria Tereza, Petrolina-PE -, prorrogando-o por mais 12 mese",,,,Comissão permanente de licitação,11:00,prefeitura de petrolina,2022
0134/2022,0000/0000,02/12/2022,07/12/2022,Dispensa por outros motivos,Prefeitura municipal de Petrolina,Processo Concluído,Compras e serviços,"locação, referente à locação de imóvel para funcionar a ESCOLA MUNICIPAL JOSÉ MARTINS DE DEUS, o prédio está localizado na Rua João Pessoa, nº 10, Povoado de Pau Ferro, Zona Rural – Petrolina-PE.",,,,Comissão permanente de licitação,11:00,Prefeitura de Petrolina,2022
0033/2022,0166/2022,13/06/2022,15/06/2022,Inexigibilidade,Prefeitura municipal de Petrolina,Processo Concluído,Compras e serviços,"contratação de PL SHOWS LTDA - ME, para apresentação artística musical de “DIEGO SOUZA E PISADINHA DE LUXO” que irá se apresentar durante as festividades do SÃO JOÃO 2022 – CICLO JUNINO – PÁTIO DE EVENTOS",,,,Comissão permanente de licitação,11:00,Prefeitura de Petrolina,2022
0096/2022,0153/2022,22/06/2022,08/06/2022,Pregão eletrônico,"Secretaria Municipal de Educação, Cultura e Esportes",Processo Concluído,Compras e serviços,EVENTUAL AQUISIÇÃO DE GÊNEROS ALIMENTÍCIOS NÃO PERECÍVEIS DESTINADOS À ALIMENTAÇÃO ESCOLAR PARA ATENDER OS ALUNOS DA REDE MUNICIPAL DE ENSINO E DO PROGRAMA NOVA SEMENTE DO MUNICÍPIO DE PETROLINA-PE,"R$ 16.797.607,80",,,Comissão Especial de Licitação IV,15:00,PORTAL DE COMPRAS PÚBLICAS,2022
0062/2022,0204/2022,03/08/2022,16/08/2022,Inexigibilidade,Prefeitura municipal de Petrolina,Processo Concluído,Compras e serviços,"Prestação de serviços técnicos especializados de assessoria e consultoria jurídica, no Ramo do Direito Administrativo Público Municipal, na área de assistência e de suporte operacional e acompanhamento de",,,,Comissão permanente de licitação,11:00,prefeitura de petrolina,2022
0128/2022,0238/2022,08/09/2022,25/08/2022,Pregão eletrônico,Secretaria Municipal de Saúde | SESAU,Cancelada,Compras e serviços,"prestação de serviços de fornecimento de marmitex, lanche e coffe break, conforme especificações e quantitativos indicados, para suprir as necessidades da secretaria Municipal de Saúde de Petrolina-PE","R$ 319.380,00",,,Comissão Especial de Licitação V,09:00,Portal de Compras Públicas,2022
0010/2022,0124/2022,18/05/2022,20/05/2022,Inexigibilidade,Prefeitura municipal de Petrolina,Processo Concluído,Compras e serviços,"Contratação da empresa FPS PRODUÇÕES E EVENTOS EIRELI, para apresentação artística musical de “DEVINHO NOVAES” que irá se apresentar durante as festividades do SÃO JOÃO 2022 – CICLO JUNINO – SÃO JOÃO DOS BAIRROS JOSÉ E MARIA.",,,,Comissão permanente de licitação,11:00,Prefeitura de Petrolina,2022
0050/2022,0189/2022,08/06/2022,23/06/2022,Inexigibilidade,Prefeitura municipal de Petrolina,Processo Concluído,Compras e serviços,"contratação de TOME XOTE EDITORA DE MúSICA EIRELLI - EPP, para apresentação artística musical de “DORGIVAL DANTAS” que irá se apresentar durante as festividades do SÃO JOÃO 2022 – CICLO JUNINO – PÁTIO DE EVENTOS",,,,Comissão permanente de licitação,10:00,Prefeitura de Petrolina,2022
0013/2022,0014/2022,24/02/2022,11/02/2022,Pregão eletrônico,"Secretaria Municipal de Educação, Cultura e Esportes",Processo Concluído,Compras e serviços,EVENTUAL CONTRATAÇÃO DE EMPRESA PARA FORNECIMENTO DE MATERIAL DIDÁTICO COMPLEMENTAR - LIVROS DE MATEMÁTICA DO 1º AO 4º ANO PARA OS ESTUDANTES DO ,"R$ 2.982.000,00",,,Comissão Especial de Licitação IV,09:00,PORTAL DE COMPRAS PÚBLICAS,2022
0011/2022,0073/2022,06/05/2022,05/04/2022,Concorrência,"Secretaria Municipal de Educação, Cultura e Esportes",Processo Concluído,Obras e serviços de engenharia,REFORMA DAS ESCOLAS MUNICIPAIS: JOSÉ MARTINS (LOCALIDADE PAU FERRO) E ESCOLA ÁREA 19 (LOCALIDADE DO PROJETO MARIA THEREZA),"R$ 2.380.001,28","R$ 0,00",,Comissão permanente de licitação,09:00,"AVENIDA GUARARAPES, Nº 2114, CENTRO, PETROLINA / PE (SEGUNDO ANDAR DO ANEXO)",2022
0005/2022,0005/2022,31/01/2022,19/01/2022,Pregão eletrônico,Secretaria Municipal de Saúde | SESAU,Processo Concluído,Compras e serviços,"eventual aquisição de materiais e equipamentos odontológicos, conforme especificações e quantitativos indicados, para suprir as necessidades da secretaria Municipal de Saúde de Pe-trolina-PE","R$ 5.062.873,00",,,Comissão Especial de Licitação V,15:00,Portal de Compras Públicas,2022
0027/2022,0040/2022,24/03/2022,11/03/2022,Pregão eletrônico,Instituto de Gestão Previdenciária de Petrolina | IGEPREV,Processo Concluído,Compras e serviços,Contratar empresa especializada no serviço de assessoramento na área de gestão do Regime Próprio de Previdência Social,"R$ 246.000,00",,,Comissão Especial de Pregão III,09:00,www.portaldecompraspublicas.com.br,2022
0076/2022,0258/2022,02/09/2022,15/09/2022,Inexigibilidade,Prefeitura municipal de Petrolina,Processo Concluído,Compras e serviços,"contratação de ELISSON CASTRO DE LIMA – ME, para apresentação artística musical de “ELISSON CASTRO” que irá se apresentar
durante a COMEMORAÇÃO DE ANIVERSARIO DA COMUNIDADE DA TAPERA, em Petrolina - PE",,,,Comissão permanente de licitação,11:00,PREFEITURA DE PETROLINA,2022
0058/2022,0199/2022,13/06/2022,28/06/2022,Inexigibilidade,Prefeitura municipal de Petrolina,Processo Concluído,Compras e serviços,"contratação de FOUR EVEN EVENTOS E PRODUÇÕES LTDA, para apresentação artística musical de “CÉSAR MENOTTI & FABIANO” que irá se apresentar durante as festividades do SÃO JOÃO 2022 – CICLO JUNINO – PÁTIO DE EVENTOS",,,,Comissão permanente de licitação,11:00,PREFEITURA DE PETROLINA,2022
0032/2022,0000/0000,16/02/2022,18/05/2022,Dispensa por outros motivos,Prefeitura municipal de Petrolina,Em andamento,Locação," LOCAÇÃO DE IMOVEL. CONHECIMENTO. PROCEDÊNCIA. As aquisições caracterizadas por dispensa de
licitação, previstas no Art. 24, inciso X da Lei 8.666/93. ",,,,Comissão permanente de licitação,11:00,Prefeitura de Petrolina,2022
0051/2022,0190/2022,13/06/2022,23/06/2022,Inexigibilidade,Prefeitura municipal de Petrolina,Processo Concluído,Compras e serviços,"contratação de G T PRODUÇÕES E EVENTOS LTDA, para apresentação artística musical de “DENNIS” que irá se apresentar durante as festividades do SÃO JOÃO 2022 – CICLO JUNINO – PÁTIO",,,,Comissão permanente de licitação,10:00,prefeitura de petrolina,2022
0035/2022,0168/2022,14/06/2022,17/06/2022,Inexigibilidade,Prefeitura municipal de Petrolina,Processo Concluído,Compras e serviços,"contratação de LIVE TALENTOS AGENCIAMENTO, PRODUÇÃO E PUBLICIDADE LTDA, para apresentação artística musical da “ZEZÉ DI CAMARGO E LUCIANO” que irá se apresentar durante as festividades do SÃO JOÃO 2022 – CICLO JUNINO – PÁTIO DE EVENTOS",,,,Comissão permanente de licitação,11:00,PREFEITURA DE PETROLINA,2022
0042/2022,0177/2022,07/06/2022,17/06/2022,Inexigibilidade,Prefeitura municipal de Petrolina,Processo Concluído,Compras e serviços,"contratação de DAE GRAVAÇÕES E EDIÇÕES MUSICAIS LTDA - EPP, para apresentação artística musical da “BANDA LIMÃO
COM MEL” que irá se apresentar durante as festividades do SÃO JOÃO 2022 – CICLO JUNINO – PÁTIO DE EVENTOS,",,,,Comissão permanente de licitação,11:00,Prefeitura de Petrolina,2022
0065/2022,0219/2022,12/07/2022,28/07/2022,Inexigibilidade,Prefeitura municipal de Petrolina,Processo Concluído,Compras e serviços,"contratação de ELISSON CASTRO DE LIMA – ME, para apresentação artística musical de “ELISSON CASTRO” que irá se apresentar durante a FESTA DO COLONO 2022, no Projeto BEBEDOURO.",,,,Comissão permanente de licitação,11:00,"Petrolina 
",2022
0082/2022,0339/2022,07/12/2022,07/02/2023,Inexigibilidade,Prefeitura municipal de Petrolina,Processo Concluído,Compras e serviços,"Prestação de serviços técnicos profissionais de assessoria e consultoria nas áreas contábil, financeira, patrimonial e gestão fiscal,
incluindo implantação e manutenção de software ",,,,Comissão permanente de licitação,11:00,PREFEITURA DE PETROLINA,2022
0043/2022,0000/0000,11/05/2022,27/05/2022,Dispensa por outros motivos,Prefeitura municipal de Petrolina,Processo Concluído,Compras e serviços,"Contratar: VALDECIR ARISTIDES DO NASCIMENTO JUNIOR 49602411449 (SUPERSTAR), inscrito no CNPJ sob o nº 14.289.601/0001-70, para a prestação de serviços de atração artístico/musical de HENRIQUE NUNES E RODRIGO VASCONCELOS, CAPIM.",,,,Comissão permanente de licitação,11:00,Prefeitura de Petrolina,2022
0007/2022,0007/2022,01/02/2022,19/01/2022,Pregão eletrônico,Secretaria Municipal de Saúde | SESAU,Deserta,Compras e serviços,"aquisições de ticket vale gás para a casa do Tratamento Fora Domicilio em Recife-PE, conforme especificações e quantitativos indicados, para suprir as necessidades da secretaria Municipal de Saúde de Petrolina-PE","R$ 27.148,00",,,Comissão Especial de Licitação V,15:00,Portal de Compras Públicas,2022
0005/2022,0078/2022,02/03/2022,20/04/2022,Inexigibilidade,Prefeitura municipal de Petrolina,Processo Concluído,Compras e serviços,"Recarga eletrônica e fornecimento de vale transporte para os funcionários da Secretaria Municipal de Saúde de Petrolina-PE, conforme solicitação da SECRETARIA MUNICIPAL DE SAÚDE.",,,,Comissão permanente de licitação,10:00,Prefeitura de Petrolina,2022
0130/2022,0240/2022,15/09/2022,01/09/2022,Pregão eletrônico,"Secretaria Municipal de Educação, Cultura e Esportes",Revogada,Compras e serviços,"EVENTUAL CONTRATAÇÃO DE EMPRESA ESPECIALIZADA NO FORNECIMENTO DE COLEÇÃO DE LIVROS E MATERIAL DE APOIO PARA O DESENVOLVIMENTO DO PROJETO DE DENGUE, ZIKA, CHIKUNGUNYA E FEBRE AMARELA, DESTINADO AOS ESTUDANTES DA REDE MUNICIPAL DE ENSINO FUNDAMENTAL ","R$ 3.915.984,00",,,Comissão Especial de Licitação IV,09:00,portal de compras públicas,2022
0046/2022,0067/2022,28/06/2022,13/06/2022,Pregão eletrônico,Secretaria Municipal de Desenvolvimento Social e Direitos Humanos,Aberta,Compras e serviços,Eventual aquisição de utensílios domésticos,"R$ 175.915,84",,,Comissão Especial de Pregão III,09:00,www.portaldecompraspublicas.com.br,2022
0117/2022,0223/2022,10/08/2022,01/08/2022,Pregão eletrônico,Secretaria Municipal de Saúde | SESAU,Processo Concluído,Compras e serviços,"aquisição de insumos e matérias médicos hospitalares, conforme especificações e quantitativos indicados, para suprir as necessidades da secretaria Municipal de Saúde de Petrolina-PE","R$ 3.730.038,37",,,Comissão Especial de Licitação V,09:00,Portal de Compras Públicas,2022
0055/2022,0195/2022,15/07/2022,05/07/2022,Inexigibilidade,Prefeitura municipal de Petrolina,Processo Concluído,Compras e serviços,"contratação de GRUPO MUSICAL QUINTETO VIOLADO PRODUÇÕES ARTÍSITCAS LTDA - ME, para apresentação artística musical de “QUINTETO VIOLADO” que irá se apresentar durante as festividades do SÃO JOÃO 2022 – CICLO JUNINO ",,,,Comissão permanente de licitação,11:00,PREFEITURA DE PETROLINA,2022
0010/2022,0293/2022,07/11/2022,20/10/2022,Tomada de preço,Secretaria Municipal de Desenvolvimento Urbano e Habitação,Processo Concluído,Obras e serviços de engenharia,Construção de 1 (uma) unidade habitacional em cumprimento a decisão judicial (Processo nº 11277-23.2019.8.17.3130 em favor do Sr. Gildenor Gomes da Silva).,"R$ 120.678,55","R$ 0,00",,Comissão permanente de licitação,09:00,"Avenida Guararapes, nº 2114, centro, Petrolina/PE - segundo andar no anexo - Superintendência Geral de Licitações",2022
0069/2022,0105/2022,31/05/2022,17/05/2022,Pregão eletrônico,Prefeitura municipal de Petrolina,Processo Concluído,Compras e serviços,"Contratação de empresa especializada na prestação de serviços gerenciados de segurança e soluções de segurança, para atender as necessidades da Secretaria Municipal de Inovação e Tecnologia.","R$ 9.606.749,60","R$ 0,00",,Comissão Especial de Pregão I,09:00,www.portaldecompraspublicas.com.br,2022
0074/2022,0112/2022,23/08/2022,12/05/2022,Pregão eletrônico,"Secretaria Municipal de Educação, Cultura e Esportes",Processo Concluído,Compras e serviços,"EVENTUAL CONTRATAÇÃO DE EMPRESA ESPECIALIZADA EM PRESTAÇÃO DE SERVIÇOS DE CÓPIAS XEROGRÁFICAS, INCLUINDO LOCAÇÃO DE EQUIPAMENTOS, RECARGA DE TONNER, MANUTENÇÃO CORRETIVA, REPOSIÇÃO DE PEÇAS E SUPORTE TÉCNICO COM RESERVA TÉCNICA","R$ 60.000,00",,,Comissão Especial de Licitação IV,09:00,PORTAL DE COMPRAS PÚBLICAS,2022
0049/2022,0175/2022,07/06/2022,22/06/2022,Inexigibilidade,Prefeitura municipal de Petrolina,Processo Concluído,Compras e serviços,"contratação de MELODIA PRODUÇÕES ARTÍSTICAS LTDA - ME, para apresentação artística musical de “MACIEL MELO” que irá se apresentar durante as festividades do SÃO JOÃO 2022 – CICLO JUNINO – PÁTIO DE EVENTOS",,,,Comissão permanente de licitação,11:00,PREFEITURA DE PETROLINA,2022
0182/2022,0324/2022,30/12/2022,19/12/2022,Pregão eletrônico,Secretaria Municipal de Saúde | SESAU,Revogada,Compras e serviços,"contratação de empresa especializada na prestação de serviços de coleta, transporte, tratamento, incineração e posterior envio ao aterro sanitário de material do tipo: resíduos de saúde do grupo A, B e E","R$ 196.584,96",,,Comissão Especial de Licitação V,09:00,Portal de Compras Públicas,2022
0075/2022,0254/2022,18/08/2022,05/09/2022,Inexigibilidade,Prefeitura municipal de Petrolina,Processo Concluído,Compras e serviços,"CONTRATAÇÃO DA EMPRESA ADÃO BAGAJI DE SOUZA, inscrita no C.N.P.J. sob o nº 22.770.006/0001-80 para a prestação de serviços relativos à apresentação artística/musical do cantor ADÃOZINHO DE RAJADA no evento denominado EXPOCAROÁ",,,,Comissão permanente de licitação,11:00,PREFEITURA DE PETROLINA,2022
0039/2022,0000/000_,21/01/2022,18/05/2022,Dispensa por outros motivos,Prefeitura municipal de Petrolina,Processo Concluído,Locação,"Locador oferta à Locatária sob o regime de locação, referente à locação de imóvel para funcionar parcialmente A ESCOLA MUNICIPAL
RICARDO SOARES, localizada no Projeto Senador Nilo Coelho- NM-06, rua L",,,,Comissão permanente de licitação,11:00,Prefeitura de Petrolina,2022
0036/2022,0169/2022,09/06/2022,17/06/2022,Inexigibilidade,Prefeitura municipal de Petrolina,Processo Concluído,Compras e serviços,"contratação de MEL GRAVAÇÕES, EDIÇÕES MUSICAIS E EVENTOS LTDA - ME, para apresentação artística musical de “MIRELLA &
LENNO” que irá se apresentar durante as festividades do SÃO JOÃO 2022 – CICLO JUNINO – PÁTIO DE EVENTOS.",,,,Comissão permanente de licitação,11:00,PREFEITURA DE PETROLINA ,2022
0187/2022,0329/2022,26/12/2022,12/12/2022,Pregão eletrônico,Secretaria Municipal de Desenvolvimento Social e Direitos Humanos,Em andamento,Compras e serviços,"EVENTUAL AQUISIÇÃO DE VEÍCULOS, para suprir as necessidades da Secretaria Municipal de Desenvolvimento Social e Direitos Humanos
de Petrolina-PE, solicitação expressa da mesma.","R$ 194.000,00","R$ 0,00",,Comissão Especial de Pregão I,09:00,"PORTAL DE COMPRAS PÚBLICAS,  no endereço eletrônico www.portaldecompraspublicas.com.br",2022
0016/2022,0095/2022,27/05/2022,27/04/2022,Concorrência,Secretaria Municipal de Desenvolvimento Econômico e Turismo,Processo Concluído,Obras e serviços de engenharia,"REVITALIZAÇÃO E REFORMA DO CENTRO DE CONVENÇÕES SENADOR NILO COELHO.
OBSERVAÇÃO:  AS PEÇAS GRÁFICAS  ESTARÃO DISPONIBILIZADAS EM LINK OU PODERÃO SER RETIRADAS NO SETOR DE LICITAÇÃO. planilhas em excel estão disonibilizadas aqui mesmo.","R$ 41.127.468,63","R$ 0,00",,Comissão permanente de licitação,11:00,"AVENIDA GUARARAPES, 2114, CENTRO, PETROLINA - SEGUNDO ANDAR DO ANEXO - SUPERINTENDÊNCIA DE LICITAÇÕES",2022
0090/2022,0141/2022,14/06/2022,31/05/2022,Pregão eletrônico,Secretaria Municipal de Saúde | SESAU,Aberta,Compras e serviços,"aquisição de hortifrutigranjeiros para os CAPS Infantil, CAPS II e CAPS ADIII, conforme especificações e quantitativos indicados, para suprir as necessidades da secretaria Municipal de Saúde de Petrolina-PE","R$ 687.360,12",,,Comissão Especial de Licitação V,09:00,Portal de Compras Públicas,2022
0044/2022,0065/2022,08/04/2022,29/03/2022,Pregão eletrônico,Secretaria Municipal de Saúde | SESAU,Processo Concluído,Compras e serviços,"aquisição de equipamentos de proteção individual – EPI, conforme especificações e quantitativos indicados, para suprir as necessidades da secretaria Municipal de Saúde de Petrolina-PE","R$ 1.583.760,00",,,Comissão Especial de Licitação V,09:00,Portal de Compras Públicas,2022
0119/2022,0227/2022,28/09/2022,24/08/2022,Pregão eletrônico,Secretaria Municipal de Desenvolvimento Social e Direitos Humanos,Processo Concluído,Compras e serviços,Eventual AQUISIÇÃO DE GENEROS ALIMENTICIOS (não perecíveis),"R$ 1.763.575,66",,,Comissão Especial de Pregão III,09:00,www.portaldecompraspublicas.com.br,2022
0088/2022,0000/0000,01/09/2022,09/09/2022,Dispensa por outros motivos,Prefeitura municipal de Petrolina,Processo Concluído,Locação,"locação do imóvel localizado na Avenida Clementino Coelho, nº 174, Parque Bandeirante, Petrolina/PE, CEP 56.308-916, matriculado no Cartório de
Registro de Imóveis do Primeiro Ofício da Comarca de Petrolina/PE",,,,Comissão permanente de licitação,11:00,Prefeitura de Petrolina,2022
0061/2022,0091/2022,02/05/2022,18/04/2022,Pregão eletrônico,Secretaria Municipal de Saúde | SESAU,Em andamento,Compras e serviços,"Aquisição de aquisição de insumos e medicamentos em atendimento as ordens judiciais, conforme especificações e quantitativos indicados, para suprir as necessidades da Secretaria Municipal de Saúde de Petrolina-PE","R$ 31.323,72",,,Comissão Especial de Licitação V,09:00,Portal de Compras Públicas,2022
0001/2022,0101/2022,01/06/2022,11/05/2022,Chamada pública,"Secretaria Municipal de Educação, Cultura e Esportes",Processo Concluído,Compras e serviços,"AQUISIÇÃO DE GÊNEROS ALIMENTÍCIOS HORTIFRUTIGRANJEIROS PROVENIENTES DA AGRICULTURA FAMILIAR E/OU EMPREENDEDORES FAMILIARES RURAIS OU SUAS ORGANIZAÇÕES.
PERÍODO PARA ENTREGA DOS ENVELOPES: 12 A 31/05/2022.

","R$ 3.439.735,00","R$ 0,00",,Comissão permanente de licitação,09:00,"Avenida Guararapes, nº 2114, centro, Petrolina/PE (segundo andar do anexo).",2022
0046/2022,0184/2022,07/06/2022,22/06/2022,Inexigibilidade,Prefeitura municipal de Petrolina,Processo Concluído,Compras e serviços,"contratação de G S COSTA - ME, para apresentação artística musical de “MARCYNHO SENSAÇÃO” que irá se apresentar
durante as festividades do SÃO JOÃO 2022 – CICLO JUNINO – PÁTIO DE EVENTOS",,,,Comissão permanente de licitação,10:00,Prefeitura de Petrolina ,2022
0039/2022,0174/2022,02/06/2022,22/06/2022,Inexigibilidade,Prefeitura municipal de Petrolina,Processo Concluído,Compras e serviços,"Contratação da empresa MUNDO PARALELO PRODUÇÕES ARTÍSTICAS LTDA - EPP, inscrita no CNPJ sob o nº 18.495.289/0001-22, para a prestação
de serviços artístico/musical da atração MATHEUS & KAUAN a se apresentar durante o Ciclo Junino 2022 ",,,,Comissão permanente de licitação,11:00,Prefeitura de Petrolina,2022
0008/2022,0008/2022,28/01/2022,19/01/2022,Pregão eletrônico,Secretaria Municipal de Saúde | SESAU,Deserta,Compras e serviços,"Contratação de empresa para prestação de serviços manutenção preventiva e corretiva de placas de aquecimento solar com troca de peças, para suprir as necessidades da secretaria Municipal de Saúde de Petrolina-PE","R$ 39.708,32",,,Comissão Especial de Licitação V,09:00,Portal de Compras Públicas,2022
0007/2022,0115/2022,11/05/2022,19/05/2022,Inexigibilidade,Prefeitura municipal de Petrolina,Processo Concluído,Compras e serviços,"Contratação de JULIO CESAR PRODUÇÕES EIRELI – ME, para apresentação artística musical da “BANDA MALLA 100 ALÇA” que irá se apresentar durante as festividades do SÃO JOÃO 2022 – CICLO JUNINO – BAIRRO JOSÉ E MARIA.",,,,Comissão permanente de licitação,11:00,Prefeitura de Petrolina,2022
0005/2022,0000/0000,13/09/2022,01/09/2022,Adesão externa,Prefeitura municipal de Petrolina,Processo Concluído,Compras e serviços,"CONTRATAÇÃO DA EM,PRESA LOJA MOVEIS JB INDUSTRIA",,,,Comissão permanente de licitação,11:00,PETROLINA,2022
0134/2022,0251/2022,20/09/2022,08/09/2022,Pregão eletrônico,Secretaria Municipal da Fazenda e Planejamento,Aberta,Compras e serviços,Registro de preço para aquisição de material de expediente e consumo - Diversas secretarias,"R$ 530.241,06","R$ 0,00",,Comissão Especial de Pregão II,09:00,portal de compras públicas,2022
0087/2022,0132/2022,15/06/2022,31/05/2022,Pregão eletrônico,Secretaria Municipal de Saúde | SESAU,Processo Concluído,Compras e serviços,"contratação de empresa especializada para prestação de serviços especializados de operação, da manutenção preventiva e corretiva, instalação e desinstalação de aparelho de ar ","R$ 473.954,64",,,Comissão Especial de Licitação V,09:00,Portal de Compras Públicas,2022
0019/2022,0144/2022,23/05/2022,31/05/2022,Inexigibilidade,Prefeitura municipal de Petrolina,Processo Concluído,Compras e serviços,"contratação de FORA DE MODA PRODUÇÕES ARTÍSTICAS EIRELI, para apresentação artística musical da “GUSTAVO
MIOTO” que irá se apresentar durante as festividades do SÃO JOÃO 2022 – CICLO JUNINO ",,,,Comissão permanente de licitação,11:00,PREFEITURA DE PETROLINA,2022
0064/2022,0000/0000,06/06/2022,10/06/2022,Dispensa por outros motivos,Prefeitura municipal de Petrolina,Processo Concluído,Compras e serviços,"ADÃO BAGAJI DE SOUZA 07020028446, inscrito no CNPJ sob o nº 22.770.006/0001-80, para a prestação de serviços artístico/musical da atração
ADÃOZINHO DE RAJADA, a se apresentar durante o Ciclo Junino 2022 – JECANA DO CAPIM",,,,Comissão permanente de licitação,11:00,PREFEITURA DE PETROLINA,2022
0023/2021,0305/2021,12/01/2022,09/12/2021,Concorrência,Secretaria de Agricultura,Deserta,Compras e serviços,Prestação de serviços de engenharia civil relativos à execução das obras e serviços de engenharia para conclusão dos sistemas de abastecimento de água no Povoado de Nova Descoberta e Assentamento Mansueto de Lavor no município de Petrolina/PE.,"R$ 4.738.685,17","R$ 0,00",,Comissão permanente de licitação,09:00,"Superintendência Geral de Licitações, sito a Av. Guararapes, nº 2.114 – 2º andar do Anexo- Centro - Petrolina-PE.",2022
0043/2022,0064/2022,12/04/2022,29/03/2022,Pregão eletrônico,Secretaria Municipal de Saúde | SESAU,Processo Concluído,Compras e serviços,"aquisição de equipamentos e conjuntos de EPI para aplicação de agrotóxicos, confor-me especificações e quantitativos indicados, para suprir as necessidades da Secretaria Municipal de Saúde de Petrolina-PE","R$ 18.150,60",,,Comissão Especial de Licitação V,09:00,Portal de Compras Públicas,2022
0072/2022,0245/2022,07/09/2022,01/09/2022,Inexigibilidade,Prefeitura municipal de Petrolina,Processo Concluído,Compras e serviços,"contratação de ELISSON CASTRO DE LIMA – ME, para apresentação artística musical de “ELISSON CASTRO” que irá se apresentar
durante a 16ª FESTA DO COLONO DO PROJETO MARIA TEREZA 2022",,,,Comissão permanente de licitação,11:00,PREFEITURA DE PETROLINA,2022
0079/2022,0118/2022,08/07/2022,19/05/2022,Pregão eletrônico,"Secretaria Municipal de Educação, Cultura e Esportes",Processo Concluído,Compras e serviços,"EVENTUAL AQUISIÇÃO DE BRINQUEDOS INFANTIS PARA REALIZAÇÃO DO PROJETO PEDAGÓGICO APRENDER BRINCANDO, QUE TEM COMO OBJETIVO FORMAR UM ESPAÇO PSICOMOTOR LÚDICO EM CADA UMA DAS UNIDADES ESCOLARES    ","R$ 3.111.128,58",,,Comissão Especial de Licitação IV,15:00,PORTAL DE COMPRAS PÚBLICAS,2022
0037/2022,0170/2022,09/06/2022,20/06/2022,Inexigibilidade,Prefeitura municipal de Petrolina,Processo Concluído,Compras e serviços,"Contratação de FAZMIDIA PUBLICIDADE E EVENTOS EIRELI - EPP, para apresentação artística musical da “BANDA CALCINHA
PRETA” que irá se apresentar durante as festividades do SÃO JOÃO 2022 – CICLO JUNINO – PÁTIO DE EVENTOS",,,,Comissão permanente de licitação,11:00,Prefeitura de Petrolina ,2022
0007/2022,0000/0000,01/07/2022,27/10/2023,Dispensa por outros motivos,Secretaria Municipal de Saúde | SESAU,Processo Concluído,Compras e serviços,"Aquisição de medicamento, conforme solicitação expressa da Secretaria Municipal de Saúde e os quantitativos e as especificações técnicas constantes da proposta da CONTRATADA, que faz parte integrante deste contrato, independentemente de transcrição",,,,Comissão de Licitação 01,11:00,PREFEITURA DE PETROLINA,2022
0002/2022,0036/2022,31/03/2022,15/03/2022,Tomada de preço,Secretaria de Infraestrutura e Mobilidade,Em andamento,Compras e serviços,Contratação do “serviços especializados de engenharia consultiva para a elaboração dos projetos básicos e executivos para a adequação e pavimentação em CBUQ (...) .,"R$ 367.984,98","R$ 0,00",,Comissão permanente de licitação,09:00,"Superintendência  Geral de Licitações, sito na Av. Guararapes, 2114, 2º Andar do Anexo, Centro, Petrolina-PE.",2022
0139/2022,0000/0000,10/02/2022,03/03/2022,Dispensa por outros motivos,Prefeitura municipal de Petrolina,Aberta,Compras e serviços,"Contratar a empresa INFOCENTER INFORMÁTICA LTDA, inscrita no CNPJ sob o nº 00.132.082/0001-28, ",,,,Comissão permanente de licitação,02:00,Prefeitura de Petrolina,2022
0105/2022,0186/2022,12/07/2022,27/06/2022,Pregão eletrônico,Secretaria Municipal de Saúde | SESAU,Aberta,Compras e serviços,"prestação de serviços de dedetização, desinsetização, desratização e serviços de combate a pombos e morcegos, conforme especificações e quantitativos indicados, para suprir as necessidades da secretaria Municipal de Saúde de Petrolina-PE","R$ 692.800,00",,,Comissão Especial de Licitação V,09:00,Portal de Compras Públicas,2022
0068/2022,0104/2022,14/06/2022,01/06/2022,Pregão eletrônico,Secretaria de Agricultura,Processo Concluído,Compras e serviços,Aquisição de materiais para patrulha mecanizada tais como: dentes para a retroescavadeira,"R$ 161.040,00",,,Comissão Especial de Pregão III,09:00,www.portaldecompraspublicas.com.br,2022
0149/2022,0277/2022,26/10/2022,13/10/2022,Pregão eletrônico,"Secretaria Municipal de Educação, Cultura e Esportes",Processo Concluído,Compras e serviços,"EVENTUAL CONTRATAÇÃO DE EMPRESA ESPECIALIZADA NO FORNECIMENTO DE MATERIAIS DE HIGIENE PESSOAL PARA OS ALUNOS MATRICULADOS NAS UNIDADES DE EDUCAÇÃO INFANTIL DE PETROLINA, ","R$ 18.345.018,62",,,Comissão Especial de Licitação IV,09:00,portal de compras públicas,2022
0185/2022,0327/2022,23/12/2022,13/12/2022,Pregão eletrônico,Secretaria Municipal de Saúde | SESAU,Processo Concluído,Compras e serviços,"prestação de serviços de RECARGAS DE AR SINTETICO MEDICINAL E RECARGAS DE OXIGÊNIO GASOSO, ambos destinadas à atender o Centro de Parto Normal","R$ 25.742,20",,,Comissão Especial de Licitação V,09:00,Portal de Compras Públicas,2022
0015/2022,0017/2022,09/02/2022,27/01/2022,Pregão eletrônico,Secretaria Municipal de Saúde | SESAU,Aberta,Compras e serviços,"eventual aquisição de anestésicos e sedativos para o Centro de Controle de Zoonose, conforme especificações e quantitativos indicados, para suprir as necessidades da secretaria Municipal de Saúde de Petrolina-PE","R$ 143.220,00",,,Comissão Especial de Licitação V,09:00,Portal de Compras Públicas,2022
0054/2022,0000/0000,19/05/2022,27/05/2022,Dispensa por outros motivos,Prefeitura municipal de Petrolina,Processo Concluído,Compras e serviços,"Contratar LUAN CARLOS COSTA, inscrito no CNPJ sob o nº 29.090.987/0001-64, para a prestação de serviços artístico/musical da atração GPzin, a se apresentar durante o Ciclo Junino 2022 – São João de Petrolina no bairro Quati.",,,,Comissão permanente de licitação,11:00,Prefeitura de Petrolina,2022
0139/2022,0259/2022,20/09/2022,06/09/2022,Pregão eletrônico,"Secretaria Municipal de Educação, Cultura e Esportes",Cancelada,Compras e serviços,"EVENTUAL AQUISIÇÃO DE MATERIAL PARA COMPOR O PROJETO DE EDUCAÇÃO PARA O TRÂNSITO, DESTINADO AOS ESTUDANTES DOS ANOS INICIAIS E FINAIS, DA REDE MUNICIPAL DE ENSINO FUNDAMENTAL, ","R$ 4.241.806,28",,,Comissão Especial de Licitação IV,09:00,PORTAL DE COMPRAS PÚBLICAS,2022
0077/2022,0000/0000,04/10/2022,18/10/2022,Dispensa por outros motivos,Prefeitura municipal de Petrolina,Processo Concluído,Compras e serviços,"prestação de serviços de engenharia elétrica para revisão e MANUTENÇÃO NAS 04 (QUATRO) TORRES DE ILUMINAÇÃO DO CAMPO DO ESTÁDIO
MUNICIPAL PAULO DE SOUZA COELHO.",,,,Comissão permanente de licitação,11:00,prefeitura de petrolina,2022
0003/2022,0000/0000,22/07/2022,24/07/2026,Adesão externa,INSTITUTO DE GESTÃO PREVIDENCIÁRIA DO MUNICÍPIO DE PETROLINA - IGEPREV ,Processo Concluído,Compras e serviços,"Contratação de serviços técnicos especializados de levantamento, análise e identificação de dados em processos físicos de concessão de aposentadoria
e pensão do RPPS contratante, com regularização de certidões de tempo de contribuições.","R$ 3.900.000,00","R$ 3.900.000,00",,Comissão de Licitação 02,12:00,PREFEITURA DE PETROLINA,2022
0004/2022,0004/2022,31/01/2022,19/01/2022,Pregão eletrônico,Secretaria Municipal de Saúde | SESAU,Processo Concluído,Compras e serviços,"Eventuais aquisições de hortifrutigranjeiro para a casa do Tratamento Fora Domicilio em Recife-PE,  para suprir as necessidades da secretaria Municipal de Saúde de Petrolina-PE.","R$ 176.470,68",,,Comissão Especial de Licitação V,09:00,Portal de Compras Públicas,2022
0004/2022,0025/2022,30/03/2022,25/02/2022,Concorrência,Secretaria de Infraestrutura e Mobilidade,Processo Concluído,Compras e serviços,"SERVIÇOS DE MANUTENÇÃO DE VIAS, PASSEIOS E MEIOS FIOS - SEINFRA","R$ 15.001.232,35","R$ 0,00",,Comissão permanente de licitação,09:00,"Avenida Guararapes, nº 2114, centro, Petrolina/PE",2022
0181/2022,0322/2022,21/12/2022,08/12/2022,Pregão eletrônico,"Secretaria Municipal de Educação, Cultura e Esportes",Processo Concluído,Compras e serviços,"CONTRATAÇÃO DE EMPRESA ESPECIALIZADA EM FORNECIMENTO DE MATERIAL DE USO INDIVIDUAL DO ESTUDANTE, PARA TODOS OS ESTUDANTES, REGULARMENTE MATRICULADOS NAS UNIDADES ESCOLARES DA REDE CONVENCIONAL E CONVENIADAS","R$ 616.342.027,00",,,Comissão Especial de Licitação IV,09:00,portal de compras públicas,2022
0041/2022,0176/2022,08/06/2022,20/06/2022,Inexigibilidade,Prefeitura municipal de Petrolina,Processo Concluído,Compras e serviços,"contratação de TALISMÃ ADMINISTRADORA DE SHOWS E EDITORA MUSICAL LTDA, para apresentação artística musical de “LEONARDO” que irá se apresentar durante as festividades do SÃO JOÃO 2022 – CICLO JUNINO – PÁTIO DE EVENTOS",,,,Comissão permanente de licitação,11:00,Prefeitura de Petrolina,2022
0022/2022,0148/2022,17/05/2022,27/05/2022,Inexigibilidade,Prefeitura municipal de Petrolina,Processo Concluído,Compras e serviços,"contratação de GM MUSIC SHOW E EVENTOS - ME, para apresentação artística musical da “ARREIO DE OURO” que irá se apresentar durante as festividades do SÃO JOÃO 2022 – CICLO JUNINO – BAIRRO QUATI",,,,Comissão permanente de licitação,11:00,Prefeitura de Petrolina.,2022
0095/2022,0150/2022,22/06/2022,08/06/2022,Pregão eletrônico,"Secretaria Municipal de Educação, Cultura e Esportes",Processo Concluído,Compras e serviços,EVENTUAL AQUISIÇÃO DE GÊNEROS ALIMENTÍCIOS PERECÍVEIS DESTINADOS À ALIMENTAÇÃO ESCOLAR PARA ATENDER OS ALUNOS DA REDE MUNICIPAL DE ENSINO E DO PROGRAMA NOVA SEMENTE DO MUNICÍPIO DE PETROLINA-PE,"R$ 24.198.901,00",,,Comissão Especial de Licitação IV,09:00,PORTAL DE COMPRAS PÚBLICAS,2022
0145/2022,0269/2022,06/10/2022,22/09/2022,Pregão eletrônico,Secretaria Municipal de Saúde | SESAU,Processo Concluído,Compras e serviços,"Aquisição de equipamentos para prover kits de uso individual aos Agentes Comunitários de Saúde e Agentes de Combate a Endemias, conforme especificações e quantitativos indicados para suprir as necessidades da secretaria Municipal de Saúde de Petrolina-PE.","R$ 75.644,40",,,Comissão Especial de Licitação V,09:00,Portal de Compras Públicas,2022
0133/2022,0248/2022,26/09/2022,12/09/2022,Pregão eletrônico,Secretaria Municipal da Fazenda e Planejamento,Processo Concluído,Compras e serviços,Eventual fornecimento de material de limpeza e higiene para atender as necessidades de diversas Secretarias Municipais e outros órgãos da administração direta e indireta do município de Petrolina.,"R$ 140.756,05","R$ 0,00",,Comissão Especial de Pregão I,09:00,"PORTAL DE COMPRAS PÚBLICAS, no endereço eletrônico www.portaldecompraspublicas.com.br",2022
0071/2022,0000/0000,14/07/2022,05/07/2022,Dispensa por outros motivos,Prefeitura municipal de Petrolina,Processo Concluído,Compras e serviços,"Contratar a prestação de serviços artístico/musical da atração GILDINHO DO SAX METAIS DE OURO, a se apresentar durante o Ciclo Junino 2022 – São João de Petrolina",,,,Comissão permanente de licitação,11:00,prefeitura de petrolina,2022
0021/2022,0147/2022,12/07/2022,04/07/2022,Inexigibilidade,Prefeitura municipal de Petrolina,Processo Concluído,Compras e serviços,"Prestação de serviços estratégicos de solução de tecnologia da informação (TI) pela DATAPREV à CONTRATANTE, conforme especificações técnicas descritas no Anexo I (Modelo de Negócio), visando atender os objetivos estratégicos da CONTRATANTE.",,,,Comissão permanente de licitação,11:00,PREFEITURA DE PETROLINA,2022
0007/2022,0217/2022,10/08/2022,25/07/2022,Tomada de preço,Secretaria de Agricultura,Fracassada,Obras e serviços de engenharia,Recuperação de estradas vicinais de acesso aos assentamentos curimatã e espeança,"R$ 212.156,49","R$ 0,00",,Comissão permanente de licitação,09:00,"Avenida Guararapes, nº 2114, centro, Petrolina/PE 87.3861.3514",2022
0008/2022,0244/2022,15/09/2022,31/08/2022,Tomada de preço,Secretaria de Agricultura,Processo Concluído,Obras e serviços de engenharia,Recuperação de estradas vivinais (assentamentos curimatã e esperança),"R$ 212.156,49","R$ 0,00",,Comissão permanente de licitação,09:00,"Avenida Guararapes, nº 2114, centro, Petrolina/PE",2022
0006/2022,0037/2022,13/06/2022,16/03/2022,Concorrência,Secretaria de Infraestrutura e Mobilidade,Processo Concluído,Compras e serviços,"Contratação de empresa especializada para prestação de serviços em engenharia sanitária, para a execução dos serviços relacionados no edital, de acordo com a solicitação expressa da Secretaria Municipal de Infraestrutura e Mobilidade – SEINFRA.","R$ 85.450.020,52","R$ 70.008.789,26",,Comissão permanente de licitação,11:00,"Superintendência Geral de Licitações, sito a Av. Guararapes, nº 2.114 – 2º andar do Anexo- Centro - Petrolina-PE.",2022
0056/2022,0196/2022,13/06/2022,28/06/2022,Inexigibilidade,Prefeitura municipal de Petrolina,Processo Concluído,Compras e serviços,"contratação de WS SHOWS LTDA, para apresentação artística musical de “WESLEY SAFADÃO” que irá se apresentar durante as festividades do SÃO JOÃO 2022 – CICLO JUNINO – PÁTIO DE EVENTOS.",,,,Comissão permanente de licitação,11:00,PREFEITURA DE PETROLINA,2022
0244/2021,0328/2021,13/01/2022,29/12/2021,Pregão eletrônico,Autarquia Municipal de Mobilidade de Petrolina | AMMPLA,Deserta,Compras e serviços,"Eventual aquisição de 15 (quinze) motocicletas de no mínimo 290 (duzentos e noventa) cilindradas equipadas para viatura (incluindo equipamentos), registradas e emplacadas em nome da Autarquia Municipal de Mobilidade de Petrolina","R$ 423.367,50",,,Comissão Especial de Pregão III,09:00,www.portaldecompraspublicas.com.br,2022
0024/2021,0308/2021,17/01/2022,15/12/2021,Concorrência,Secretaria de Infraestrutura e Mobilidade,Processo Concluído,Obras e serviços de engenharia,"CONSTRUÇÃO, REVITALIZAÇÃO E REFORMA DE PRAÇAS (13). TODOS OS PROJETOS SERÃO DISPONIBILIZADOS PELO E-MAIL licitacaocplpetrolina@gmail.com  ","R$ 6.436.315,02","R$ 0,00",,Comissão permanente de licitação,10:00,"AVENIDA GUARARAPES, 2114, CENTRO - 3861.3514",2022
0151/2022,0279/2022,07/12/2022,24/11/2022,Pregão eletrônico,"Secretaria Municipal de Educação, Cultura e Esportes",Processo Concluído,Compras e serviços,"EVENTUAL CONTRATAÇÃO DE EMPRESA ESPECIALIZADA NO FORNECIMENTO DE PRODUTOS E MATERIAIS DE LIMPEZA, PARA ATENDER AS UNIDADES ESCOLARES DE RESPONSABILIDADE DO PODER PÚBLICO MUNICIPAL E AS DEPENDÊNCIAS ADMINISTRATIVAS","R$ 7.976.361,37",,,Comissão Especial de Licitação IV,09:00,PORTAL DE COMPRAS PUBLICAS',2022
0056/2022,0000/0000,24/05/2022,14/06/2022,Dispensa por outros motivos,Prefeitura municipal de Petrolina,Processo Concluído,Compras e serviços,"Contratar FABIANA SANTIAGO FERREIRA 03993573439 ME, inscrito no CNPJ sob o nº 16.541.845/0001-24, para a prestação
de serviços artístico/musical da atração FABIANA SANTIAGO, a se apresentar durante o Ciclo Junino 2022",,,,Comissão permanente de licitação,11:00,PREFEITURA DE PETROLINA,2022
0072/2022,0000/0000,07/06/2022,23/06/2022,Dispensa por outros motivos,Prefeitura municipal de Petrolina,Processo Concluído,Compras e serviços,"Contratar EUGÊNIO CRUZ NOVIDADES SONORAS, inscrito no CNPJ sob o nº 19.528.714/0001-03, para a prestação de serviços artístico/musical da atração FORROZÃO SKALLA",,,,Comissão permanente de licitação,10:00,Prefeitura de Petrolina,2022
0132/2022,0243/2022,20/10/2022,06/10/2022,Pregão eletrônico,Instituto de Gestão Previdenciária de Petrolina | IGEPREV,Processo Concluído,Compras e serviços,"Contratação de empresa especializada em serviços de agenciamento de viagens, compreendendo emissão, marcação e cancelamento de passagens aéreas nacionais e internacionais, visando atender a necessidade de transporte de servidores do IGEPREV.","R$ 307.500,00","R$ 0,00",,Comissão Especial de Pregão I,09:00,"Sistema do PORTAL DE COMPRAS PÚBLICAS, no endereço eletrônico: www.portaldecompraspublicas.com.br.",2022
0001/2022,0000/0000,04/01/2022,18/05/2022,Dispensa de valor,Prefeitura municipal de Petrolina,Processo Concluído,Locação,"Locador oferta à Locatária sob o regime de locação, referente à locação de imóvel para funcionar CMEI NOSSO ESPAÇO. O imóvel possui
06 salas de aula, sala de coordenação, pátio, 01 cozinha, 3 banheiros, 01 área interna.",,,,Comissão permanente de licitação,11:00,Prefeitura de Petrolina,2022
0089/2022,0341/2022,02/12/2022,07/02/2023,Inexigibilidade,Prefeitura municipal de Petrolina,Processo Concluído,Compras e serviços,"contratação de ELISSON CASTRO DE LIMA ME, inscrita no CNPJ sob o nº 08.074.508/0001-46, para a prestação de serviços artístico/musical da atração BANDA ELISSON CASTRO,",,,,Comissão Especial Permanente de Licitação,11:00,PREFEITURA DE PETROLINA,2022
0115/2022,0218/2022,16/08/2022,02/08/2022,Pregão eletrônico,Secretaria de Agricultura,Processo Concluído,Compras e serviços,"AQUISIÇÃO DE LÂMINAS, PARA OS EQUIPAMENTOS DA PATRULHA MECANIZADA, CONFORME SOLICITAÇÃO EXPRESSA DA SECRETARIA MUNICIPAL DE AGRICULTURA","R$ 237.000,00",,,Comissão Especial de Pregão III,09:00,portaldecompraspublicas.com.br,2022
0041/2022,0000/0000,10/05/2022,27/05/2022,Dispensa por outros motivos,Prefeitura municipal de Petrolina,Processo Concluído,Compras e serviços,"Contratar EUGÊNIO CAVALCANTE DA CRUZ ARAÚJO, inscrito no CNPJ sob o nº 19.528.714/0001-03, para a prestação de serviços artístico/musical da atração JONATHAN ARAÚJO",,,,Comissão permanente de licitação,10:00,Prefeitura de Petrolina,2022
0003/2022,0133/2022,01/06/2022,30/05/2022,Credenciamento,Secretaria de Infraestrutura e Mobilidade,Processo Concluído,Compras e serviços,Prestação de serviços funerários para a execução de 420 (quatrocentos e vinte) sepultamentos pelo período de 03 (três) anos e 01 (um) dia,"R$ 756.000,00",,,Comissão permanente de licitação,08:00,"SUPERINTENDÊNCIA GERAL DE LICITAÇÕES - 2º ANDAR DO ANEXO da PREFEITURA MUNICIPAL DE PETROLINA, situada na AV. GUARARAPES, Nº 2114, CENTRO, PETROLINA/PE, das 08 às 13 horas.",2022
0034/2022,0049/2022,08/04/2022,25/03/2022,Pregão eletrônico,Secretaria Municipal de Desenvolvimento Social e Direitos Humanos,Aberta,Compras e serviços,EVENTUAL AQUISIÇÃO DE FARDAMENTOS,"R$ 297.637,90",,,Comissão Especial de Pregão III,09:00,www.portaldecompraspublicas.com.br,2022
0069/2022,0225/2022,04/08/2022,23/08/2022,Inexigibilidade,Prefeitura municipal de Petrolina,Processo Concluído,Compras e serviços,"Contrato tem como objeto a contratação de FAZ CHOVER PRODUÇÕES ARTÍSTICAS E MUSICAIS LTDA - EPP, para apresentação artística musical de “FERNANDINHO” que irá se apresentar na NOITE DE AÇÃO DE GRAÇAS EM COMEMORAÇÃO AO ANIVERSÁRIO ",,,,Comissão permanente de licitação,11:00,PREFEITURA DE PETROLINA,2022
0038/2022,0173/2022,06/06/2022,20/06/2022,Inexigibilidade,Prefeitura municipal de Petrolina,Processo Concluído,Obras e serviços de engenharia,"a contratação de ELISSON CASTRO DE LIMA – ME (FORRÓ PEGA LEVE), para apresentação artística musical de “ELISSON CASTRO”
que irá se apresentar durante as festividades do SÃO JOÃO 2022 – CICLO JUNINO – PÁTIO DE EVENTOS",,,,Comissão permanente de licitação,11:00,Prefeitura de Petrolina ,2022
0079/2022,0266/2022,08/09/2022,22/09/2022,Inexigibilidade,Prefeitura municipal de Petrolina,Processo Concluído,Compras e serviços,"contratação de JONAS ESTICADO GRAVAÇÕES & EDIÇÕES MUSICAIS LTDA, para apresentação artística musical da “JONAS ESTICADO” que irá se apresentar em show de COMEMORAÇÃO AO ANIVERSÁRIO DE 127 ANOS DE PETROLINA - PE",,,,Comissão permanente de licitação,11:00,PREFEITURA DE PETROLINA,2022
0107/2022,0000/0000,01/09/2022,09/09/2022,Dispensa por outros motivos,Prefeitura municipal de Petrolina,Processo Concluído,Locação,"locação, um imóvel de sua propriedade localizado na Rua B, N.º 20, Agrovila Massangano, Petrolina – PE, com a
finalidade de ali funcionar o CRAS Agrovila Massangano. ",,,,Comissão permanente de licitação,11:00,PREFEITURA DE PETROLINA,2022
0001/2022,3099/4202,07/01/2022,22/02/2022,Adesão externa,Prefeitura municipal de Petrolina,Processo Concluído,Compras e serviços,"prestação de serviços de descontaminação microbiológica e desinfecção de superfícies através de nebulização a seco, composto por produtos
certificados na ANVISA",,,,Comissão permanente de licitação,10:00,Prefeitura de Petrolina,2022
0107/2022,0197/2022,28/07/2022,14/09/2022,Pregão eletrônico,Secretaria Municipal de Saúde | SESAU,Processo Concluído,Compras e serviços,aquisição de gênero alimentícios não perecíveis para atender a Casa de Apoio do Tratamento Fora Domicilio (TFD) localizada na cidade de Recife-PE,"R$ 318.046,60",,,Comissão Especial de Licitação V,09:00,Portal de Compras Públicas,2022
0028/2022,0041/2022,04/04/2022,22/03/2022,Pregão eletrônico,"Secretaria Municipal de Educação, Cultura e Esportes",Em andamento,Compras e serviços,"CONTRATAÇÃO DE EMPRESA ESPECIALIZADA NO FORNECIMENTO DE UNIFORME ESCOLAR PARA ATENDER A DEMANDA DOS ALUNOS DA REDE
MUNICIPAL DE ENSINO DE PETROLINA","R$ 4.615.844,49",,,Comissão Especial de Licitação IV,09:00,PORTAL DE COMPRAS PÚBLICAS,2022
0027/2022,0159/2022,06/06/2022,10/06/2022,Inexigibilidade,Prefeitura municipal de Petrolina,Processo Concluído,Compras e serviços,"contratação de ACAUÃ PRODUTORA LTDA - EPP, para apresentação artística musical da “ELBA RAMALHO” que irá se apresentar durante as festividades do SÃO JOÃO 2022 – CICLO JUNINO – PÁTIO DE EVENTOS",,,,Comissão permanente de licitação,11:00,PREFEITURA DE PETROLINA,2022
0109/2022,0207/2022,21/07/2022,08/07/2022,Pregão eletrônico,"Secretaria Municipal de Educação, Cultura e Esportes",Processo Concluído,Compras e serviços,"EVENTUAL CONTRATAÇÃO DE EMPRESA ESPECIALIZADA NO FORNECIMENTO APARELHOS DE ARES CONDICIONADOS, PARA ATENDER AS UNIDADES ESCOLARES DE RESPONSABILIDADE DO PODER PÚBLICO MUNICIPAL E AS DEPENDÊNCIAS ADMINISTRATIVAS ","R$ 13.660.723,60",,,Comissão Especial de Licitação IV,09:00,PORTAL DE COMPRAS PÚBLICAS,2022
0167/2022,0301/2022,11/11/2022,31/10/2022,Pregão eletrônico,Secretaria Municipal de Saúde | SESAU,Aberta,Compras e serviços,"aquisição de fraldas, suplementos alimentares e equipamentos médicos para atender às ordens judiciais, conforme especificações e quantitativos indicados, para suprir as necessidades da secretaria Municipal de Saúde de Petrolina-PE","R$ 131.397,60",,,Comissão Especial de Licitação V,09:00,Portal de Compras Públicas,2022
0063/2022,0205/2022,14/07/2022,04/07/2022,Inexigibilidade,Prefeitura municipal de Petrolina,Processo Concluído,Compras e serviços,"contratação de F. PRODUÇÕES MUSICAIS LTDA, inscrito no CNPJ sob o nº 10.579.197/0001-19, para a prestação de serviços artístico/musical da atração FELIPÃO a se apresentar durante o Ciclo Junino 2022 – São João de Petrolina na Exporajada",,,,Comissão permanente de licitação,11:00,Prefeitura de Petrolina,2022
0029/2022,0162/2022,07/06/2022,13/06/2022,Inexigibilidade,Prefeitura municipal de Petrolina,Processo Concluído,Compras e serviços,"Contratação de EDINALVA FERREIRA XAVIER EVENTOS EIRELI, para apresentação artística musical de “SÉRGIO DO
FORRÓ” que irá se apresentar durante as festividades do SÃO JOÃO 2022 – CICLO JUNINO – JECANA DO CAPIM",,,,Comissão permanente de licitação,11:00,Prefeitura de Petrolina,2022
0101/2022,0171/2022,28/07/2022,15/07/2022,Pregão eletrônico,"Secretaria Municipal de Educação, Cultura e Esportes",Processo Concluído,Compras e serviços,"EVENTUAL CONTRATAÇÃO DE EMPRESA PARA PRESTAÇÃO DE SERVIÇOS DE INSTALAÇÃO E DESINSTALAÇÃO, MANUTENÇÃO PREVENTIVA E CORRETIVA DE CONDICIONADORES DE AR, INCLUINDO MATERIAIS DE LIMPEZA, FORNECIMENTO E REPOSIÇÃO DE PEÇAS,","R$ 5.923.910,30",,,Comissão Especial de Licitação IV,09:00,portal de compras públicas,2022
0180/2022,0321/2022,30/12/2022,19/12/2022,Pregão eletrônico,Secretaria de Agricultura,Processo Concluído,Compras e serviços,AQUISIÇÃO DE KITS DE CANOS PARA LIGAÇÃO DE REDE DE ÁGUA DA ADUTORA DO ASSENTAMENTO SÃO FRANCISCO PARA USO NA PRODUÇÃO NA ZONA RURAL DE PETROLINA - PE,"R$ 972.300,63",,,Comissão Especial de Pregão III,09:00,"www.portaldecompraspublicas.com.br

",2022
0047/2022,,09/06/2022,23/06/2022,Inexigibilidade,Prefeitura municipal de Petrolina,Processo Concluído,Compras e serviços,"contratação de NATTAN PRODUÇÕES ARTÍSTICAS LTDA, para apresentação artística musical da “NATTAN” que irá se apresentar
durante as festividades do SÃO JOÃO 2022 – CICLO JUNINO – PÁTIO DE EVEN",,,,Comissão permanente de licitação,11:00,NATTAN PRODUÇÕES ARTÍSTICAS LTDA,2022
0067/2022,0221/2022,14/07/2022,29/07/2022,Inexebilidade,Prefeitura municipal de Petrolina,Processo Concluído,Compras e serviços,"contratação de ADÃO BAGAGI DE SOUZA 070200284-46 - ME, para apresentação artística musical de “ADÃOZINHO DE RAJADA” que irá se apresentar durante a FESTA DO COLONO 2022, no Projeto BEBEDOURO.",,,,Comissão permanente de licitação,11:00,PREFEITURA DE PETROLINA,2022
0025/2021,0320/2021,19/01/2022,17/12/2021,Concorrência,Secretaria de Infraestrutura e Mobilidade,Processo Concluído,Obras e serviços de engenharia,"PRESTAÇÃO DE SERVIÇOS DE RELATIVOS À CONSTRUÇÃO, REVITALIZAÇÃO E REFORMA DE PRAÇAS, CONFORME SOLICITAÇÃO EXPRESSA DA SECRETARIA DE MUNICIPAL DE INFRAESTRUTURA E MOBILIDADE - SEINFRA.","R$ 3.420.801,47","R$ 0,00",,Comissão permanente de licitação,09:00,"AVENIDA GUARARAPES, 2114, CENTRO, PETROLINA/PE",2022
0127/2022,0237/2022,14/09/2022,31/08/2022,Pregão eletrônico,Autarquia Municipal de Mobilidade de Petrolina | AMMPLA,Em andamento,Compras e serviços,EVENTUAL CONTRAÇÃO DE EMPRESA (S) especializada (s) para FORNECIMENTO DE MATERIAIS DIVERSOS para ser utilizado pela equipe de Manutenção e Sinalização de Trânsito da Autarquia Municipal de Mobilidade de Petrolina – PE.,"R$ 79.943,99","R$ 0,00",,Comissão Especial de Pregão I,09:00,"PORTAL DE COMPRAS PÚBLICAS, no endereço eletrônico: www.portaldecompraspublicas.com.br",2022
0069/2022,0000/0000,18/05/2022,17/06/2022,Dispensa por outros motivos,Prefeitura municipal de Petrolina,Processo Concluído,Compras e serviços,"Contratar VALDECIR ARISTIDES DO NASCIMENTO JÚNIOR-ME, inscrito no CNPJ sob o nº 14.289.601/0001-70, para a prestação de serviços
artístico/musical da atração AQUARELA DO FORRÓ ",,,,Comissão permanente de licitação,10:00,prefeitura de petrolina,2022
0112/2022,0211/2022,03/08/2022,19/07/2022,Pregão eletrônico,Secretaria Municipal de Saúde | SESAU,Processo Concluído,Compras e serviços,"prestação de serviços de locação de concentradores de oxigênio, conforme especificações e quantitativos indicados, para suprir as necessidades da secretaria Municipal de Saúde de Petrolina-PE.","R$ 746.640,00",,,Comissão Especial de Licitação V,09:00,Portal de Compras Públicas,2022
0014/2022,0135/2022,19/05/2022,26/05/2022,Inexigibilidade,Prefeitura municipal de Petrolina,Processo Concluído,Compras e serviços,"Contratação da empresa C L X BEZERRA PRODUÇÕES, inscrito no CNPJ sob o nº 45.938.323/0001- 69, para a prestação de serviços artístico/musical da atração FORROZÃO BABY SOM a se apresentar durante o Ciclo Junino 2022 – São João de Petrolina no bairro Quati,",,,,Comissão permanente de licitação,11:00,Prefeitura de Petrolina,2022
0006/2022,0093/2022,12/04/2022,06/05/2022,Dispensa por outros motivos,Prefeitura municipal de Petrolina,Processo Concluído,Compras e serviços,"Contratação do INSTITUTO DE APOIO À UNIVERSIDADE DE PERNAMBUCO – IAUPE para levantamento, diagnóstico e acompanhamento
da gestão compreendendo a administração direta e indireta do Município de Petrolina, exceto a FACAPE.",,,,Comissão permanente de licitação,10:00,Prefeitura de Petrolina,2022
0089/2022,0139/2022,14/07/2022,02/06/2022,Pregão eletrônico,Secretaria Municipal de Desenvolvimento Urbano e Habitação,Revogada,Compras e serviços,"Eventual Aquisição De Coletes De Proteção Balística Nível III-A, destinados aos candidatos aprovados e aptos para nomeação Do Concurso Público de Guarda Civil, Edital Nº 001/2019","R$ 139.654,91",,,Comissão Especial de Pregão III,09:00,www.portaldecompraspublicas.com.br ,2022
0066/2022,,30/05/2022,17/05/2022,Pregão eletrônico,Autarquia Municipal de Mobilidade de Petrolina | AMMPLA,Em andamento,Compras e serviços,Eventual fornecimento com instalação das peças de reposição nos semáforos da cidade,"R$ 39.821,30",,,Comissão Especial de Pregão III,09:00,www.portaldecompraspublicas.com.br,2022
0073/2022,0248/2022,23/08/2022,05/09/2022,Dispensa de locação,Prefeitura municipal de Petrolina,Processo Concluído,Compras e serviços,"contratação de MUSICAL CAVALEIROS DO FORRÓ LTDA - EPP, para apresentação artística musical de “CAVALEIROS DO FORRÓ” que irá se apresentar durante a 16.ª FESTA DO COLONO DO PROJETO MARIA TEREZA 2022",,,,Comissão permanente de licitação,11:00,PREFEITURA DE PETORLINA,2022
0053/2022,0192/2022,08/06/2022,23/06/2022,Inexigibilidade,Prefeitura municipal de Petrolina,Processo Concluído,Compras e serviços,"contratação de TEP ENTRETENIMENTO E PROMOÇÕES LTDA, para apresentação artística musical de “JORGE E MATEUS” que irá se apresentar durante as festividades do SÃO JOÃO 2022 – CICLO JUNINO",,,,Comissão permanente de licitação,11:00,Prefeitura de Petrolina,2022
0083/2022,0340/2022,30/11/2022,07/02/2023,Inexigibilidade,Prefeitura municipal de Petrolina,Processo Concluído,Compras e serviços,"contratação de ULTRA PROMOÇÕES E EVENTOS EIRELI EPP, inscrito no CNPJ sob o nº 23.626.845/0001-92, para a prestação de serviços artístico/musical da atração BANDA ZEZO, a se apresentar no REVEILLON 2023,",,,,Comissão permanente de licitação,11:00,PREFEITURA DE PETROLINA,2022
0241/2021,0325/2021,12/01/2022,29/12/2021,Pregão eletrônico,Secretaria Municipal de Desenvolvimento Social e Direitos Humanos,Aberta,Compras e serviços,"Serviços de lavanderia de cama (lençóis, colchas e fronhas) ","R$ 38.200,00","R$ 0,00",,Comissão Especial de Pregão II,09:00,Portal de Compras Públicas,2022
0157/2022,0288/2022,07/11/2022,24/10/2022,Pregão eletrônico,Secretaria Municipal de Planejamento e Gestão,Em andamento,Compras e serviços,Registro de Preço - Eventual aquisição de material de informática para diversas secretarias.,"R$ 249.208,61",,,Comissão Especial de Pregão II,15:00,Portal de Compras Públicas,2022
0008/2022,0229/2022,04/08/2022,16/08/2022,Dispensa de valor,Prefeitura municipal de Petrolina,Processo Concluído,Compras e serviços,"Contratação direta da empresa AS ENGENHARIA LTDA para a prestação de serviços de engenharia sanitária para a execução dos serviços abaixo
relacionados, e de acordo com a solicitação da Secretaria Municipal de Infraestrutura e Mobilidade – SEINFRA. ",,,,Comissão Especial Permanente de Licitação,11:00,prefeitura de petrolina,2022
0007/2021,0128/2021,06/05/2022,16/07/2021,Tomada de preço,Secretaria Municipal de Desenvolvimento Urbano e Habitação,Revogada,Compras e serviços,"contratação de empresa especializada em prestação de Serviços Técnicos Sociais, na área de Habitação de Interesse Social para execução do Projeto de Trabalho Social- PTS, no Residencial Novo Tempo 5","R$ 276.000,00","R$ 0,00",,Comissão Especial Permanente de Licitação,09:00,"Superintendência Geral de Licitações, situada na Av. Guararapes, 2114, 2º Andar do Anexo, Centro, Petrolina-PE.",2022
0053/2022,0083/2022,06/05/2022,26/04/2022,Pregão eletrônico,Secretaria Municipal de Saúde | SESAU,Aberta,Compras e serviços,"Aquisição de suplementos alimentares e insumos em atendimento as ordens judiciais, conforme especificações e quantitativos indicados, para suprir as necessidades da Secretaria Municipal de Saúde de Petrolina-PE","R$ 296.124,04",,,Comissão Especial de Licitação V,09:00,Portal de Compras Públicas,2022
0058/2022,0000/0000,20/07/2022,03/08/2022,Dispensa de locação,Prefeitura municipal de Petrolina,Processo Concluído,Locação," locação, o imóvel de propriedade daquele situado na Rua Castro Alves, nº 55, bairro centro, na cidade de Petrolina",,,,Comissão Especial Permanente de Licitação,11:00,PREFEITURA DE PETORLINA,2022
0018/2022,0109/2022,20/06/2022,16/05/2022,Concorrência,"Secretaria Municipal de Educação, Cultura e Esportes",Processo Concluído,Obras e serviços de engenharia,REFORMA DA ESCOLA MUNICIPAL LUIZ RODRIGUES DE ARAÚJO,"R$ 1.661.028,62","R$ 0,00",,Comissão permanente de licitação,09:00,"Avenida Guararapes, nº 2114, centro, Petrolina/PE - segundo andar do anexo ",2022
0026/2022,0158/2022,06/06/2022,15/06/2022,Inexigibilidade,Prefeitura municipal de Petrolina,Processo Concluído,Compras e serviços,"contratação de JG SHOWS LTDA, para apresentação artística musical da “JOÃO GOMES” que irá se apresentar durante as festividades do SÃO JOÃO 2022 – CICLO JUNINO – PÁTIO DE EVENTOS",,"R$ 2.013.455,00",,Comissão permanente de licitação,11:00,Prefeitura de Petrolina,2022
0202/2021,0273/2021,04/01/2022,24/11/2021,Pregão eletrônico,"Secretaria Municipal de Educação, Cultura e Esportes",Processo Concluído,Compras e serviços,"PRESTAÇÃO DE SERVIÇOS DE ADEQUAÇÃO/CONFIGURAÇÃO, IMPLANTAÇÃO/ INSTALAÇÃO, TREINAMENTO, HOSPEDAGEM, SUSTENTAÇÃO/MANUTENÇÃO E CUSTOMIZAÇÃO DO SISTEMA INTEGRADO DE GESTÃO DA EDUCAÇÃO - SIGEDUC","R$ 1.978.904,00",,,Comissão Especial de Licitação IV,09:00,www.portaldecompraspublicas.com.br,2022
0052/2022,0000/0000,01/10/2022,19/10/2022,Dispensa por outros motivos,Prefeitura municipal de Petrolina,Processo Concluído,Compras e serviços,"contratação de empresa especializada visando a realização de manutenção preventiva e corretiva nos equipamentos de informática que encontram-se na Secretaria de Desenvolvimento Urbano, Habitação e Sustentabilidade - SEDURBHS",,,,Comissão permanente de licitação,11:00,prefeitura de petrolina,2022
0158/2022,0290/2022,12/12/2022,08/12/2022,Pregão eletrônico,Secretaria Municipal de Saúde | SESAU,Deserta,Compras e serviços,"eventual aquisição de ticket para vasilhames de botijão de gás de cozinha P13 e P45 para atender as demandas dos CAPS, conforme especificações e quantitativos indicados, para suprir as necessidades da secretaria Municipal de Saúde de Petrolina-PE.","R$ 22.388,79",,,Comissão Especial de Licitação V,09:00,Portal de Compras Públicas,2022
0170/2022,0306/2022,16/11/2022,31/10/2022,Pregão eletrônico,Secretaria Municipal de Desenvolvimento Social e Direitos Humanos,Processo Concluído,Compras e serviços,CONTRATAÇÃO DE SERVIÇOS DE ASSESSORIA E CONSULTORIA TÉCNICA,"R$ 194.250,00",,,Comissão Especial de Pregão III,09:00,www.portaldecompraspublicas.com.br,2022
0137/2022,0256/2022,19/09/2022,05/09/2022,Pregão eletrônico,"Secretaria Municipal de Educação, Cultura e Esportes",Revogada,Compras e serviços,"EVENTUAL CONTRATAÇÃO DE EMPRESA ESPECIALIZADA NO FORNECIMENTO DE LIVROS DIGITAIS INTERATIVOS DISPONIBILIZADOS EM APLICATIVO, CONTENDO JOGOS EDUCATIVOS VOLTADOS AOS ESTUDANTES DO ENSINO FUNDAMENTAL ","R$ 6.779.668,00",,,Comissão Especial de Licitação IV,09:00,portal de compras públicas',2022
0017/2022,0019/2022,21/02/2022,07/02/2022,Pregão eletrônico,Secretaria Municipal de Desenvolvimento Social e Direitos Humanos,Processo Concluído,Compras e serviços,EVENTUAL AQUISIÇÃO DE MATERIAL PARA MANUTENÇÃO E LIMPEZA DE PISCINAS,"R$ 44.989,87",,,Comissão Especial de Pregão III,09:00,www.portaldecompraspublicas.com.br,2022
0057/2022,0087/2022,30/05/2022,16/05/2022,Pregão eletrônico,Secretaria Municipal de Saúde | SESAU,Processo Concluído,Compras e serviços,"Eventual aquisição de instrumentais cirúrgicos, conforme especificações e quantitativos indicados, para suprir as necessidades da secretaria Municipal de Saúde de Petrolina-PE","R$ 26.261,00",,,Comissão Especial de Licitação V,09:00,Portal de Compras Públicas,2022
0038/2022,0000/0000,05/01/2022,16/05/2022,Dispensa por outros motivos,Prefeitura municipal de Petrolina,Processo Concluído,Locação,"contrato com o Sr. CICERA DA SILVA OLIVEIRA – CPF N. º 050.585.124-59, referente à locação de imóvel para funcionar parcialmente as turmas da Escola Municipal Ricardo Soares de Miranda. ",,,,Comissão permanente de licitação,10:00,Prefeitura de Petrolina,2022
0048/2022,0070/2022,18/04/2022,04/04/2022,Pregão eletrônico,Autarquia Municipal de Mobilidade de Petrolina | AMMPLA,Revogada,Compras e serviços,"EVENTUAL AQUISIÇÃO DE 15 (QUINZE) MOTOCICLETAS DE NO MÍNIMO 290 (DUZENTOS E NOVENTA) CILINDRADAS EQUIPADAS PARA VIATURA (INCLUINDO EQUIPAMENTOS), REGISTRADAS E EMPLACADAS EM NOME DA AUTARQUIA MUNICIPAL DE MOBILIDADE DE PETROLINA - PE","R$ 567.949,95",,,Comissão Especial de Pregão III,09:00,www.portaldecompraspublicas.com.br,2022
0073/2022,0111/2022,28/06/2022,24/05/2022,Pregão eletrônico,"Secretaria Municipal de Educação, Cultura e Esportes",Em andamento,Compras e serviços,"CONTRATAÇÃO DE EMPRESA ESPECIALIZADA EM FORNECIMENTO DE MATERIAL DE USO INDIVIDUAL DO ESTUDANTE, PARA TODOS OS ESTUDANTES, REGULARMENTE MATRICULADOS NAS UNIDADES ESCOLARES DA REDE CONVENCIONAL E CONVENIADAS","R$ 4.803.202,01",,,Comissão Especial de Licitação IV,09:00,PORTAL DE COMPRAS PÚBLICAS,2022
0077/2022,0263/2022,08/09/2022,20/09/2022,Inexigibilidade,Prefeitura municipal de Petrolina,Processo Concluído,Compras e serviços,"contratação de EDINALVA FERREIRA XAVIER EVENTOS EIRELI, para apresentação artística musical de “SÉRGIO DO FORRÓ” que irá se apresentar durante a FESTA DO COLONO DO N-4, no Distrito Irrigado Senador Nilo Coelho – Petrolina - PE",,,,Comissão permanente de licitação,11:00,PREFEITURA DE PETROLINA,2022
0020/2022,0023/2022,03/03/2022,18/02/2022,Pregão eletrônico,Secretaria Municipal de Desenvolvimento Social e Direitos Humanos,Processo Concluído,Compras e serviços,EVENTUAL AQUISIÇÃO DE MATERIAL DE EXPEDIENTE,"R$ 253.556,60",,,Comissão Especial de Pregão III,09:00,www.portaldecompraspublicas.com.br,2022
0009/2022,0053/2022,25/04/2022,23/03/2022,Concorrência,Secretaria Municipal de Desenvolvimento Econômico e Turismo,Processo Concluído,Compras e serviços,"CONCESSÃO DE EXPLORAÇAO DE ESPAÇOS PÚBLICOS NO NOVO PÁTIO DE EVENTOS – AVENIDA SETE DE SETEMBRO ONDE SERÁ REALIZADO O EVENTO DENOMINADO “SÃO JOÃO DE PETROLINA 2022” - SOLICITAÇÃO DA SECRETARIA MUNICIPAL DE DESENVOLVIMENTO ECONÔMICO E TURISMO.

","R$ 5.346.418,00","R$ 0,00",,Comissão permanente de licitação,11:00,"AVENIDA GUARARAPES, Nº 2114, CENTRO, PETROLINA/PE",2022
0018/2022,0020/2022,11/02/2022,01/02/2022,Pregão eletrônico,Secretaria Municipal de Saúde | SESAU,Processo Concluído,Compras e serviços,"eventuais aquisições de medicamentos conforme especificações e quantitativos indicados no termo de referência em anexo, para suprir as necessidades da secretaria Municipal de Saúde de Petrolina-PE","R$ 198.494,42",,,Comissão Especial de Licitação V,15:00,Portal de Compras Públicas,2022
0019/2022,0021/2022,21/02/2022,08/02/2022,Pregão eletrônico,"Secretaria Municipal de Educação, Cultura e Esportes",Processo Concluído,Compras e serviços,"EVENTUAL CONTRATAÇÃO DE EMPRESA ESPECIALIZADA NA PRESTAÇÃO DE SERVIÇOS DE LOCAÇÃO DE EQUIPAMENTOS AUDIOVISUAIS E DE APOIO, SOB DEMANDA, PARA COMPOR A ESTRUTURA DOS ESPAÇOS DE EVENTOS NO ANO LETIVO DE 2022","R$ 726.425,00",,,Comissão Especial de Licitação IV,09:00,PORTAL DE COMPRAS PÚBLICAS,2022
0016/2022,0137/2022,08/06/2022,17/06/2022,Inexigibilidade,Prefeitura municipal de Petrolina,Processo Concluído,Compras e serviços,"contratação de LUAL PRODUÇÕES ARTÍSTICAS LTDA, para apresentação artística musical da “LUCY ALVES” que irá se apresentar durante as festividades do SÃO JOÃO 2022 – CICLO JUNINO – NO PÁTIO DE EVENTOS",,,,Comissão permanente de licitação,11:00,PREFEITURA DE PETROLINA ,2022
0074/2022,0000/0000,13/07/2022,11/07/2022,Dispensa por outros motivos,Prefeitura municipal de Petrolina,Processo Concluído,Locação,"A Locadora oferta à Locatária sob o regime de locação, um imóvel de sua propriedade localizados na Rua Crispim Amorim Coelho, N.º 269, Centro, Petrolina – PE, CEP: 56304-220, com a finalidade de ali funcionar.",,,,Comissão permanente de licitação,11:00,PREFEITURA DE PETROLINA,2022
0162/2022,0296/2022,21/12/2022,08/12/2022,Pregão eletrônico,Secretaria Municipal de Saúde | SESAU,Aberta,Compras e serviços,"aquisição de insumos e medicamentos,  conforme especificações e quantitativos indicados, para suprir as necessidades da Secretaria Municipal de Saúde de Petrolina-PE.","R$ 25.929,24",,,Comissão Especial de Licitação V,09:00,Portal de Compras Públicas,2022
0023/2022,0275/2022,28/11/2022,06/10/2022,Concorrência,Secretaria de Infraestrutura e Mobilidade,Em andamento,Compras e serviços,"Contratação de empresa especializada para prestação de serviços de engenharia civil relativos à ETAPA 01 DA DUPLICAÇÃO DA PAVIMENTAÇÃO DA AVENIDA ENTRE A BR-428 E BR-407, NO MUNICÍPIO DE PETROLINA/PE, conforme solicitação expressa da SEINFRA.","R$ 32.761.326,95","R$ 0,00",,Comissão permanente de licitação,09:00,"Superintendência Geral de Licitações, sito a Av. Guararapes, nº 2.114 – 2º andar do Anexo- Centro - Petrolina-PE.",2022
0078/2022,0256/2022,08/09/2022,20/09/2022,Inexigibilidade,Prefeitura municipal de Petrolina,Processo Concluído,Compras e serviços,"contratação de BM PRODUÇÕES ARTÍSTICAS EIRELI - EPP, para apresentação artística musical de “BELL MARQUES” que irá se apresentar em show de COMEMORAÇÃO AO ANIVERSÁRIO DE 127 ANOS DE PETROLINA - PE, na ORLA 2 DE PETROLINA",,,,Comissão permanente de licitação,11:00,PREFEITURA DE PETROLINA,2022
0097/2022,0155/2022,07/07/2022,27/06/2022,Pregão eletrônico,Secretaria Municipal de Saúde | SESAU,Processo Concluído,Compras e serviços,"Prestação de serviços de empresa especializada em locação de veículo para o transporte de cilindro de oxigênio em favor dos pacientes atendidos pelo Serviço de Atenção Domiciliar (SAD), para suprir as necessidades da Secretaria Municipal de Saúde ","R$ 59.628,00",,,Comissão Especial de Licitação V,09:00,Portal de Compras Públicas,2022
0082/2022,0000/0000,13/07/2022,05/07/2022,Dispensa por outros motivos,Prefeitura municipal de Petrolina,Processo Concluído,Compras e serviços,"CONTRATAR DANTAS PRODUÇÕES E SERVIÇOS LTDA - ME, inscrito no CNPJ sob o nº 24.971.999/0001-84, para a prestação de serviços artístico/musical DA ATRAÇÃO KEU DANTAS a se apresentar durante o Ciclo Junino 2022",,,,Comissão permanente de licitação,11:00,Prefeitura de Petrolina,2022
0005/2022,0031/2022,04/04/2022,03/03/2022,Concorrência,Secretaria de Infraestrutura e Mobilidade,Em andamento,Compras e serviços,"CONTRATAÇÃO DE EMPRESA DE ENGENHARIA PARA A EXECUÇÃO DOS SERVIÇOS DE ENGENHARIA PARA MANUTENÇÃO DE PRAÇAS, NO MUNICÍPIO DE PETROLINA/PE.","R$ 5.422.088,74","R$ 0,00",,Comissão permanente de licitação,09:00,"Superintendência Geral de Licitações, sito a Av. Guararapes, nº 2.114 – 2º andar do Anexo- Centro - Petrolina-PE.",2022
0122/2022,0231/2022,06/09/2022,25/08/2022,Pregão eletrônico,Secretaria Municipal de Saúde | SESAU,Processo Concluído,Compras e serviços,"prestação de serviço de manutenção preventiva e/ou corretiva em forro de gesso e parede de bloco de gesso, conforme especificações e quantitativos indicados, para suprir as necessidades da secretaria Municipal de Saúde de Petrolina-PE","R$ 627.075,00",,,Comissão Especial de Licitação V,09:00,Portal de Compras Públicas,2022
0102/2022,0172/2022,13/07/2022,29/06/2022,Pregão eletrônico,Secretaria Municipal de Saúde | SESAU,Processo Concluído,Compras e serviços,"""Aquisição de fraldas e suplementos alimentares para atender as ordens judiciais, conforme especificações e quantitativos indicados, para suprir as necessidades da Secretaria Municipal de Saúde de Petrolina-PE""","R$ 175.351,20",,,Comissão Especial de Licitação V,09:00,Portal de Compras Públicas,2022
0086/2022,0131/2022,13/06/2022,31/05/2022,Pregão eletrônico,Secretaria Municipal de Saúde | SESAU,Processo Concluído,Compras e serviços,"Eventual aquisição de alimentos perecíveis para os CAPS Infantil, II e AD III, conforme especificações e quantitativos indicados, para suprir as necessidades da secretaria Municipal de Saúde de Petrolina-PE.","R$ 1.512.617,32",,,Comissão Especial de Licitação V,09:00,Portal de Compras Públicas,2022
0150/2022,0278/2022,25/10/2022,13/10/2022,Pregão eletrônico,Secretaria Municipal de Desenvolvimento Social e Direitos Humanos,Em andamento,Compras e serviços,aquisição de 1 (um) automóvel (zero quilômetro) para atender às necessidades da Secretaria Executiva da Juventude e Direitos Humanos. ,"R$ 81.606,00","R$ 0,00",,Comissão Especial de Pregão II,09:00,PORTAL DE COMPRAS PÚBLICAS (portaldecompraspublicas.com.br),2022
0108/2022,0202/2022,27/07/2022,13/07/2022,Pregão eletrônico,Secretaria Municipal de Saúde | SESAU,Revogada,Compras e serviços,"aquisição de medicamentos, conforme especificações e quantitativos indicados, para suprir as necessidades da secretaria Municipal de Saúde de Petrolina-PE","R$ 4.548.998,85",,,Comissão Especial de Licitação V,09:00,Portal de Compras Públicas,2022
0091/2022,0142/2022,21/06/2022,03/06/2022,Pregão eletrônico,Secretaria Municipal de Saúde | SESAU,Processo Concluído,Compras e serviços,"aquisição de materiais e equipamentos odontológicos, conforme especificações e quantitativos indicados, para suprir as necessidades da secretaria Municipal de Saúde de Petrolina-PE.","R$ 1.539.498,54",,,Comissão Especial de Licitação V,09:00,Portal de Compras Públicas,2022
0106/2022,0193/2022,29/07/2022,15/07/2022,Pregão eletrônico,"Secretaria Municipal de Educação, Cultura e Esportes",Processo Concluído,Compras e serviços,"EVENTUAL AQUISIÇÃO DE PÃO DE SAL TIPO SEDA, BOLO TIPO FATIA E PÃO DE FORMA INTEGRAL DESTINADOS À ALIMENTAÇÃO ESCOLAR PARA ATENDER OS ALUNOS DA REDE MUNICIPAL DE ENSINO E DO PROGRAMA NOVA SEMENTE DO MUNICÍPIO DE PETROLINA/PE","R$ 3.026.529,00",,,Comissão Especial de Licitação IV,09:00,portal de compras públicas,2022
0003/2022,0103/2022,30/05/2022,12/05/2022,Tomada de preço,Secretaria de Infraestrutura e Mobilidade,Processo Concluído,Obras e serviços de engenharia,"IMPLANTAÇÃO, READEQUAÇÃO E MODERNIZAÇÃO (COBERTURA METÁLICA) DE QUADRAS POLIESPORTIVAS NOS BAIRROS: COHAB III, VALE GRANDE RIO E ALTO DO COCAR -  CONVÊNIO Nº 862800/2017","R$ 2.006.627,20","R$ 0,00",,Comissão permanente de licitação,09:00,"AVENIDA GURARAPES, Nº 2114, CENTRO, PETROLINA/PE - SEGUNDO ANDAR DO ANEXO",2022
0163/2022,0297/2022,02/12/2022,22/11/2022,Pregão eletrônico,Secretaria Municipal de Planejamento e Gestão,Processo Concluído,Compras e serviços,"Eventual fornecimento de material de consumo (café e açúcar), para atender as necessidades de diversas Secretarias Municipais e outros órgãos da administração ","R$ 80.100,98",,,Comissão Especial de Pregão III,09:00,www.portaldecompraspublicas.com.br ,2022
0174/2022,0312/2022,02/12/2022,22/11/2022,Pregão eletrônico,Secretaria Municipal de Saúde | SESAU,Aberta,Compras e serviços,"Eventual aquisição de ração para cães adultos e ração de equinos ambos para o Centro de Controle de Zoonoses, conforme especificações e quantitativos indicados, para suprir as necessidades da Secretaria Municipal de Saúde de Petrolina-PE.","R$ 131.632,50",,,Comissão Especial de Licitação V,09:00,Portal de Compras Públicas,2022
0005/2022,0077/2022,25/03/2022,04/04/2022,Dispensa por outros motivos,Prefeitura municipal de Petrolina,Processo Concluído,Compras e serviços,"Serviços de transporte escolar, destinados ao transporte de alunos da Rede Municipal de Ensino, conforme solicitação da
Secretaria Municipal de Educação, Cultura e Esportes.",,,,Comissão permanente de licitação,22:00,Prefeitura de Petrolina,2022
0113/2021,0000/0000,06/10/2022,07/12/2022,Dispensa por outros motivos,Prefeitura municipal de Petrolina,Processo Concluído,Compras e serviços, referente aos serviços de manutenção e recarga de extintores,,,,Comissão permanente de licitação,11:00,Prefeitura de petrolina,2022
0001/2022,0015/2022,28/03/2022,24/02/2022,Concorrência,Secretaria de Agricultura,Em julgamento,Compras e serviços,Prestação de serviços de engenharia civil relativos à execução das obras e serviços de engenharia para conclusão dos sistemas de abastecimento de água no Povoado de Nova Descoberta e assentamento Mansueto de Lavor no município de Petrolina/PE.,"R$ 4.738.685,17","R$ 0,00",,Comissão permanente de licitação,09:00,"Prefeitura Municipal de Petrolina na SGL, sito na Av. Guararapes, 2114, 2º Andar do Anexo, Centro, Petrolina-PE.",2022
0057/2022,0198/2022,12/07/2022,05/07/2022,Inexigibilidade,Prefeitura municipal de Petrolina,Processo Concluído,Compras e serviços,"contratação de G T PRODUÇÕES E EVENTOS, para apresentação artística musical de “PEDRO SAMPAIO” que irá se apresentar durante as festividades do SÃO JOÃO 2022 – CICLO JUNINO – PÁTIO DE EVENTOS",,,,Comissão permanente de licitação,11:00,PREFEITURA DE PETROLINA,2022
0032/2022,0165/2022,07/06/2022,15/06/2022,Inexigibilidade,Prefeitura municipal de Petrolina,Processo Concluído,Compras e serviços,"contratação de S.S GRAVAÇÕES E EDIÇÕES MUSICAIS LTDA - ME, para apresentação artística musical de “SIMONE & SIMARIA” que irá se apresentar durante as festividades do SÃO JOÃO 2022 – CICLO JUNINO – PÁTIO DE EVENTOS",,,,Comissão permanente de licitação,11:00,"contratação de S.S GRAVAÇÕES E EDIÇÕES MUSICAIS LTDA - ME, para apresentação artística musical de “SIMONE & SIMARIA” que irá se apresentar durante as festividades do SÃO JOÃO 2022 – CICLO JUNINO – PÁT",2022
0068/2022,0224/2022,20/07/2022,11/08/2022,Inexigibilidade,Prefeitura municipal de Petrolina,Em andamento,Compras e serviços,"Contratação da empresa VIANNA DE CARVALHO CURSOS E AULAS LTDA - ME, inscrita no CNPJ sob o nº 13.292.261/0001-74, para realizar curso
de capacitação com o tema “Nova Lei de Licitações e Contratos Administrativos”",,,,Comissão permanente de licitação,11:00,PREFEITURA DE PETROLINA,2022
0081/2022,,06/07/2022,27/07/2022,Dispensa por outros motivos,Prefeitura municipal de Petrolina,Processo Concluído,Compras e serviços,"Contratação JAIDETE MARTINS VARJÃO, inscrito no CNPJ sob o nº 27.370.695/0001- 50, para a prestação de serviços artístico/musical da atração JAIDETE VARJÃO,",,,,Comissão permanente de licitação,11:00,PREFEITURA DE PETROLINA,2022
0020/2021,0279/2021,27/01/2022,22/12/2021,Concorrência,Autarquia Municipal de Mobilidade de Petrolina | AMMPLA,Processo Concluído,Obras e serviços de engenharia,EVENTUAL CONTRATAÇÃO DE EMPRESA PARA PRESTAÇÃO DE SERVIÇOS DE ENGENHARIA RELATIVOS ÀS MELHORIAS E ORDENAMENTOS DO SISTEMA VIÁRIO.,"R$ 5.057.242,18","R$ 0,00",,Comissão permanente de licitação,09:00,"AVENIDA GUARARAPES, 2114, CENTRO, PETROLINA/PE",2022
0005/2022,0181/2022,15/09/2022,16/08/2022,Tomada de preço,Secretaria Municipal de Desenvolvimento Urbano e Habitação,Em andamento,Compras e serviços,"Contratação de empresa especializada em prestação de Serviços Técnicos Sociais na área de Habitação de Interesse Social para Execução do Projeto de Trabalho Social - PTS, no Residencial Novo Tempo 5 - SEDURBHS.","R$ 276.000,00","R$ 0,00",,Comissão Especial Permanente de Licitação,09:00,"Avenida Guararapes, nº 2.114 - Centro - Petrolina-PE",2022
0048/2022,0187/2022,10/06/2022,23/06/2022,Inexigibilidade,Prefeitura municipal de Petrolina,Processo Concluído,Compras e serviços,"contratação de ONE PLAY – GRAVADORA E PRODUTORA DE EVENTOS EIRELI - EPP, para apresentação artística musical de “FELIPE AMORIM” que irá se apresentar durante as festividades do SÃO JOÃO 2022 – CICLO JUNINO – PÁTIO DE EVENTOS",,,,Comissão permanente de licitação,10:00,prefeitura de Petrolina,2022
0236/2021,0318/2021,12/01/2022,29/12/2021,Pregão eletrônico,Secretaria Municipal de Desenvolvimento Social e Direitos Humanos,Processo Concluído,Compras e serviços,"Eventual aquisição peças de informática, para atender as necessidades da Secretaria Municipal de Desenvolvimento Social e Direitos Humanos","R$ 42.073,77","R$ 0,00",,Comissão Especial de Pregão I,09:00,"PORTAL DE COMPRAS PÚBLICAS, no endereço eletrônico www.portaldecompraspublicas.com.br.",2022
0009/2022,0009/2022,28/01/2022,18/01/2022,Pregão eletrônico,Secretaria Municipal de Saúde | SESAU,Processo Concluído,Compras e serviços,"eventual aquisição de móveis e equipamentos para a Farmácia da Família, conforme especificações e quantitativos indicados, para suprir as necessidades da Secretaria Municipal de Saúde de Petrolina-PE","R$ 40.293,48",,,Comissão Especial de Licitação V,15:00,Portal de Compras Públicas,2022
0009/2022,0122/2022,17/05/2022,20/05/2022,Inexigibilidade,Prefeitura municipal de Petrolina,Processo Concluído,Compras e serviços,"Contratação de FARIAS EVENTOS E PRODUÇÕES EIRELI, para apresentação artística musical de “RANIERI” que irá se apresentar durante as festividades do SÃO JOÃO 2022 – CICLO JUNINO – JECANA DO CAPIM",,,,Comissão permanente de licitação,11:00,Prefeitura de Petrolina,2022
0012/2022,0074/2022,20/05/2022,19/04/2022,Concorrência,"Secretaria Municipal de Educação, Cultura e Esportes",Processo Concluído,Compras e serviços,"Contratação de empresa especializada para prestação de serviços de engenharia civil relativos à CONSTRUÇÃO DE ESCOLA DE 6 (SEIS) SALAS COM QUADRA, PADRÃO FNDE, NO BAIRRO JARDIM GUARARAPES.","R$ 3.615.915,90","R$ 0,00",,Comissão permanente de licitação,09:00,"Superintendência Geral de Licitações, sito a Av. Guararapes, nº 2.114 – 2º andar do Anexo- Centro - Petrolina-PE",2022
0010/2022,0011/2022,18/02/2022,17/01/2022,Pregão eletrônico,"Secretaria Municipal de Educação, Cultura e Esportes",Revogada,Compras e serviços,"EVENTUAL CONTRATAÇÃO DE EMPRESA ESPECIALIZADA NO FORNECIMENTO DE PROJETO PEDAGÓGICO DE LABORATÓRIOS DE ROBÓTICA, DESTINADOS À AMPLIAÇÃO DAS ATIVIDADES NAS UNIDADES ESCOLARES DE ANOS FINAIS QUE COMPÕEM A REDE MUNICIPAL DE ENSINO DE PETROLINA","R$ 3.850.000,00",,,Comissão Especial de Licitação IV,09:00,PORTAL DE COMPRAS PÚBLICAS,2022
0243/2021,0327/2021,27/01/2022,14/01/2022,Pregão eletrônico,"Secretaria Municipal de Educação, Cultura e Esportes",Revogada,Compras e serviços,"CONTRATAÇÃO DE EMPRESA ESPECIALIZADA NO FORNECIMENTO DE UNIFORME ESCOLAR PARA ATENDER A
DEMANDA DOS ALUNOS DA REDE MUNICIPAL DE ENSINO DE PETROLINA","R$ 4.098.222,57",,,Comissão Especial de Licitação IV,09:00,portal de compras públicas,2022
0001/2022,0048/2022,28/03/2022,17/03/2022,Credenciamento,Secretaria Municipal de Saúde | SESAU,Em andamento,Compras e serviços,"CREDENCIAMENTO DE PESSOAS JURÍDICAS PARA A PRESTAÇÃO DE SERVIÇOS DE SAÚDE, PARA A REALIZAÇÃO, DE FORMA COMPLEMENTAR AO SISTEMA ÚNICO DE SAÚDE – SUS – PETROLINA/PE, CONSULTAS MÉDICAS ESPECIALIZADAS, EXAMES DE DIAGNÓSTICO POR IMAGEM E PROCEDIMENTOS CLÍNICOS",,,,Comissão Especial de Licitação V,09:00,"AV. GUARARAPES, Nº 2114, CENTRO, PETROLINA/PE. SUPERINTENDÊNCIA GERAL DE LICITAÇÕES - 2º ANDAR DO ANEXO",2022
0088/2022,0134/2022,10/06/2022,30/05/2022,Pregão eletrônico,Secretaria Municipal de Saúde | SESAU,Aberta,Compras e serviços,"eventual aquisição de placas fachada em estrutura de metalon e placas de descerramento, conforme especificações e quantitativos indicados, para suprir as necessidades da secretaria Municipal de Saúde de Petrolina-PE","R$ 25.601,70",,,Comissão Especial de Licitação V,09:00,Portal de Compras Públicas,2022
0021/2022,,14/10/2022,13/09/2022,Concorrência,"Secretaria Municipal de Educação, Cultura e Esportes",Processo Concluído,Compras e serviços,"Contratação de empresa especializada para prestação de serviços de engenharia civil relativos à CONSTRUÇÃO DE ESCOLA DE 12 SALAS COM QUADRA, PADRÃO FNDE – NOVA VIDA I, no município de Petrolina-PE.","R$ 6.840.407,80","R$ 0,00",,Comissão permanente de licitação,09:00,"Superintendência Geral de Licitações, sito a Av. Guararapes, nº 2.114 – 2º andar do Anexo- Centro - Petrolina-PE",2022
0131/2022,0242/2022,29/09/2022,05/09/2022,Pregão eletrônico,Secretaria Municipal de Desenvolvimento Social e Direitos Humanos,Processo Concluído,Compras e serviços,Eventual aquisição de peças e equipamentos de informática,"R$ 739.035,67",,,Comissão Especial de Pregão III,09:00,www.portaldecompraspublicas.com.br,2022
0045/2022,0000/0000,10/05/2022,27/05/2022,Dispensa por outros motivos,Prefeitura municipal de Petrolina,Processo Concluído,Compras e serviços,"Contratação de FRANCISCO EDENIO GONÇALVES LIMA FILHO DE PETROLINA - ME, para apresentação artística musical de EDENIO LIMA",,,,Comissão permanente de licitação,11:00,Prefeitura de Petrolina,2022
0076/2022,0114/2022,27/05/2022,16/05/2022,Pregão eletrônico,"Secretaria Municipal de Educação, Cultura e Esportes",Processo Concluído,Compras e serviços,"EVENTUAL AQUISIÇÃO DE MATERIAIS DE EXPEDIENTE E DIDÁTICOS DESTINADOS A ATENDER ÀS NECESSIDADES DA SECRETARIA DE EDUCAÇÃO, CULTURA E ESPORTES, AS UNIDADES ESCOLARES DA REDE MUNICIPAL DE ENSINO E DO PROGRAMA NOVA SEMENTE DO MUNICÍPIO DE PETROLINA/PE","R$ 2.501.829,00",,,Comissão Especial de Licitação IV,09:00,PORTAL DE COMPRAS PÚBLICAS,2022
0075/2022,0113/2022,13/07/2022,23/05/2022,Pregão eletrônico,Prefeitura municipal de Petrolina,Processo Concluído,Compras e serviços,"Eventual locação de impressora multifuncional, pelo período de 12 (doze) meses","R$ 154.732,80",,,Comissão Especial de Pregão III,09:00,www.portaldecompraspublicas.com.br,2022
0004/2022,0000/0000,12/12/2022,05/01/2023,Adesão interna,Prefeitura municipal de Petrolina,Processo Concluído,Compras e serviços,"CONTRATAÇÃO DA EMPRESA VENTISOL DA AMAZONIA INDUSTRIA DE APARELHOS ELETRICOS LTDA, INSCRITA NO CNPJ SOB O N° 17.417.928/0001- 79, PARA FORNECIMENTO DE APARELHOS DE ARES CONDICIONADOS PARA  ATENDER, PARA ATENDER AS ",,,,Comissão permanente de licitação,11:00,PREFEITURA DE PETROLINA,2022
0042/2022,0063/2022,11/04/2022,29/03/2022,Pregão eletrônico,Secretaria Municipal de Saúde | SESAU,Em andamento,Compras e serviços,"Prestação de serviços de manutenção de central telefônica do SAMU, conforme especi-ficações e quantitativos indicados, para suprir as necessidades da secretaria Municipal de Saúde de Petrolina-PE","R$ 17.435,28",,,Comissão Especial de Licitação V,09:00,Portal de Compras Públicas,2022
0020/2022,0145/2022,24/05/2022,31/05/2022,Inexigibilidade,Prefeitura municipal de Petrolina,Processo Concluído,Compras e serviços,"contratação de TA SHOWS LTDA, para apresentação artística musical da “TARCÍSIO DO ACORDEON” que irá se apresentar durante as festividades do SÃO JOÃO 2022 – CICLO JUNINO – PÁTIO DE EVENTOS.",,,,Comissão permanente de licitação,10:00,Prefeitura de Petrolina,2022
0015/2022,0136/2022,20/05/2022,27/05/2022,Inexigibilidade,Prefeitura municipal de Petrolina,Processo Concluído,Compras e serviços,"contratação de GRUPO MUSICAL CAVALEIROS DO FORRÓ LTDA - EPP, para apresentação artística musical de “CAVALEIROS DO FORRÓ” que irá se apresentar durante as festividades do SÃO JOÃO 2022 – CICLO JUNINO – PÁTIO DE EVENTOS",,,,Comissão permanente de licitação,11:00,Prefeitura de Petrolina,2022
0159/2022,0291/2022,09/11/2022,25/10/2022,Pregão eletrônico,Secretaria Municipal de Saúde | SESAU,Processo Concluído,Compras e serviços,"eventual aquisição de gêneros alimentícios não perecíveis para atender as necessidades dos CAPS Infantil, II e AD III, conforme especificações e quantitativos indicados, para suprir as necessidades da secretaria Municipal de Saúde de Petrolina-PE.","R$ 1.505.552,75",,,Comissão Especial de Licitação V,09:00,Portal de Compras Públicas,2022
0148/2022,0276/2022,18/10/2022,05/10/2022,Pregão eletrônico,Secretaria Municipal de Saúde | SESAU,Processo Concluído,Compras e serviços,"prestação de serviços de fornecimento de marmitex, lanche e coffe break, conforme especificações e quantitativos indicados, para suprir as necessidades da secretaria Municipal de Saúde de Petrolina-PE","R$ 319.380,00",,,Comissão Especial de Licitação V,09:00,Portal de Compras Públicas,2022
0086/2022,0343/2022,14/12/2022,07/02/2023,Inexigibilidade,Prefeitura municipal de Petrolina,Processo Concluído,Compras e serviços,"contratação de FT SHOWS LTDA, inscrita no CNPJ sob o nº 39.998.900/0001-05, para a prestação de serviços artístico/musical da atração BANDA FABINHO TESTADO",,,,Comissão permanente de licitação,11:00,PREFEITURA DE PETROLINA,2022
0031/2022,0164/2022,08/06/2022,17/06/2022,Inexigibilidade,Prefeitura municipal de Petrolina,Processo Concluído,Compras e serviços,"Contrataçãoda empresa WBM PRODUTORA DE EVENTOS LTDA - EPP, para apresentação artística musical de “BRUNO & MARRONE” que irá se apresentar durante as festividades do SÃO JOÃO 2022 – CICLO JUNINO – PÁTIO DE EVENTOS",,,,Comissão permanente de licitação,11:00,prefeitura de petrolina,2022
0030/2022,0163/2022,07/06/2022,20/06/2022,Inexigibilidade,Prefeitura municipal de Petrolina,Processo Concluído,Compras e serviços,"contratação de VF SHOWS PRODUÇÕES LTDA - ME, para apresentação artística musical de “VITOR FERNANDES” que irá se  apresentar durante as festividades do SÃO JOÃO 2022 – CICLO JUNINO – PÁTIO DE EVENTOS,",,,,Comissão permanente de licitação,11:00,Prefeitura de Petrolina,2022
0001/2022,0001/2022,01/02/2022,19/01/2022,Pregão eletrônico,Secretaria Municipal de Saúde | SESAU,Processo Concluído,Compras e serviços,"eventual prestação de serviços de fornecimento de grades de proteção, conforme especificações e quantitativos indicados, para suprir as necessidades da secretaria Municipal de Saúde de Petrolina-PE","R$ 517.200,00",,,Comissão Especial de Licitação V,09:00,Portal de Compras Públicas,2022
0094/2022,0149/2022,20/06/2022,03/06/2022,Pregão eletrônico,"Secretaria Municipal de Educação, Cultura e Esportes",Revogada,Compras e serviços,"EVENTUAL AQUISIÇÃO DE MOBILIÁRIOS E EQUIPAMENTOS ERGONÔMICOS DESTINADOS A ATENDER ÀS NECESSIDADES DA SECRETARIA DE EDUCAÇÃO, CULTURA E ESPORTES E DAS UNIDADES ESCOLARES DA REDE MUNICIPAL DE ENSINO DE PETROLINA/PE","R$ 20.459.335,35",,,Comissão Especial de Licitação IV,09:00,PORTAL DE COMPRAS PÚBLICAS,2022
0006/2022,0097/2022,13/04/2022,25/05/2022,Inexigibilidade,Prefeitura municipal de Petrolina,Processo Concluído,Compras e serviços,"contrato a prestação de serviços de assessoria na área contábil para elaboração e envio dos Demonstrativos de Informações Previdenciárias e
Repasse-DIPR e Demonstrativo das Aplicações e Investimento dos Recursos – DAIR ",,,,Comissão permanente de licitação,10:00,Prefeitura de Petrolina,2022
0049/2022,0000/0000,04/05/2022,27/05/2022,Dispensa por outros motivos,Prefeitura municipal de Petrolina,Processo Concluído,Compras e serviços,"Contratar GEANDRO M S MOTA – ME, inscrito no CNPJ sob o nº 08.148.323/0001- 39, para a prestação de serviços artístico/musical da atração
GEAN MOTA a se apresentar durante o Ciclo Junino 2022.",,,,Comissão Especial Permanente de Licitação,11:00,Prefeitura de Petrolina ,2022
0075/2022,0000/0000,03/10/2022,17/10/2022,Dispensa por outros motivos,Prefeitura municipal de Petrolina,Processo Concluído,Compras e serviços,"Contratar a emissão de laudos laboratórios de ensaios em mochilas e fardamentos escolares, afim de atender as necessidades da Secretaria de Educação, Cultura e Esportes.",,,,Comissão permanente de licitação,11:00,PREFEITURA DE PETROLINA,2022
0013/2022,0127/2022,18/05/2022,26/05/2022,Inexigibilidade,Prefeitura municipal de Petrolina,Processo Concluído,Compras e serviços,"Contratação da empresa AVINE VINNY PRODUÇÕES ARTÍSTICAS LTDA - ME, inscrito no CNPJ sob o nº 20.661.405/0001-88, para a prestação de
serviços artístico/musical da atração BANDA AVINE VINNY a se apresentar durante o Ciclo Junino 2022 ",,,,Comissão permanente de licitação,10:00,Prefeitura de Petrolina,2022
0058/2022,0088/2022,31/05/2022,16/05/2022,Pregão eletrônico,Secretaria Municipal de Saúde | SESAU,Processo Concluído,Compras e serviços,"Eventual aquisição de materiais e equipamentos, conforme especificações e quantitativos indicados, para suprir as necessidades da secretaria Municipal de Saúde de Petrolina-PE","R$ 50.147,04",,,Comissão Especial de Licitação V,09:00,"Portal de Compras Públicas
",2022
0147/2022,0274/2022,16/11/2022,31/10/2022,Pregão eletrônico,Secretaria Municipal de Desenvolvimento Social e Direitos Humanos,Deserta,Compras e serviços,"EVENTUAL AQUISIÇÃO DE VEÍCULOS, para suprir as necessidades da Secretaria Municipal de Desenvolvimento Social e Direitos Humanos de Petrolina-PE, solicitação expressa da mesma.","R$ 152.413,34","R$ 0,00",,Comissão Especial de Pregão I,09:00,"O certame será realizado por meio do Sistema do PORTAL DE COMPRAS PÚBLICAS, no endereço eletrônico www.portaldecompraspublicas.com.br.",2022
0059/2022,0089/2022,10/05/2022,27/04/2022,Pregão eletrônico,Secretaria Municipal de Saúde | SESAU,Aberta,Compras e serviços,"Aquisição de móveis e eletrodomésticos, conforme especificações e quantitativos indicados, para suprir as necessidades da Secretaria Municipal de Saúde de Petrolina-PE","R$ 471.885,54",,,Comissão Especial de Licitação V,09:00,Portal de Compras Pública,2022
0152/2022,0280/2022,04/11/2022,21/10/2022,Pregão eletrônico,Secretaria Municipal de Desenvolvimento Social e Direitos Humanos,Processo Concluído,Compras e serviços,"Aquisição de bens duráveis para o fortalecimento institucional da Secretaria Executiva de Juventude, Direitos Humanos, Mulher e Acessibilidade da cidade de Petrolina/PE","R$ 10.021,46",,,Comissão Especial de Pregão III,09:00,www.portaldecompraspublicas.com.br,2022
0010/2022,0285/2022,04/10/2022,31/10/2023,Dispensa por outros motivos,Prefeitura municipal de Petrolina,Processo Concluído,Compras e serviços,"Aquisição de medicamento, conforme solicitação expressa da Secretaria Municipal de Saúde e os quantitativos e as especificações
técnicas constantes da proposta da CONTRATADA, que faz parte integrante deste contrato.",,,,Comissão de Licitação 01,11:00,PREFEITURA DE PETROLINA,2022
0022/2022,0028/2022,17/03/2022,04/03/2022,Pregão eletrônico,"Secretaria Municipal de Educação, Cultura e Esportes",Processo Concluído,Compras e serviços,REGISTRO DE PREÇO PARA EVENTUAL CONTRATAÇÃO DE EMPRESA PARA AQUISIÇÃO DE LIVROS PARADIDÁTICOS PARA ASSEGURAR O CUMPRIMENTO DA LEI Nº 12.244/2010 E A IMPLANTAÇÃO DO PROJETO: “PETROLINA LER +”,"R$ 7.121.032,64",,,Comissão Especial de Licitação IV,09:00,PORTAL DE COMPRAS PÚBLICAS,2022
0059/2022,0200/2022,09/06/2022,28/06/2022,Inexigibilidade,Prefeitura municipal de Petrolina,Processo Concluído,Compras e serviços,"contratação de SHOW COMPLETO PRODUÇÕES ARTÍSTICAS LTDA - ME, para apresentação artística musical de “MAIARA & MARAISA” que irá se apresentar durante as festividades do SÃO JOÃO 2022 – CICLO JUNINO – PÁTIO DE EVENTOS",,,,Comissão permanente de licitação,11:00,PREFEITURA DE PETROLINA,2022
0018/2022,,26/05/2022,08/06/2022,Inexigibilidade,Prefeitura municipal de Petrolina,Processo Concluído,Compras e serviços,"o a contratação de LUAN FORRÓ ESTILIZADO SHOWS EVENTOS E SERVIÇOS LTDA - ME, para apresentação artística
musical da “LUAN FORRÓ ESTILIZADO” que irá se apresentar durante as festividades do SÃO JOÃO 2022 – CICLO JUNINO",,,,Comissão permanente de licitação,11:00,"Contratar LUAN FORRÓ ESTILIZADO SHOWS EVENTOS E SERVIÇOS LTDA ,inscrito no CNPJ sob o nº 17.985.184/0001-99, para a prestação de serviços artístico/musical da atração LUAN FORRÓ ESTILIZADO ",2022
0056/2022,0086/2022,12/05/2022,29/04/2022,Pregão eletrônico,Secretaria Municipal de Saúde | SESAU,Processo Concluído,Compras e serviços,"eventual aquisição de medicamentos, conforme especificações e quantitativos indicados, para suprir as necessidades da secretaria Municipal de Saúde de Petrolina-PE","R$ 9.524.202,89",,,Comissão Especial de Licitação V,03:00,Portal de Compras Públicas,2022
0024/2022,0289/2022,21/11/2022,19/10/2022,Concorrência,Secretaria de Agricultura,Em andamento,Compras e serviços,"contratação de empresa especializada para prestação de serviços de engenharia civil relativos à CONCLUSÃO DOS SISTEMAS DE ABASTECIMENTO DE ÁGUA NO POVOADO DE NOVA DESCOBERTA E ASSENTAMENTO MANSUETO DE LAVOR, NO MUNICÍPIO DE PETROLINA/PE.","R$ 5.349.331,36","R$ 0,00",,Comissão permanente de licitação,09:00,"Superintendência Geral de Licitações, sito a Avenida Guararapes, nº 2.114 – 2º andar do Anexo - Centro - Petrolina-PE",2022
0143/2022,0268/2022,05/10/2022,22/09/2022,Pregão eletrônico,Secretaria Municipal de Saúde | SESAU,Fracassada,Compras e serviços,"Eventual aquisição de material médico hospitalar para o Centro de Controle de Zoonoses, conforme especificações e quantitativos indicados, para suprir as necessidades da secretaria Municipal de Saúde de Petrolina-PE","R$ 29.700,00",,,Comissão Especial de Licitação V,09:00,Portal de Compras Públicas,2022
0016/2022,0018/2022,14/02/2022,01/02/2022,Pregão eletrônico,"Secretaria Municipal de Educação, Cultura e Esportes",Processo Concluído,Compras e serviços,"EVENTUAL CONTRATAÇÃO DE EMPRESA ESPECIALIZADA EM ORGANIZAÇÃO DE EVENTOS, SOB DEMANDA, COMPREENDENDO A ORGANIZAÇÃO, ","R$ 735.550,00",,,Comissão Especial de Licitação IV,09:00,portal de compras públicas,2022
0072/2021,0000/0000,03/02/2022,27/05/2022,Dispensa por outros motivos,Prefeitura municipal de Petrolina,Processo Concluído,Locação,"Renovação contratual do imóvel onde funciona a casa de apoio aos professores que lecionam na Escola Municipal Eduardo de Souza, para atender as necessidades da Secretaria Municipal de Educação",,,,Comissão permanente de licitação,11:00,Prefeitura de petrolina,2022
0021/2021,0289/2021,04/01/2022,02/12/2021,Concorrência,Secretaria de Infraestrutura e Mobilidade,Processo Concluído,Compras e serviços,"Contratação de empresa especializada para prestação de serviços de engenharia civil relativos à IMPLANTAÇÃO DE OBRAS DE PAVIMENTAÇÃO EM VIAS DO MUNICÍPIO DE PETROLINA/PE, conforme solicitação expressa da Secretaria de Infraestrutura e Mobilidade – SEINFRA","R$ 9.928.187,00","R$ 0,00",,Comissão permanente de licitação,09:00,"Superintendência Geral de Licitações, sito a Av. Guararapes, nº 2.114 – 2º andar do Anexo- Centro - Petrolina-PE",2022
0077/2022,0116/2022,01/06/2022,19/05/2022,Pregão eletrônico,"Secretaria Municipal de Educação, Cultura e Esportes",Em andamento,Compras e serviços,"EVENTUAL AQUISIÇÃO DE EQUIPAMENTOS DE COZINHA E ELETRODOMÉSTICOS DESTINADOS A ATENDER ÀS NECESSIDADES DA SECRETARIA DE EDUCAÇÃO, CULTURA E ESPORTES E AS UNIDADES ESCOLARES DE RESPONSABILIDADE DA REDE MUNICIPAL DE ENSINO DE PETROLINA/PE","R$ 6.760.040,15",,,Comissão Especial de Licitação IV,09:00,PORTAL DE COMPRAS PÚBLICAS,2022
0022/2021,0300/2021,07/02/2022,22/12/2021,Concorrência,Secretaria Municipal de Planejamento e Gestão,Processo Concluído,Compras e serviços,"CONTRATAÇÃO DE SERVIÇOS DE PUBLICIDADE PRESTADOS POR INTERMÉDIO DE AGÊNCIA DE PROPAGANDA PARA ATENDER À COORDENADORIA DE COMUNICAÇÃO DA PREFEITURA MUNICIPAL DE PETROLINA.
","R$ 7.500.000,00","R$ 0,00",,Comissão permanente de licitação,09:00,"AVENIDA GUARARAPES, Nº 2114, CENTRO, PETROLINA/PE (SEGUNDO ANDAR DO ANEXO)",2022
0002/2022,0000/0000,14/12/2022,22/12/2022,Adesão interna,Prefeitura municipal de Petrolina,Processo Concluído,Compras e serviços,"Serviços de Coffee Break e Buffet, destinados a atender as necessidades da AGÊNCIA MUNICIPAL DO EMPREENDEDOR-AGE, de
acordo com as especificações e quantitativos previstos no Anexo I.",,,,Comissão permanente de licitação,11:00,prefeitura de petrolina,2022
0014/2021,0311/2021,06/04/2022,04/01/2022,Credenciamento,Secretaria Municipal de Saúde | SESAU,Processo Concluído,Compras e serviços,CREDENCIAMENTO DE PESSOAS JURÍDICAS PARA A PRESTAÇÃO DE SERVIÇOS DE EXAMES DE RESSONÂNCIAS MAGNÉTICAS E TOMOGRAFIAS COMPUTADORIZADAS.,,,,Comissão Especial Permanente de Licitação,09:00,"Superintendência Geral de Licitações, sito na Av. Guararapes, 2144, 2º Andar do Anexo, Centro, Petrolina-PE",2022
0011/2022,0331/2022,22/12/2022,22/12/2022,Credenciamento,Secretaria Municipal de Saúde | SESAU,Deserta,Compras e serviços,"contratação de Pessoas Jurídicas para a prestação de serviços de saúde, para a realização, de forma complementar ao Sistema Único de Saúde – SUS – Petrolina/PE, emissão e impressão de laudos com as imagens dos exames de apoio diagnóstico (RX)",,,,Comissão Especial de Licitação V,09:00,SGL,2022
0085/2022,0130/2022,22/06/2022,08/06/2022,Pregão eletrônico,Secretaria de Agricultura,Processo Concluído,Compras e serviços,"AQUISIÇÃO DE TRATOR AGRÍCOLA NOVO, POTÊNCIA: 85 CV MÍNIMA, TIPO COMBUSTÍVEL: ÓLEO DIESEL, ","R$ 247.500,00",,,Comissão Especial de Pregão III,09:00,www.portaldecompraspublicas.com.br,2022
0020/2022,0215/2022,28/09/2022,24/08/2022,Concorrência,"Secretaria Municipal de Educação, Cultura e Esportes",Em andamento,Compras e serviços,Contratação de empresa especializada para prestação de serviços de engenharia civil relativos à construção da Escola Municipal do Jardim Imperial.,"R$ 6.243.101,58","R$ 0,00",,Comissão permanente de licitação,09:00,"Superintendência Geral de Licitações, sito a Av. Guararapes, nº 2.114 – 2º andar do Anexo- Centro - Petrolina-PE.",2022
0140/2022,0260/2022,28/09/2022,14/09/2022,Pregão eletrônico,Secretaria Municipal de Saúde | SESAU,Processo Concluído,Compras e serviços,"aquisição de fraldas descartáveis em geral e específicas de ordens judiciais, conforme especificações e quantitativos indicados, para suprir as necessidades da secretaria Municipal de Saúde de Petrolina-PE","R$ 506.305,28",,,Comissão Especial de Licitação V,09:00,Portal de Compras Públicas,2022
0160/2022,0294/2022,10/11/2022,26/10/2022,Pregão eletrônico,Secretaria de Agricultura,Aberta,Compras e serviços,Aquisição de equipamentos de controle de acesso para veículos tipo cancela eletrônica,"R$ 15.411,92",,,Comissão Especial de Pregão III,09:00,www.portaldecompraspublicas.com.br ,2022
0176/2022,0314/2022,23/12/2022,12/12/2022,Pregão eletrônico,Secretaria Municipal de Desenvolvimento Social e Direitos Humanos,Aberta,Compras e serviços,EVENTUAL AQUISIÇÃO DE LONAS PLÁSTICAS PRETAS,"R$ 162.158,00",,,Comissão Especial de Pregão III,09:00,www.portaldecompraspublicas.com.br,2022
0009/2022,0310/2022,11/11/2022,11/11/2022,Credenciamento,Secretaria Municipal de Saúde | SESAU,Processo Concluído,Compras e serviços,"contratação de Pessoas Jurídicas para a prestação de serviços de saúde que consiste em coleta, transporte, processamento, análise e divulgação dos resultados referentes aos exames constantes na Tabela de Procedimentos/Valores SUS ",,,,Comissão Especial de Licitação V,09:00,Superintendência Geral de Licitações,2022
0026/2022,0035/2022,10/03/2022,03/03/2022,Pregão eletrônico,Secretaria Municipal de Saúde | SESAU,Processo Concluído,Compras e serviços,"Eventual aquisição de TESTE RÁPIDO PARA COVID-19, para suprir as necessidades da Secretaria Municipal de Saúde de Petrolina-PE e da Secretaria Municipal de Educação, Cultura e Esportes de Petrolina-PE","R$ 3.425.280,00",,,Comissão Especial de Licitação V,09:00,Portal de Compras Públicas,2022
0087/2022,0344/2022,23/11/2022,07/02/2023,Inexigibilidade,Prefeitura municipal de Petrolina,Processo Concluído,Compras e serviços,"contratação de PL SHOWS LTDA, inscrita no CNPJ sob o nº 44.447.958/0001-09, para a prestação de serviços artístico/musical da atração BANDA DIEGO SOUZA E PISADINHA DE LUXO, a se apresentar no REVEILLON 2023, em Petrolina-PE",,,,Comissão permanente de licitação,11:00,PREFEITURA DE PETROLINA,2022
0240/2021,0324/2021,04/01/2022,22/12/2021,Pregão eletrônico,Secretaria de Agricultura,Fracassada,Compras e serviços,"AQUISIÇÃO DE TRATOR AGRÍCOLA E IMPLEMENTOS, CONFORME SOLICITAÇÃO EXPRESSA DA SECRETARIA DE AGRICULTURA.","R$ 251.256,01","R$ 0,00",,Comissão Especial de Pregão I,10:30,"Sistema PORTAL DE COMPRAS PÚBLICAS, no endereço eletrônico: www.portaldecompraspublicas.com.br",2022
0008/2022,0052/2022,13/06/2022,16/03/2022,Concorrência,Secretaria de Infraestrutura e Mobilidade,Processo Concluído,Compras e serviços,"CONTRATAÇÃO DE EMPRESA ATUANTE NA ÁREA DE ENGENHARIA SANITÁRIA E AMBIENTAL PARA PRESTAÇÃO DE RELATIVOS À LIMPEZA URBANA E MANEJO DE RESÍDUOS SÓLIDOS. 

","R$ 51.287.280,98","R$ 0,00",,Comissão permanente de licitação,09:00,"Avenida Guararapes, nº 2114, centro, Petrolina/PE - (2º andar do anexo - Superintendência Geral de Licitações)",2022
0178/2022,0316/2022,08/12/2022,25/11/2022,Pregão eletrônico,Secretaria Municipal de Desenvolvimento Social e Direitos Humanos,Fracassada,Compras e serviços,"EVENTUAL AQUISIÇÃO DE VEÍCULOS, para suprir as necessidades da Secretaria Municipal de Desenvolvimento Social e Direitos Humanos de Petrolina-PE, solicitação expressa da mesma.","R$ 152.413,34","R$ 0,00",,Comissão Especial de Pregão I,09:00,"Sistema do PORTAL DE COMPRAS PÚBLICAS, no endereço eletrônico www.portaldecompraspublicas.com.br",2022
0070/2022,0233/2022,03/08/2022,16/08/2022,Inexigibilidade,Prefeitura municipal de Petrolina,Processo Concluído,Compras e serviços,"Contratar J DE A TEIXEIRA LTDA, inscrito no CNPJ sob o nº 44.601.729/0001-99, para a prestação de serviços artístico/musical da atração WILLIAN NASCIMENTO, a se apresentar na MARCHA PARA JESUS 2022, em Petrolina-PE",,,,Comissão permanente de licitação,11:00,PREFEITURA DE PETROLINA,2022
0006/2022,0006/2022,27/01/2022,17/01/2022,Pregão eletrônico,Secretaria Municipal de Saúde | SESAU,Processo Concluído,Compras e serviços,prestação de serviços de locação de equipamentos médico-hospitalares para o paci-ente PEDRO HENRIQUE GOMES SANTOS,"R$ 77.363,40",,,Comissão Especial de Licitação V,15:00,Portal de Compras Públicas,2022
0111/2022,0210/2022,01/08/2022,18/07/2022,Pregão eletrônico,Secretaria Municipal de Saúde | SESAU,Processo Concluído,Compras e serviços,"aquisição de insumos e medicamentos para atender a ordens judiciais, conforme especificações e quantitativos indicados, para suprir as necessidades da Secretaria Municipal de Saúde de Petrolina-PE","R$ 60.845,99",,,Comissão Especial de Licitação V,09:00,Portal de Compras Públicas,2022
0183/2022,0325/2022,29/12/2022,16/12/2022,Pregão eletrônico,"Secretaria Municipal de Educação, Cultura e Esportes",Processo Concluído,Obras e serviços de engenharia,"CONTRATAÇÃO DE EMPRESA DO RAMO DE ENGENHARIA CIVIL PARA, SOB DEMANDA, PRESTAR SERVIÇOS DE MANUTENÇÃO DE UNIDADES ESCOLARES, CULTURAIS, ESPORTIVAS E ADMINISTRATIVAS DA SECRETARIA DE EDUCAÇÃO, CULTURA E ESPORTES.","R$ 13.017.459,77","R$ 0,00",,Comissão permanente de licitação,09:00,PORTAL DE COMPRAS PÚBLICAS,2022
0169/2022,0303/2022,22/11/2022,09/11/2022,Pregão eletrônico,Secretaria Municipal de Saúde | SESAU,Aberta,Compras e serviços,aquisição de AASI - Aparelho de Amplificação Sonora Individual para atender a demanda do Centro Auditivo Drº Ary Brasilara e cidades pactuadas,"R$ 1.038.260,40",,,Comissão Especial de Licitação V,09:00,Portal de Compras Públicas,2022
0006/2022,0273/2022,19/10/2022,06/10/2022,Credenciamento,Secretaria de Agricultura,Aberta,Compras e serviços,"CREDENCIAMENTO de carros pipas com o condutor (pessoa física), equipado com motor bomba, mangote e conexões, com capacidade mínima de 8.000L (oito mil litros), para transporte e distribuição de água potável na zona rural do município.","R$ 720.000,00",,,Comissão Especial Permanente de Licitação,08:00,"Secretaria Municipal de Agricultura - Rua das Laranjeiras, n.º 265 – Centro, Petrolina-PE.",2022
0045/2022,0183/2022,14/06/2022,28/06/2022,Inexigibilidade,Prefeitura municipal de Petrolina,Processo Concluído,Compras e serviços,"contratação de BALADA EVENTOS E PRODUÇÕES LTDA, para apresentação artística musical de “GUSTTAVO LIMA E BANDA” que irá se apresentar durante as festividades do SÃO JOÃO 2022 – CICLO JUNINO – PÁTIO DE EVENTOS",,,,Comissão permanente de licitação,10:00,Prefeitura de Petrolina,2022
0005/2022,0247/2022,13/09/2022,13/09/2022,Credenciamento,Secretaria Municipal de Saúde | SESAU,Processo Concluído,Compras e serviços,"Selecionar propostas de credenciamento para a Pessoas Jurídicas para a prestação de serviços de saúde, para a realização, de forma complementar ao Sistema Único de Saúde – SUS – Petrolina/PE, consultas médicas especializadas",,,,Comissão Especial de Licitação V,09:00,SGL,2022
0098/2022,0156/2022,27/06/2022,13/06/2022,Pregão eletrônico,Secretaria Municipal de Saúde | SESAU,Aberta,Compras e serviços,"prestação de serviços de empresa especializada em serviços contínuos de nutrição e alimentação para os pacientes e funcionários do Centro de Parto Normal, para suprir as necessidades da secretaria Municipal de Saúde de Petrolina-PE","R$ 661.446,00",,,Comissão Especial de Licitação V,09:00,Portal de Compras Públicas,2022
0023/2022,0151/2022,18/05/2022,08/06/2022,Inexigibilidade,Prefeitura municipal de Petrolina,Processo Concluído,Compras e serviços,"contratação de NR DE MORAES PRODUÇÃO MUSICAL – ME (N MUSIC), para apresentação artística musical da
“EDY E NATHAN” que irá se apresentar durante as festividades do SÃO JOÃO 2022",,,,Comissão permanente de licitação,11:00,Prefeitura de Petrolina,2022
0024/2022,0152/2022,19/05/2022,08/06/2022,Inexigibilidade,Prefeitura municipal de Petrolina,Processo Concluído,Compras e serviços,"contratação de JONAS ESTICADO GRAVAÇÕES & EDIÇÕES MUSICAIS LTDA, para apresentação artística musical da
“JONAS ESTICADO” que irá se apresentar durante as festividades do SÃO JOÃO 2022 – CICLO JUNINO ",,,,Comissão permanente de licitação,11:00,Prefeitura de Petrolina,2022
0060/2022,0201/2022,06/06/2022,28/06/2022,Inexigibilidade,Prefeitura municipal de Petrolina,Processo Concluído,Compras e serviços,"contratação de CRISTIANA VALERIA NUNES DE MORAIS – ME, para apresentação artística musical de “DELMIRO BARROS” que irá se apresentar durante as festividades do SÃO JOÃO 2022 – CICLO JUNINO – MISSA DO VAQUEIRO",,,,Comissão permanente de licitação,11:00,PREFEITURA DE PETROLINA,2022
0085/2022,0000/0000,05/07/2022,12/07/2022,Dispensa por outros motivos,Prefeitura municipal de Petrolina,Processo Concluído,Locação,"Locatária sob o regime de locação, um imóvel de sua propriedade localizado na na Avenida Pernambuco, N.º 110, Centro, Petrolina – PE,",,,,Comissão permanente de licitação,11:00,PREFEITURA DE PETROLINA ,2022
0234/2021,0316/2021,12/01/2022,30/12/2021,Pregão eletrônico,Secretaria Municipal de Saúde | SESAU,Deserta,Compras e serviços,"contratação de empresa para serviço de transporte aéreo de material biológico, con-forme especificações e quantitativos indicados no termo de referência em anexo, para suprir as necessidades da secretaria Municipal de Saúde de Petrolina-PE","R$ 102.940,60",,,Comissão Especial de Licitação V,15:00,Portal de Compras Públicas,2022
0065/2022,0099/2022,25/05/2022,12/05/2022,Pregão eletrônico,Autarquia Municipal de Mobilidade de Petrolina | AMMPLA,Deserta,Compras e serviços,EVENTUAL AQUISIÇÃO DE 15 (QUINZE) MOTOCICLETAS DE NO MÍNIMO 290 (DUZENTOS E NOVENTA) CILINDRADAS EQUIPADAS PARA VIATURA (INCLUINDO EQUIPAMENTOS,"R$ 567.949,95",,,Comissão Especial de Pregão III,09:00,www.portaldecompraspublicas.com.br,2022
0050/2022,0000/0000,10/05/2022,27/05/2022,Dispensa por outros motivos,Prefeitura municipal de Petrolina,Processo Concluído,Compras e serviços,"Contratar ITALO RAMOS DE SOUZA11552258483, inscrito no CNPJ sob o nº 27.772.842/0001-18, para a prestação de serviços artístico/musical da atração YTALO & MACIEL a se apresentar durante o Ciclo Junino 2022",,,,Comissão permanente de licitação,11:00,Prefeitura de Petrolina,2022
0061/2022,0203/2022,13/07/2022,04/07/2022,Inexigibilidade,Prefeitura municipal de Petrolina,Processo Concluído,Compras e serviços,"contratação de empresa IL SHOWS LTDA, inscrito no CNPJ sob o nº 39.942.698/0001-08, para a prestação de serviços artístico/musical da atração IGUINHO E LULINHA, a se apresentar durante o Ciclo Junino 2022 – São João de Petrolina na Exporajada",,,,Comissão permanente de licitação,11:00,PREFEITURA DE PETROLINA,2022
0060/2022,0090/2022,17/05/2022,04/05/2022,Pregão eletrônico,"Secretaria Municipal de Educação, Cultura e Esportes",Processo Concluído,Compras e serviços,"EVENTUAL CONTRATAÇÃO DE EMPRESA ESPECIALIZADA PARA PRESTAÇÃO DOS SERVIÇOS DE DESENTUPIMENTO E LIMPEZA DE FOSSA SÉPTICA, PARA ATENDER ÀS NECESSIDADES DA REDE MUNICIPAL DE ENSINO DE PETROLINA/PE","R$ 453.160,00",,,Comissão Especial de Licitação IV,09:00,PORTAL DE COMPRAS PÚBLICAS,2022
0028/2022,0160/2022,13/07/2022,08/07/2022,Inexigibilidade,Prefeitura municipal de Petrolina,Processo Concluído,Compras e serviços,contrato a prestação de serviços técnicos de assessoria administrativa e gerencial nas áreas contábil e financeira da administração direta e indireta no Município de Petrolina para atender diversas Secretarias e órgãos municipais.,,,,Comissão permanente de licitação,11:00,PREFEITURA DE PETROLINA,2022
0090/2022,0000/0000,13/07/2022,27/07/2022,Dispensa por outros motivos,Prefeitura municipal de Petrolina,Processo Concluído,Compras e serviços,"Contratar SUPERSTAR, inscrito no CNPJ sob o nº 14.289.601/0001-70, para a prestação de serviços de atração artístico/musical o HENRIQUE NUNES E RODRIGO VASCONCELOS",,,,Comissão permanente de licitação,11:00,PREFEITURA DE PETROLINA ,2022
0037/2022,0054/2022,20/04/2022,06/04/2022,Pregão eletrônico,Secretaria Municipal de Saúde | SESAU,Processo Concluído,Compras e serviços,"eventual contratação de empresa especializada em prestação de serviços de móveis planejados para o CAPS II, conforme especificações e quantitativos indicados, para suprir as necessidades da secretaria Municipal de Saúde de Petrolina-PE","R$ 241.694,50",,,Comissão Especial de Licitação V,09:00,Portal de Compras Públicas,2022
0004/2022,0246/2022,13/09/2022,13/09/2022,Credenciamento,Secretaria Municipal de Saúde | SESAU,Em andamento,Compras e serviços,"Credenciamento de Pessoas Jurídicas para a prestação de serviços de saúde, para a realização, de forma complementar ao Sistema Único de Saúde – SUS – Petrolina/PE, consultas médicas especializadas, exames de diagnóstico por imagem e procedimentos clínicos",,,,Comissão Especial de Licitação V,09:00,SGL,2022
0040/2022,0175/2022,06/06/2022,20/06/2022,Inexigibilidade,Prefeitura municipal de Petrolina,Processo Concluído,Compras e serviços,"contratação de PRISCILA SENNA GRAVAÇÕES E EDIÇÕES MUSICAIS LTDA - ME, para apresentação artística musical de
“PRISCILA SENNA” que irá se apresentar durante as festividades do SÃO JOÃO 2022 – CICLO JUNINO – PÁTIO DE EVENTOS,",,,,Comissão permanente de licitação,11:00,Prefeitura de Petrolina,2022
0021/2022,0027/2022,21/02/2022,08/02/2022,Pregão eletrônico,Secretaria Municipal de Saúde | SESAU,Processo Concluído,Compras e serviços,"a eventual aquisição de materiais de higiene e limpeza, conforme especificações e quan-titativos indicados, para suprir as necessidades da secretaria Municipal de Saúde de Petrolina-PE","R$ 2.441.676,16",,,Comissão Especial de Licitação V,09:00,Portal de Compras Públicas,2022
0002/2022,0056/2022,28/03/2022,23/03/2022,Credenciamento,Autarquia Municipal de Mobilidade de Petrolina | AMMPLA,Processo Concluído,Compras e serviços,"Credenciamento de carros pipas com o condutor (pessoa física), equipado com motor bomba, mangote e conexões, com capacidade mínima de 8.000L (oito mil litros), ","R$ 161.280,00",,,Comissão Especial Permanente de Licitação,08:00,"AGÊNCIA MUNICIPAL DE MEIO AMBIENTE – AMMA, Rua Antônio Padilha, nº 55, Centro, Petrolina-PE, 08 às 12 h ou plataforma PETRO ONLINE (https://petrolina.pe.gov.br/petro-online/) das 07 às 18h",2022
0246/2021,0330/2021,18/01/2022,04/01/2022,Pregão eletrônico,Secretaria Municipal de Desenvolvimento Social e Direitos Humanos,Aberta,Compras e serviços,"Aquisição de veículo, para o fortalecimento institucional da secretaria executiva de juventude e direitos humanos","R$ 81.133,33",,,Comissão Especial de Pregão III,09:00,www.portaldecompraspublicas.com.br,2022
0078/2022,0117/2022,05/07/2022,19/05/2022,Pregão eletrônico,Procuradoria Geral do Município,Processo Concluído,Compras e serviços,"Aquisição de equipamentos (computadores, ar condicionado e geladeira)","R$ 14.059,50",,,Comissão Especial de Pregão III,09:00,www.portaldecompraspublicas.com.br,2022
0011/2022,0012/2022,18/02/2022,07/02/2022,Pregão eletrônico,Secretaria de Infraestrutura e Mobilidade,Processo Concluído,Obras e serviços de engenharia,confecção e implantação de módulos de abrigo de ônibus ,"R$ 275.413,00","R$ 0,00",,Comissão Especial de Pregão II,09:00,Portal de Compras Públicas,2022
0012/2022,0000/0000,02/12/2022,13/12/2022,Dispensa emergencial,Prefeitura municipal de Petrolina,Processo Concluído,Compras e serviços,"Contratação em caráter emergencial das empresas RUZY DISTRIBUIÇÃO COMERCIO E SERVIÇOS EIRELI, inscrita no CNPJ SOB O Nº 08.802.999/0001-02 e VICNOR INDUSTRIA E COMÉRCIO LTDA – ME,",,,,Comissão permanente de licitação,11:00,PREFEITURA DE PETROLINA,2022
0081/2022,0120/2022,13/06/2022,31/05/2022,Pregão eletrônico,Prefeitura municipal de Petrolina,Revogada,Compras e serviços,"Eventual contratação de empresa especializada para implantação e fornecimento de Plataforma Digital como serviços (SAAS – Software as a Service) com serviços de licenciamento, (objeto completo no edital).","R$ 3.136.322,00","R$ 0,00",,Comissão Especial de Pregão I,09:00,"PORTAL DE COMPRAS PÚBLICAS, no endereço eletrônico www.portaldecompraspublicas.com.br",2022
0239/2021,0322/2021,18/02/2022,07/02/2022,Pregão eletrônico,Secretaria Municipal de Saúde | SESAU,Processo Concluído,Compras e serviços,contratação de empresa especializada na prestação do serviço de transporte intermunicipal e interestadual de pacientes em ambulância de suporte avançado.,"R$ 1.690.116,00",,,Comissão Especial de Licitação V,09:00,Portal de Compras Públicas,2022
0033/2022,0047/2022,14/04/2022,01/04/2022,Pregão eletrônico,"Secretaria Municipal de Educação, Cultura e Esportes",Processo Concluído,Compras e serviços,"CONTRATAÇÃO DE EMPRESA ESPECIALIZADA EM FORNECIMENTO DE MOCHILA ESCOLAR VISANDO ATENDER ÀS DEMANDAS DA SECRETARIA MUNICIPAL DE EDUCAÇÃO, CULTURA E ESPORTES","R$ 4.568.970,37",,,Comissão Especial de Licitação IV,09:00,PORTAL DE COMPRAS PÚBLICAS,2022
0154/2022,0000/0000,01/11/2022,07/12/2022,Dispensa por outros motivos,Prefeitura municipal de Petrolina,Processo Concluído,Locação,"Contrato de aluguel em nome da Sra. Erisnalva Bezerra Morais - CPF de nº 106.134.144-54 de imóvel com 01 (um) cômodo que será utilizado para atender alunos da Escola Municipal José Martins de Deus, o prédio está localizado na Rua João Pessoa, nº 10,",,,,Comissão permanente de licitação,11:00,Prefeitura de Petrolina,2022
0024/2022,0032/2022,17/03/2022,03/03/2022,Pregão eletrônico,Secretaria Municipal de Saúde | SESAU,Processo Concluído,Compras e serviços,"eventual aquisição de rações para gatos adultos e feno para equinos para o Centro de Controle de Zoonoses, conforme especificações e quantitativos indicados, para suprir as ne-cessidades da secretaria Municipal de Saúde de Petrolina-PE","R$ 59.020,00",,,Comissão Especial de Licitação V,09:00,Portal de Compras Públicas,2022
0113/2022,0213/2022,08/08/2022,25/07/2022,Pregão eletrônico,"Secretaria Municipal de Educação, Cultura e Esportes",Processo Concluído,Compras e serviços,EVENTUAL CONTRATAÇÃO DE EMPRESA ESPECIALIZADA NO FORNECIMENTO DE MATERIAIS PEDAGÓGICOS PARA IMPLANTAÇÃO DO PROJETO SALAS TEMÁTICAS ITINERANTES DA REDE MUNICIPAL CONVENCIONAL E CONVENIADAS,"R$ 2.452.500,00",,,Comissão Especial de Licitação IV,09:00,PORTAL DE COMPRAS PÚBLICAS,2022
0136/2022,0253/2022,20/09/2022,05/09/2022,Pregão eletrônico,Secretaria Municipal de Desenvolvimento Social e Direitos Humanos,Processo Concluído,Compras e serviços,Locação de veículo do tipo Van,"R$ 106.440,00",,,Comissão Especial de Pregão III,09:00,www.portaldecompraspublicas.com.br,2022
0049/2022,0075/2022,19/04/2022,06/04/2022,Pregão eletrônico,Secretaria Municipal de Saúde | SESAU,Processo Concluído,Compras e serviços,"contratação de empresa especializada em prestação de serviços de manutenção preventiva e/ou corretiva em forro de gesso e parede de bloco de gesso, para suprir as necessidades da secretaria Municipal de Saúde de Petrolina-PE","R$ 182.275,00",,,Comissão Especial de Licitação V,09:00,Portal de Compras Públicas,2022
0039/2022,0057/2022,05/04/2022,23/03/2022,Pregão eletrônico,"Secretaria Municipal de Educação, Cultura e Esportes",Revogada,Compras e serviços,CONTRATAÇÃO DE EMPRESA PARA AQUISIÇÃO DE AMPLIFICADOR PROFISSIONAL DE VOZ PORTÁTIL PARA SER UTILIZADO PELO PROFESSOR DA REDE MUNICIPAL DE ENSINO DE PETROLINA,"R$ 3.899.528,32",,,Comissão Especial de Licitação IV,09:00,PORTAL DE COMPRAS PÚBLICAS,2022
0216/2021,0292/2021,05/01/2022,15/12/2021,Pregão eletrônico,Autarquia Municipal de Mobilidade de Petrolina | AMMPLA,Fracassada,Compras e serviços,Eventual contratação de empresa especializada para prestação de serviços de natureza contínua de suporte logístico para o gerenciamento da fiscalização eletrônica de infrações de trânsito nas vias municipais.,"R$ 9.631.267,51","R$ 0,00",,Comissão Especial de Pregão I,09:00,www.portaldecompraspublicas.com.br,2022
0002/2022,2020/2022,16/03/2022,08/04/2025,Adesão externa,Secretaria de Serviços Públicos e Defesa Civil,Processo Concluído,Compras e serviços,"PRESTAÇÃO DE SERVIÇOS DE TECNOLOGIA DA INFORMAÇÃO E COMUNICAÇÃO – TIC, ABRANGENDO OS SERVIÇOS DE DESENVOLVIMENTO ADAPTATIVO EVOLUTIVO SOB DEMANDA MEDIDOS EM UST (UNIDADE DE SERVIÇO TÉCNICO)","R$ 102.000,00","R$ 102.000,00",,Comissão de Licitação 01,12:00,PREFEITURA DE PETROLINA,2022
0245/2021,0329/2021,20/01/2022,07/01/2022,Pregão eletrônico,Secretaria de Agricultura,Processo Concluído,Compras e serviços,aquisição de 1 trator agrícola + implementos,"R$ 229.899,00","R$ 0,00",,Comissão Especial de Pregão II,09:00,portal de compras públicas,2022
0161/2022,0295/2022,10/11/2022,31/10/2022,Pregão eletrônico,Secretaria Municipal de Saúde | SESAU,Processo Concluído,Compras e serviços,"aquisição de suplementos alimentares, conforme especificações e quantitativos indicados, para suprir as necessidades da Secretaria Municipal de Saúde de Petrolina-PE.","R$ 96.935,40",,,Comissão Especial de Licitação V,09:00,Portal de Compras Públicas,2022
0004/2022,0062/2022,15/03/2022,11/04/2022,Inexigibilidade,Prefeitura municipal de Petrolina,Processo Concluído,Compras e serviços,"Contratação da empresa NP CAPACITAÇÃO E SOLUÇÕES TECNOLOGICAS LTDA – CNPJ Nº 07.797.967/0001-95, tento em vista a implantação do
sistema via web de pesquisas de preços praticados pela administração pública, produto denominado BANCO DE DADOS ",,,,Comissão permanente de licitação,10:00,Prefeitura de Petrolina.,2022
0132/2022,0000/0000,15/11/2022,07/12/2022,Dispensa por outros motivos,Prefeitura municipal de Petrolina,Processo Concluído,Compras e serviços,"FORNECIMENTO GÊNEROS ALIMENTÍCIOS, MATERIAIS DE CONSUMOS e outros para suprir a demanda deste Instituto de Previdência, pelo período de 12 meses para suprir a demanda administrativa das unidades do Instituto de Previdência do Município –IGEPRV",,,,Comissão permanente de licitação,11:00,PREFEITURA DE PETROLINA,2022
0079/2022,0000/0000,01/10/2022,18/10/2022,Dispensa por outros motivos,Prefeitura municipal de Petrolina,Processo Concluído,Compras e serviços,"Contratação da prestação de serviços artístico/musical para apresentação da atração EDU CARVA, a se apresentar durante
o Ciclo Junino 2022 – São João de Petrolina no Pátio de Eventos Ana das Carrancas",,,,Comissão Especial Permanente de Licitação,11:00,prefeitura de petrolina,2022
0021/2022,0000/0000,07/07/2022,04/10/2022,Dispensa por outros motivos,Prefeitura municipal de Petrolina,Processo Concluído,Compras e serviços,"a prestação de serviços de manutenção corretiva nos sistemas elétrico (lâmpadas, tomadas, interruptores, entrada de energia), hidráulico (eliminação de vazamentos, fornecimento de peças novas e troca",,,,Comissão permanente de licitação,11:00,PREFEITURA DE PETORLINA,2022
0142/2022,0262/2022,17/11/2022,03/11/2022,Pregão eletrônico,"Secretaria Municipal de Educação, Cultura e Esportes",Revogada,Compras e serviços,"EVENTUAL CONTRATAÇÃO DE EMPRESA ESPECIALIZADA NO FORNECIMENTO DE EQUIPAMENTOS TECNOLÓGICOS, LOUSAS DIGITAIS, PARA APOIAR AS DEMANDAS PEDAGÓGICAS DAS UNIDADES ESCOLARES DE RESPONSABILIDADE DA REDE MUNICIPAL DE ENSINO DE PETROLINA/PE","R$ 12.698.384,00",,,Comissão Especial de Licitação IV,09:00,PORTAL DE COMPRAS PÚBLICAS,2022
0042/2022,0000/0000,09/05/2022,27/05/2022,Dispensa por outros motivos,Prefeitura municipal de Petrolina,Processo Concluído,Compras e serviços," contratação de ANA NILZA COSTA DE OLIVEIRA, para apresentação artística musical de ANA COSTA, para se apresentar durante as festividades do São João do Bairro José e Maria",,,,Comissão permanente de licitação,11:00,Prefeitura de Petrolina,2022
0238/2021,0321/2021,05/01/2022,27/12/2021,Pregão eletrônico,Secretaria Municipal da Fazenda e Planejamento,Fracassada,Compras e serviços,"PRESTAÇÃO DE SERVIÇOS RELATIVOS À REFORMA E RECUPERAÇÃO DA COBERTURA DO ANEXO DO PRÉDIO SEDE DA PREFEITURA MUNICIPAL DE PETROLINA. 

","R$ 95.024,31","R$ 0,00",,Comissão Especial de Pregão II,09:00,Portal de Compras Públicas,2022
0071/2022,0108/2022,24/05/2022,11/05/2022,Pregão eletrônico,"Secretaria Municipal de Educação, Cultura e Esportes",Revogada,Compras e serviços,CONTRATAÇÃO DE EMPRESA ESPECIALIZADA NO FORNECIMENTO DE FARDAMENTO ESCOLAR PARA ATENDER A DEMANDA DOS ALUNOS DA REDE MUNICIPAL DE ENSINO DE PETROLINA,"R$ 4.030.929,66",,,Comissão Especial de Licitação IV,09:00,PORTAL DE COMPRAS PÚBLICAS,2022
0067/2022,0102/2022,18/05/2022,05/05/2022,Pregão eletrônico,Secretaria Municipal de Saúde | SESAU,Aberta,Compras e serviços,Aquisição de gênero alimentícios perecíveis para atender a casa do Tratamento Fora Domicilio (TFD) localizada na cidade de Recife-PE,"R$ 418.553,90",,,Comissão Especial de Licitação V,09:00,Portal de Compras Públicas,2022
0106/2022,0000/0000,09/08/2022,18/08/2022,Dispensa por outros motivos,Prefeitura municipal de Petrolina,Processo Concluído,Locação,"locação de imóvel de propriedade do LOCADOR, situado na Avenida Principal S/N Povoado de Atalho - PetrolinaPE, destinado para funcionar a casa de apoio para professores da Escola Municipal Olavo Bila",,,,Comissão permanente de licitação,11:00,PREFEITURA DE PETROLINA,2022
0017/2022,0138/2022,20/05/2022,03/06/2022,Inexigibilidade,Prefeitura municipal de Petrolina,Processo Concluído,Compras e serviços,"contratação de SAIA RODADA PROMOÇÕES ARTÍSTICAS LTDA - EPP, para apresentação artística musical da “SAIA RODADA” que irá se apresentar durante as festividades do SÃO JOÃO 2022 – CICLO JUNINO – PÁTIO DE EVENTOS",,,,Comissão permanente de licitação,11:00,PREFEITURA DE PETROLINA,2022
0138/2022,0257/2022,05/12/2022,19/10/2022,Pregão eletrônico,Secretaria de Agricultura,Processo Concluído,Compras e serviços,AQUISIÇÃO DE TUBOS E TAMPAS PARA POÇOS ARTESIANOS,"R$ 125.000,00",,,Comissão Especial de Pregão III,09:00,www.portaldecompraspublicas.com.br,2022
0048/2022,0000/0000,10/05/2022,27/05/2022,Dispensa por outros motivos,Prefeitura municipal de Petrolina,Processo Concluído,Compras e serviços,"Contratar GUERBER JOSÉ MACEDO DE SOUZA SANTOS PEREIRA ME, inscrito no CNPJ sob o nº 27.696.883/0001-72, para a prestação de serviços artístico/musical da atração GUERBER PEREIRA, a se apresentar durante o Ciclo Junino 2022",,,,Comissão permanente de licitação,11:00,Prefeitura de Petrolina,2022
0071/2022,0241/2022,24/08/2022,08/09/2022,Inexigibilidade,Prefeitura municipal de Petrolina,Processo Concluído,Compras e serviços,"contratação de FAROL MUSICAL PRODUTORA LTDA - EPP, para apresentação artística musical de “PADRE FÁBIO DE MELO” que irá se apresentar em show de COMEMORAÇÃO AO ANIVERSÁRIO DE 127 ANOS DE PETROLINA - PE - ORLA DE PETROLINA",,,,Comissão permanente de licitação,11:00,PETROLINA,2022
0172/2022,0308/2022,23/11/2022,08/11/2022,Pregão eletrônico,Prefeitura municipal de Petrolina,Processo Concluído,Compras e serviços,"contratação de empresa especializada nos serviços deadministração, gerenciamento e fornecimento de combustíveis...","R$ 5.995.920.000,00","R$ 4.710.895,03",,Comissão Especial de Pregão II,09:00,PLATAFORMA: PORTAL DE COMPRAS PÚBLICAS,2022
0093/2022,0146/2022,15/06/2022,02/06/2022,Pregão eletrônico,Secretaria de Agricultura,Processo Concluído,Compras e serviços,LOCAÇÃO DE VEÍCULOS AUTOMOTORES PARA ATENDIMENTOS DE DIVERSAS SECRETARIAS,"R$ 7.722.980,46","R$ 0,00",,Comissão Especial de Pregão II,09:00,PORTAL DE COMPRAS PÚBLICAS,2022
0074/2022,0250/2022,22/08/2022,05/09/2022,Inexigibilidade,Prefeitura municipal de Petrolina,Processo Concluído,Compras e serviços,"contratação de EDINALVA FERREIRA XAVIER EVENTOS EIRELI, para apresentação artística musical de “SÉRGIO DO FORRÓ” que irá se apresentar durante a 16.ª FESTA DO COLONO DO PROJETO MARIA TEREZA 2022",,,,Comissão permanente de licitação,10:00,prefeitura de petrolina,2022
0014/2022,0016/2022,16/03/2022,03/03/2022,Pregão eletrônico,Secretaria Municipal de Saúde | SESAU,Processo Concluído,Compras e serviços,"eventual aquisição de material médico hospitalar para o Centro de Controle de Zoonoses, conforme especificações e quantitativos indicados, para suprir as necessidades da secreta-ria Municipal de Saúde de Petrolina-PE","R$ 69.474,20",,,Comissão Especial de Licitação V,09:00,Portal de Compras Públicas,2022
0125/2022,0235/2022,02/09/2022,22/08/2022,Pregão eletrônico,"Secretaria Municipal de Educação, Cultura e Esportes",Processo Concluído,Compras e serviços,"EVENTUAL CONTRATAÇÃO DE EMPRESA ESPECIALIZADA PARA FORNECIMENTO DE MATERIAL DIDÁTICO COMPLEMENTAR PARA O DESENVOLVIMENTO DO PROJETO PEDAGÓGICO CANTANDO EU APRENDO +, VISANDO A QUALIDADE DO ENSINO E TRABALHO COM FOCO NA BASE NACIONAL COMUM CURRICULAR","R$ 4.170.152,88",,,Comissão Especial de Licitação IV,09:00,PORTAL DE COMPRAS PÚBLICAS,2022
0002/2022,0002/2022,27/01/2022,17/01/2022,Pregão eletrônico,Secretaria Municipal de Saúde | SESAU,Deserta,Compras e serviços,"contratação empresa especializada em prestação de serviços de lavanderia hospitalar, conforme especificações e quantitativos indicados, para suprir as necessidades da secretaria Municipal de Saúde de Petrolina-PE","R$ 280.500,00",,,Comissão Especial de Licitação V,09:00,Portal de Compras Públicas,2022
0104/2022,0182/2022,11/07/2022,27/06/2022,Pregão eletrônico,Secretaria Municipal de Saúde | SESAU,Processo Concluído,Compras e serviços,"contratação de empresa especializada em prestação de serviços de fornecimento de alimentação de café da manhã, almoço e jantar para as grávidas com diabetes gestacional do Centro de Referência em Saúde da Mulher – CRSM","R$ 85.595,00",,,Comissão Especial de Licitação V,09:00,Portal de Compras Públicas,2022
0017/2022,0098/2022,03/06/2022,03/05/2022,Concorrência,"Secretaria Municipal de Educação, Cultura e Esportes",Em andamento,Compras e serviços,"contratação de empresa especializada para prestação de serviços de engenharia civil relativos à ampliação Escola Municipal Josefa Izabel Sena,  conforme solicitação expressa da Secretaria de Municipal de Educação, Cultura e Esportes.","R$ 595.179,70","R$ 0,00",,Comissão permanente de licitação,09:00,"Superintendência Geral de Licitações, sito a Av. Guararapes, nº 2.114 – 2º andar do Anexo - Centro - Petrolina-PE.",2022
0152/2023,0000/0000,27/12/2023,09/01/2024,Dispensa por outros motivos,Prefeitura municipal de Petrolina,Processo Concluído,Compras e serviços,"Contratar MICHEL RICARDO DA SILVA BORGES inscrito no CNPJ sob o nº 23.784.167/0001-96 para a prestação de serviços artístico/musical da atração ORQUESTRA GRITO DE ÁGUIA, a se apresentar durante o CARNAVAL DE PETROLINA 2024.",,,,Comissão de Licitação 01,11:00,PREFEITURA DE PETROLINA,2023
0073/2023,0120/2023,13/06/2023,31/05/2023,Pregão eletrônico,Secretaria Municipal de Saúde | SESAU,Processo Concluído,Compras e serviços,"eventual aquisição, sob Sistema de Registro de Preços, de TICKET VALE ÁGUA MINERAL E TICKET VALE GÁS para a Casa de Apoio do Tratamento Fora do Domicílio (TFD), destinados à Secretaria Municipal de Saúde de Petrolina-PE","R$ 45.332,56",,,Comissão de Licitação 03,09:00,Portal de Compras Públicas,2023
0033/2023,0056/2023,13/06/2023,30/05/2023,Pregão eletrônico,Autarquia Municipal de Mobilidade de Petrolina | AMMPLA,Processo Concluído,Compras e serviços,"EVENTUAL CONTRATAÇÃO DE EMPRESA PARA PRESTAÇÃO DE SERVIÇOS TÉCNICOS DE INSTRUÇÃO PARA A REALIZAÇÃO DE VISTORIA VEICULAR DA FROTA DE VEÍCULOS DESTINADOS AO TRANSPORTE COLETIVO E INDIVIDUAL DE PASSAGEIROS REGISTRADOS NO MUNICÍPIO DE PETROLINA,","R$ 183.310,00",,,Comissão de Licitação 02,09:00,www.portaldecompraspublicas.com.br,2023
0027/2023,0047/2023,31/03/2023,17/03/2023,Pregão eletrônico,"Secretaria Municipal de Educação, Cultura e Esportes",Processo Concluído,Compras e serviços,"eventual aquisição de MATERIAIS DE EXPEDIENTE E UTENSÍLIOS, destinados a atender as necessidades da Secretaria Municipal de Educação, Cultura e Esportes, das Unidades Escolares da Rede de Ensino e do Programa Nova Semente do Município de Petrolina – PE","R$ 4.370.121,40",,,Comissão de Licitação 01,09:00,portal de compras públicas,2023
0007/2023,0113/2023,28/06/2023,25/05/2023,Concorrência,Secretaria de Infraestrutura e Mobilidade,Processo Concluído,Obras e serviços de engenharia,Pavimentação e drenagem da Avenida João Cleverson Coelho Medeiros (Jatobá) - Petrolina/PE,"R$ 3.881.242,64","R$ 0,00",,Comissão de Licitação 02,09:00,"Avenida Guararapes, nº 2114, centro, Petrolina/PE (2º andar do anexo) - 87.3861.3514",2023
0031/2023,0054/2023,04/05/2023,19/04/2023,Pregão eletrônico,Secretaria Municipal de Saúde | SESAU,Processo Concluído,Compras e serviços,"PRESTAÇÃO DE SERVIÇOS DE CONFECÇÃO DE FARDAMENTOS, BONÉS E BOLSAS para os servidores públicos municipais que atuam no Programa de Endemias","R$ 416.645,02",,,Comissão de Licitação 02,09:00,www.portaldecompraspublicas.com.br,2023
0159/2023,0276/2023,20/12/2023,06/12/2023,Pregão eletrônico,Secretaria Municipal de Desenvolvimento Social e Direitos Humanos,Em andamento,Compras e serviços,"eventual (ais) aquisição (ões) de UTENSÍLIOS DOMÉSTICOS DIRECIONADOS AOS EQUIPAMENTOS SOCIAIS, mediante solicitação da SECRETARIA MUNICIPAL DE DESENVOLVIMENTO SOCIAL E DIREITOS HUMANOS – SEDESDH","R$ 109.870,72",,,Comissão de Licitação 01,09:00,PORTAL DE COMPRAS PÚBLICAS,2023
0028/2023,0048/2023,17/05/2023,18/04/2023,Pregão eletrônico,Secretaria Municipal de Saúde | SESAU,Em andamento,Compras e serviços,"eventual aquisição de MATERIAL DE EXPEDIENTE, destinados à Secretaria Municipal de Saúde de Petrolina-PE","R$ 1.419.986,31",,,Comissão de Licitação 01,09:00,PORTAL DE COMPRAS PÚBLICAS,2023
0075/2023,0122/2023,01/09/2023,21/08/2023,Pregão eletrônico,Secretaria de Inovação e Tecnologia,Processo Concluído,Compras e serviços,"Contratação de empresa especializada, para prestação de serviços de telecomunicações de Acesso à Internet e dados, Banda Larga Fibra óptica ILIMITADA para a implementação, operação e manutenção de link de acesso à internet e dados.","R$ 1.628.040,00",,,Comissão de Licitação 03,09:00,Portal de Compras Públicas,2023
0012/2023,0015/2023,24/02/2023,07/02/2023,Pregão eletrônico,Agência do Empreendedor | AGE,Processo Concluído,Compras e serviços,"Eventual aquisição de EQUIPAMENTOS DE ESTRUTURA E SONORIZAÇÃO (TENDA PIRAMIDAL, CAIXA ACÚSTICA, SUPORTE PARA CAIXA ACÚSTICA, MESA DE ÁUDIO, RACK PARA EQUIPAMENTOS DE SOM, MICROFONE, FILTRO DE LINHA E EXTENSÃO ELÉTRICA) PARA AGE.","R$ 27.346,95","R$ 0,00",,Comissão Especial de Pregão II,09:00,portal de compras públicas,2023
0006/2023,0208/2023,02/10/2023,15/09/2023,Tomada de preço,Faculdade de Ciências Aplicadas e Sociais | FACAPE,Processo Concluído,Obras e serviços de engenharia,Contratação de empresa para a prestação de serviços relativos à REFORMA DO PRÉDIO PARA IMPLANTAÇÃO DO PRIMEIRO “LABORATÓRIO DE SIMULAÇÕES REALÍSTICAS DA REGIÃO DO VALE DO SÃO FRANCISCO” para consolidação da implantação do Curso de Medicina,"R$ 755.485,78","R$ 597.828,01",,Comissão de Licitação 03,09:00,"SLC, sito na Av. Guararapes, 2114, 2º Andar do Anexo, Centro, Petrolina-PE",2023
0059/2023,0094/2023,17/05/2023,04/05/2023,Pregão eletrônico,Faculdade de Ciências Aplicadas e Sociais | FACAPE,Processo Concluído,Compras e serviços,AQUISIÇÃO E EQUIPAMENTOS E MATERIAIS DOS AMBIENTES DE APRENDIZAGEM DO BLOCO 2 DO CURSO DE MEDICINA IMPLANTADO NA AEVSF,"R$ 595.023,79",,,Comissão de Licitação 03,09:00,Portal de Compras Públicas,2023
0135/2023,0243/2023,22/11/2023,08/11/2023,Pregão eletrônico,"Secretaria Municipal de Educação, Cultura e Esportes",Processo Concluído,Compras e serviços,"Contratação de empresa para o fornecimento, com instalação, de SOMBREADORES E TOLDOS TIPO CORTINA destinados a cobertura de pátio das Escolas de Tempo Integral Paul Harris e José Fernandes Coelho de ","R$ 55.622,50",,,Comissão de Licitação 01,09:00,PORTAL DE COMPRAS PÚBLICAS,2023
0010/2023,0000/0000,17/05/2023,07/06/2023,Adesão interna,Secretaria Municipal de Desenvolvimento Social e Direitos Humanos,Processo Concluído,Compras e serviços,AQUISIÇÃO DE APARELHOS DE ARES CONDICIONADOS ,,,,Comissão de Licitação 01,11:00,PREFEITURA DE PETROLINA,2023
0003/2023,0000/0000,11/01/2023,14/03/2023,Adesão externa,Prefeitura municipal de Petrolina,Processo Concluído,Compras e serviços,Aquisição de KITS UNIFORMES ESCOLARES,,,,Comissão de Licitação 01,11:00,prefeitura de petrolina,2023
0153/2022,0281/2022,04/01/2023,22/12/2022,Pregão eletrônico,"Secretaria Municipal de Educação, Cultura e Esportes",Processo Concluído,Compras e serviços,"EVENTUAL AQUISIÇÃO DE MOBILIÁRIOS E EQUIPAMENTOS ERGONÔMICOS DESTINADOS A ATENDER ÀS NECESSIDADES DA SECRETARIA DE EDUCAÇÃO, CULTURA E ESPORTES E DAS UNIDADES ESCOLARES DA REDE MUNICIPAL DE ENSINO DE PETROLINA/PE","R$ 22.404.946,00",,,Comissão Especial de Licitação IV,09:00,portal de compras públicas,2023
0119/2023,0217/2023,19/09/2023,04/09/2023,Pregão eletrônico,Secretaria Municipal de Desenvolvimento Econômico e Turismo,Aberta,Compras e serviços,"Captação de patrocínio, tipo cota principal, exclusivo para empresas fabricantes, e/ou envasadoras, e/ou distribuidoras e/ou representante de bebida alcoólica a base de cereais maltados (cervejaria), bebidas não gaseificadas e gaseificadas","R$ 14.700,00",,,Comissão de Licitação 03,09:00,PORTAL DE COMPRAS PÚBLICAS,2023
0091/2023,0303/2023,30/11/2023,28/12/2023,Inexigibilidade,Secretaria Municipal de Desenvolvimento Econômico e Turismo,Processo Concluído,Compras e serviços,"Contratação da empresa GF SHOWS LTDA - ME, CNPJ 28.101.902/0001-33, para prestação de serviços artístico/musical da atração GUILHERME FERRI a se apresentar na Festa REVEILLON DE PETROLINA 2024",,,,Comissão de Licitação 01,11:00,PREFEITURA DE PETROLINA,2023
0102/2023,0194/2023,31/08/2023,18/08/2023,Pregão eletrônico,Secretaria Municipal de Saúde | SESAU,Processo Concluído,Compras e serviços,"Registro de preço para eventual aquisição de MEDICAMENTOS ELENCADOS NA RELAÇÃO MUNICIPAL DE MEDICAMENTOS DE PETROLINA - REMUNE,  mediante solicitação da SECRETARIA MUNICIPAL DE SAÚDE","R$ 6.817.656,60","R$ 0,00",,Comissão de Licitação 01,09:00,www.portaldecompraspublicas.com.br,2023
0062/2023,0159/2023,08/06/2023,23/06/2023,Inexigibilidade,Secretaria Municipal de Desenvolvimento Econômico e Turismo,Processo Concluído,Compras e serviços,"Contratação da empresa ZÉ VAQUEIRO ORIGINAL MUSIC LTDA - EPP, CNPJ: 39.415.957/0001-34, para prestação de serviços artístico/musical da atração ZÉ VAQUEIRO ORIGINAL a se apresentar durante o SÃO JOÃO 2023.",,,,Comissão de Licitação 01,11:00,PREFEITURA DE PETROLINA,2023
0023/2023,0029/2023,23/03/2023,10/03/2023,Pregão eletrônico,Instituto de Gestão Previdenciária de Petrolina | IGEPREV,Revogada,Compras e serviços,"PRESTAÇÃO DE SERVIÇOS TÉCNICOS ESPECIALIZADOS DE IMPLEMENTAÇÃO, OPERAÇÃO E MANUTENÇÃO DE LINK DE ACESSO À INTERNET","R$ 26.592,00",,,Comissão de Licitação 02,09:00,www.portaldecompraspublicas.com.br,2023
0032/2023,0055/2023,14/04/2023,31/03/2023,Pregão eletrônico,Secretaria Municipal de Desenvolvimento Social e Direitos Humanos,Processo Concluído,Compras e serviços,Eventual contratação de empresa responsável para a prestação de serviços funerários,"R$ 975.400,50",,,Comissão de Licitação 02,09:00,www.portaldecompraspublicas.com.br ,2023
0007/2023,0257/2023,11/12/2023,23/11/2023,Tomada de preço,"Secretaria Municipal de Educação, Cultura e Esportes",Em andamento,Compras e serviços,"Contratação de empresa especializada para o FORNECIMENTO E INSTALAÇÃO DE SUBESTAÇÕES AÉREAS DE ENERGIA, PADRÃO NEOENERGIA/CELPE, COM A INTERLIGAÇÃO EM BAIXA TENSÃO COM AS EDIFICAÇÕES EXISTENTES, nas diversas unidades escolares indicadas no edital.","R$ 617.947,14","R$ 0,00",,Comissão de Licitação 02,09:00,"Secretaria Municipal de Licitações e Contratos, situada na Av. Guararapes, nº 2.114 - Centro - Petrolina-PE",2023
0001/2023,0245/2023,26/09/2023,11/10/2023,Dispensa emergencial,"Secretaria Municipal de Educação, Cultura e Esportes",Processo Concluído,Compras e serviços,"AQUISIÇÃO DE GÊNEROS PERECÍVEIS E NÃO PERECÍVEIS destinados à alimentação escolar dos alunos da Rede de Ensino e do Programa Nova Semente do Município de Petrolina – PE,, SECRETARIA MUNICIPAL DE EDUCAÇÃO, CULTURA E ESPORTES",,,,Comissão de Licitação 01,11:00,PREFEITURA DE PETROLINA,2023
0074/2023,0000/0000,13/06/2023,05/07/2023,Dispensa por outros motivos,Secretaria Municipal de Desenvolvimento Econômico e Turismo,Processo Concluído,Compras e serviços," através de GEANDRO M S MOTA LTDA, inscrito no CNPJ sob o nº 08.148.323/0001-39, para a prestação de serviços artístico/musical da atração GEAN MOTA, a se apresentar em show no dia 04 de junho 2023",,,,Comissão de Licitação 01,11:00,PREFEITURA DE PETROLINA,2023
0083/2023,0000/0000,01/06/2023,27/06/2023,Dispensa por outros motivos,Secretaria Municipal de Desenvolvimento Econômico e Turismo,Processo Concluído,Compras e serviços,"MARCELO NOVAES ATAIDE 00755987446 (FLOR DE CACTUS PRODUÇÕES), inscrito no CNPJ sob o nº 28.614.911/0001-28, para a prestação de serviços artístico/musical da atração FORROZÃO SKALLA, a se apresentar durante os dias 23, 24 e 25 de junho de 2023",,,,Comissão de Licitação 01,11:00,PREFEITURA DE PETROLINA,2023
0076/2023,0123/2023,15/06/2023,01/06/2023,Pregão eletrônico,Secretaria Municipal de Saúde | SESAU,Processo Concluído,Compras e serviços,"Registro de preço para eventual aquisição de CAFÉ, AÇÚCAR E TICKET VALE ÁGUA conforme especificações e quantitativos indicados no Anexo I – Termo de Referência deste edital, mediante solicitação da
SECRETARIA MUNICIPAL DE SAÚDE","R$ 45.247,87",,,Comissão de Licitação 01,09:00,PORTAL DE COMPRAS PÚBLICAS,2023
0019/2023,0078/2023,12/04/2023,24/04/2023,Inexigibilidade,Prefeitura municipal de Petrolina,Processo Concluído,Compras e serviços,"contratação de BANDA MAGNÍFICOS PRODUÇÕES E EVENTOS ARTÍSTICOS LTDA – EPP, inscrita no CNPJ sob o nº 01.509.178/0001-25, para a prestação de serviços artístico/musical da atração BANDA MAGNÍFICOS, a se apresentar durante a EXPORAJADA 2023",,,,Comissão de Licitação 01,11:00,prefeitura de petrolina,2023
0057/2023,0152/2023,03/06/2023,26/06/2023,Inexigibilidade,Secretaria Municipal de Desenvolvimento Econômico e Turismo,Processo Concluído,Compras e serviços,"contratar a empresa ALIVE PRODUÇÕES ARTÍSTICAS LTDA, CNPJ 39.452.484/0001-45, para a prestação de serviços artístico/musical da atração DJ ALOK, a se apresentar durante o Ciclo Junino 2023 de Petrolina-PE",,,,Comissão de Licitação 01,11:00,PREFEITURA DE PETROLINA,2023
0001/2023,0019/2023,05/01/2023,07/02/2023,Inexigibilidade,Prefeitura municipal de Petrolina,Processo Concluído,Compras e serviços,"ALAN CLEBER VIEIRA DE SOUZA 00521412501 ME, inscrita no CNPJ sob o nº 21.835.326/0001-09, para a prestação de serviços artístico/musical da atração ALAN CLEBER e BANDA, a se apresentar nas comemorações do CARNAVAL 2023",,,,Comissão permanente de licitação,11:00,PREFEITURA DE PETROLINA,2023
0085/2023,0000/0000,07/06/2023,29/06/2023,Dispensa por outros motivos,Secretaria Municipal de Desenvolvimento Econômico e Turismo,Processo Concluído,Compras e serviços,"Contratar EUGENIO CAVALCANTE DA CRUZ ARAUJO 02177172411 - ME, inscrito no CNPJ sob o nº 19.528.714/0001-03, para a prestação de serviços artístico/musical da CIA DE DANÇA ESPAÇO BRASÍLICA DE CULTURA, a se apresentar durante o Ciclo Junino 2023",,,,Comissão de Licitação 01,11:00,PREFEITURA DE PETROLINA,2023
0162/2023,0281/2023,29/12/2023,18/12/2023,Pregão eletrônico,Agência do Empreendedor | AGE,Em andamento,Compras e serviços,AQUISIÇÃO   DEEQUIPAMENTOS   DE   ESTRUTURA   E   SONORIZAÇÃO   (TENDA PIRAMIDAL E CAIXA ACÚSTICA) - AGE.,"R$ 25.880,47",,,Comissão de Licitação 04,09:00," www.portaldecompraspublicas.com.br.
Edital/Informações: Av. Guararapes, nº 2114, centro, Petrolina/PE, das
8h às 13h – Fone: (87.3861.3514)",2023
0150/2023,0266/2023,12/12/2023,29/11/2023,Pregão eletrônico,Secretaria Municipal de Saúde | SESAU,Processo Concluído,Compras e serviços,Prestação de serviço para manutenção preventiva e corretiva de Câmara de Conservação de Imunobiológicos,"R$ 213.440,00",,,Comissão de Licitação 02,09:00,www.portaldecompraspublicas.com.br,2023
0069/2023,0169/2023,06/06/2023,26/06/2023,Inexigibilidade,Secretaria Municipal de Desenvolvimento Econômico e Turismo,Processo Concluído,Compras e serviços,"Contratação da empresa XS PRODUÇÕES E EVENTOS LTDA – ME, CNPJ: 24.775.416/0001-40, para prestação de serviços artístico/musical da atração MARI & RAYANE a se apresentar durante o SÃO JOÃO 2023, no Pátio de Eventos Ana das Carrancas em Petrolina",,,,Comissão de Licitação 01,11:00,PREFEITURA DE PETROLINA,2023
0044/2023,0138/2023,01/06/2023,16/06/2023,Inexigibilidade,Secretaria Municipal de Desenvolvimento Econômico e Turismo,Processo Concluído,Compras e serviços,"Contratação da empresa NOVA PRODUÇÕES E EVENTOS LTDA-ME, inscrita no CNPJ sob o nº 19.079.444/0001-92, para a prestação de serviços artístico/musical da atração MANO WALTER, a se apresentar durante o Ciclo Junino 2023",,,,Comissão de Licitação 01,11:00,PREFEITURA DE PETROLINA,2023
0088/2023,0287/2023,10/11/2023,29/01/2024,Inexigibilidade,Secretaria Municipal de Desenvolvimento Econômico e Turismo,Processo Concluído,Compras e serviços,"Contratação de serviços para disponibilização de sistema digital denominado “PORTAL DE COMPRAS PÚBLICAS” como meio de realização de licitações eletrônicas em todas as suas modalidades dispostas nas Leis Federais 8.666/1993, 10.520/2002 e 14.133/2021.
",,,,Comissão de Licitação 01,11:00,PREFEITURA DE PETROLINA,2023
0048/2023,0143/2023,08/06/2023,21/06/2023,Inexigibilidade,Secretaria Municipal de Desenvolvimento Econômico e Turismo,Processo Concluído,Compras e serviços,"Contratação da empresa CENTRAL MIX PRODUÇÕES LTDA - ME, CNPJ: 00.895.436/0001-96, para prestação de serviços artístico/musical da atração THIAGO AQUINO a se apresentar durante o SÃO JOÃO 2023",,,,Comissão de Licitação 01,11:00,PREFEITURA DE PETROLINA ,2023
0118/2023,0216/2023,16/10/2023,29/09/2023,Pregão eletrônico,Secretaria Municipal de Saúde | SESAU,Aberta,Compras e serviços,"eventual AQUISIÇÃO, sob Sistema de Registro de Preços, DE MEDICAMENTOS PARA O CENTRO DE CONTROLE DE ZOONOSES (CCZ), conforme especificações e quantitativos indicados, destinados à Secretaria Municipal de Saúde de Petrolina-PE","R$ 57.241,92",,,Comissão de Licitação 03,09:00,Portal de Compras Públicas,2023
0002/2023,0000/0000,05/07/2023,20/07/2023,Adesão interna,Prefeitura municipal de Petrolina,Processo Concluído,Compras e serviços,"AQUISIÇÃO DE MÓVEIS E ELETRODOMÉSTICOS, PARA ATENDER ÀS NECESSIDADES DA SECRETARIA MUNICIPAL DA FAZENDA E PLANEJAMENTO",,,,Comissão de Licitação 01,11:00,PREFEITURA DE PETROLINA,2023
0081/2023,0000/0000,12/06/2023,05/07/2023,Dispensa por outros motivos,Secretaria Municipal de Desenvolvimento Econômico e Turismo,Processo Concluído,Compras e serviços,"r EUGENIO CAVALCANTE DA CRUZ ARAUJO 02177172411 - ME, inscrito no CNPJ sob o nº 19.528.714/0001-03, para a prestação de serviços artístico/musical da atração IGOR DIAS DO ACORDEON, a se apresentar no SÃO JOÃO DE PETROLINA 2023,",,,,Comissão de Licitação 01,11:00,PREFEITURA DE PETROLINA,2023
0107/2023,0200/2023,28/08/2023,14/08/2023,Pregão eletrônico,"Secretaria Municipal de Educação, Cultura e Esportes",Processo Concluído,Compras e serviços,"EVENTUAL CONTRATAÇÃO DE PRESTAÇÃO DE SERVIÇOS DE INSTALAÇÃO E DESINSTALAÇÃO, MANUTENÇÃO PREVENTIVA E CORRETIVA DE CONDICIONADORES DE AR, INCLUINDO MATERIAIS DE LIMPEZA, FORNECIMENTO E REPOSIÇÃO DE PEÇAS ","R$ 2.339.563,76",,,Comissão de Licitação 03,15:00,Portal de Compras Públicas,2023
0043/2023,0137/2023,01/06/2023,16/06/2023,Inexigibilidade,Secretaria Municipal de Desenvolvimento Econômico e Turismo,Processo Concluído,Compras e serviços,"Contratação da empresa SIMONE MENDES PRODUÇÕES MUSICAIS LTDA-EPP, CNPJ 32.377.952/0001-15, para prestação de serviços artístico/musical da atração SIMONE MENDES, a se apresentar durante o SÃO JOÃO 2023",,,,Comissão de Licitação 01,11:00,Prefeitura de petrolina,2023
0139/2023,0252/2023,26/12/2023,12/12/2023,Pregão eletrônico,Faculdade de Ciências Aplicadas e Sociais | FACAPE,Processo Concluído,Compras e serviços,"eventual contratação de empresa para PRESTAÇÃO DE SERVIÇOS DE RESERVA, EMISSÃO E ENTREGA DE BILHETES AÉREOS PARA VIAGENS NACIONAIS E INTERNACIONAIS, ATRAVÉS DE DISPONIBILIZAÇÃO DE SISTEMA INFORMATIZADO","R$ 120.000,00",,,Comissão de Licitação 01,09:00,PORTAL DE COMPRAS PÚBLICAS,2023
0078/2023,0222/2023,28/08/2023,22/09/2023,Inexigibilidade,Secretaria Municipal de Desenvolvimento Econômico e Turismo,Processo Concluído,Compras e serviços,"Contratação da empresa GBA PRODUCOES ARTISTICAS LTDA, inscrita no CNPJ sob o nº 28.595.753/0001- 06, para a prestação de serviços artístico/musical da atração DAVIDSON SILVA, ",,,,Comissão de Licitação 01,11:00,PREFEITURA DE PETROLINA,2023
0070/2023,0111/2023,06/06/2023,24/05/2023,Pregão eletrônico,Secretaria Municipal de Saúde | SESAU,Processo Concluído,Compras e serviços,Eventual aquisição de PEÇAS E EQUIPAMENTOS ODONTÓLOGICOS PARA SAÚDE BUCAL E CENTRO DE ESPECIALIDADES ODONTOLÓGICAS,"R$ 88.685,21",,,Comissão de Licitação 02,09:00,www.portaldecompraspublicas.com.br,2023
0052/2023,0147/2023,02/06/2023,19/06/2023,Inexigibilidade,Secretaria Municipal de Desenvolvimento Econômico e Turismo,Processo Concluído,Compras e serviços,"Contratação da empresa DAE GRAVAÇÕES E EDIÇÕES MUSICAIS LTDA - EPP, CNPJ 44.644.972/0001-94, para prestação de serviços artístico/musical da atração LIMÃO COM MEL a se apresentar durante o SÃO JOÃO 2023,",,,,Comissão de Licitação 01,11:00,PREFEITURA DE PETROLINA,2023
0014/2023,0042/2023,08/02/2023,24/02/2023,Inexigibilidade,Prefeitura municipal de Petrolina,Processo Concluído,Compras e serviços,"contratação de LUAN FORRO ESTILIZADO SHOWS EVENTOS E SERVICOS LTDA, inscrito no CNPJ sob o nº 17.985.184/0001-99, para a prestação de serviços artístico/musical da atração LUAN E FORRÓ ESTILIZADO",,,,Comissão de Licitação 01,11:56,Prefeitura de pétrolina,2023
0127/2023,0232/2023,25/10/2023,11/10/2023,Pregão eletrônico,"Secretaria Municipal de Educação, Cultura e Esportes",Aberta,Compras e serviços,EVENTUAL AQUISIÇÃO DE APARELHOS DE AR CONDICIONADO,"R$ 3.242.459,40",,,Comissão de Licitação 02,09:00,www.portaldecompraspublicas.com.br ,2023
0038/2023,0132/2023,02/06/2023,16/06/2023,Inexigibilidade,Secretaria Municipal de Desenvolvimento Econômico e Turismo,Processo Concluído,Compras e serviços,"Contratação da empresa TATY GIRL GRAVAÇÕES, EDIÇÕES MUSICAIS E EVENTOS LTDA-ME, CNPJ 23.268.243/0001-00, para prestação de serviços artístico/musical da atração.",,,,Comissão de Licitação 01,11:00,PREFEITURA DE PETROLINA,2023
0005/2023,0005/2023,07/02/2023,26/01/2023,Pregão eletrônico,Secretaria Municipal de Saúde | SESAU,Processo Concluído,Compras e serviços,"aquisição de ticket para vasilhames de botijão de gás de cozinha P13 e P45 para atender as demandas dos CAPS, conforme especificações e quantitativos indicados, para suprir as necessidades da secretaria Municipal de Saúde de Petrolina-PE","R$ 22.388,79",,,Comissão Especial de Pregão III,09:00,Portal de Compras Públicas,2023
0128/2023,0234/2023,06/11/2023,24/10/2023,Pregão eletrônico,Instituto de Gestão Previdenciária de Petrolina | IGEPREV,Processo Concluído,Compras e serviços,"contratação de empresa especializada em locação de Licença de Uso de ferramenta tecnológica, por módulos integrados para Gestão Previdenciária com foco em RPPS,","R$ 500.000,00",,,Comissão de Licitação 03,09:00,Portal de Compras Públicas,2023
0086/2023,0173/2023,11/09/2023,31/08/2023,Pregão eletrônico,Faculdade de Ciências Aplicadas e Sociais | FACAPE,Processo Concluído,Compras e serviços,AQUISIÇÃO DE SOFTWARE ANTIVÍRUS PARA ESTAÇÕES E SERVIDORES DA AEVSF/FACAPE,"R$ 33.534,90",,,Comissão de Licitação 03,15:00,Portal de Compras Públicas,2023
0080/2023,0224/2023,04/09/2023,22/09/2023,Inexigibilidade,Secretaria Municipal de Desenvolvimento Econômico e Turismo,Processo Concluído,Compras e serviços,"Contratação da empresa VERA LUCIA DE SOUZA - ME, inscrito no CNPJ sob o nº 46.493.582/0001-96, para a prestação de serviços artístico/musical da atração VERA DE MARIA MAGA, a se apresentar durante a SERENATA DE PETROLINA 2023",,,,Comissão de Licitação 01,11:00,PREFEITURA DE PETROLINA,2023
0139/2023,0000/0000,25/12/2023,09/01/2024,Inexigibilidade,Prefeitura municipal de Petrolina,Processo Concluído,Compras e serviços,"Contratar MARCELO NOVAES ATAÍDE 00755987446, inscrito no CNPJ sob o nº 28.614.911/0001-28, para a prestação de serviços artístico/musical da atração SÓDA SOLTA,",,,,Comissão de Licitação 01,11:00,PREFEITURA DE PETROLINA,2023
0007/2023,0034/2023,02/02/2023,23/02/2023,Inexigibilidade,Prefeitura municipal de Petrolina,Processo Concluído,Compras e serviços,"fornecimento de CIE – CARTEIRA DE IDENTIFICAÇÃO ESTUDANTIL para os estudantes das escolas da Rede Municipal de Ensino de Petrolina-PE, no ano de 2023, atendendo às necessidades e conforme solicitação expressa da Secretaria ",,,,Comissão de Licitação 01,11:00,PREFEITURA DE PETROLINA,2023
0184/2022,0326/2022,02/01/2023,20/12/2022,Pregão eletrônico,"Secretaria Municipal de Educação, Cultura e Esportes",Processo Concluído,Compras e serviços,"CONTRATAÇÃO DE EMPRESA ESPECIALIZADA NA PRESTAÇÃO DE SERVIÇOS DE TRANPORTE ESCOLAR PARA ESTUDANTES DA REDE MUNICIPAL DE ENSINO DE PETROLINA, LOCALIZADOS NA ZONA URBANA, ZONA RURAL E ÁREAS RIBEIRINHAS DO MUNICÍPIO DE PETROLINA/PE PARA ATENDER AS 281","R$ 132.347.135,81",,,Comissão Especial de Licitação IV,09:00,PORTAL DE COMPRAS PÚBLICAS,2023
0137/2023,0000/0000,14/12/2023,09/01/2024,Dispensa por outros motivos,Prefeitura municipal de Petrolina,Processo Concluído,Compras e serviços,"Contratar 51.547.598 CARINA DA SILVA OLIVEIRA, inscrito no CNPJ sob o nº 51.547.598/0001-74, para a prestação de serviços artístico/musical da atração GRUPO PERCUSSIVO BAQUE OPARÁ",,,,Comissão de Licitação 01,11:00,PREFEITURA DE PETROLINA,2023
0126/2023,0000/0000,29/12/2023,09/01/2024,Dispensa por outros motivos,Prefeitura municipal de Petrolina,Processo Concluído,Compras e serviços,"Contratar MICHEL RICARDO DA SILVA BORGES 06895428445, inscrito no CNPJ sob o nº 23.784.167/0001-96, para a prestação de serviços artístico/musical da atração NILTON FREITAS, a se apresentar dia 12 de fevereiro de 2024, durante o CARNAVAL 2024",,,,Comissão de Licitação 01,11:00,PREFEITURA DE PETROLINA,2023
0124/2023,0228/2023,27/10/2023,16/10/2023,Pregão eletrônico,Agência do Empreendedor | AGE,Processo Concluído,Compras e serviços,PRESTAÇÃO DE SERVIÇOS GRÁFICOS E SERIGRÁFICOS,"R$ 39.643,50",,,Comissão de Licitação 02,09:00,www.portaldecompraspublicas.com.br ,2023
0149/2023,0000/0000,27/12/2023,09/01/2024,Dispensa por outros motivos,Prefeitura municipal de Petrolina,Processo Concluído,Compras e serviços,"Contratar a prestação de serviços artístico/musical da atração ORQUESTRA LEVANTA POEIRA, a se apresentar durante o CARNAVAL DE PETROLINA 2024 - POLO 21 DE SETEMBRO",,,,Comissão de Licitação 01,11:00,prefeitura de petrolina,2023
0002/2023,0013/2023,27/02/2023,23/02/2023,Credenciamento,"Secretaria Municipal de Educação, Cultura e Esportes",Adiada,Compras e serviços,Credenciamento para contratação de professor de nível superior da área de educação física ou esporte e estudantes/acadêmicos de graduação em cursos de educação física ou esporte(...),,,,Comissão de Licitação 01,08:00,"Secretaria Executiva de Esporte da Prefeitura Municipal de Petrolina, situada no Parque Municipal Josepha Coelho, Arena 02, a Rua Josemar Batista da Silva, S/N, Centro na cidade de Petrolina/PE.",2023
0011/2023,0000/0000,23/05/2023,05/07/2023,Adesão interna,Prefeitura municipal de Petrolina,Processo Concluído,Compras e serviços,"CONTRATAR EMPRESA S L DA SILVA INDUSTRIA E COMERCIO DE MOVEIS EIRELI, CNPJ Nº 29.955.518/0001-60, VENCEDORA DO CERTAME SOB REGISTRO DE PREÇO, Nº 306/2022, PREGÃO ELETRÔNICO Nº 059/2022, PROCESSO ADMINISTRATIVO Nº 089/2022",,,,Comissão de Licitação 01,11:00,PREFEITURA DE PETROLINA,2023
0003/2023,0051/2023,17/04/2023,16/03/2023,Concorrência,Secretaria de Infraestrutura e Mobilidade,Revogada,Obras e serviços de engenharia,CONTRATAÇÃO DE EMPRESA ESP. NO RAMO DE ENG. CIVIL PARA A PRESTAÇÃO DE SERVIÇOS RELATIVOS À IMPLANTAÇÃO DA PAVIMENTAÇÃO DE VIA ENTRE A ORLA 2 E DISTRITO INDUSTRIAL,"R$ 20.560.347,77",,,Comissão de Licitação 03,09:00,"Secretaria Municipal de Licitações e Contratos, sito a Av. Guararapes, n 2.114 – 2 andar do Anexo- Centro - Petrolina",2023
0057/2023,0000/0000,21/04/2023,26/06/2025,Dispensa por outros motivos,"Secretaria de Desenvolvimento Urbano, Habitação e Sustentabilidade",Processo Concluído,Compras e serviços,"Contratar TK ELEVADORES BRASIL LTDA, inscrito no CNPJ sob o nº 90.347.840/0001-94, para a prestação de serviços de manutenção do elevador da nova sede da SEDESDH","R$ 9.528,72","R$ 9.528,72",,Comissão de Licitação 01,12:00,PREFEITURA DE PETROLINA,2023
0049/2023,0073/2023,09/05/2023,25/04/2023,Pregão eletrônico,Agência do Empreendedor | AGE,Processo Concluído,Compras e serviços,"AQUISIÇÃO DE MOBILIÁRIO E TELEVISORES (ESTANTES DE AÇO, LONGARINA E TELEVISORES) PARA ATENDER ÀS NECESSIDADES DA AGÊNCIA MUNICIPAL DO EMPREENDEDOR DE PETROLINA – AGE","R$ 19.016,02",,,Comissão de Licitação 01,03:00,PORTAL DE COMPRAS PÚBLICAS,2023
0192/2022,0335/2022,31/01/2023,18/01/2023,Pregão eletrônico,"Secretaria Municipal de Educação, Cultura e Esportes",Processo Concluído,Compras e serviços,"EVENTUAL CONTRATAÇÃO DE GÁS DE COZINHA E VASILHAMES TIPO P13 E P45 DESTINADOS ATENDER ÀS UNIDADES ESCOLARES DA REDE MUNICIPAL DE ENSINO, OS EQUIPAMENTOS E INSTALAÇÕES PREDIAIS SOB RESPONSABILIDADE DA SECRETARIA MUNICIPAL DE EDUCAÇÃO, CULTURA E ESPORTES","R$ 1.928.980,50",,,Comissão Especial de Pregão I,09:00,PORTAL DE COMPRAS PÚBLICAS,2023
0133/2023,0241/2023,21/11/2023,08/11/2023,Pregão eletrônico,Faculdade de Ciências Aplicadas e Sociais | FACAPE,Processo Concluído,Compras e serviços,"AQUISIÇÃO DE MATERIAIS LABORATORIAIS (REAGENTES, MEIOS DE CULTURA, SOLUÇÕES, LUVAS e MÁSCARAS) EQUIPAMENTOS e VIDRARIAS  do curso de Medicina implantado na AEVSF/FACAPE","R$ 38.216,68",,,Comissão de Licitação 03,09:00,Portal de Compras Públicas,2023
0152/2023,0268/2023,06/12/2023,23/11/2023,Pregão eletrônico,Secretaria Municipal de Saúde | SESAU,Processo Concluído,Compras e serviços,"Eventual aquisição de MOBILIÁRIO PERMANENTE (ARMÁRIOS), conforme especificações e quantitativos previstos no Anexo I – Termo de Referência, mediante solicitação da SECRETARIA MUNICIPAL DE SAÚDE.","R$ 49.550,67",,,Comissão de Licitação 01,09:00,PORTAL DE COMPRAS PÚBLICAS,2023
0089/2023,0301/2023,10/11/2023,21/12/2023,Inexigibilidade,Secretaria Municipal de Desenvolvimento Econômico e Turismo,Processo Concluído,Compras e serviços,"contratação de 21.835.326 ALAN CLEBER VIEIRA DE SOUZA - ME, inscrito no CNPJ sob o nº 21.835.326/0001- 09, para a prestação de serviços artístico/musical da atração ALAN CLEBER, a se apresentar na Festa REVEILLON DE PETROLINA 2024",,,,Comissão de Licitação 01,11:00,PREFEITURA DE PETROLINA,2023
0091/2023,0182/2023,18/09/2023,15/08/2023,Pregão eletrônico,Secretaria Municipal de Saúde | SESAU,Processo Concluído,Compras e serviços,"Contratação de empresa especializada em PRESTAÇÃO DE SERVIÇOS DE SEGUROS DE VEÍCULOS AUTOMOTIVOS, destinados à Secretaria Municipal de Saúde de Petrolina-PE","R$ 24.141,48",,,Comissão de Licitação 01,09:00,PORTAL DE COMPRAS PÚBLICAS,2023
0103/2023,0195/2023,23/08/2023,10/08/2023,Pregão eletrônico,Secretaria Municipal de Saúde | SESAU,Processo Concluído,Compras e serviços,"EVENTUAL AQUISIÇÃO DE MOBILIÁRIOS (ARMARIOS, ARQUIVOS, BANQUETAS, DIVÃS, ESCADAS, ESTANTES EM AÇO, LONGARINAS E MESAS)","R$ 396.803,77",,,Comissão de Licitação 02,09:00,www.portaldecompraspublicas.com.br,2023
0008/2023,0000/0000,17/05/2023,06/06/2023,Adesão interna,"Secretaria Municipal de Educação, Cultura e Esportes",Processo Concluído,Compras e serviços,Contração de empresa especializada no fornecimento de aparelhos de ares condicionados para atender as unidades escolares.,,,,Comissão de Licitação 01,11:00,PREFEITURA DE PETROLINA,2023
0109/2023,0202/2023,13/09/2023,30/08/2023,Pregão eletrônico,Secretaria Municipal de Saúde | SESAU,Processo Concluído,Compras e serviços,CONTRATAÇÃO DE EMPRESA ESPECIALIZADA PARA PRESTAÇÃO DE SERVIÇOS NA LOCAÇÃO DE CAMINHÃO BOIADEIRO ,"R$ 119.507,28",,,Comissão de Licitação 02,09:00,www.portaldecompraspublicas.com.br ,2023
0149/2023,0265/2023,08/12/2023,24/11/2023,Pregão eletrônico,Secretaria Municipal de Saúde | SESAU,Processo Concluído,Compras e serviços,EVENTUAL AQUISIÇÃO DE GÊNEROS ALIMENTÍCIOS (NÃO PERECÍVEIS),"R$ 655.776,00",,,Comissão de Licitação 02,09:00,www.portaldecompraspublicas.com.br ,2023
0129/2023,0000/0000,12/12/2023,09/01/2024,Dispensa por outros motivos,Prefeitura municipal de Petrolina,Processo Concluído,Compras e serviços,"Contratar VALDECIR ARISTIDES DO NASCIMENTO JUNIOR 49602411449, inscrito no CNPJ sob o nº 14.289.601/0001-70, para a prestação de serviços artístico/musical da atração MAURO LIMA, a se apresentar dia 13 de fevereiro de 2024",,,,Comissão de Licitação 01,11:00,prefeitura de petrolina,2023
0062/2023,0101/2023,19/05/2023,09/05/2023,Pregão eletrônico,Secretaria Municipal de Saúde | SESAU,Processo Concluído,Compras e serviços," eventual aquisição, sob Sistema de Registro de Preços, de INSUMOS E MATERIAIS MÉDICOS HOSPITALARES, conforme especificações e quantitativos indicados, destinados a atender a Secretaria Municipal de Saúde de Petrolina-PE.","R$ 828.806,79",,,Comissão de Licitação 03,09:00,Portal de Compras Públicas,2023
0047/2023,0071/2023,09/05/2023,24/04/2023,Pregão eletrônico,Secretaria Municipal de Saúde | SESAU,Processo Concluído,Compras e serviços,contratação de empresa especializada em prestação de serviços em REFEIÇÕES EM MARMITEX para os funcionários vinculados à Secretaria Municipal de Petrolina-PE cedidos ao Hospital Universitário – HU,"R$ 101.242,08",,,Comissão de Licitação 03,09:00,Portal de Compras Públicas,2023
0012/2023,0000/0000,27/07/2023,28/07/2023,Adesão interna,Prefeitura municipal de Petrolina,Processo Concluído,Compras e serviços,"contratação de empresa especializada no fornecimento aparelhos de ares condicionados, para atender as necessidades dos laboratórios da Autarquia, de acordo com as especificações e quantitativos previstos no Anexo I.",,,,Comissão de Licitação 01,11:00,PREFEITURA DE PETROLINA,2023
0007/2023,0250/2023,20/11/2023,16/11/2023,Credenciamento,Autarquia Municipal de Mobilidade de Petrolina | AMMPLA,Processo Concluído,Compras e serviços,Credenciamento de empresas privadas capacitadas e interessadas em prestar os serviços de remoção e guarda de veículos de terceiros objetos de medidas administrativas,"R$ 0,00",,,Comissão de Licitação 02,08:00,"AV. GUARARAPES, Nº 2114, CENTRO, PETROLINA/PE. SECRETARIA MUNICIPAL DE LICITAÇÕES E CONTRATOS 2º ANDAR DO ANEXO
",2023
0041/2023,0064/2023,08/05/2023,24/04/2023,Pregão eletrônico,"Secretaria Municipal de Educação, Cultura e Esportes",Aberta,Compras e serviços,Eventual prestação de serviços relativos à confecção de material gráfico e serigráfico para o 1º festival esportivo das escolas da rede municipal de ensino,"R$ 426.356,86",,,Comissão de Licitação 02,09:00,www.portaldecompraspublicas.com.br ,2023
0012/2023,0279/2023,20/12/2023,17/11/2023,Concorrência,Secretaria de Infraestrutura e Mobilidade,Processo Concluído,Compras e serviços,"Contratação de empresa especializada no ramo de engenharia civil para a prestação de serviços relativos à IMPLANTAÇÃO DA PAVIMENTAÇÃO DE VIA ENTRE A ORLA 2 E DISTRITO INDUSTRIAL, NO MUNICÍPIO DE PETROLINA/PE, conforme solicitação expressa da SEINFRA","R$ 18.773.065,35","R$ 0,00",,Comissão de Licitação 02,09:00,"Secretaria Municipal de Licitações e Contratos, sito a Av. Guararapes, nº 2.114 – 2º andar do Anexo- Centro - Petrolina-PE",2023
0039/2023,0133/2023,02/06/2023,16/06/2023,Inexigibilidade,Secretaria Municipal de Desenvolvimento Econômico e Turismo,Processo Concluído,Compras e serviços,"Contratação da empresa MZX ENTRETENIMENTO E PRODUÇÕES DE EVENTOS LTDA - ME, CNPJ 15.484.236/0001-18, para prestação de serviços artístico/musical da atração TOCA DO VALE a se apresentar durante o SÃO JOÃO 2023.",,,,Comissão de Licitação 01,11:00,PREFEITURA DE PETROLINA,2023
0066/2023,0000/0000,15/06/2023,04/07/2023,Dispensa por outros motivos,Secretaria Municipal de Desenvolvimento Econômico e Turismo,Processo Concluído,Compras e serviços,"atração através de ANY EVILIN BEZERRA, inscrito no CNPJ sob o nº 041.031.297/0001-30, para a prestação de serviços artístico/musical da atração ANNY BARBI, a se apresentar em show no ciclo junino.",,,,Comissão de Licitação 01,11:00,PREFEITURA DE PETROLINA,2023
0014/2023,0017/2023,16/03/2023,07/03/2023,Pregão eletrônico,Secretaria Municipal de Saúde | SESAU,Processo Concluído,Compras e serviços,"eventual aquisição de medicamentos que fazem parte do elenco municipal de medicamentos de Petrolina, REMUME Petrolina, conforme especificações e quantitativos indicados, para suprir as necessidades da secretaria Municipal de Saúde de Petrolina-PE","R$ 8.394.127,34",,,Comissão de Licitação 03,09:00,Portal de Compras Públicas,2023
0005/2023,0204/2023,05/10/2023,19/09/2023,Tomada de preço,Secretaria de Infraestrutura e Mobilidade,Processo Concluído,Obras e serviços de engenharia,"CAPEAMENTO DAS RUAS JOSÉ PESSOA E RUA BEGE, NO BAIRRO CAMINHO DO SOL, MUNICÍPIO DE PETROLINA","R$ 520.629,80",,,Comissão de Licitação 02,09:00,"na Secretaria Municipal de Licitações e Contratos, situada a AV. Guararapes, nº 2.114 - Centro - Petrolina-PE",2023
0007/2023,0000/0000,16/05/2023,28/07/2023,Adesão interna,Prefeitura municipal de Petrolina,Processo Concluído,Compras e serviços,"contratação de serviços de Coffee Break e Buffet, por intermédio de empresa, destinados a atender as necessidades da SECRETARIA MUNICIPAL DE
GOVERNO, de acordo com as especificações e quantitativos previstos no Anexo I – Termo de Referência do edital. 
",,,,Comissão de Licitação 01,11:00,PREFEITURA DE PETROLINA,2023
0001/2023,0001/2023,30/01/2023,17/01/2023,Pregão eletrônico,Procuradoria Geral do Município,Processo Concluído,Compras e serviços,"EVENTUAL AQUISIÇÃO DE EQUIPAMENTOS (COMPUTADORES, NOTEBOOKS, SMARTPHONE, SWITCHS, HD EXTERNO, AUTO TRANSFORMADOR E ROTEADOR WIRELESS) ","R$ 57.746,99",,,Comissão Especial de Pregão II,09:00,www.portaldecompraspublicas.com.br,2023
0008/2023,0251/2023,23/10/2023,20/10/2023,Credenciamento,Secretaria Municipal de Saúde | SESAU,Revogada,Compras e serviços,"Prestação de serviços de saúde, para a realização, de forma complementar, na área de oftalmologia","R$ 0,00",,,Comissão de Licitação 02,08:00,"na SUPERINTENDÊNCIA GERAL DE LICITAÇÕES - 2º ANDAR DO ANEXO da PREFEITURA MUNICIPAL DE PETROLINA, situada na AV. GUARARAPES, Nº 2.114, CENTRO, PETROLINA/PE",2023
0039/2023,0062/2023,26/04/2023,12/04/2023,Pregão eletrônico,Secretaria Municipal de Saúde | SESAU,Processo Concluído,Compras e serviços,"eventual aquisição de INSUMOS MÉDICOS HOSPITALARES E MEDICAMENTOS EM ATENDIMENTO ÀS ORDENS JUDICIAIS INDICADAS NO PROCESSO, conforme solicitação expressa da Secretaria Municipal de Saúde ","R$ 48.196,67",,,Comissão de Licitação 01,09:00,portal de compras públicas,2023
0036/2023,0059/2023,20/04/2023,03/04/2023,Pregão eletrônico,Secretaria de Inovação e Tecnologia,Processo Concluído,Compras e serviços,"contratação de empresa especializada, na área de Tecnologia da Informação e Comunicação (“TIC”) para prover solução integrada de Portais Institucionais e Portais da Transparência","R$ 684.800,00",,,Comissão de Licitação 03,09:00,Portal de Compras Públicas,2023
0028/2023,0115/2023,10/05/2023,25/05/2023,Inexigibilidade,Secretaria Municipal de Desenvolvimento Econômico e Turismo,Processo Concluído,Compras e serviços,"contratação de FABIANA SANTIAGO FERREIRA 03993573439 - ME, inscrita no CNPJ sob o nº 16.541.845/0001-24, para prestação de serviços artístico/musical da atração FABIANA SANTIAGO a se apresentar durante o Ciclo Junino 2023",,,,Comissão de Licitação 01,11:00,PREFEITURA DE PETROLINA,2023
0104/2023,0196/2023,11/09/2023,25/08/2023,Pregão eletrônico,Secretaria Municipal de Saúde | SESAU,Processo Concluído,Compras e serviços,"EVENTUAL AQUISIÇÃO DE MATERIAIS E EQUIPAMENTOS ODONTOLÓGICOS, conforme solicitação expressa da SECRETARIA MUNICIPAL DE SAÚDE","R$ 1.244.061,25",,,Comissão de Licitação 01,09:00,PORTAL DE COMPRAS PÚBLICAS,2023
0083/2023,0165/2023,12/09/2023,04/07/2023,Pregão eletrônico,Faculdade de Ciências Aplicadas e Sociais | FACAPE,Processo Concluído,Compras e serviços,"Contratação de empresa especializada para prestação de serviços de administração, gerenciamento e fornecimento de combustíveis (gasolina comum)","R$ 18.420,00",,,Comissão de Licitação 02,09:00,www.portaldecompraspublicas.com.br,2023
0087/2023,0273/2023,25/10/2023,17/11/2023,Inexigibilidade,Prefeitura municipal de Petrolina,Processo Concluído,Compras e serviços,"congregar com as empresas de Tecnologia da Informação, para fomentar a pesquisa, criação de tecnologia, formação e aperfeiçoamento tecnológico que visa promover a cooperação técnica e administrativa entre os entes associados",,,,Comissão de Licitação 01,11:00,PREFEITURA DE PETROLINA,2023
0094/2023,0307/2023,06/12/2023,26/12/2023,Inexigibilidade,Secretaria Municipal de Desenvolvimento Econômico e Turismo,Processo Concluído,Compras e serviços,"Contratação do microempreendor (MEI) FERNANDO VIDAL PINHEIRO JUNIOR 02991464488 - ME, inscrito no CNPJ sob o nº 45.915.806/0001-48, para a prestação de serviços artístico/musical",,,,Comissão de Licitação 01,11:00,PREFEITURA DE PETROLINA,2023
0057/2023,0089/2023,16/05/2023,03/05/2023,Pregão eletrônico,Secretaria Municipal de Saúde | SESAU,Fracassada,Compras e serviços,"CONTRATAÇÃO DE EMPRESA ESPECIALIZADA PARA PRESTAÇÃO DE SERVIÇOS NA LOCAÇÃO DE CAMINHÃO BOIADEIRO com a finalidade de capturar animais de grande porte para o Centro de Controle de Zoonoses (CCZ), destinados à Secretaria Municipal de Saúde de Petrolina-PE","R$ 118.500,00",,,Comissão de Licitação 01,03:00,PORTAL DE COMPRAS PÚBLICAS,2023
0156/2023,0272/2023,04/12/2023,21/11/2023,Pregão eletrônico,Secretaria Municipal da Fazenda e Planejamento,Processo Concluído,Compras e serviços,"Aquisição MATERIAL PERMANENTE (Cadeira Longarina) destinado a suprir as necessidades da Secretaria Executiva de Tributos,  mediante solicitação da SECRETARIA MUNICIPAL DE FAZENDA E PLANEJAMENTO.","R$ 18.200,16",,,Comissão de Licitação 01,09:00,PORTAL DE COMPRAS PÚBLICAS,2023
0030/2023,0052/2023,19/04/2023,04/04/2023,Pregão eletrônico,Secretaria Municipal de Saúde | SESAU,Em andamento,Compras e serviços,"eventual aquisição de AUTOMÓVEIS para atender às necessidades de deslocamento da equipe profissional de saúde do CENTRO DE ATENÇÃO PSICOSSOCIAL II (CAPS II), do SERVIÇO DE ATENÇÃO
DOMICILIAR (SAD) e da POLICLÍNICA MUNICIPAL E DE AMBULÂNCIAS TIPO A ","R$ 1.729.221,45",,,Comissão de Licitação 01,09:00,PORTAL DE COMPRAS PÚBLICAS,2023
0130/2023,0000/0000,06/12/2023,09/01/2024,Dispensa de locação,Prefeitura municipal de Petrolina,Processo Concluído,Compras e serviços,"Contratar 49.295.672 DAIVERT DOS SANTOS ANDRADE, inscrito no CNPJ sob o nº 49.295.672/911-60, para a prestação de serviços artístico/musical da atração BANDA RADIOFÔNICA, a se apresentar dia 12 de fevereiro de 2024, durante o CARNAVAL 2024",,,,Comissão de Licitação 01,11:00,PREFEITURA DE PETROLINA,2023
0120/2023,0218/2023,16/10/2023,02/10/2023,Pregão eletrônico,Secretaria Municipal de Saúde | SESAU,Processo Concluído,Compras e serviços,"Eventual AQUISIÇÃO, sob Sistema de Registro de Preços, DE GÊNEROS ALIMENTÍCIOS HORTIFRUTIGRANJEIROS para suprir as necessidades da Casa de  apoio do TFD de PETROLINA-PE, destinados à Secretaria Municipal de Saúde de Petrolina-PE","R$ 259.211,51",,,Comissão de Licitação 03,09:00,Portal de Compras Públicas,2023
0140/2023,0253/2023,07/11/2023,24/10/2023,Pregão eletrônico,Secretaria Municipal de Saúde | SESAU,Revogada,Compras e serviços,Contratação de empresa especializada para prestação de serviços relativos à MANUTENÇÃO PREVENTIVA/CORRETIVA DO MAMÓGRAFO DIGIMAMO TM (VMI) DO CENTRO DE REFERÊNCIA DA MULHER (CRM),"R$ 49.599,96",,,Comissão de Licitação 01,09:00,PORTAL DE COMPRAS PÚBLICAS,2023
0002/2023,0050/2023,10/04/2023,09/03/2023,Concorrência,Secretaria Municipal de Desenvolvimento Econômico e Turismo,Processo Concluído,Compras e serviços,"Concessão de exploração de espaço público PÁTIO DE EVENTOS ANA DAS CARRANCAS, para realização do SÃO JOÃO DE PETROLINA 2023, de 16 à 25 de junho de 2023 e o SÃO JOÃO DE PETROLINA 2024, de 14 à 23 de junho de 2024","R$ 14.951.270,93","R$ 15.030.497.001,00",,Comissão de Licitação 02,09:00,"Secretaria de Licitações e Contratos, sito a Av. Guararapes, nº 2.114 – 2º andar do Anexo- centro - Petrolina-PE",2023
0006/2023,0006/2023,06/02/2023,24/01/2023,Pregão eletrônico,Secretaria Municipal de Saúde | SESAU,Processo Concluído,Compras e serviços,"aquisição de suplementos alimentares em atendimento as ordens judiciais, conforme especificações e quantitativos indicados, para suprir as necessidades da Secretaria Municipal de Saúde de Petrolina-PE","R$ 84.815,93",,,Comissão Especial de Pregão III,09:00,Portal de Compras Publicas,2023
0049/2023,0144/2023,09/06/2023,19/06/2023,Inexigibilidade,Secretaria Municipal de Desenvolvimento Econômico e Turismo,Processo Concluído,Compras e serviços,"Contratação da empresa JG SHOWS LTDA, CNPJ 43.099.846/0001-33, para prestação de serviços artístico/musical da atração JOÃO GOMES a se apresentar durante o SÃO JOÃO 2023,",,,,Comissão de Licitação 01,11:00,PREFEITURA DE PETROLINA,2023
0002/2023,0021/2023,11/01/2023,07/02/2023,Inexigibilidade,Prefeitura municipal de Petrolina,Processo Concluído,Compras e serviços,"contratação de SALVADOR PRODUÇÕES E ENTRETENIMENTOS LTDA, inscrita no CNPJ sob o nº 13.157.376/0001-56, para a prestação de serviços artístico/musical da atração BANDA TIMBALADA",,,,Comissão permanente de licitação,11:00,PREFEITURA DE PETROLINA,2023
0005/2023,0000/0000,29/03/2023,28/07/2023,Adesão interna,Prefeitura municipal de Petrolina,Processo Concluído,Compras e serviços,"AQUISIÇÃO DE MOBILIARIO (com montagem), conforme solicitação da SECRETARIA MUNICIPAL DE AGRICULTURA E A SECRETARIA DE LICITAÇÕES E CONTRATOS, de acordo com as especificações e quantitativos previstos no Anexo I – Termo de Referência do edital. ",,,,Comissão de Licitação 01,11:00,PREFEITURA DE PETROLINA,2023
0056/2023,0151/2023,06/06/2023,21/06/2023,Inexigibilidade,Secretaria Municipal de Desenvolvimento Econômico e Turismo,Processo Concluído,Compras e serviços,"Contratação da empresa NATTAN PRODUÇÕES ARTÍSTICAS LTDA, CNPJ 41.775.478/0001-70, para a prestação de serviços artístico/musical da atração “NATTAN”, a se apresentarem durante o Ciclo Junino 2023",,,,Comissão de Licitação 01,11:00,PREFEITURA DE PETROLINA,2023
0001/2023,0020/2023,15/03/2023,17/02/2023,Chamada pública,"Secretaria Municipal de Educação, Cultura e Esportes",Processo Concluído,Compras e serviços,"AQUISIÇÃO DE GÊNEROS ALIMENTÍCIOS (HORTIFRUTIGRANJEIROS) PROVENIENTES DA AGRICULTURA FAMILIAR (AGRICULTORES E/OU EMPREENDEDORES FAMILIARES RURAIS OU SUAS ORGANIZAÇÕES), DESTINADOS AO PROGRAMA DE ALIMENTAÇÃO ESCOLAR – PNAE.","R$ 3.328.315.000,00","R$ 0,00",,Comissão permanente de licitação,09:00,"Avenida Guararapes, nº 2114, centro, Petrolina/PE    87.3861.3514",2023
0066/2023,0163/2023,07/06/2023,23/06/2023,Inexigibilidade,Secretaria Municipal de Desenvolvimento Econômico e Turismo,Processo Concluído,Compras e serviços,"Contratação da empresa WS SHOWS LTDA, CNPJ 09.188.896/0001-59, para a prestação de serviços artístico/musical da atração WESLEY SAFADÃO, a se apresentarem durante o Ciclo Junino 2023",,,,Comissão de Licitação 01,11:00,PREFEITURA DE PETROLINA,2023
0013/2023,0041/2023,02/02/2023,24/02/2023,Inexigibilidade,Prefeitura municipal de Petrolina,Processo Concluído,Compras e serviços,"contratação de JOSE RONALDO DE OLIVEIRA SILVA-ME, inscrito no CNPJ sob o nº 18.438.496/0001-45, para a prestação de serviços artístico/musical da atração BANDA VOA VOA, a se apresentar nas comemorações do CARNAVAL 2023",,,,Comissão de Licitação 01,11:56,prefeitura de petrolina,2023
0033/2023,0125/2023,09/05/2023,29/05/2023,Inexigibilidade,Secretaria Municipal de Desenvolvimento Econômico e Turismo,Processo Concluído,Compras e serviços,"contratação de FT SHOWS LTDA - ME, inscrita no CNPJ sob o nº 39.998.900/0001-05, para a prestação de serviços artístico/musical da atração FABINHO TESTADO, a se apresentar durante o SÃO JOÃO 2023.",,,,Comissão de Licitação 01,11:00,PREFEITURA DE PETROLINA,2023
0074/2023,0185/2023,05/07/2023,19/07/2023,Inexigibilidade,Prefeitura municipal de Petrolina,Processo Concluído,Compras e serviços,"contratação de Escritório de Advocacia especializado para prestação de serviços técnicos de consultoria para estudo, levantamento e propositura de demandas judiciais e/ou administrativas com ênfase na recuperação dos valores do FUNDEB ",,,,Comissão de Licitação 01,11:00,PREFEITURA DE PETROLINA,2023
0095/2023,0308/2023,06/12/2023,04/01/2024,Inexigibilidade,Prefeitura municipal de Petrolina,Processo Concluído,Compras e serviços," contratação de WAGNER MIRANDA LIMA 02064654402 - ME, inscrito no CNPJ sob o nº 16.510.407/0001-07, para a prestação de serviços artístico/musical da atração GRUPO MATINGUEIROS, a se apresentar no dia 12/02/2024 durante o CARNAVAL DE PETROLINA 2024",,,,Comissão de Licitação 01,11:00,PREFEITURA DE PETROLINA,2023
0078/2023,0000/0000,15/06/2023,05/07/2023,Dispensa por outros motivos,Secretaria Municipal de Desenvolvimento Econômico e Turismo,Processo Concluído,Compras e serviços,"Contratar 27.772.842 ITALO RAMOS DE SOUZA - ME, inscrito no CNPJ sob o nº 27.772.842/0001-18, para a prestação de serviços artístico/musical da atração ITALO & MACIEL a se apresentar na durante o ciclo junino",,,,Comissão de Licitação 01,11:00,PREFEITURA DE PETROLINA,2023
0052/2023,0077/2023,02/05/2023,18/04/2023,Pregão eletrônico,Secretaria Municipal de Saúde | SESAU,Fracassada,Compras e serviços,"PRESTAÇÃO DE SERVIÇOS DE LIMPEZA DE FOSSAS SÉPTICAS (CAIXA DE ESGOTO), INCLUINDO COLETA DE RESÍDUOS E DESTINAÇÃO FINAL","R$ 201.656,72",,,Comissão de Licitação 02,09:00,www.portaldecompraspublicas.com.br,2023
0009/2023,0180/2023,28/08/2023,27/07/2023,Concorrência,Secretaria de Infraestrutura e Mobilidade,Aberta,Obras e serviços de engenharia,"Contratação de Serviços de Engenharia Consultiva para Apoio Técnico-Operacional e Gerencial à Secretaria de Infraestrutura e Mobilidade da Prefeitura Municipal de Petrolina, compreendendo as Atividades de Gerenciamento, Supervisão e Fiscalização de Obras","R$ 6.667.397,67",,,Comissão de Licitação 03,09:00,"Secretária de Licitações Contratos, Avenida Guararapes, nº 2114, centro, Petrolina/PE",2023
0134/2023,0242/2023,14/11/2023,31/10/2023,Pregão eletrônico,Secretaria Municipal de Desenvolvimento Urbano e Habitação,Processo Concluído,Compras e serviços,"Prestação de serviços relativos ao APOIO TÉCNICO EM TOPOGRAFIA, compreendendo a disponibilidade de todos os equipamentos e ferramentas para completa execução contratual. OBSERVAÇÃO: NESTA PLATAFORMA CONSTAM TODOS OS ANEXOS DO EDITAL.","R$ 839.414,65","R$ 0,00",,Comissão de Licitação 02,09:00,PORTAL DE COMPRAS PÚBLICAS,2023
0034/2023,0057/2023,17/04/2023,28/03/2023,Pregão eletrônico,Secretaria Municipal de Saúde | SESAU,Processo Concluído,Compras e serviços,"Eventual aquisição de conjunto para aplicação de agrotóxicos: máscara facial completa, vestuário de proteção individual (EPI), para os Agentes de Combate às Endemias (ACE).","R$ 26.161,17",,,Comissão de Licitação 02,09:00,www.portaldecompraspublicas.com.br,2023
0065/2023,0106/2023,01/06/2023,19/05/2023,Pregão eletrônico,Secretaria Municipal de Saúde | SESAU,Processo Concluído,Compras e serviços,"EVENTUAL AQUISIÇÃO DE MATERIAIS E EQUIPAMENTOS ODONTOLÓGICOS, conforme solicitação expressa da Secretaria Municipal de Saúde","R$ 1.481.400,00",,,Comissão de Licitação 01,09:00,PORTAL DE COMPRAS PÚBLICAS,2023
0072/2023,0175/2023,09/06/2023,30/06/2023,Inexigibilidade,Secretaria Municipal de Desenvolvimento Econômico e Turismo,Processo Concluído,Compras e serviços,"contratação de ANSELMO DE OLIVEIRA BITTENCOURT PRODUÇÕES-ME, inscrito no CNPJ sob o nº 39.938.977/0001-90, para a prestação de serviços artístico/musical da atração TRIO GRANAH,",,,,Comissão de Licitação 01,11:00,PREFEITURA DE PETROLINA,2023
0177/2022,0315/2022,04/01/2023,22/12/2022,Pregão eletrônico,Secretaria Municipal de Planejamento e Gestão,Processo Concluído,Compras e serviços,EVENTUAL CONTRATAÇÃO DE EMPRESA ESPECIALIZADA PARA PRESTAÇÃO DE SERVIÇOS EM MANUTENÇÃO PREVENTIVA E CORRETIVA NOS APARELHOS DE AR-CONDICIONADO...,"R$ 228.885,87","R$ 0,00",,Comissão Especial de Pregão I,09:00,"Sistema do PORTAL DE COMPRAS PÚBLICAS, no endereço eletrônico www.portaldecompraspublicas.com.br",2023
0079/2023,0141/2023,18/07/2023,04/07/2023,Pregão eletrônico,Secretaria Municipal da Fazenda e Planejamento,Processo Concluído,Compras e serviços,"Eventual aquisição de MOBILIÁRIOS (MESAS, CADEIRAS E ARMÁRIOS)","R$ 32.885,60",,,Comissão de Licitação 02,09:00,www.portaldecompraspublicas.com.br ,2023
0048/2023,0072/2023,17/05/2023,04/05/2023,Pregão eletrônico,Agência do Empreendedor | AGE,Processo Concluído,Compras e serviços,"Eventual aquisição de EQUIPAMENTOS DE ESTRUTURA E SONORIZAÇÃO (CAIXA ACÚSTICA, SUPORTE PARA CAIXA ACÚSTICA, MICROFONE E FILTRO DE LINHA),","R$ 5.955,52",,,Comissão de Licitação 02,09:00,www.portaldecompraspublicas.com.br,2023
0070/2023,0170/2023,09/06/2023,27/06/2023,Inexigibilidade,Secretaria Municipal de Desenvolvimento Econômico e Turismo,Processo Concluído,Compras e serviços,"contratar a empresa SHOW COMPLETO PRODUÇÕES ARTÍSTICAS LTDA-ME, inscrito no CNPJ sob o nº 26.636.436/0001-65, para a prestação de serviços artístico/musical da atração MAIARA E MARAISA, a se apresentar durante o Ciclo Junino 2023 – São João de Petrolina",,,,Comissão de Licitação 01,11:00,PREFEITURA DE PETROLINA,2023
0024/2023,0035/2023,17/03/2023,07/03/2023,Pregão eletrônico,"Secretaria Municipal de Educação, Cultura e Esportes",Aberta,Compras e serviços,"eventual aquisição de LANCHA ESCOLAR para o transporte de alunos, que habitam em local de difícil acesso e garantir a chegada em segurança às unidades escolares de responsabilidade do poder público municipal.","R$ 1.900.000,00",,,Comissão de Licitação 03,09:00,Portal de Compras Públicas,2023
0045/2023,0139/2023,01/06/2023,16/06/2023,Inexigibilidade,Secretaria Municipal de Desenvolvimento Econômico e Turismo,Processo Concluído,Compras e serviços,"Contratação da empresa ALIC PARTICIPAÇÕES E ENTRETENIMENTOS LTDA, inscrito no CNPJ sob o nº 28.791.264/0001-20, para a prestação de serviços artístico/musical da atração XAND AVIÃO, a se apresentar durante o Ciclo Junino 2023",,,,Comissão de Licitação 01,11:00,PREFEITURA DE PETROLINA,2023
0148/2023,0000/0000,27/12/2023,09/01/2024,Dispensa por outros motivos,Prefeitura municipal de Petrolina,Processo Concluído,Compras e serviços,"Contratar MARCELO NOVAES ATAIDE 00755987446, inscrito no CNPJ sob o nº 28.614.911/0001-28 para a prestação de serviços artístico/musical da atração ORQUESTRA DE FREVO DO BOLINHA, a se apresentar durante o CARNAVAL DE PETROLINA 2024",,,,Comissão de Licitação 01,11:00,PREFEITURA DE PETROLINA,2023
0009/2023,0260/2023,01/11/2023,30/10/2023,Credenciamento,Secretaria Municipal de Saúde | SESAU,Processo Concluído,Compras e serviços,"Credenciamento de Pessoas Jurídicas para a prestação de serviços de saúde, para a realização, de forma complementar, na área de oftalmologia, em complementariedade ao Sistema Único de Saúde (SUS) municipal(...). ",,"R$ 0,00",,Comissão de Licitação 02,08:00,"AV. GUARARAPES, Nº 2114, CENTRO, PETROLINA/PE (2º ANDAR DO ANEXO)
",2023
0041/2023,0135/2023,02/06/2023,16/06/2023,Inexigibilidade,Secretaria Municipal de Desenvolvimento Econômico e Turismo,Processo Concluído,Compras e serviços,"Contratação da empresa M SHOW PRODUÇÕES E EVENTOS LTDA - ME, inscrita no CNPJ sob o nº 34.262.043/0001-67, para a prestação de serviços artístico/musical da atração MURILO HUFF, a se apresentar durante o SÃO JOÃO DE PETROLINA 2023,",,,,Comissão de Licitação 01,11:00,PREFEITURA DE PETRoTOLINA,2023
0064/2023,0000/0000,14/06/2023,04/07/2023,Dispensa por outros motivos,Secretaria Municipal de Desenvolvimento Econômico e Turismo,Processo Concluído,Compras e serviços,"atração através de SUPERSTAR PRODUÇÕES, inscrito no CNPJ sob o nº 14.289.601/0001-70, para a prestação de serviços artístico/musical da atração BANDA SEM RADAR, a se apresentar em show no ciclo junino",,,,Comissão de Licitação 01,11:00,PREFEITURA DE PETROLINA,2023
0148/2023,0264/2023,18/12/2023,04/12/2023,Pregão eletrônico,Secretaria de Infraestrutura e Mobilidade,Processo Concluído,Locação,"Eventual contratação de empresa especializada para locação de máquinas pesadas, incluindo mão de obra.","R$ 6.496.598,56",,,Comissão de Licitação 02,09:00,www.portaldecompraspublicas.com.br,2023
0067/2023,0166/2023,01/06/2023,26/06/2023,Inexigibilidade,Secretaria Municipal de Desenvolvimento Econômico e Turismo,Processo Concluído,Compras e serviços,"contratar a empresa PEDRO CAVALCANTE ENTRETENIMENTO LTDA, inscrito no CNPJ sob o nº 46.083.686/0001-22, para a prestação de serviços artístico/musical da atração PEDRO CAVALCANTE, a se apresentar durante o Ciclo Junino 2023 – São João de Petrolina",,,,Comissão de Licitação 01,11:00,PREFEITURA DE PETROLINA,2023
0034/2023,0126/2023,09/05/2023,29/05/2023,Inexigibilidade,Secretaria Municipal de Desenvolvimento Econômico e Turismo,Processo Concluído,Compras e serviços,"contratação de MEL GRAVAÇÕES, EDIÇÕES MUSICAIS E EVENTOS LTDA - ME, inscrita no CNPJ sob o nº 39.543.593/0001-78, para prestação de serviços artístico/musical da atração MIRELLA & LENNO a se apresentar durante o SÃO JOÃO 2023,",,,,Comissão de Licitação 01,11:00,PREFEITURA DE PETROLINA,2023
0015/2023,0018/2023,27/02/2023,13/02/2023,Pregão eletrônico,Secretaria Municipal de Desenvolvimento Social e Direitos Humanos,Processo Concluído,Compras e serviços,"PRESTAÇÃO DE SERVIÇOS TÉCNICOS ESPECIALIZADOS DE ASSESSORIA, VISANDO O SUPORTE E APOIO TÉCNICO NA ORIENTAÇÃO AOS PROFISSIONAIS","R$ 155.100,00",,,Comissão de Licitação 01,09:00,www.portaldecompraspublicas.com.br,2023
0122/2023,0220/2023,20/09/2023,05/09/2023,Pregão eletrônico,Autarquia Municipal de Mobilidade de Petrolina | AMMPLA,Processo Concluído,Compras e serviços,"AQUISIÇÃO DE BICICLETAS QUE SERÃO SORTEADAS NOS EVENTOS REALIZADOS NA SEMANA NACIONAL DO TRÂNSITO, REALIZADA NA ÚLTIMA SEMANA DO MÊS DE SETEMBRO DE 2023, conforme solicitação expressa da Autarquia Municipal de Mobilidade de Petrolina – AMMPLA.","R$ 70.000,00","R$ 0,00",,Comissão de Licitação 01,09:00,www.portaldecompraspublicas.com.br,2023
0092/2023,0183/2023,31/07/2023,18/07/2023,Pregão eletrônico,Secretaria de Infraestrutura e Mobilidade,Processo Concluído,Compras e serviços,Prestação de serviços relativos ao apoio técnico em topografia,"R$ 809.633,22",,,Comissão de Licitação 02,09:00, www.portaldecompraspublicas.com.br,2023
0026/2022,0318/2022,04/01/2023,02/12/2022,Concorrência,Prefeitura municipal de Petrolina,Processo Concluído,Compras e serviços,"PRESTAÇÃO DE SERVIÇOS DE ESTRUTURAS TEMPORÁRIAS E SERVIÇOS DE SISTEMAS DE SONORIZAÇÃO, ILUMINAÇÃO E GRUPOS GERADORES DE ENERGIA PARA EVENTOS E AÇÕES EXECUTIVAS, COMPREENDENDO MONTAGEM, DESMONTAGEM, LIMPEZA, MANUTENÇÃO E OUTROS SERVIÇOS CORRELATOS","R$ 6.553.348.000,00","R$ 0,00",,Comissão permanente de licitação,09:00,"AVENIDA GUARARAPES, Nº 2114, CENTRO, PETROLINA - CONTATO: 87.3861.3514 - SEGUNDO ANDAR DO ANEXO - (SUPERINTENDÊNCIA GERAL DE LICITAÇÕES)",2023
0092/2023,0304/2023,30/11/2023,26/12/2023,Inexigibilidade,Secretaria Municipal de Desenvolvimento Econômico e Turismo,Processo Concluído,Compras e serviços,"Contratação de ANSELMO DE OLIVEIRA BITTENCOURT PRODUÇÕES-ME, inscrito no CNPJ sob o nº 39.938.977/0001-90, para a prestação de serviços artístico/musical da atração TRIO GRANAH, a se apresentar no dia 11/02/2024 durante o CARNAVAL DE PETROLINA",,,,Comissão de Licitação 01,11:00,PREFEITURA DE PETROLINA,2023
0078/2023,0129/2023,07/07/2023,26/06/2023,Pregão eletrônico,Faculdade de Ciências Aplicadas e Sociais | FACAPE,Em andamento,Compras e serviços,"Contratação de empresa para AQUISIÇÃO DE MATERIAIS, TONNERS E EQUIPAMENTOS DE INFORMÁTICA PARA ATENDER ÀS NECESSIDADES
DOS DIVERSOS SETORES DA AUTARQUIA EDUCACIONAL DO VALE DO SÃO FRANCISCO - AEVSF/FACAPE","R$ 40.100,51",,,Comissão de Licitação 01,09:00,PORTAL DE COMPRAS PÚBLICAS,2023
0068/2023,0167/2023,09/06/2023,26/06/2023,Inexigibilidade,Secretaria Municipal de Desenvolvimento Econômico e Turismo,Processo Concluído,Compras e serviços,"Contratar a empresa N R DE MORAES PRODUÇÃO MUSICAL-ME, CNPJ 23.226.695/0001-20, para a prestação de serviços artístico/musical da atração “EDY & NATHAN”, a se apresentarem durante o Ciclo Junino 2023 de Petrolina-PE,",,,,Comissão de Licitação 01,11:00,PREFEITURA DE PETROLINA,2023
0001/2023,0044/2023,24/04/2023,08/03/2023,Concorrência,Secretaria de Infraestrutura e Mobilidade,Cancelada,Obras e serviços de engenharia,"CONTRATAÇÃO DE SERVIÇOS DE ENGENHARIA CONSULTIVA PARA APOIO TÉCNICO-OPERACIONAL E GERENCIAL À SECRETARIA DE INFRAESTRUTURA E MOBILIDADE DA PREFEITURA MUNICIPAL DE PETROLINA, COMPREENDENDO AS ATIVIDADES DE GERENCIAMENTO, SUPERVISÃO E FISCALIZAÇÃO DE OBRAS","R$ 8.878.553,84",,,Comissão de Licitação 03,09:00,"Secretaria Municipal de Licitações e Contratos, sito a Av. Guararapes, nº 2.114 – 2º andar do Anexo- Centro - Petrolina-PE",2023
0105/2023,0198/2023,07/11/2023,05/09/2023,Pregão eletrônico,Faculdade de Ciências Aplicadas e Sociais | FACAPE,Processo Concluído,Compras e serviços,"Aquisição de bebedouros, elementos filtrantes (refis e cartucho de pré-filtragem) e torneiras","R$ 40.432,28",,,Comissão de Licitação 02,09:00,www.portaldecompraspublicas.com.br ,2023
0043/2023,0063/2023,25/04/2023,11/04/2023,Pregão eletrônico,Secretaria Municipal de Saúde | SESAU,Processo Concluído,Compras e serviços,"Eventual contratação de empresa especializada na PRESTAÇÃO DE SERVIÇOS DE MATERIAL GRÁFICO, destinados à Secretaria Municipal de Saúde de Petrolina-PE","R$ 858.547,50",,,Comissão de Licitação 01,09:00,PORTAL DE COMPRAS PÚBLICAS,2023
0001/2023,0000/0000,04/01/2023,06/02/2023,Adesão interna,Prefeitura municipal de Petrolina,Processo Concluído,Compras e serviços,"AQUISIÇÃO DE EQUIPAMENTO ELETRÔNICO, visando ó atender as necessidades da CONTROLADORIA GERAL DO MUNICÍPIO",,,,Comissão Especial Permanente de Licitação,11:00,Prefeitura de Petrolina,2023
0150/2023,0000/0000,27/12/2023,09/01/2024,Dispensa por outros motivos,Prefeitura municipal de Petrolina,Processo Concluído,Compras e serviços,"Contratar MICHEL RICARDO DA SILVA BORGES inscrito no CNPJ sob o nº 23.784.167/0001-96 para a prestação de serviços artístico/musical da atração ORQUESTRA SERPENTE IMPERIAL, a se apresentar durante o CARNAVAL DE PETROLINA 2024",,,,Comissão de Licitação 01,11:00,prefeitura de petrolina,2023
0125/2023,0229/2023,01/11/2023,19/10/2023,Pregão eletrônico,"Secretaria Municipal de Educação, Cultura e Esportes",Processo Concluído,Compras e serviços,EVENTUAL (AIS) CONTRATAÇÃO (ÕES) DE EMPRESA (S) ESPECIALIZADA (S) PARA PRESTAÇÃO DE SERVIÇOS RELATIVOS À CONFECÇÃO DE MATERIAL GRÁFICO E SERIGRÁFICO,"R$ 1.162.974,50",,,Comissão de Licitação 01,09:00,PORTAL DE COMPRAS PÚBLICAS,2023
0093/2023,0305/2023,28/11/2023,27/12/2023,Inexigibilidade,Prefeitura municipal de Petrolina,Processo Concluído,Compras e serviços,"Contratação da empresa P R L M DE MELO PRODUÇÕES - ME, inscrita no CNPJ sob o nº 07.129.998/0001-78, para a prestação de serviços artístico/musical da atração ANDRÉ RIO, a se apresentar durante o BAILE MUNICIPAL DE PETROLINA 2024,",,,,Comissão de Licitação 01,11:00,PREFEITURA DE PETROLINA,2023
0167/2023,0290/2023,15/12/2023,04/12/2023,Pregão eletrônico,Secretaria Municipal de Desenvolvimento Social e Direitos Humanos,Processo Concluído,Compras e serviços,"Registro de preço para EVENTUAL AQUISIÇÃO DE
ELETRODOMÉSTICOS direcionados aos
equipamentos sociais, para atender às necessidades
de unidade da SECRETARIA MUNICIPAL DE
DESENVOLVIMENTO SOCIAL E DIREITOS
HUMANOS.","R$ 325.531,87",,,Comissão de Licitação 04,09:00,PORTAL DE COMPRAS PÚBLICAS,2023
0145/2023,0261/2023,21/11/2023,07/11/2023,Pregão eletrônico,Secretaria Municipal de Desenvolvimento Econômico e Turismo,Processo Concluído,Compras e serviços,Contratação de empresa especializada para LOCAÇÃO DE ESTRUTURAS TEMPORÁRIAS DE DECORAÇÃO E CÊNICA NATALINA,"R$ 4.532.168,40",,,Comissão de Licitação 01,09:00,PORTAL DE COMPRAS PÚBLICAS,2023
0094/2023,0186/2023,25/08/2023,10/08/2023,Pregão eletrônico,Secretaria Municipal de Saúde | SESAU,Aberta,Compras e serviços,"eventual aquisição, sob Sistema de Registro de Preços, de GÊNEROS ALIMENTÍCIOS PERECIVÉIS PARA ATENDER AS NECESSIDADES DO CAPS INFANTIL, CAPS II e CAPS AD III, Secretaria Municipal de Saúde de Petrolina-PE.","R$ 552.102,42",,,Comissão de Licitação 03,09:00,Portal de Compras Públicas,2023
0044/2023,0067/2023,24/04/2023,10/04/2023,Pregão eletrônico,Secretaria Municipal de Saúde | SESAU,Em andamento,Compras e serviços,"eventual aquisição de FRALDAS DESCARTÁVEIS, MEDICAMENTOS E INSUMOS EM ATENDIMENTO ÀS ORDENS JUDICIAIS INDICADAS NO PROCESSO","R$ 198.814,92",,,Comissão de Licitação 01,09:00,PORTAL DE COMPRAS PÚBLICAS,2023
0027/2023,0104/2023,19/04/2023,02/05/2023,Inexigibilidade,Prefeitura municipal de Petrolina,Processo Concluído,Compras e serviços,"prestação de serviços técnicos especializados de consultoria e assessoramento em matéria de licitações e contratos administrativos de maior complexidade técnica e vulto econômico, bem como o acompanhamento de demandas ","R$ 297.600,00","R$ 297.600,00",,Comissão de Licitação 01,11:55,PREFEITURA DE PETROLINA,2023
0095/2023,0187/2023,04/09/2023,03/08/2023,Pregão eletrônico,Secretaria Municipal de Saúde | SESAU,Processo Concluído,Compras e serviços,"eventual aquisição de EQUIPAMENTOS ELETRÔNICOS (COMPUTADORES, IMPRESSORAS, NOBRECK’S, TELEVISORES, APARELHOS TELEFÔNICOS E TELAS DE PROJEÇÃO)","R$ 403.015,55",,,Comissão de Licitação 01,09:00,PORTAL DE COMPRAS PÚBLICAS,2023
0004/2023,0000/0000,02/02/2023,14/02/2023,Inexigibilidade,Prefeitura municipal de Petrolina,Processo Concluído,Compras e serviços,"contratação de MARCELO NOVAES ATAIDE 00755987446 (FLOR DE CACTUS PRODUÇÕES), inscrita no CNPJ sob o nº 28.614.911/0001-28, para a prestação de serviços artístico/musical da atração FABIANA SANTIAGO, a se apresentar durante ",,,,Comissão permanente de licitação,11:00,PREFEITURA DE PETROLINA,2023
0029/2023,0116/2023,10/05/2023,23/05/2023,Inexigibilidade,Secretaria Municipal de Desenvolvimento Econômico e Turismo,Processo Concluído,Compras e serviços,"contratação de BISULINHA PARTICIPACOES E ENTRETENIMENTO LTDA, inscrita no CNPJ sob o nº 10.935.395/0001-78, para a prestação de serviços artístico/musical da atração IRA!, a se apresentar no evento MOTO CHICO 2023 em Petrolina-PE",,,,Comissão de Licitação 01,11:00,Prefeitura de Petrolina.,2023
0110/2023,0206/2023,20/11/2023,01/11/2023,Pregão eletrônico,Secretaria Municipal da Fazenda e Planejamento,Processo Concluído,Compras e serviços,Contratação de empresa especializada para a prestação de serviços técnicos relacionados à tecnologia de informação para sistema informatizado integrado de Gestão Tributária Municipal.,"R$ 1.250.292,50",,,Comissão de Licitação 03,09:00,Portal de Compras Públicas,2023
0015/2023,0043/2023,03/02/2023,24/02/2023,Inexigibilidade,Prefeitura municipal de Petrolina,Processo Concluído,Compras e serviços,"contratação de PEDRO CAVALCANTE ENTRETENIMENTO LTDA-ME, inscrito no CNPJ sob o nº 46.083.686/0001-22, para a prestação de serviços artístico/musical da atração PEDRO CAVALCANTE, a se apresentar nas comemorações do CARNAVAL 2023 em Petrolina-PE",,,,Comissão de Licitação 01,11:56,Prefeitura de petrolina,2023
0136/2023,0244/2023,24/11/2023,20/12/2023,Pregão eletrônico,Faculdade de Ciências Aplicadas e Sociais | FACAPE,Aberta,Compras e serviços,Eventual contratação de empresa especializada na prestação de serviços gráficos,"R$ 208.301,22",,,Comissão de Licitação 02,09:00,www.portaldecompraspublicas.com.br,2023
0009/2023,0000/0000,05/05/2023,31/07/2023,Adesão interna,Prefeitura municipal de Petrolina,Em andamento,Compras e serviços,"Contratar FRANCISCO EDENIO GONCALVES LIMA FILHO DE PETROLINA – ME, inscrito no CNPJ sob o nº 28.238.886/0001-25, através de Adesão interna da ARP 422/2022, Processo Administrativo 276/2022, Pregão Eletrônico SRP 148/2022",,,,Comissão de Licitação 01,11:00,PREFEITURA DE PETROLINA,2023
0083/2023,0231/2023,08/09/2023,22/09/2023,Inexigibilidade,Secretaria Municipal de Desenvolvimento Econômico e Turismo,Processo Concluído,Compras e serviços,"contratação de FT SHOWS LTDA - ME, inscrita no CNPJ sob o nº 39.998.900/0001-05, para a prestação de serviços artístico/musical da atração FABINHO TESTADO, a se apresentar durante a 17.ª FESTA DO COLONO DO MARIA TEREZA 2023",,,,Comissão de Licitação 01,11:54,PREFEITURA DE PETROLINA,2023
0050/2023,0145/2023,08/06/2023,19/06/2023,Inexigibilidade,Secretaria Municipal de Desenvolvimento Econômico e Turismo,Processo Concluído,Compras e serviços,"Contratação da empresa LUAN FORRÓ ESTILIZADO SHOWS, EVENTOS E SERVIÇOS LTDA - ME, CNPJ 17.985.184/0001-99, para prestação de serviços artístico/musical da atração LUAN FORRÓ ESTILIZADO a se apresentar durante o SÃO JOÃO 2023",,,,Comissão de Licitação 01,11:00,Prefeitura de petrolina,2023
0064/2023,0161/2023,07/06/2023,23/06/2023,Inexigibilidade,Secretaria Municipal de Desenvolvimento Econômico e Turismo,Processo Concluído,Compras e serviços,"Contratação da empresa FELIPE AMORIM & CIA PRODUÇÕES ARTÍSTICAS LTDA - ME, CNPJ: 43.144.561/0001- 77, para prestação de serviços artístico/musical da atração FELIPE AMORIM a",,,,Comissão de Licitação 01,11:00,PREFEITURA DE PETROLINA,2023
0005/2023,0205/2023,18/10/2023,17/10/2023,Credenciamento,Secretaria Municipal de Saúde | SESAU,Aberta,Compras e serviços,"Credenciamento para a realização, de forma complementar, em ANATOMIA PATOLOGIA, CITOPATOLOGIA, IMUNOHISTOQUÍMICO aos usuários do Sistema Único de Saúde – SUS de Petrolina, em específico os procedimentos do Grupo 02",,,,Comissão de Licitação 03,09:00,Secretaria de Licitações e Contratos - SLC,2023
0115/2023,0212/2023,06/10/2023,25/09/2023,Pregão eletrônico,Secretaria Municipal de Saúde | SESAU,Processo Concluído,Compras e serviços,"eventual aquisição, sob Sistema de Registro de Preços, de CAIXAS TÉRMICAS PARA DISTRIBUIÇÃO E OFERTA DE VACINAS À POPULAÇÃO, conforme especificações e quantitativos indicados, destinados à Secretaria Municipal de Saúde de Petrolina-PE","R$ 93.637,78",,,Comissão de Licitação 03,15:30,Portal de Compras Públicas,2023
0084/2023,0000/0000,06/06/2023,05/07/2023,Dispensa por outros motivos,Secretaria Municipal de Desenvolvimento Econômico e Turismo,Processo Concluído,Compras e serviços,"VALDECIR ARISTIDES DO NASCIMENTO JUNIOR 49602411449 - ME, inscrito no CNPJ sob o nº 14.289.601/0001-70, para a prestação de serviços artístico/musical da atração MUSICAL AQUARELA DO FORRÓ",,,,Comissão de Licitação 01,11:00,PREFEITURA DE PETROLINA,2023
0053/2023,0148/2023,01/06/2023,16/06/2023,Inexigibilidade,Secretaria Municipal de Desenvolvimento Econômico e Turismo,Processo Concluído,Compras e serviços,"contratação da empresa TA SHOWS LTDA, inscrita no CNPJ sob o nº 43.202.769/0001-03, para prestação de serviços artístico/musical da atração TARCÍSIO DO ACORDEON E BANDA a se apresentar durante o SÃO JOÃO 2023.",,,,Comissão de Licitação 01,11:00,Prefeitura de Petrolina,2023
0058/2023,0153/2023,06/06/2023,23/06/2023,Inexigibilidade,Secretaria Municipal de Desenvolvimento Econômico e Turismo,Processo Concluído,Compras e serviços,"Contratar a empresa GT PRODUÇÕES E EVENTOS LTDA, CNPJ Nº 31.273.660/0001-70, para a prestação de serviços artístico/musical da atração DENNIS, a se apresentar durante o Ciclo Junino 2023 de Petrolina-PE",,,,Comissão de Licitação 01,11:00,PREFEITURA DE PETROLNA,2023
0161/2023,0279/2023,19/12/2023,06/12/2023,Pregão eletrônico,Secretaria Municipal da Fazenda e Planejamento,Fracassada,Compras e serviços,"Eventual AQUISIÇÃO DE ÁGUA MINERAL, mediante solicitação das diversas Secretarias e Órgãos da Administração direta e indireta.","R$ 96.851,40",,,Comissão de Licitação 01,09:00,PORTAL DE COMPRAS PÚBLICAS,2023
0063/2023,0160/2023,09/06/2023,27/06/2023,Inexigibilidade,Secretaria Municipal de Desenvolvimento Econômico e Turismo,Processo Concluído,Compras e serviços,"contratar a empresa TEP ENTRETENIMENTO E PROMOÇÕES LTDA, inscrita no CNPJ sob o nº 37.057.774/0001-69, para a prestação de serviços artístico/musical da atração JORGE & MATEUS, a se apresentar durante o SÃO JOÃO DE PETROLINA 2023",,,,Comissão de Licitação 01,11:00,PREFEITURA DE PETROLINA,2023
0194/2022,0338/2022,19/01/2023,03/01/2023,Pregão eletrônico,"Secretaria Municipal de Educação, Cultura e Esportes",Paralisada,Obras e serviços de engenharia,PRESTAÇÃO DE SERVIÇOS RELATIVOS À IMPLANTAÇÃO DE ESPAÇOS RECREATIVOS EM GRAMA SINTÉTICA NAS ESCOLAS E CRECHES MUNICIPAIS ,"R$ 8.345.638,73","R$ 0,00",,Comissão Especial de Pregão II,09:00,PORTAL DE COMPRAS PÚBLICAS,2023
0060/2023,0157/2023,08/06/2023,23/06/2023,Inexigibilidade,Secretaria Municipal de Desenvolvimento Econômico e Turismo,Processo Concluído,Compras e serviços,"Contratação da empresa BALADA EVENTOS E PRODUÇÕES LTDA, CNPJ 21.363.253/0001-08, para a prestação de serviços artístico/musical da atração GUSTTAVO LIMA, a se apresentar durante o Ciclo Junino 2023",,,,Comissão de Licitação 01,11:00,PREFEITURA DE PETROLINA ,2023
0016/2023,0022/2023,16/02/2023,03/02/2023,Pregão eletrônico,Secretaria Municipal de Desenvolvimento Econômico e Turismo,Processo Concluído,Compras e serviços,"Captação de patrocínio, tipo cota principal, exclusivo para empresas fabricantes, e/ou envasadoras, e/ou distribuidoras e/ou representante de bebida alcóolica a base de cereais maltados (cervejaria), bebidas não gaseificadas e gaseificadas (...)",,,,Comissão Especial de Pregão II,09:00,"Sistema do PORTAL DE COMPRAS PÚBLICAS, no endereço eletrônico www.portaldecompraspublicas.com.br.",2023
0010/2023,0010/2023,24/02/2023,09/02/2023,Pregão eletrônico,Secretaria Municipal de Saúde | SESAU,Processo Concluído,Compras e serviços,"contratação de empresa especializada na prestação de serviços de coleta, transporte, tratamento, incineração e posterior envio ao aterro sanitário de material do tipo: resíduos de saúde do grupo A, B e E","R$ 196.584,96",,,Comissão Especial de Pregão III,09:00,Portal de Compras Públicas,2023
0098/2023,0190/2023,16/08/2023,01/08/2023,Pregão eletrônico,Secretaria de Agricultura,Processo Concluído,Compras e serviços,"LOCAÇÃO DE 01 (UM) VEÍCULO AUTOMOTOR (CAMINHÃO TIPO TOCO), SEM MOTORISTA, PARA AUXILIAR NAS ATIVIDADES DE PERFURAÇÃO E MANUTENÇÃO DE POÇOS ARTESIANOS NA ZONA RURAL","R$ 138.000,00",,,Comissão de Licitação 02,09:00,www.portaldecompraspublicas.com.br,2023
0063/2023,0102/2023,31/05/2023,19/05/2023,Pregão eletrônico,Secretaria Municipal da Fazenda e Planejamento,Processo Concluído,Compras e serviços,Aquisição de EQUIPAMENTOS E MATERIAIS PARA IMPLANTAÇÃO DE REDE LÓGICA,"R$ 25.224,11",,,Comissão de Licitação 02,09:00,www.portaldecompraspublicas.com.br,2023
0010/2023,0280/2023,27/11/2023,26/07/2024,Credenciamento,Secretaria de Agricultura,Processo Concluído,Compras e serviços,"CREDENCIAMENTO de carros pipas com o condutor (pessoa física), equipado com motor bomba, mangote e conexões, com capacidade mínima de 8.000L","R$ 160.000,00",,,Comissão de Licitação 05,08:00,"Secretaria Municipal de Agricultura - Rua Santa Cecilia, n.º 35 – Centro, Petrolina-PE",2023
0076/2023,0203/2023,24/07/2023,17/08/2023,Inexigibilidade,Secretaria Municipal de Desenvolvimento Econômico e Turismo,Processo Concluído,Compras e serviços,"Contratação da empresa LL VILAS EVENTOS LTDA, CNPJ: 27.673.878/0001-44, para prestação de serviços artístico/musical da atração KELLEN BYANCA a se apresentar na MARCHA PARA JESUS 2023.",,,,Comissão de Licitação 01,11:00,PREFEITURA DE PETROLINA,2023
0007/2023,0007/2023,28/02/2023,14/02/2023,Pregão eletrônico,Secretaria Municipal de Desenvolvimento Social e Direitos Humanos,Aberta,Compras e serviços,"objeto a eventual aquisição de materiais de higiene e limpeza direcionados aos equipamentos sociais, para atender às necessidades de unidade da secretaria municipal de desenvolvimento social e direitos humanos de Petrolina-PE","R$ 1.775.345,10",,,Comissão Especial de Pregão III,09:00,Portal de Compras Públicas,2023
0079/2023,0223/2023,23/08/2023,22/09/2023,Inexigibilidade,Secretaria Municipal de Desenvolvimento Econômico e Turismo,Processo Concluído,Compras e serviços,"Contratação da empresa A PRAIA PRODUCOES E EVENTOS LTDA, inscrita no CNPJ sob o nº 07.101.578/0001- 83, para a prestação de serviços artístico/musical da atração BANDA CHEIRO DE AMOR, a se apresentar em show de COMEMORAÇÃO AO ANIVERSÁRIO DE 128 ",,,,Comissão de Licitação 01,11:00,p´refeitura de petrolina,2023
0016/2023,0052/2023,10/02/2023,14/03/2023,Inexigibilidade,Prefeitura municipal de Petrolina,Processo Concluído,Compras e serviços,"contratação de DOMINGOS SÁVIO VENTURA BRANDÃO–ME, inscrita no CNPJ sob o nº 12.596.458/0001-34, para a prestação de serviços artístico/musical da atração FREVUCA, a se apresentar no dia 11 de março no evento RESSACA DO CARNAVAL ",,,,Comissão de Licitação 01,11:00,PREFEITURA DE PETROLINA,2023
0006/2023,0033/2023,02/02/2023,15/02/2023,Inexigibilidade,Prefeitura municipal de Petrolina,Processo Concluído,Compras e serviços,"contratação de CDTW SHOWS E EVENTOS LTDA, inscrita no CNPJ sob o nº 47.461.639/0001-38, para a prestação de serviços artístico/musical da atração WALLAS ARRAIS, a se apresentar nas comemorações do CARNAVAL 2023",,,,Comissão permanente de licitação,11:00,PREFEITURA DE PETROLINA,2023
0082/2023,0226/2023,12/09/2023,22/09/2023,Inexigibilidade,Secretaria Municipal de Desenvolvimento Econômico e Turismo,Processo Concluído,Compras e serviços,"Contratação do microempreendor (MEI) FERNANDO VIDAL PINHEIRO JUNIOR 02991464488 - ME, inscrito no CNPJ sob o nº 45.915.806/0001-48",,,,Comissão de Licitação 01,11:00,PREFEITURA DE PETROLINA,2023
0132/2023,0240/2023,31/10/2023,18/10/2023,Pregão eletrônico,Secretaria Municipal de Saúde | SESAU,Processo Concluído,Compras e serviços,"Eventual AQUISIÇÃO DE ELETRODOMÉSTICOS, para o Serviço de Atenção Domiciliar (SAD), a Central de Regulação, o Centro de Atenção Psicossocial Álcool e outra Drogas III (CAPSad III), Centro de Atenção Psicossocial (CAPS II)","R$ 589.504,78",,,Comissão de Licitação 01,09:00,PORTAL DE COMPRAS PÚBLICAS,2023
0026/2023,0103/2023,26/04/2023,02/05/2023,Inexigibilidade,Prefeitura municipal de Petrolina,Processo Concluído,Compras e serviços,"contratação de EDINALVA FERREIRA XAVIER EVENTOS LTDA, inscrita no CNPJ sob o nº 22.678.145/0001-89 para a prestação de serviços artístico/musical da atração SÉRGIO DO FORRÓ a se apresentar durante a FESTA DO TRABALHADOR – PROJETO N3, em Petrolina -PE",,,,Comissão de Licitação 01,11:55,PREFEITURA DE PETROLINA,2023
0098/2023,0318/2023,21/12/2023,29/12/2023,Inexigibilidade,Prefeitura municipal de Petrolina,Processo Concluído,Compras e serviços,"contratação de FT SHOWS LTDA - ME, inscrita no CNPJ sob o nº 39.998.900/0001-05, para a prestação de serviços artístico/musical da atração FABINHO TESTADO, a se apresentar durante na festa CARNAVAL DE PETROLINA 2024",,,,Comissão de Licitação 01,11:00,PREFEITURA DE PETROLINA,2023
0020/2023,0026/2023,29/03/2023,17/03/2023,Pregão eletrônico,Secretaria Municipal de Saúde | SESAU,Processo Concluído,Compras e serviços,"contratação de empresa especializada em prestação dos serviços de limpeza e desinfecção dos reservatórios de água (caixas d’água), para suprir as necessidades da Secretaria Municipal de Saúde de Petrolina-PE","R$ 27.392,50",,,Comissão de Licitação 03,09:00,Portal de Compras Públicas,2023
0087/2023,0176/2023,25/08/2023,21/07/2023,Pregão eletrônico,Secretaria de Agricultura,Processo Concluído,Compras e serviços,aquisição de MATERIAIS ELÉTRICOS E COMPONENTES PARA MANUTENÇÃO E INSTALAÇÃO DE POÇOS ARTESIANOS,"R$ 21.082,63",,,Comissão de Licitação 02,09:00,www.portaldecompraspublicas.com.br,2023
0006/2023,0000/0000,04/04/2023,28/07/2023,Adesão interna,Prefeitura municipal de Petrolina,Processo Concluído,Compras e serviços,"contratação de serviços de Coffee Break e Buffet, por intermédio de empresa, destinados a atender as necessidades da SECRETARIA MUNICIPAL DE
GOVERNO, de acordo com as especificações e quantitativos previstos no Anexo I – Termo de Referência do edital. ",,,,Comissão de Licitação 01,11:00,PREFEITURA DE PETROLINA,2023
0004/2023,0004/2023,25/01/2023,12/01/2023,Pregão eletrônico,"Secretaria Municipal de Educação, Cultura e Esportes",Processo Concluído,Compras e serviços,"EVENTUAL
CONTRATAÇÃO DE EMPRESA ESPECIALIZADA NO FORNECIMENTO DE ÁGUA MINERAL, VASILHAMES DE ÁGUA MINERAL, CAFÉ EM PÓ E AÇÚCAR DESTINADOS À SECRETARIA MUNICIPAL DE EDUCAÇÃO, CULTURA E ESPORTES","R$ 61.884,00",,,Comissão Especial de Licitação IV,09:00,portal de compras públicas,2023
0013/2023,0016/2023,13/02/2023,31/01/2023,Pregão eletrônico,"Secretaria Municipal de Educação, Cultura e Esportes",Processo Concluído,Compras e serviços,"eventual aquisição de MATERIAL DIDÁTICO COMPLEMENTAR para os estudantes da Educação Infantil, Ensino Fundamental e Professores da Rede Municipal de Ensino visando à qualidade do ensino o trabalho com foco na Base Nacional Comum Curricular (BNCC)","R$ 32.621.552,00",,,Comissão Especial de Pregão I,09:00,PORTAL DE COMPRAS PÚBLICAS,2023
0061/2023,0158/2023,09/06/2023,22/06/2023,Inexigibilidade,Secretaria Municipal de Desenvolvimento Econômico e Turismo,Processo Concluído,Compras e serviços,"Contratação da empresa WBM PRODUTORA DE EVENTOS LTDA-EPP, inscrita no CNPJ sob o nº 09.261.808/0001-05, para a prestação de serviços artístico/musical da atração BRUNO & MARRONE, a se apresentar durante o SÃO JOÃO DE PETROLINA 2023",,,,Comissão de Licitação 01,11:00,PREFEITURA DE PETROLINA,2023
0009/2023,0037/2023,02/02/2023,23/02/2023,Inexigibilidade,Prefeitura municipal de Petrolina,Processo Concluído,Compras e serviços,"contratação de A PRAIA PRODUCÕES E EVENTOS LTDA, inscrita no CNPJ: 07.101.578/0001-83, para a prestação de serviços artístico/musical da atração BANDA CHEIRO DE AMOR, a se apresentar nas comemorações do CARNAVAL 2023 em Petrolina-PE",,,,Comissão de Licitação 01,11:00,PREFEITURA DE PETROLINA,2023
0080/2023,0155/2023,25/07/2023,11/07/2023,Pregão eletrônico,Secretaria Municipal de Saúde | SESAU,Aberta,Compras e serviços,"eventual aquisição, sob Sistema de Registro de Preços, DE INSUMOS E FRALDAS DESCARTÁVEIS EM ATENDIMENTOS AS ORDENS JUDICIAIS, conforme especificações e quantitativos indicados, destinados à Secretaria Municipal de Saúde de Petrolina-PE.","R$ 38.324,16",,,Comissão de Licitação 03,09:00,Portal de Compras Públicas,2023
0097/2023,0320/2023,21/12/2023,04/01/2024,Inexigibilidade,Prefeitura municipal de Petrolina,Processo Concluído,Compras e serviços,"contratação da Empresa ZEROFURO EVENTOS E PRODUÇÕES LTDA-ME, inscrita no CNPJ: 36.142.074/0001-00, para a prestação de serviços artístico/musical da atração WALLAS ARRAIS, a se apresentar no dia 10/02/2024 durante o CARNAVAL DE PETROLINA 2024",,,,Comissão de Licitação 01,11:00,PREFEITURA DE PETROLINA,2023
0153/2023,0000/0000,27/12/2023,09/01/2024,Dispensa por outros motivos,Prefeitura municipal de Petrolina,Processo Concluído,Compras e serviços,"Contratar MICHEL RICARDO DA SILVA BORGES inscrito no CNPJ sob o nº 23.784.167/0001-96 para a prestação de serviços artístico/musical da atração ORQUESTRA DBATUKI, a se apresentar durante o CARNAVAL DE PETROLINA 2024",,,,Comissão de Licitação 01,11:00,PREFEITURA DE PETROLINA,2023
0127/2023,0000/0000,26/12/2023,09/01/2024,Dispensa por outros motivos,Prefeitura municipal de Petrolina,Processo Concluído,Compras e serviços,"Contratar MARCELO NOVAES ATAÍDE 00755987446, inscrito no CNPJ sob o nº 28.614.911/0001-28, para a prestação de serviços artístico/musical da atração SUPER BANDA, a se apresentar dia 10 de fevereiro de 2024, durante o CARNAVAL 2024",,,,Comissão de Licitação 01,11:00,PREFEITURA DE PETROLINA,2023
0114/2023,0211/2023,13/09/2023,30/08/2023,Pregão eletrônico,"Secretaria Municipal de Educação, Cultura e Esportes",Aberta,Compras e serviços,"Eventual aquisição de CONJUNTOS PEDAGÓGICOS para realização do PROJETO EXPRESSANDO MINHAS EMOÇÕES, para estudantes das turmas de pré-escola I e II dos CMEIs e Escolas da Rede Municipal de Ensino de Petrolina/PE","R$ 7.756.800,00",,,Comissão de Licitação 03,09:00,Portal de Compras Públicas,2023
0038/2023,0061/2023,18/04/2023,04/04/2023,Pregão eletrônico,Secretaria Municipal de Saúde | SESAU,Em andamento,Compras e serviços,"eventual aquisição de FRALDAS DESCARTÁVEIS EM ATENDIMENTO ÀS ORDENS JUDICIAIS INDICADAS NO PROCESSO,","R$ 62.885,76",,,Comissão de Licitação 01,09:00,PORTAL DE COMPRAS PÚBLICAS,2023
0001/2023,0011/2023,23/01/2023,19/01/2023,Credenciamento,Secretaria Municipal de Desenvolvimento Econômico e Turismo,Em andamento,Compras e serviços,"CREDENCIAMENTO de cantores e bandas, Orquestras de Frevo, Cortejo Afro e show infantil, para apresentações no Ciclo Carnavalesco de Petrolina 2023, durante o mês de Fevereiro de 2023, através da Secretaria de Desenvolvimento Econômico e Turismo.",,,,Comissão permanente de licitação,08:00,"Na internet,endereço: https://bit.ly/carnavalpetrolina,ou presencialmente na sede da Secretaria de Des. Econômico e Turismo,Av. Clementino Coelho,714, Bloco C, Núcleo Adm. Municipal, Centro, Petrolina",2023
0071/2023,0112/2023,16/06/2023,01/06/2023,Pregão eletrônico,Faculdade de Ciências Aplicadas e Sociais | FACAPE,Aberta,Compras e serviços,"Contratação de empresa especializada para prestação de serviços de administração, gerenciamento e fornecimento de combustíveis (gasolina comum),","R$ 18.030,00",,,Comissão de Licitação 02,09:00,www.portaldecompraspublicas.com.br,2023
0129/2023,0237/2023,24/10/2023,10/10/2023,Pregão eletrônico,"Secretaria Municipal de Educação, Cultura e Esportes",Processo Concluído,Compras e serviços,"Eventual aquisição de equipamentos e eletrodomésticos para atender às necessidades das unidades escolares e da Secretaria Municipal de Educação, Cultura e Esportes","R$ 2.022.104,46",,,Comissão de Licitação 02,09:00,www.portaldecompraspublicas.com.br ,2023
0004/2023,0117/2023,11/07/2023,23/06/2023,Tomada de preço,Secretaria de Infraestrutura e Mobilidade,Em andamento,Compras e serviços,contratação de empresa especializada no ramo de engenharia civil para a prestação de serviços relativos ao RECAPEAMENTO DAS RUAS CONDE DOS ARCOS E BARÃO DO AMAZONAS NO BAIRRO GERCINO COELHO NO MUNICÍPIO DE PETROLINA/PE,"R$ 861.799,78",,,Comissão de Licitação 01,09:00,"Secretaria Municipal de Licitações e Contratos, situada a AV. Guararapes, nº 2.114 - Centro - Petrolina-PE.",2023
0112/2023,0209/2023,12/09/2023,29/08/2023,Pregão eletrônico,Faculdade de Ciências Aplicadas e Sociais | FACAPE,Processo Concluído,Compras e serviços,"REGISTRO DE PREÇO – EVENTUAL CONTRATAÇÃO DE EMPRESA ESPECIALIZADA PARA PRESTAÇÃO DE SERVIÇOS RELATIVOS À REMOÇÃO/INSTALAÇÃO DE PELÍCULAS DE PROTEÇÃO SOLAR EM JANELAS, INCLUINDO O FORNECIMENTO DO MATERIAL","R$ 64.380,00",,,Comissão de Licitação 01,09:00,PORTAL DE COMPRAS PÚBLICAS,2023
0079/2023,0000/0000,14/06/2023,05/07/2023,Dispensa por outros motivos,Secretaria Municipal de Desenvolvimento Econômico e Turismo,Processo Concluído,Compras e serviços,"LUCIMAR LIMA FREITAS - ME, inscrito no CNPJ sob o nº 27.518.123/0001-75, para a prestação de serviços artístico/musical da atração LÚ VAQUEIRA E BANDA, a se apresentar em show no ciclo junino de Petrolina no dia 10 de junho 2023",,,,Comissão de Licitação 01,11:00,PREFEITURA DE PETROLINA,2023
0077/2023,0000/0000,12/06/2023,05/07/2023,Dispensa por outros motivos,Secretaria Municipal de Desenvolvimento Econômico e Turismo,Processo Concluído,Compras e serviços,"VALDECIR ARISTIDES DO NASCIMENTO JUNIOR 49602411449 - ME, inscrito no CNPJ sob o nº 14.289.601/0001-70, para a prestação de serviços
artístico/musical da atração HENRIQUE NUNES, a se apresentar durante o ciclo junino.",,,,Comissão de Licitação 01,11:00,Prefeitura de petrolina,2023
0064/2023,0105/2023,30/05/2023,17/05/2023,Pregão eletrônico,Instituto de Gestão Previdenciária de Petrolina | IGEPREV,Processo Concluído,Compras e serviços,"Contratação de empresa para prestação de serviços de implementação, operação e manutenção de um link de acesso, à internet, na velocidade de 600 Mbps, e 1 GB com disponibilidade 24 (vinte e quatro) horas por dia, durante 07 (sete) dias da semana","R$ 26.592,00","R$ 26.400,00",,Comissão de Licitação 03,09:00,Portal de Compras Públicas,2023
0101/2023,0193/2023,06/09/2023,24/08/2023,Pregão eletrônico,Secretaria Municipal de Saúde | SESAU,Aberta,Compras e serviços,"eventual aquisição, sob Sistema de Registro de Preços, de INSUMOS E MATERIAIS MÉDICOS HOSPITALARES, conforme especificações e quantitativos indicados, destinados a atender a Secretaria Municipal de Saúde de Petrolina-PE","R$ 1.251.396,55",,,Comissão de Licitação 03,09:00,Portal de Compras Públicas,2023
0147/2023,0263/2023,07/12/2023,24/11/2023,Pregão eletrônico,Secretaria Municipal de Saúde | SESAU,Processo Concluído,Compras e serviços,EVENTUAL AQUISIÇÃO DE MATERIAIS DE CONSTRUÇÃO CIVIL,"R$ 901.765,44",,,Comissão de Licitação 02,09:00,www.portaldecompraspublicas.com.br,2023
0017/2023,0070/2023,12/04/2023,19/04/2023,Inexigibilidade,Prefeitura municipal de Petrolina,Processo Concluído,Compras e serviços,"contratação da empresa CRIATIVE MUSIC LTDA, inscrita no CNPJ sob o nº 08.648.622/0001-32, para a prestação de serviços artístico/musical da atração ALINE BARROS, a se apresentar na NOITE DE AÇÃO DE GRAÇAS EM COMEMORAÇÃO AO ANIVERSÁRIO DE 128 ANOS ",,,,Comissão de Licitação 01,11:00,PREFEITURA DE PETROLINA,2023
0003/2023,0095/2023,21/07/2023,08/05/2023,Tomada de preço,Faculdade de Ciências Aplicadas e Sociais | FACAPE,Processo Concluído,Compras e serviços,CONTRATAÇÃO DE SERVIÇOS DE PUBLICIDADE PRESTADOS POR INTERMÉDIO DE AGÊNCIA DE PROPAGANDA PARA ATENDER A AUTARQUIA EDUCACIONAL DO VALE DO SÃO FRANCISCO (AEVSF) – FACULDADE DE PETROLINA (FACAPE),"R$ 400.000,00",,,Comissão de Licitação 03,09:00,SECRETARIA DE LICITAÇÕES E CONTRATOS - SLC,2023
0017/2023,0023/2023,11/04/2023,28/03/2023,Pregão eletrônico,Secretaria Municipal de Saúde | SESAU,Processo Concluído,Compras e serviços,"Contratação de solução para gestão da saúde pública municipal abrangendo a locação de software, com execução de serviços técnicos para treinamento e implantação, suporte e atendimento e customização, para suprir as necessidades da SESAU","R$ 3.066.918,50",,,Comissão de Licitação 03,09:00,Portal de Compras Públicas,2023
0006/2023,0000/2023,24/01/2023,05/05/2025,Dispensa por outros motivos,Secretaria de Saúde,Processo Concluído,Locação,"O LOCADOR(A) oferta ao LOCATÁRIO(A), sob o regime de locação, 01 (um) imóvel situado à Avenida das Nações Fernando Farias, nº 14","R$ 66.000,00","R$ 66.000,00",,Comissão de Licitação 01,11:00,PREFEITURA DE PETROLINA,2023
0088/2023,0177/2023,04/08/2023,21/07/2023,Pregão eletrônico,Secretaria de Agricultura,Processo Concluído,Compras e serviços,aquisição de EQUIPAMENTO DE PROTEÇÃO INDIVIDUAL (EPI),"R$ 20.539,81",,,Comissão de Licitação 02,09:00,www.portaldecompraspublicas.com.br,2023
0191/2022,0334/2022,06/01/2023,22/12/2022,Pregão eletrônico,Secretaria Municipal de Desenvolvimento Social e Direitos Humanos,Processo Concluído,Compras e serviços,"EVENTUAL AQUISIÇÃO DE MATERIAL DE CONSUMO DE INFORMÁTICA (CARTUCHOS E TONER) E RECARGA PARA O ABASTECIMENTO DAS IMPRESSORAS,","R$ 63.569,00",,,Comissão Especial de Pregão III,09:00,www.portaldecompraspublicas.com.br,2023
0126/2023,0230/2023,17/11/2023,04/10/2023,Pregão eletrônico,Secretaria Municipal da Fazenda e Planejamento,Processo Concluído,Compras e serviços,"Aquisição de materiais e equipamentos de informática, destinados a suprir as necessidades da Secretaria Municipal de Fazenda e Planejamento da Prefeitura Municipal de Petrolina","R$ 18.290,15",,,Comissão de Licitação 03,15:00,Portal de Compras Públicas,2023
0042/2023,0136/2023,01/06/2023,16/06/2023,Inexigibilidade,Secretaria Municipal de Desenvolvimento Econômico e Turismo,Processo Concluído,Compras e serviços,"Contratação da empresa SALVADOR PRODUÇÕES ARTÍSTICAS E ENTRETENIMENTO LTDA-ME, inscrita no CNPJ sob o nº 13.157.376/0001-56, para a prestação de serviços artístico/musical da atração LÉO SANTANA, a se apresentar durante o SÃO JOÃO DE PETROLINA",,,,Comissão de Licitação 01,11:00,PREFEITURA DE PETROLINA,2023
0089/2023,0178/2023,09/08/2023,27/07/2023,Pregão eletrônico,Secretaria Municipal de Saúde | SESAU,Processo Concluído,Compras e serviços,"EVENTUAL AQUISIÇÃO DE MATERIAL MÉDICO PARA O CENTRO DE CONTROLE DE ZOONOSES (CCZ), destinados à Secretaria Municipal de Saúde de Petrolina-PE","R$ 89.608,99",,,Comissão de Licitação 01,09:00,PORTAL DE COMPRAS PÚBLICAS,2023
0002/2023,0002/2023,01/02/2023,13/02/2023,Pregão eletrônico,Instituto de Gestão Previdenciária de Petrolina | IGEPREV,Processo Concluído,Compras e serviços,EVENTUAL AQUISIÇÃO DE MATERIAL DE HIGIENE E LIMPEZA para atender às necessidades da IGEPREV,"R$ 19.954,31",,,Comissão Especial de Pregão II,09:00,www.portaldecompraspublicas.com.br,2023
0003/2023,0282/2023,07/11/2023,23/11/2023,Dispensa por outros motivos,Prefeitura municipal de Petrolina,Processo Concluído,Compras e serviços,"Contratação emergencial da empresa CLETO SANTOS FREIRE – ME inscrito no CNPJ Nº 11.212.321/0001-76, com sede na Rua Cel. Amorim, 276 –
centro – Petrolina-PE, para o fornecimento de água mineral sem gás",,,,Comissão de Licitação 01,11:00,PREFEITURA DE PETROLINA,2023
0074/2023,0121/2023,04/07/2023,22/06/2023,Pregão eletrônico,Secretaria Municipal de Saúde | SESAU,Processo Concluído,Compras e serviços,"prestação de serviços de FORNECIMENTO DE ALIMENTAÇÃO PARA OS PACIENTES E FUNCIONÁRIOS DO CENTRO DE PARTO NORMAL, conforme especificações e quantitativos indicados, destinados à Secretaria Municipal de Saúde de Petrolina-PE","R$ 879.321,60",,,Comissão de Licitação 03,09:00,Portal de Compras Públicas,2023
0065/2023,0162/2023,08/06/2023,23/06/2023,Inexigibilidade,Prefeitura municipal de Petrolina,Processo Concluído,Compras e serviços,"Contratação da empresa Z N E C PRODUÇÕES ARTÍSTICAS LTDA - ME, CNPJ: 17.490.177/0001-16, para prestação de serviços artístico/musical da atração ZÉ NETO E CRISTIANO a se apresentar durante o SÃO JOÃO 2023.",,,,Comissão de Licitação 01,11:00,PREFEITURA DE PETROLINA,2023
0141/2023,0254/2023,17/11/2023,01/11/2023,Pregão eletrônico,Secretaria de Inovação e Tecnologia,Processo Concluído,Compras e serviços,"PRESTAÇÃO DE SERVIÇOS EM SOLUÇÃO DE PABX (PRIVATE AUTOMATIC BRANCH EXCHANGE – TROCA AUTOMÁTICA DE RAMAIS PRIVADOS) EM NUVEM, CONFORME ANEXO I - TERMO DE REFERÊNCIA ANEXO.","R$ 498.803,28","R$ 0,00",,Comissão de Licitação 02,09:00,PORTAL DE COMPRAS PÚBLICAS,2023
0099/2023,0321/2023,22/12/2023,04/01/2024,Inexigibilidade,Prefeitura municipal de Petrolina,Processo Concluído,Compras e serviços,"contratação de ALAM PEIXOTO BARBOZA PRODUCOES E EVENTOS-ME, Empresário individual, inscrito no CNPJ: 24.193.193/0001-02, para a prestação de serviços artístico/musical da",,,,Comissão de Licitação 01,11:00,PREFEITURA DE PETROLINA,2023
0030/2023,0118/2023,03/05/2023,19/05/2023,Inexigibilidade,Secretaria Municipal de Desenvolvimento Econômico e Turismo,Processo Concluído,Compras e serviços,"contratação de MUSICAL CAVALEIROS DO FORRO LTDA-EPP, inscrita no CNPJ sob o nº 01.402.019/0001-27, para prestação de serviços artístico/musical da atração CAVALEIROS DO FORRÓ a se apresentar durante o SÃO JOÃO 2023, no Bairro José e Maria, em Petrolina,",,,,Comissão de Licitação 01,11:00,prefeitura de petrolina,2023
0121/2023,0219/2023,20/09/2023,05/09/2023,Pregão eletrônico,Autarquia Municipal de Mobilidade de Petrolina | AMMPLA,Processo Concluído,Compras e serviços,"Contratação de empresa especializada na confecção de camisas que serão utilizadas na Semana Nacional do Trânsito realizada no mês de setembro, bem como, a confecção de camisas para fardamento do efetivo da Autarquia","R$ 92.760,00",,,Comissão de Licitação 02,09:00,www.portaldecompraspublicas.com.br,2023
0026/2023,0046/2023,31/03/2023,17/03/2023,Pregão eletrônico,Secretaria Municipal de Desenvolvimento Social e Direitos Humanos,Em andamento,Compras e serviços,"eventual aquisição de TICKET’S PARA BOTIJÕES E VASILHAMES DE GÁS DE COZINHA (TIPO GLP – 13kg E 45kg), direcionados aos equipamentos sociais, para atender às necessidades da SEDESDH","R$ 152.046,90",,,Comissão de Licitação 01,15:00,portal de compras públicas,2023
0004/2023,0297/2023,18/10/2023,27/12/2023,Dispensa por outros motivos,Prefeitura municipal de Petrolina,Processo Concluído,Compras e serviços,"a Contratação do INSTITUTO EUVALDO LODI NUCLEO REGIONAL DE PERNAMBUCO – IEL SEDE para prestação de serviço prestação de serviços de “Agente de Integração”, para o programa de estágio no âmbito da Administração
",,,,Comissão de Licitação 01,11:00,PREFEITURA DE PETROLINA,2023
0035/2023,0058/2023,20/04/2023,05/04/2023,Pregão eletrônico,"Secretaria Municipal de Educação, Cultura e Esportes",Em andamento,Compras e serviços,eventual aquisição de MATERIAL ESPORTIVO PARA O 1º FESTIVAL ESPORTIVO DAS ESCOLAS DA REDE MUNICIPAL DE ENSINO,"R$ 57.346,10",,,Comissão de Licitação 01,09:00,PORTAL DE COMPRAS PÚBLICAS,2023
0032/2023,0124/2023,16/05/2023,29/05/2023,Inexigibilidade,Secretaria Municipal de Desenvolvimento Econômico e Turismo,Processo Concluído,Compras e serviços,"contratação de ADMINISTRACAO MÍDIAS BRASIL LTDA–ME, inscrita no CNPJ sob o nº 35.824.848/0001-10, para prestação de serviços artístico/musical da atração CIEL RODRIGUES a se apresentar durante o SÃO JOÃO 2023, no Bairro Cohab Massangano.",,,,Comissão de Licitação 01,11:00,PREFEITURA DE PETROLINA,2023
0013/2023,0000/0000,05/10/2023,19/10/2023,Adesão interna,Secretaria Municipal de Desenvolvimento Social e Direitos Humanos,Processo Concluído,Compras e serviços,Á ADESÃO A ATA DE REGISTRO DE PREÇOS 465/2023 - PROCESSO ADMINISTRASTIVO 242/2022 - PREGÃO ELETRÕNICO ,,,,Comissão de Licitação 01,11:00,PREFEITURA DE PETROLINA,2023
0085/2023,0236/2023,13/09/2023,27/09/2023,Inexigibilidade,Secretaria Municipal de Desenvolvimento Econômico e Turismo,Processo Concluído,Compras e serviços,"Contratação do Empresário Individual 21.835.326 ALAN CLEBER VIEIRA DE SOUZA-ME, inscrito no CNPJ sob o nº 21.835.236/0001-09",,,,Comissão de Licitação 01,11:00,prefeitura de petrolina,2023
0116/2023,0213/2023,27/10/2023,16/10/2023,Pregão eletrônico,"Secretaria Municipal de Educação, Cultura e Esportes",Processo Concluído,Compras e serviços,"Aquisição de TABLET’S para as premiações de Concursos Institucionais, conforme especificações e quantitativos previstos no Anexo I – Termo de Referência, mediante solicitação da SECRETARIA MUNICIPAL DE EDUCAÇÃO, CULTURA E ESPORTE.","R$ 120.897,00",,,Comissão de Licitação 01,09:00,PORTAL DE COMPRAS PÚBLICAS,2023
0075/2023,,21/07/2023,01/08/2023,Inexigibilidade,Secretaria Municipal de Desenvolvimento Econômico e Turismo,Processo Concluído,Compras e serviços,"Contratação da empresa TC SHOWS LTDA - ME, CNPJ: 26.361.026/0001-59, para prestação de serviços artístico/musical da atração THIAGUINHO CARVALHO a se apresentar na Festa do Colono do Bebedouro 2023",,,,Comissão de Licitação 01,11:00,prefeitura de Petrolina,2023
0096/2023,0188/2023,17/08/2023,01/08/2023,Pregão eletrônico,Secretaria Municipal de Desenvolvimento Social e Direitos Humanos,Processo Concluído,Compras e serviços,Eventual aquisição de CESTAS BÁSICAS,"R$ 622.146,00",,,Comissão de Licitação 02,09:00,www.portaldecompraspublicas.com.br,2023
0144/2023,0000/0000,24/11/2023,09/01/2024,Dispensa por outros motivos,Prefeitura municipal de Petrolina,Processo Concluído,Compras e serviços,"Contratar VALDECIR ARISTIDES DO NASCIMENTO JUNIOR 49602411449, inscrito no CNPJ sob o nº 14.289.601/0001-70, para a prestação de serviços artístico/musical da atração BANDA SEM RADAR, a se apresentar dia 10 de fevereiro de 2024, durante o CARNAVAL 2024 ",,,,Comissão de Licitação 01,11:00,PREFEITURA DE PETROLINA,2023
0084/2023,0235/2023,11/09/2023,27/09/2023,Inexigibilidade,Secretaria Municipal de Desenvolvimento Econômico e Turismo,Processo Concluído,Compras e serviços,"Contratação da empresa GERAÇÃO PRODUTORA LTDA - EPP, inscrito no CNPJ sob o nº 27.839.992/0001-00, para a prestação de serviços artístico/musical da atração GERALDO AZEVEDO.",,,,Comissão de Licitação 01,11:00,PREFEITURA DE PETROLINA,2023
0040/2023,0063/2023,27/04/2023,13/04/2023,Pregão eletrônico,Secretaria Municipal de Saúde | SESAU,Processo Concluído,Compras e serviços,Eventual AQUISIÇÃO DE MATERIAIS DE HIGIENE E LIMPEZA,"R$ 1.451.432,95",,,Comissão de Licitação 02,09:00,www.portaldecompraspublicas.com.br ,2023
0082/2023,0000/0000,08/06/2023,29/06/2023,Dispensa por outros motivos,Secretaria Municipal de Desenvolvimento Econômico e Turismo,Processo Concluído,Compras e serviços,"ANTONIO CARLOS FAVILA 48487171400 - ME, inscrito no CNPJ sob o nº 14.473.541/0001-41, para a prestação de serviços artístico/musical da atração IVAN DO ACORDEON, a se apresentar no SÃO JOÃO DE PETROLINA 2023",,,,Comissão de Licitação 01,11:00,PREFEITURA DE PETROLINA,2023
0113/2023,0210/2023,02/10/2023,19/09/2023,Pregão eletrônico,Secretaria Municipal da Fazenda e Planejamento,Processo Concluído,Compras e serviços,"AQUISIÇÃO DE EQUIPAMENTOS E FERRAMENTAS, conforme especificações/quantitativos do Anexo I – Termo de Referência, mediante solicitação da SECRETARIA DA FAZENDA E PLANEJAMENTO.","R$ 5.636,79",,,Comissão de Licitação 01,09:00,PORTAL DE COMPRAS PÚBLICAS,2023
0056/2023,0086/2023,10/05/2023,26/04/2023,Pregão eletrônico,"Secretaria Municipal de Educação, Cultura e Esportes",Em andamento,Compras e serviços,"EVENTUAL
AQUISIÇÃO DE VENTILADORES DE PAREDE NECESSÁRIO PARA O BOM FUNCIONAMENTO DAS UNIDADES ESCOLARES DA REDE MUNICIPAL DE ENSINO DO MUNICÍPIO DE PETROLINA SOB A RESPONSABILIDADE DA SECRETARIA MUNICIPAL DE EDUCAÇÃO, CULTURA E ESPORTES","R$ 427.424,03",,,Comissão de Licitação 01,09:00,PORTAL  DE COMPRAS PÚBLICAS,2023
0051/2023,0146/2023,02/06/2023,22/06/2023,Inexigibilidade,Secretaria Municipal de Desenvolvimento Econômico e Turismo,Processo Concluído,Compras e serviços,"Contratação da empresa SAIA RODADA PROMOÇÕES ARTÍSTICAS LTDA – EPP, CNPJ: 05.323.996/0001-90, para prestação de serviços artístico/musical da atração BANDA SAIA RODADA a se apresentar durante o SÃO JOÃO 2023",,,,Comissão de Licitação 01,11:00,PREFEITURA DE PETROLINA,2023
0166/2023,0288/2023,21/12/2023,07/12/2023,Pregão eletrônico,Secretaria Municipal de Saúde | SESAU,Processo Concluído,Compras e serviços,"EVENTUAL AQUISIÇÃO DE AASI - APARELHO DE AMPLIFICAÇÃO SONORA INDIVIDUAL, destinados à Secretaria Municipal de Saúde de Petrolina-PE","R$ 1.177.665,60",,,Comissão de Licitação 01,09:00,PORTAL DE COMPRAS PÚBLICAS,2023
0130/2023,0238/2023,14/11/2023,30/10/2023,Pregão eletrônico,Faculdade de Ciências Aplicadas e Sociais | FACAPE,Processo Concluído,Compras e serviços,"EVENTUAL (AIS) CONTRATAÇÃO (ÕES) DE EMPRESA (S) ESPECIALIZADA PARA SERVIÇOS DE RELATIVOS À DECORAÇÃO E ORNAMENTAÇÃO, COM FORNECIMENTO DO MATERIAL, PARA EVENTOS SOLENES DE COLAÇÃO DE GRAU E ENTREGA DO JALECO,","R$ 57.906,62",,,Comissão de Licitação 01,12:00,PORTAL DE COMPRAS PÚBLICAS,2023
0108/2023,0201/2023,14/09/2023,31/08/2023,Pregão eletrônico,Secretaria Municipal de Saúde | SESAU,Processo Concluído,Compras e serviços,"EVENTUAL AQUISIÇÃO DE RAÇÃO E FENO PARA GATOS, EQUINOS, ASININOS E MUARES RESGATADOS PELO CENTRO DE CONTROLE DE ZOONOSES (CCZ), destinados à Secretaria Municipal de Saúde de Petrolina-PE","R$ 23.504,40",,,Comissão de Licitação 01,09:00,PORTAL DE COMPRAS PÚBLICAS,2023
0025/2023,0096/2023,12/04/2023,24/04/2023,Inexigibilidade,Prefeitura municipal de Petrolina,Processo Concluído,Compras e serviços,"contratação de ULTRA PROMOÇÕES E EVENTOS LTDA-EPP, inscrito no CNPJ sob o nº 23.626.845/0001-92, para a prestação de serviços artístico/musical da atração JONAS ESTICADO, a se apresentar durante a EXPORAJADA 2023",,,,Comissão de Licitação 01,11:00,prefeitura de petrolina,2023
0061/2023,0000/0000,08/06/2023,04/07/2023,Dispensa por outros motivos,Secretaria Municipal de Desenvolvimento Econômico e Turismo,Processo Concluído,Compras e serviços,"atração através de SUPERSTAR PRODUÇÕES, inscrito no CNPJ sob o nº 14.289.601/0001-70, para a prestação de serviços artístico/musical da atração WILSON E WELSON, a se apresentar em show no ciclo junino ",,,,Comissão de Licitação 01,11:00,PREFEITURA DE PETROLINA,2023
0175/2022,0313/2022,05/01/2023,08/12/2022,Pregão eletrônico,Secretaria de Agricultura,Processo Concluído,Compras e serviços,"Aquisição de kits para poços tubulares, conforme solicitação expressa da Secretaria Municipal de Agricultura","R$ 2.349.330,00",,,Comissão Especial de Pregão III,09:00,www.portaldecompraspublicas.com.br,2023
0018/2023,0024/2023,08/03/2023,23/02/2023,Pregão eletrônico,Secretaria Municipal da Fazenda e Planejamento,Processo Concluído,Compras e serviços,"Eventual aquisição de MATERIAL DE CONSUMO, para atender às necessidades das diversas secretarias e outros órgãos da administração indireta","R$ 458.783,23",,,Comissão de Licitação 02,09:00,www.portaldecompraspublicas.com.br,2023
0063/2023,0000/0000,14/06/2023,04/07/2023,Dispensa por outros motivos,Secretaria Municipal de Desenvolvimento Econômico e Turismo,Processo Concluído,Compras e serviços,"atração através de GUERBER JOSÉ MACEDO DE SOUZA SANTOS PEREIRA ME, inscrito no CNPJ sob o nº 27.696.883/0001-72, para a prestação de serviços artístico/musical da atração GUERBER PEREIRA, a se apresentar em show no ciclo junino ",,,,Comissão de Licitação 01,11:00,PREFEITURA DE PETROLINA,2023
0053/2023,0000/0000,24/04/2023,10/08/2023,Dispensa por outros motivos,Secretaria Municipal de Desenvolvimento Econômico e Turismo,Processo Concluído,Compras e serviços,"serviços artístico/musical da atração através de EUGENIO CAVALCANTE DA CRUZ ARAUJO, inscrito no CNPJ sob o nº 19.528.714/0001-
03, para a prestação de serviços artístico/musical da atração DAM ALEIXO",,,,Comissão de Licitação 01,11:00,PREFEITURA DE PETROLINA,2023
0029/2023,0049/2023,31/03/2023,20/03/2023,Pregão eletrônico,Secretaria Municipal de Desenvolvimento Social e Direitos Humanos,Aberta,Compras e serviços,"EVENTUAL AQUISIÇÃO DE MATERIAIS DESCARTÁVEIS direcionados aos equipamentos sociais, para atender às necessidades de unidade da SECRETARIA MUNICIPAL DE DESENVOLVIMENTO SOCIAL E DIREITOS HUMANOS.","R$ 132.149,50",,,Comissão de Licitação 04,09:00,Portal de Compras Publicas,2023
0066/2023,0107/2023,05/06/2023,23/05/2023,Pregão eletrônico,Secretaria de Inovação e Tecnologia,Em andamento,Compras e serviços,"Contratação de empresa para PRESTAÇÃO DE SERVIÇOS RELATIVOS À INSTALAÇÃO DE DIVISÓRIAS EM BLOCO DE GESSO, incluindo o fornecimento do material, para adequação da unidade onde funciona a SECRETARIA MUNICIPAL DE INOVAÇÃO E TECNOLOGIA","R$ 27.793,90",,,Comissão de Licitação 01,09:00,PORTAL DE COMPRAS PÚBLICAS,2023
0133/2023,0000/0000,12/12/2023,09/01/2024,Dispensa por outros motivos,Prefeitura municipal de Petrolina,Processo Concluído,Compras e serviços,"Contratar MARCELO NOVAES ATAÍDE 00755987446, inscrito no CNPJ sob o nº 28.614.911/0001-28, para a prestação de serviços artístico/musical da atração DAM ALEIXO",,,,Comissão de Licitação 01,11:00,PREFEITURA DE PETROLINA,2023
0151/2023,0000/0000,27/12/2023,09/01/2024,Dispensa por outros motivos,Prefeitura municipal de Petrolina,Processo Concluído,Compras e serviços,"Contratar MICHEL RICARDO DA SILVA BORGES, inscrito no CNPJ sob o nº 23.784.167/0001-96 para a prestação de serviços artístico/musical da atração ORQUESTRA A REBARBA, a se apresentar durante o CARNAVAL DE PETROLINA 2024.",,,,Comissão de Licitação 01,11:00,PREFEITURA DE PETROLINA,2023
0011/2023,0258/2023,07/12/2023,06/11/2023,Concorrência,"Secretaria Municipal de Educação, Cultura e Esportes",Paralisada,Obras e serviços de engenharia,Conclusão da obra para construção da Escola 12 salas - Padrão FNDE no bairro Nova Petrolina. (Projetos disponibilizados na secretaria),"R$ 5.252.436,72","R$ 0,00",,Comissão de Licitação 01,09:00,"AVENIDA GUARARAPES, Nº 2114, CENTRO - PETROLINA/PE (SEGUNDO ANDAR DO ANEXO - SECRETARIA DE LICITAÇÕES E CONTRATOS) - 87.3861.3514.
OBSERVAÇÃO: OS PROJETOS PODERÃO SER RETIRADOS NA SECRETARIA.",2023
0099/2023,0191/2023,17/11/2023,25/09/2023,Pregão eletrônico,Faculdade de Ciências Aplicadas e Sociais | FACAPE,Processo Concluído,Compras e serviços,"REGISTRO DE PREÇO para a contratac?a?o de empresa especializada na prestac?a?o de serviço especializado no Controle de Pragas e Vetores, Desinsetizac?a?o e Desratizac?a?o com fornecimento de mão de obra e matéria prima necessárias ao tratamento químico","R$ 39.840,00",,,Comissão de Licitação 03,09:00,Portal de Compras Públicas,2023
0081/2023,0156/2023,05/07/2023,21/06/2023,Pregão eletrônico,Faculdade de Ciências Aplicadas e Sociais | FACAPE,Em andamento,Compras e serviços,"Contratação de empresa para AQUISIÇÃO DE MATERIAIS (EXTINTORES DE INCÊNDIO, PLACAS DE SINALIZAÇÃO E OUTROS) PARA ADEQUAÇÃO ÀS NORMA DE SEGURANÇA E AO PROJETO DE PREVENÇÃO E COMBATE DE INCÊNCIOS,","R$ 51.900,90",,,Comissão de Licitação 01,09:00,PORTAL DE COMPRAS PÚBLICAS,2023
0055/2023,0150/2023,02/06/2023,21/06/2023,Inexigibilidade,Secretaria Municipal de Desenvolvimento Econômico e Turismo,Processo Concluído,Compras e serviços,"Contratação da empresa MARI FERNANDEZ EVENTOS E PRODUÇÕES LTDA - ME, CNPJ 41.858.720/0001-70, para a prestação de serviços artístico/musical da atração MARI FERNANDEZ, a se apresentar durante o Ciclo Junino 2023 ",,,,Comissão de Licitação 01,11:00,PREFEITURA DE PETROLINA,2023
0004/2023,0100/2023,10/05/2023,04/05/2023,Credenciamento,Chefia de Gabinete,Processo Concluído,Compras e serviços,CREDENCIAMENTO para contratação de profissionais para atuarem como peritos nos processos administrativos de licenciamento e fiscalização ambiental do Município de Petrolina através da Agência Municipal de Meio Ambiente – AMMA,"R$ 0,00",,,Comissão de Licitação 01,08:00,Agência Municipal do Meio Ambiente | AMMA,2023
0068/2023,0109/2023,01/06/2023,19/05/2023,Pregão eletrônico,"Secretaria Municipal de Educação, Cultura e Esportes",Aberta,Compras e serviços,Eventual contratação de empresa especializada para prestação de serviços relativos à confecção de material gráfico e serigráfico para eventos esportivos,"R$ 284.655,35",,,Comissão de Licitação 02,09:00,www.portaldecompraspublicas.com.br,2023
0090/2023,0302/2023,28/11/2023,26/12/2023,Inexigibilidade,Secretaria Municipal de Desenvolvimento Econômico e Turismo,Processo Concluído,Compras e serviços,"Contratação da empresa TC SHOWS LTDA - ME, CNPJ: 26.361.026/0001-59, para prestação de serviços artístico/musical da atração TIAGUINHO CARVALHO a se apresentar na Festa REVEILLON DE PETROLINA 2024,","R$ 50.000,00",,,Comissão de Licitação 01,11:00,PREFEITURA DE PETROLINA,2023
0146/2023,0000/0000,12/12/2023,09/01/2024,Dispensa por outros motivos,Prefeitura municipal de Petrolina,Processo Concluído,Compras e serviços,"Contratar FRANCISCO EDENIO GONÇALVES LIMA FILHO DE PETROLINA ME, inscrito no CNPJ sob o nº 28.238.886/0001-25, para a prestação de serviços artístico/musical da atração EDENIO LIMA, a se apresentar dia 13 de fevereiro de 2024, durante o CARNAVAL 2024 ",,,,Comissão de Licitação 01,11:00,PREFEITURA DE PETROLINA,2023
0096/2023,0314/2023,13/12/2023,27/12/2023,Inexigibilidade,Prefeitura municipal de Petrolina,Processo Concluído,Compras e serviços,"Contratação da Microempreendedora Individual (MEI) 16.541.845 FABIANA SANTIAGO FERREIRA-ME, inscrita no CNPJ sob o nº 16.541.845/0001-24, para a prestação de serviços artístico/musical da atração FABIANA SANTIAGO,",,,,Comissão de Licitação 01,11:00,PREFEITURA DE PETROLINA,2023
0046/2023,0069/2023,18/05/2023,05/05/2023,Pregão eletrônico,Secretaria Municipal de Planejamento e Gestão,Processo Concluído,Compras e serviços,"Eventual aquisição de Material Permanente (Mobiliário de Escritório em Geral, eletrodoméstico e Ares-Condicionados), ","R$ 178.870,47",,,Comissão de Licitação 02,09:00,www.portaldecompraspublicas.com.br ,2023
0031/2023,0119/2023,17/05/2023,22/05/2023,Inexigibilidade,Secretaria Municipal de Desenvolvimento Econômico e Turismo,Processo Concluído,Compras e serviços,"contratação de LUKE MUSIC RECORDS GRAVAÇÃO DE SOM E EDIÇÃO DE MÚSICA LTDA-ME, inscrita no CNPJ sob o nº 31.122.629/0001-38, para prestação de serviços.",,,,Comissão de Licitação 01,11:12,PREFEITURA DE PETROLINA,2023
0046/2023,0140/2023,09/06/2023,20/06/2023,Inexigibilidade,Secretaria Municipal de Desenvolvimento Econômico e Turismo,Processo Concluído,Compras e serviços,"Contratação da empresa MUNDO PARALELO PRODUÇÕES ARTISTICAS LTDA, CNPJ 18.495.289/0001-22, para
prestação de serviços artístico/musical da atração MATHEUS & KAUAN a se apresentar durante o SÃO JOÃO 2023",,,,Comissão de Licitação 01,11:00,PREFEITURA DE PETROLINA,2023
0037/2023,0131/2023,02/06/2023,13/06/2023,Inexigibilidade,Secretaria Municipal de Desenvolvimento Econômico e Turismo,Processo Concluído,Compras e serviços,"Contratação da empresa EDINALVA FERREIRA XAVIER EVENTOS LTDA, inscrita no CNPJ sob o nº 22.678.145/0001-89, para a prestação de serviços artístico/musical da atração SÉRGIO DO FORRÓ, a se apresentar durante o Ciclo Junino 2023",,,,Comissão de Licitação 01,11:00,PREFEITURA DE PETROLINA,2023
0011/2023,0014/2023,09/03/2023,27/02/2023,Pregão eletrônico,Agência do Empreendedor | AGE,Processo Concluído,Compras e serviços,"REGISTRO DE PREÇO para AQUISIÇÃO DE EQUIPAMENTOS (COMPUTADORES, MOUSE, SMARTPHONE, ESTABILIZADOR, TECLADO, IMPRENSSORA, MOUSEPAD E TABLET), destinados a atender às necessidades da AGÊNCIA MUNICIPAL DO EMPREENDEDOR DE PETROLINA – AGE","R$ 46.901,65",,,Comissão de Licitação 03,09:00,Portal de Compras Públicas,2023
0082/2023,0164/2023,19/07/2023,06/07/2023,Pregão eletrônico,Secretaria Municipal de Saúde | SESAU,Processo Concluído,Compras e serviços,"Eventual aquisição de GÊNEROS ALIMENTÍCIOS (HORTIFRUTIGRANJEIROS) PARA ABASTECIMENTO DOS CENTROS DE ATENDIMENTO PSICOSSOCIAL - CAPS INFANTIL, CAPS II E CAPS AD III","R$ 338.117,03",,,Comissão de Licitação 01,09:00,PORTAL DE COMPRAS PÚBLICAS,2023
0021/2023,0088/2023,05/04/2023,20/04/2023,Inexigibilidade,Prefeitura municipal de Petrolina,Aberta,Compras e serviços,"contratação de ELISSON CASTRO DE LIMA LTDA-ME, inscrita no CNPJ sob o nº 08.074.508/0001-46, para a prestação de serviços artístico/musical da atração ELISSON CASTRO, a se apresentar durante a EXPORAJADA 2023,",,,,Comissão de Licitação 01,11:00,prefeitura de petrolina,2023
0019/2023,0025/2023,27/03/2023,15/03/2023,Pregão eletrônico,Secretaria Municipal de Saúde | SESAU,Processo Concluído,Compras e serviços,"contratação de empresa especializada em prestação de serviços de seguro de veículos automotores, conforme especificações e quantitativos indicados, para suprir as necessidades da secretaria Municipal de Saúde de Petrolina-PE.","R$ 72.453,07",,,Comissão de Licitação 03,09:00,Portal de Compras Públicas,2023
0058/2023,0092/2023,26/05/2023,15/05/2023,Pregão eletrônico,"Secretaria Municipal de Educação, Cultura e Esportes",Processo Concluído,Compras e serviços,eventual aquisição de MATERIAL ESPORTIVO PARA EVENTOS ESPORTIVOS PROMOVIDOS PELA SECRETARIA EXECUTIVA DE ESPORTES,"R$ 250.696,14",,,Comissão de Licitação 01,09:00,PORTAL DE COMPRAS PÚBLICAS,2023
0051/2023,0076/2023,11/05/2023,27/04/2023,Pregão eletrônico,"Secretaria Municipal de Educação, Cultura e Esportes",Processo Concluído,Compras e serviços,"EVENTUAL CONTRATAÇÃO DE EMPRESA ESPECIALIZADA PARA SERVIÇOS DE ARBITRAGEM PARA ATUAR NO 1º FESTIVAL ESPORTIVO 2023 DAS ESCOLAS DA REDE MUNICIPAL DE PETROLINA, CONFORME PROGRAMAÇÃO DO CALENDÁRIO ESPORTIVO ","R$ 134.127,22",,,Comissão de Licitação 01,09:00,PORTAL DE COMPRAS PÚBLICAS,2023
0086/2023,0000/0000,16/06/2023,05/07/2023,Dispensa por outros motivos,Secretaria Municipal de Desenvolvimento Econômico e Turismo,Processo Concluído,Compras e serviços,"ANA NILZA COSTA DE OLIVEIRA - ME, inscrita no CNPJ sob o nº 15.524.319/0001-93, para a prestação de serviços artístico/musical da atração
ANA COSTA, a se apresentar durante o Ciclo Junino 2023",,,,Comissão de Licitação 01,11:00,PREFEITURA DE PETROLINA,2023
0020/2023,0087/2023,04/04/2023,20/04/2023,Inexigibilidade,Prefeitura municipal de Petrolina,Processo Concluído,Compras e serviços,"contratação de EDINALVA FERREIRA XAVIER EVENTOS EIRELI, inscrita no CNPJ sob o nº 22.678.145/0001-89 para a prestação de serviços artístico/musical da atração SÉRGIO DO FORRÓ a se apresentar durante a EXPORAJADA 2023",,,,Comissão de Licitação 01,11:00,"0020223
",2023
0138/2023,0248/2023,27/11/2023,13/11/2023,Pregão eletrônico,"Secretaria Municipal de Educação, Cultura e Esportes",Processo Concluído,Compras e serviços,"eventual aquisição de EQUIPAMENTOS DE MANUTENÇÃO DE INFORMÁTICA E EQUIPAMENTOS DE INFORMÁTICA, conforme solicitação expressa da Secretaria de Educação, Cultura e Esportes","R$ 498.656,31",,,Comissão de Licitação 01,09:00,PORTAL DE COMPRAS PÚBLICAS,2023
0037/2023,0060/2023,04/05/2023,03/04/2023,Pregão eletrônico,Secretaria Municipal de Saúde | SESAU,Em andamento,Compras e serviços,"Eventual aquisição de SUPLEMENTO ALIMENTAR EM ATENDIMENTO ÀS ORDENS JUDICIAIS INDICADAS NO PROCESSO, conforme solicitação expressa da Secretaria Municipal de Saúde","R$ 591.237,96",,,Comissão de Licitação 01,09:00,PORTAL DE COMPRAS PÚBLICAS,2023
0060/2023,0097/2023,19/05/2023,08/05/2023,Pregão eletrônico,"Secretaria Municipal de Educação, Cultura e Esportes",Aberta,Compras e serviços,Eventual contratação de empresa especializada no fornecimento de produto de higiene pessoal – sabonete líquido infantil,"R$ 1.617.408,00",,,Comissão de Licitação 02,09:00,www.portaldecompraspublicas.com.br,2023
0011/2023,0039/2023,03/02/2023,24/02/2023,Inexigibilidade,Prefeitura municipal de Petrolina,Processo Concluído,Compras e serviços,"contratação de KIPROKÓ PRODUÇÕES EIRELI, inscrita no CNPJ sob o nº 39.896.711/0001-21, para a prestação de serviços artístico/musical da atração BANDA LENNO, a se apresentar nas comemorações do CARNAVAL 2023 em Petrolina-PE",,,,Comissão de Licitação 01,11:56,Prefeitura de petrolina,2023
0084/2023,0168/2023,24/07/2023,10/07/2023,Pregão eletrônico,Faculdade de Ciências Aplicadas e Sociais | FACAPE,Deserta,Compras e serviços,contratação de empresa especializada para a PRESTAÇÃO DE SERVIÇOS EM EMISSÃO DE REGISTRO DE DIPLOMA DIGITAL para atender às necessidades da AUTARQUIA EDUCACIONAL DO VALE DO SÃO FRANCISCO – AEVSF/FACAPE,"R$ 35.250,00",,,Comissão de Licitação 03,03:00,Portal de Compras Públicas,2023
0077/2023,0214/2023,25/08/2023,26/09/2023,Inexigibilidade,Secretaria Municipal de Desenvolvimento Econômico e Turismo,Processo Concluído,Compras e serviços,"Prestação de serviços técnicos profissionais especializados de assessoria e consultoria nas áreas: contábil, financeira, patrimonial e gestão fiscal da Autarquia Educacional do Vale do São Francisco – AEVSF – Faculdade de Petrolina – FACAPE",,,,Comissão de Licitação 01,11:00,PREFEITURA DE PETROLINA,2023
0008/2023,0036/2023,03/02/2023,24/02/2023,Inexigibilidade,Prefeitura municipal de Petrolina,Processo Concluído,Compras e serviços,"Contratação da empresa WAGNER MIRANDA LIMA inscrito no CNPJ sob o nº 16.510.407/0001-07, para a prestação de serviços artístico/musical da atração GRUPO MATINGUEIROS, a se apresentar nas comemorações do CARNAVAL 2023 de Petrolina-PE",,,,Comissão de Licitação 01,11:56,prefeitura de petrolina,2023
0142/2023,0000/0000,26/12/2023,10/01/2024,Dispensa por outros motivos,Prefeitura municipal de Petrolina,Processo Concluído,Compras e serviços,"Contratar MARCELO NOVAES ATAÍDE 00755987446, inscrito no CNPJ sob o nº 28.614.911/0001-28, para a prestação de serviços artístico/musical da atração BANDA SWING & SAMBA",,,,Comissão de Licitação 01,11:00,PREFEITURA DE PETROLINA,2023
0117/2023,0215/2023,27/09/2023,13/09/2023,Pregão eletrônico,"Secretaria Municipal de Educação, Cultura e Esportes",Aberta,Compras e serviços,EVENTUAL CONTRATAÇÃO DE EMPRESA ESPECIALIZADA PARA SERVIÇOS DE ARBITRAGEM E COORDENAÇÃO PARA ATUAR NOS EVENTOS ESPORTIVOS MUNICIPAIS,"R$ 307.006,30",,,Comissão de Licitação 02,09:00,www.portaldecompraspublicas.com.br,2023
0010/2023,0233/2023,06/11/2023,04/10/2023,Concorrência,Autarquia Municipal de Mobilidade de Petrolina | AMMPLA,Revogada,Obras e serviços de engenharia,EVENTUAL (AIS) CONTRATAÇÃO (ÕES) DE EMPRESA ESPECIALIZADA PARA EXECUÇÃO DE OBRAS DE ENGENHARIA CIVIL PARA MELHORIAS E ORDENAMENTOS DO SISTEMA VIÁRIO - AMMPLA,"R$ 8.633.147,81","R$ 0,00",,Comissão de Licitação 01,09:00,"AVENIDA GUARARAPES, Nº 2114, CENTRO, PETROLINA/PE     87.3861.3514",2023
0093/2023,0184/2023,24/08/2023,10/08/2023,Pregão eletrônico,Secretaria Municipal da Fazenda e Planejamento,Processo Concluído,Compras e serviços,"a contratação de empresa especializada na área de tecnologia da informação para prestação de serviço na locação de licença de uso de software para gerenciamento da área de Recursos Humanos, incluindo sistema de folha de pagamento (Gestão de Pessoas).","R$ 581.989,37",,,Comissão de Licitação 03,09:00,Portal de Compras Públicas,2023
0101/2023,0324/2023,28/12/2023,09/01/2024,Inexigibilidade,Prefeitura municipal de Petrolina,Processo Concluído,Compras e serviços,"contratação de DOMINGOS SÁVIO VENTURA BRANDÃO–ME, inscrita no CNPJ sob o nº 12.596.458/0001-34, para a prestação de serviços artístico/musical da atração FREVUCA,",,,,Comissão de Licitação 01,11:00,PREFEITURA DE PETROLINA,2023
0100/2023,0192/2023,06/09/2023,24/08/2023,Pregão eletrônico,Secretaria Municipal da Fazenda e Planejamento,Fracassada,Compras e serviços,"Eventual contratação de empresa para o fornecimento de água mineral envasada (garrafões de 20 litros), para atender as necessidades das diversas Secretarias Municipais e outros órgãos da administração direta e indireta","R$ 95.247,90",,,Comissão de Licitação 03,15:00,Portal de Compras Públicas,2023
0086/2023,0246/2023,28/09/2023,03/10/2023,Inexigibilidade,"Secretaria Municipal de Educação, Cultura e Esportes",Processo Concluído,Compras e serviços,"Contratação da Microempreendedora Individual FABIANA SANTIAGO FERREIRA 03993573439 - ME, inscrita no CNPJ sob o nº 16.541.845/0001-24, para a prestação de serviços artístico/musical da atração FABIANA SANTIAGO",,,,Comissão de Licitação 01,11:00,PREFEITURA DE PETROLINA,2023
0005/2023,0032/2023,03/02/2023,23/02/2023,Inexigibilidade,Prefeitura municipal de Petrolina,Processo Concluído,Compras e serviços,"contratação de ELISSON CASTRO DE LIMA ME, inscrita no CNPJ sob o nº 08.074.508/0001-46, para a prestação de serviços artístico/musical da atração BANDA ELISSON CASTRO, a se apresentar nas comemorações do CARNAVAL 2023 de Petrolina-PE",,,,Comissão de Licitação 01,11:00,Prefeitura de Petrolina,2023
0073/2023,0197/2023,05/06/2023,10/07/2023,Inexigibilidade,Secretaria Municipal de Desenvolvimento Econômico e Turismo,Processo Concluído,Compras e serviços,"Contratação da empresa FARIAS EVENTOS E PRODUÇÕES LTDA - ME, CNPJ: 39.721.242/0001-00, para prestação de serviços artístico/musical da atração RANIERI",,,,Comissão de Licitação 01,11:00,PREFEITURA DE PETROLINA,2023
0003/2023,0030/2023,01/02/2023,23/02/2023,Inexigibilidade,Prefeitura municipal de Petrolina,Processo Concluído,Compras e serviços,"contratação de FT SHOWS LTDA, inscrita no CNPJ sob o nº 39.998.900/0001-05, para a prestação de serviços artístico/musical da atração BANDA FABINHO TESTADO, a se apresentar nas comemorações do CARNAVAL 2023 em Petrolina-PE",,,,Comissão de Licitação 01,11:00,PREFEITURA DE PETROLINA,2023
0012/2023,0040/2023,02/02/2023,24/02/2023,Inexigibilidade,Prefeitura municipal de Petrolina,Processo Concluído,Compras e serviços,"contratação de ANSELMO DE OLIVEIRA BITTENCOURT 28307080835-ME, inscrito no CNPJ sob o nº 39.938.977/0001-90, para a prestação de serviços artístico/musical da atração TRIO GRANAH, a se apresentar nas comemorações do CARNAVAL 2023 em Petrolina-PE,",,,,Comissão de Licitação 01,11:00,prefeitura de petrolina,2023
0123/2023,0221/2023,23/10/2023,03/10/2023,Pregão eletrônico,Secretaria Municipal da Fazenda e Planejamento,Em andamento,Compras e serviços,"EVENTUAL CONTRATAÇÃO DE EMPRESA ESPECIALIZADA PARA SERVIÇOS DE RELATIVOS À CONFECÇÃO DE CARNÊS DE TRIBUTOS MUNICIPAIS (IPTU, ISS E TAXAS),, mediante solicitação expressa da SECRETARIA MUNICIPAL DE FAZENDA E PLANEJAMENTO","R$ 144.000,00",,,Comissão de Licitação 01,09:00,PORTAL DE COMPRAS PÚBLICAS,2023
0134/2023,0000/0000,26/12/2023,10/01/2024,Dispensa por outros motivos,Prefeitura municipal de Petrolina,Processo Concluído,Compras e serviços,"Contratar ANA NILZA COSTA DE OLIVEIRA 00764927450, inscrito no CNPJ sob o nº 15.524.319/0001-93, para a prestação de serviços artístico/musical da atração ANA COSTA, a se apresentar dia 13 de fevereiro de 2024, durante o CARNAVAL 2024",,,,Comissão de Licitação 01,11:00,PREFEITURA DE PETROLINA,2023
0042/2023,0065/2023,05/05/2023,20/04/2023,Pregão eletrônico,"Secretaria Municipal de Educação, Cultura e Esportes",Processo Concluído,Compras e serviços,"Contratação de empresa para aquisição de GARRAFAS TÉRMICAS em inox com capacidade de 500 ml, destinadas aos servidores (contratados, efetivos e cargos comissionados) da Secretaria Municipal de Educação, Cultura e Esportes de Petrolina/PE","R$ 229.886,40",,,Comissão de Licitação 01,09:00,PORTAL DE COMPRAS PÚBLICAS,2023
0188/2022,0330/2022,10/01/2023,28/12/2022,Pregão eletrônico,Secretaria Municipal de Desenvolvimento Urbano e Habitação,Processo Concluído,Compras e serviços,Eventual aquisição e instalação de 16 (dezesseis) conjuntos de equipamentos de sinalização visual e acústica,"R$ 203.484,00",,,Comissão Especial de Pregão III,09:00,www.portaldecompraspublicas.com.br ,2023
0071/2023,0171/2023,08/06/2023,27/06/2023,Inexigibilidade,Secretaria Municipal de Desenvolvimento Econômico e Turismo,Processo Concluído,Compras e serviços,"Contratação da empresa SINGLE ENTRETENIMENTO LTDA - ME, CNPJ: 27.074.118/0001-10, para prestação de serviços artístico/musical da atração CLAYTON E ROMÁRIO a se apresentar durante o SÃO JOÃO 2023,",,,,Comissão de Licitação 01,11:00,PREFEITURA DE PETROLINA ,2023
0190/2022,0333/2022,03/01/2023,21/12/2022,Pregão eletrônico,"Secretaria Municipal de Educação, Cultura e Esportes",Em andamento,Compras e serviços,"EVENTUAL CONTRATAÇÃO DE EMPRESA ESPECIALIZADA PARA A PRESTAÇÃO DE SERVIÇOS DE COFFEE BREAK E BUFFET DESTINADOS A ATENDER AS NECESSIDADES DA SECRETARIA MUNICIPAL DE EDUCAÇÃO, CULTURA E ESPORTES PARA O ANO DE 2023","R$ 1.909.550,00",,,Comissão Especial de Licitação IV,09:00,PORTAL DE COMPRAS PÚBLICAS,2023
0090/2023,0181/2023,11/08/2023,31/07/2023,Pregão eletrônico,"Secretaria Municipal de Educação, Cultura e Esportes",Em andamento,Compras e serviços,"Eventual aquisição de EQUIPAMENTOS E UTENSÍLIOS DE COZINHA, conforme especificações e quantitativos previstos no Anexo I – Termo de Referência, mediante solicitação da SECRETARIA MUNICIPAL DE EDUCAÇÃO, CULTURA E ESPORTE.","R$ 2.280.717,50",,,Comissão de Licitação 01,09:00,PORTAL DE COMPRAS PÚBLICAS,2023
0035/2023,0128/2023,16/05/2023,06/06/2023,Inexigibilidade,Secretaria Municipal de Desenvolvimento Econômico e Turismo,Processo Concluído,Compras e serviços,"contratação de ELISSON CASTRO DE LIMA LTA - ME, inscrita no CNPJ sob o nº 08.074.508/0001-46, para a prestação de serviços artístico/musical da atração ELISSON CASTRO, a se apresentar a se apresentar no SÃO JOÃO 2023",,,,Comissão de Licitação 01,11:00,PREFEITURA DE PETROLINA,2023
0151/2023,0267/2023,15/12/2023,04/12/2023,Pregão eletrônico,Secretaria Municipal de Saúde | SESAU,Processo Concluído,Compras e serviços,"EVENTUAL AQUISIÇÃO DE EQUIPAMENTO DE INFORMÁTICA, destinados a atender a Secretaria Municipal de Saúde de Petrolina-PE","R$ 97.526,92",,,Comissão de Licitação 01,09:00,PORTAL DE COMPRAS PÚBLICAS,2023
0023/2023,0091/2023,18/04/2023,24/04/2023,Inexigibilidade,Prefeitura municipal de Petrolina,Processo Concluído,Compras e serviços,"contratação de MZX ENTRETENIMENTO E PRODUCOES DE EVENTOS LTDA - ME, inscrito no CNPJ sob o nº 15.484.236/0001-18, para a prestação de serviços artístico/musical da atração TOCA DO VALE, a se apresentar durante a EXPORAJADA 2023",,,,Comissão de Licitação 01,11:00,prefeitura de petrolina,2023
0085/2023,0172/2023,18/08/2023,03/08/2023,Pregão eletrônico,Secretaria Municipal de Desenvolvimento Social e Direitos Humanos,Processo Concluído,Compras e serviços,PRESTAÇÃO DE SERVIÇOS RELATIVOS À CONFECÇÃO DE MATERIAL GRÁFICO,"R$ 96.602,40",,,Comissão de Licitação 02,09:00,www.portaldecompraspublicas.com.br,2023
0025/2023,0045/2023,30/03/2023,17/03/2023,Pregão eletrônico,Secretaria Municipal de Desenvolvimento Social e Direitos Humanos,Processo Concluído,Compras e serviços,"eventual aquisição de MATERIAL DE EXPEDIENTE E CONSUMO, direcionados aos equipamentos sociais, para atender às necessidades da SEDESDH.","R$ 183.179,63",,,Comissão de Licitação 01,09:00,portal de compras públicas,2023
0022/2023,0028/2023,30/03/2023,17/03/2023,Pregão eletrônico,Secretaria Municipal de Saúde | SESAU,Deserta,Compras e serviços,"contratação de empresa especializada em prestação de serviços de limpeza de fossas sépticas (caixas de esgoto e de águas pluviais), incluindo coleta dos resíduos e destinação final, visando suprir as necessidades da Secretaria Municipal de Saúde","R$ 201.656,72",,,Comissão de Licitação 03,09:00,Portal de Compras Públicas,2023
0081/2023,0225/2023,08/09/2023,22/09/2023,Inexigibilidade,Secretaria Municipal de Desenvolvimento Econômico e Turismo,Processo Concluído,Compras e serviços,"Contratação da empresa ALIC PARTICIPAÇÕES E ENTRETENIMENTOS LTDA, inscrito no CNPJ sob o nº 28.791.264/0001-20, para a prestação de serviços artístico/musical da atração XAND AVIÃO",,,,Comissão de Licitação 01,11:00,PREFEITURA DE PETROLINA,2023
0059/2023,0154/2023,16/06/2023,19/06/2023,Inexigibilidade,Secretaria Municipal de Desenvolvimento Econômico e Turismo,Processo Concluído,Compras e serviços,"Contratação da empresa TOME XOTE EDITORA DE MÚSICA LTDA - EPP, CNPJ 13.091.140/0001-64, para prestação de serviços artístico/musical da atração DORGIVAL DANTAS a se apresentar durante o SÃO JOÃO 2023.",,,,Comissão de Licitação 01,11:00,PREFEITURA DE PETROLINA,2023
0003/2023,0099/2023,11/05/2023,11/05/2023,Credenciamento,Secretaria Municipal de Planejamento e Gestão,Processo Concluído,Compras e serviços,"CREDENCIAMENTO DE INSTITUIÇÕES FINANCEIRAS AUTORIZADAS PELO BANCO CENTRAL DO BRASIL PARA FUNCIONAR COMO AGÊNCIAS BANCÁRIAS OU CENTRAIS DE RECEBIMENTO, PARA A PRESTAÇÃO DE SERVIÇO BANCÁRIOS DE ARRECADAÇÃO DE TRIBUTOS... (CONFORME EDITAL ANEXO)","R$ 0,00","R$ 0,00",,Comissão de Licitação 02,06:00,"AVENIDA GUARARAPES, Nº 2114, CENTRO,  PETROLINA/PE",2023
0106/2023,0199/2023,24/08/2023,10/08/2023,Pregão eletrônico,Secretaria Municipal de Saúde | SESAU,Processo Concluído,Compras e serviços,Eventual aquisição de INSUMOS EM ATENDIMENTO ÀS ORDENS JUDICIAIS INDICADAS NO PROCESSO,"R$ 117.095,93",,,Comissão de Licitação 02,09:00,www.portaldecompraspublicas.com.br,2023
0054/2023,0149/2023,01/06/2023,16/06/2023,Inexigibilidade,Secretaria Municipal de Desenvolvimento Econômico e Turismo,Processo Concluído,Compras e serviços,"contratação da empresa BM PRODUÇÕES ARTÍSTICAS LTDA - EPP, inscrita no CNPJ 19.588.728/0001-04, para prestação de serviços artístico/musical da atração BELL MARQUES a se apresentar durante o SÃO JOÃO 2023",,,,Comissão de Licitação 01,11:00,PREFEITURA DE PETROLINA,2023
0137/2023,0247/2023,13/11/2023,30/10/2023,Pregão eletrônico,Secretaria de Agricultura,Processo Concluído,Compras e serviços,"AQUISIÇÃO DE EQUIPAMENTOS E MATERIAIS PARA MANUTENÇÃO, RECUPERAÇÃO E INSTALAÇÃO DE POÇOS ARTESIANOS","R$ 259.414,30",,,Comissão de Licitação 01,09:00,PORTAL DE COMPRAS PÚBLICAS,2023
0045/2023,0068/2023,05/06/2023,23/05/2023,Pregão eletrônico,Secretaria Municipal de Desenvolvimento Urbano e Habitação,Aberta,Compras e serviços,"Eventual contratação de empresa especializada para a prestação de serviços de drenagem e esgotamento com conjunto de motobomba, com fornecimento de equipamentos motores bombas, eletrico e à diesel.","R$ 697.857,60",,,Comissão de Licitação 02,09:00,portal de compras públicas,2023
0146/2023,0262/2023,23/11/2023,10/11/2023,Pregão eletrônico,Secretaria de Inovação e Tecnologia,Processo Concluído,Compras e serviços,Aquisição de televisores,"R$ 20.010,75",,,Comissão de Licitação 02,09:00,www.portaldecompraspublicas.com.br ,2023
0036/2023,0130/2023,01/06/2023,13/06/2023,Inexigibilidade,Secretaria Municipal de Desenvolvimento Econômico e Turismo,Processo Concluído,Compras e serviços,"Contratação de HOMERO OLIVEIRA DA SILVA PRODUÇÕES ARTÍSTICAS - ME, inscrita no CNPJ sob o nº 08.684.071/0001-62, para a prestação de
serviços artístico/musical da atração FORROZÃO BREGA & VINHO, a se apresentar no Ciclo Junino 2023",,,,Comissão de Licitação 01,11:00,PREFEITURA DE PETROLINA,2023
0158/2023,0275/2023,11/12/2023,28/11/2023,Pregão eletrônico,Secretaria Municipal de Saúde | SESAU,Processo Concluído,Compras e serviços,"eventual aquisição de SUPLEMENTO ALIMENTAR, FRALDA DESCARTÁVEL, MATERIAL MÉDICO E COLCHÃO TIPO CASCA DE OVO, EM ATENDIMENTO ÀS ORDENS JUDICIAIS ACOSTADAS AO PROCESSO","R$ 962.954,04",,,Comissão de Licitação 01,09:00,PORTAL DE COMPRAS PÚBLICAS,2023
0128/2023,0000/0000,28/12/2023,10/01/2024,Dispensa por outros motivos,Prefeitura municipal de Petrolina,Processo Concluído,Compras e serviços,"Contratar ALEXANDRE LOPES CASTRO BRANDAO 01080502548, inscrito no CNPJ sob o nº 28.990.164/0001-22, para a prestação de serviços
artístico/musical da atração XANDÃO DA BAHIA, a se apresentar nos dias 11 e 12 de fevereiro de 2024",,,,Comissão de Licitação 01,11:00,PREFEITURA DE PETROLINA,2023
0111/2023,0207/2023,16/10/2023,02/10/2023,Pregão eletrônico,Faculdade de Ciências Aplicadas e Sociais | FACAPE,Processo Concluído,Compras e serviços,"Eventual aquisição de material de construção, elétrico e hidráulico para manutenção predial","R$ 326.464,03",,,Comissão de Licitação 02,09:00,www.portaldecompraspublicas.com.br ,2023
0010/2023,0038/2023,02/02/2023,24/02/2023,Inexigibilidade,Prefeitura municipal de Petrolina,Processo Concluído,Compras e serviços,"contratação de DOMINGOS SÁVIO VENTURA BRANDÃO–ME, inscrita no CNPJ sob o nº 12.596.458/0001-34, para a prestação de serviços artístico/musical da atração FREVUCA, a se apresentar nos dias 17, 18, 19, 20 e 21 de Fevereiro nas comemorações ",,,,Comissão de Licitação 01,11:00,PREFEITURA DE PETROLINA,2023
0004/2023,0000/0000,18/05/2023,06/06/2023,Adesão interna,Secretaria de Infraestrutura e Mobilidade,Processo Concluído,Compras e serviços,AQUISIÇÃO DE EQUIPAMENTOS DESTINADOS A ATENDER A S NECESSIDADES DA SECRETARIA DE SAÚDE ,,,,Comissão de Licitação 01,11:00,PREFEITURA DE PETROLINA,2023
0002/2025,0127/2025,26/05/2025,21/05/2025,Credenciamento,Secretaria de Saúde,Processo Concluído,Compras e serviços,Contratação de pessoas jurídicas para a prestação de serviços de EXAMES LABORATORIAIS para os usuários do Sistema Único de Saúde - SUS de Petrolina/PE.,"R$ 4.435.257,32","R$ 0,00",,Comissão de Licitação 04,08:00,"AV. GUARARAPES, Nº 2114, CENTRO, PETROLINA/PE.
SECRETARIA MUNICIPAL DE LICITAÇÕES E CONTRATOS
2º ANDAR DO ANEXO
",2025
0061/2025,0238/2025,01/08/2025,18/07/2025,Pregão eletrônico,Secretaria de Licitações e Contratos,Fracassada,Compras e serviços,"AQUISIÇÃO DO MATERIAL DE CONSUMO (CAFÉ), para atender às demandas da Administração Pública direta e indireta.","R$ 113.009,49",,,Comissão de Licitação 05,09:00,Portal de compras públicas.,2025
0007/2025,0114/2025,07/05/2025,15/04/2025,Concorrência Eletrônica,Secretaria Municipal de Saúde | SESAU,Processo Concluído,Compras e serviços,"CONTRATAÇÃO DE EMPRESA DO RAMO DE ENGENHARIA CIVIL PARA PRESTAÇÃO DE SERVIÇOS RELATIVOS À IMPLANTAÇÃO DE UNIDADES BÁSICAS DE SAÚDE NOS BAIRROS SÃO GONÇALO E JOÃO DE DEUS, NO MUNICIPIO DE PETROLINA/PE.","R$ 6.751.860,97","R$ 0,00",,Comissão de Licitação 01,09:00,Portal de Compras Públicas – www.portaldecompraspublicas.com.br,2025
0020/2025,0311/2025,14/10/2025,29/09/2025,Concorrência Eletrônica,Secretaria de Desenvolvimento Rural,Em andamento,Compras e serviços,Contratação de empresa especializada no ramo de engenharia civil para a prestação de serviços relativos à Construção de Espaço Para Feira de Animais do Pedra Linda em Petrolina-PE...,"R$ 347.389,04","R$ 0,00",,Comissão de Licitação 02,09:00,Portal de Compras Públicas: www.portaldecompraspublicas.com.br,2025
0025/2025,0111/2025,22/05/2025,07/05/2025,Pregão eletrônico,"Secretaria de Planejamento, Gestão e Finanças",Processo Concluído,Compras e serviços,"PRESTAÇÃO DE SERVIÇOS ESPECIALIZADA EM CONFECÇÃO DE ETIQUETAS PATRIMONIAIS, para atender as necessidades da Secretaria de Planejamento, Gestão e Finanças, Secretaria de Educação, Cultura e Esporte e Secretaria de Saúde.","R$ 273.600,00",,,Comissão de Licitação 05,09:00,Portal de Compras Públicas.,2025
0009/2025,0000/0000,16/05/2025,10/06/2025,Adesão externa,Secretaria da Casa Civil,Processo Concluído,Compras e serviços,"prestação de serviços de implantação, intermediação e administração de um sistema informatizado e integrado via WEB online real time, com utilização de sistema de gerenciamento da manutenção preventiva/corretiva","R$ 2.961.000,00","R$ 2.961.000,00",,Comissão de Licitação 01,12:00,PRFEITURA DE PETROLINA,2025
0022/2025,0000/0000,17/12/2025,27/01/2026,Adesão externa,"Secretaria de Educação, Cultura e Esporte",Processo Concluído,Compras e serviços,"QUISIÇÃO DE EQUIPAMENTOS ESCOLARES (MOBILIÁRIO),","R$ 1.148.000,00","R$ 1.148.000,00",,Comissão de Licitação 01,12:00,PREFEITURA DE PETROLINA,2025
0102/2024,0289/2024,20/01/2025,02/01/2025,Pregão eletrônico,"Secretaria Municipal de Educação, Cultura e Esportes",Em andamento,Compras e serviços,"a EVENTUAL contratação de empresa para PRESTAÇÃO DE SERVIÇOS DE LOGÍSTICA, para o armazenamento e a distribuição de materiais, suprimentos, equipamentos e produtos alimentícios, tanto perecíveis (...)","R$ 11.877.600,00","R$ 0,00",,Comissão de Licitação 02,09:00,"PORTAL DE COMPRAS PÚBLICAS, no endereço eletrônico www.portaldecompraspublicas.com.br",2025
0022/2025,0036/2025,18/02/2025,27/02/2025,Inexigibilidade,Prefeitura municipal de Petrolina,Processo Concluído,Compras e serviços,"contratação da empresa JMCD SHOWS LTDA, inscrita no CNPJ sob o nº 33.764.899/0001-78, para a prestação de serviços artístico/musical da atração “JUCIÊ”","R$ 50.000,00","R$ 50.000,00",,Comissão de Licitação 01,12:00,PREFEITURA DE PETROLINA,2025
0003/2025,0007/2025,10/01/2025,06/02/2025,Inexigibilidade,Prefeitura municipal de Petrolina,Processo Concluído,Compras e serviços,"contratação por escopo na PRESTAÇÃO DE SERVIÇOS ESPECIALIZADOS PARA REALIZAÇÃO DE CONSULTORIA NA PRESTAÇÃO DE ESTUDOS E DOCUMENTOS OBJETIVANDO A ELABORAÇÃO DE CARTA CONSULTA, EXIGIDA NOS TERMOS DA RESOLUÇÃO COFIEX N°1, DE 22 DE NOVEMBRO DE 2024","R$ 150.000,00","R$ 150.000,00",,Comissão de Licitação 01,11:00,PRFEITURA DE PETROLINA,2025
0066/2025,0249/2025,08/08/2025,25/07/2025,Pregão eletrônico,"Secretaria de Educação, Cultura e Esporte",Processo Concluído,Compras e serviços,"PRESTAÇÃO DE SERVIÇOS RELATIVOS À CONFECÇÃO DE FARDAMENTO, TRAJES E ACESSÓRIOS PARA OS INTEGRANTES DA BANDA MARCIAL IMPÉRIO PETROLINENSE","R$ 153.154,37","R$ 0,0",,Comissão de Licitação 02,09:00,Portal de Compras Públicas,2025
0143/2025,0300/2025,05/08/2025,27/08/2025,Inexigibilidade,"Secretaria de Desenvolvimento Econômico, Turismo e Inovação",Processo Concluído,Compras e serviços,"contratação da empresa TÚLIO DUARTE SHOWS LTDA, inscrita no CNPJ sob o nº 56.995.153/0001-70, para a prestação de serviços artístico/musical da atração “TÚLIO DUARTE”","R$ 50.000,00","R$ 50.000,00",,Comissão de Licitação 01,12:00,PREFEITURA DE PETROLINA,2025
0063/2025,0245/2025,08/09/2025,24/07/2025,Pregão eletrônico,"Secretaria de Educação, Cultura e Esporte",Revogada,Compras e serviços,"AQUISIÇÃO DE PROJETORES MULTIMÍDIA, para equipar as Unidades Escolares e Administrativas da Rede Municipal de Ensino de Petrolina/PE.","R$ 2.745.022,42",,,Comissão de Licitação 02,09:00,Portal de Compras Públicas.,2025
0064/2025,0123/2025,08/04/2025,28/04/2025,Inexigibilidade,"Secretaria de Desenvolvimento Econômico, Turismo e Inovação",Processo Concluído,Compras e serviços,"contratação da empresa LAISE LIMEIRA DA SILVA (LM PRODUÇÕES ARTISTICAS), inscrita no CNPJ sob o nº 35.658.564/0001-09, para a prestação de serviços artístico/musical da atração “BANDA NODA DE CAJU”,","R$ 100.000,00","R$ 100.000,00",,Comissão de Licitação 01,12:00,PREFEITURA DE PETROLINA,2025
0059/2025,0103/2025,17/03/2025,08/05/2025,Inexigibilidade,"Secretaria de Educação, Cultura e Esporte",Processo Concluído,Compras e serviços,Constitui objeto do presente contrato o fornecimento de CIE – CARTEIRA DE IDENTIFICAÇÃO ESTUDANTIL,"R$ 100.000,00","R$ 100.000,00",,Comissão de Licitação 01,12:00,prefeitura de petrolina,2025
0091/2025,0172/2025,16/05/2025,12/06/2025,Inexigibilidade,"Secretaria de Desenvolvimento Econômico, Turismo e Inovação",Processo Concluído,Compras e serviços,"contratação da empresa LS MUSIC PRODUÇÕES ARTÍSTICAS LTDA, inscrita no CNPJ sob o nº 11.136.197/0001- 07, para a prestação de serviços artístico/musical da atração “LUAN SANTANA”","R$ 980.000,00","R$ 980.000,00",,Comissão de Licitação 01,12:00,PREFEITURA DE PETROLINA,2025
0002/2025,0000/2025,17/03/2025,07/04/2025,Adesão externa,Secretaria de Assistência Social e Combate à Fome,Processo Concluído,Compras e serviços,contrato a aquisição de 01 (um) veículo automotivo para atender às necessidades da SECRETARIA DE ASSISTÊNCIA SOCIAL E COMBATE Á FOME,"R$ 342.000,00","R$ 342.000,00",,Comissão de Licitação 01,12:00,PREFEITURA DE PETROLNA,2025
0053/2025,0337/2025,23/09/2025,23/09/2025,Dispensa Eletrônica,Secretaria de Assistência Social e Combate à Fome,Processo Concluído,Compras e serviços,Contratação de empresa para prestação de serviço de decoração para o evento Casamento Comunitário cujo objetivo é formalizar o casamento civil de casais da cidade de Petrolina. ,"R$ 61.196,94","R$ 61.196,94",,Comissão de Licitação 01,12:00,PREFEITURA DE PETROLINA,2025
0110/2025,0367/2025,25/11/2025,10/11/2025,Pregão eletrônico,Secretaria de Assistência Social e Combate à Fome,Processo Concluído,Compras e serviços,AQUISIÇÃO DE TICKETS PARA GÁS LIQUEFEITO DE PETRÓLEO (GLP) TIPO P13 E GÁS LIQUEFEITO DE PETRÓLEO (GLP) PROPANO-BUTANO PARA CILINDROS ESTACIONÁRIOS MODELO P-190 (cedidos em regime de comodato com manutenção integral 24h).,"R$ 122.455,00",,,Comissão de Licitação 06,09:00,Portal de Compras Públicas.,2025
0145/2025,0304/2025,31/07/2025,28/08/2025,Inexigibilidade,"Secretaria de Desenvolvimento Econômico, Turismo e Inovação",Processo Concluído,Compras e serviços,"Contratação da Empresa CRIATIVE MUSIC LTDA, pessoa jurídica de direito privado, inscrita no CNPJ sob nº 08.648.622/0001-32, para a prestação de serviços artístico/musical da atração FERNANDA BRUM, ","R$ 190.000,00","R$ 190.000,00",,Comissão de Licitação 01,12:00,PREFEITURA DE PETROLINA,2025
0127/2025,0233/2025,29/05/2025,01/07/2025,Inexigibilidade,"Secretaria de Desenvolvimento Econômico, Turismo e Inovação",Processo Concluído,Compras e serviços,"contratação da empresa 52.248.878 JOSE LUIS FERREIRA DE MELO MENDES- ZECA PRODUCOES E EVENTOS, inscrita no CNPJ sob o nº 52.248.878/0001-44, para a prestação de serviços artístico/musical da atração “CORAL DE ABOIOS”,","R$ 15.000,00","R$ 15.000,00",,Comissão de Licitação 01,12:00,PREFEITURA DE PETROLINA,2025
0019/2025,0032/2025,18/02/2025,10/03/2025,Inexigibilidade,Prefeitura municipal de Petrolina,Processo Concluído,Compras e serviços,"contratação da empresa 49.860.954 MARIZA JUDITE RIBEIRO, inscrita no CNPJ sob o nº 49.860.954/0001-63, para a prestação de serviços artístico/musical da atração “JONATHAN ARAÚJO”","R$ 55.000,00","R$ 55.000,00",,Comissão de Licitação 01,12:00,PREFEITURA DE PETROLINA,2025
0054/2025,0200/2025,02/09/2025,18/08/2025,Pregão eletrônico,"Secretaria de Desenvolvimento Econômico, Turismo e Inovação",Em andamento,Compras e serviços,"Eventual contratação de empresa especializada para PRESTAÇÃO DE SERVIÇOS DE CORREIO ELETRÔNICO CORPORATIVO, para atender às necessidades da Administração Municipal.
","R$ 135.738,00","R$ 0,00",,Comissão de Licitação 01,09:00,"O certame será realizado por meio da plataforma: PORTAL DE COMPRAS PÚBLICAS, no endereço eletrônico www.portaldecompraspublicas.com.br
",2025
0003/2025,,11/04/2025,08/07/2025,Adesão externa,"Secretaria de Educação, Cultura e Esporte",Processo Concluído,Compras e serviços,"AQUISIÇÃO DE MATERIAIS DE USO INDIVIDUAL DO ESTUDANTE, para atender às necessidades da Secretaria Municipal de Educação, Cultura e Esporte de Petrolina/PE","R$ 1.560.655,70","R$ 1.560.655,70",,Comissão de Licitação 01,12:00,PREFEITURA DE PETROLINA,2025
0084/2025,0163/2025,05/05/2025,28/05/2025,Inexigibilidade,"Secretaria de Desenvolvimento Econômico, Turismo e Inovação",Processo Concluído,Compras e serviços,"Contratação da Empresa JG SHOWS LTDA, inscrita no CNPJ sob nº 43.099.846/0001-33, para a prestação de serviços artístico/musical da atração JOÃO GOMES,","R$ 500.000,00","R$ 500.000,00",,Comissão de Licitação 01,12:00,PREFEITURA DE PETROLINA,2025
0041/2025,0155/2025,21/07/2025,04/07/2025,Pregão eletrônico,Secretaria de Saúde,Processo Concluído,Compras e serviços,"AQUISIÇÃO DE EQUIPAMENTOS DE INFORMÁTICA, destinado a atender as necessidades da Secretaria Municipal de Saúde de Petrolina-PE","R$ 325.745,43",,,Comissão de Licitação 04,09:00,Portal de Compras Públicas.,2025
0180/2025,0427/2025,12/12/2025,06/01/2026,Inexigibilidade,Secretaria de Assistência Social e Combate à Fome,Processo Concluído,Compras e serviços,"Locação de imóvel na cidade de Petrolina/PE, a fim de dar funcionamento ao Centro de Referência de Assistência Social (CRAS).","R$ 14.520,00","R$ 14.520,00",,Comissão de Licitação 01,12:00,PREFEITURA DE PETROLINA,2025
0096/2025,0184/2025,22/05/2025,04/06/2025,Inexigibilidade,"Secretaria de Desenvolvimento Econômico, Turismo e Inovação",Processo Concluído,Compras e serviços,"NPJ sob o nº 23.626.845/0001- 92, para a prestação de serviços artístico/musical da atração “A VONTADE”","R$ 800.000,00","R$ 800.000,00",,Comissão de Licitação 01,12:00,PREFEITURA DE PETROLINA,2025
0041/2025,,18/02/2025,10/03/2025,Inexigibilidade,Prefeitura municipal de Petrolina,Processo Concluído,Compras e serviços,"contratação da empresa FRANCISCO EDÊNIO GONCALVES LIMA FILHO DE PETROLINA, inscrita no CNPJ sob o nº 028.238.886/0001-25, para a prestação de serviços artístico/musical da atração “EDÊNIO LIMA”","R$ 15.000,00","R$ 15.000,00",,Comissão de Licitação 01,12:00,prefeitura de petrolina,2025
0019/2025,0000/0000,12/11/2025,01/12/2025,Adesão externa,"Secretaria de Educação, Cultura e Esporte",Processo Concluído,Compras e serviços,"CONTRATAÇÃO DE EMPRESA ESPECIALIZADA EM FORNECIMENTO DE TRAJES PARA O PROGRAMA DE USO DIÁRIO PARA ATENDER OS DISCENTES DA SECRETARIA MUNICIPAL DE EDUCAÇÃO, CULTURA E ESPORTE DE PETROLINA/PE","R$ 8.095.012,25","R$ 8.095.012,25",,Comissão de Licitação 01,12:00,PREFEITURA DE PTROLINA,2025
0022/2025,0136/2025,02/06/2025,07/07/2025,Dispensa Eletrônica,Secretaria de Comunicação,Fracassada,Compras e serviços,Aquisição de PÚLPITOS EM ACRÍLICO E DISPLAY DE MESA para atender as necessidades da Secretaria Municipal de Comunicações de Petrolina/PE.,"R$ 15.043,90",,,Comissão de Licitação 01,12:00,PREFEITURA DE PETROLINA,2025
0138/2025,0281/2025,23/07/2025,29/07/2025,Inexigibilidade,"Secretaria de Desenvolvimento Econômico, Turismo e Inovação",Processo Concluído,Compras e serviços,"contratação da empresa 49.860.954 MARIZA JUDITE RIBEIRO, inscrita no CNPJ sob o nº 49.860.954/0001-63, para a prestação de serviços artístico/musical da atração “DAM ALEIXO”, ","R$ 5.000,00","R$ 5.000,00",,Comissão de Licitação 01,12:00,PREFEITURA DE PETROLINA,2025
0011/2025,0000/0000,06/08/2025,18/09/2025,Adesão externa,"Secretaria de Educação, Cultura e Esporte",Processo Concluído,Compras e serviços,a contratação de AQUISIÇÃO DE MOBILIÁRIO ESCOLAR EQUIPAMENTOS E ARMÁRIOS,"R$ 8.039.499,62","R$ 8.039.499,62",,Comissão de Licitação 01,12:00,PREFEITURA DE PETROLINA,2025
0160/2025,0353/2025,25/09/2025,16/10/2025,Inexigibilidade,AUTARQUIA EDUCACIONAL DO VALE DO SÃO FRANCISCO/FACAPE,Processo Concluído,Compras e serviços,"Contratação Direta, por Inexigibilidade, da empresa NP TECNOLOGIA E GESTAO DE DADOS LTDA, para prestação de serviços de licença de assinatura anual de acesso à
ferramenta de pesquisas de preços praticados pela.","R$ 12.300,00","R$ 12.300,00",,Comissão de Licitação 01,12:00,PREFEITURA DE PETROLINA,2025
0016/2025,0029/2025,18/02/2025,26/02/2025,Inexigibilidade,Prefeitura municipal de Petrolina,Processo Concluído,Compras e serviços,"Contratação da Empresa CAIA PRODUCOES LTDA-ME, regularmente inscrita no CNPJ/MF sob o nº 11.166.400/0001-98, para a prestação de serviços artístico-musical da atração
“TIO ZÉ BÁ”,","R$ 5.500,00","R$ 5.500,00",,Comissão de Licitação 01,12:00,PREFEITURA DE PETROLINA,2025
0126/2025,0405/2025,30/12/2025,12/12/2025,Pregão eletrônico,AUTARQUIA EDUCACIONAL DO VALE DO SÃO FRANCISCO/FACAPE,Fracassada,Obras e serviços de engenharia,PREST. DE SERVIÇOS DE MANUTENÇÃO E PEQUENAS REFORMAS DAS EDIFICAÇÕES DA AUTARQUIA EDUCACIONAL DO VALE DO SÃO FRANCISCO - AEVSF.,"R$ 495.278,03",,,Comissão de Licitação 05,09:00,Portal de Compras Públicas.,2025
0050/2025,0188/2025,04/08/2025,21/07/2025,Pregão eletrônico,AUTARQUIA EDUCACIONAL DO VALE DO SÃO FRANCISCO/FACAPE,Em andamento,Compras e serviços,AQUISIÇÃO DE APARELHOS DE AR-CONDICIONADO.,"R$ 251.488,79",,,Comissão de Licitação 02,09:00,Portal de Compras Públicas.,2025
0062/2025,0240/2025,07/08/2025,23/07/2025,Pregão eletrônico,Secretaria de Assistência Social e Combate à Fome,Processo Concluído,Compras e serviços,PRESTAÇÃO DE SERVIÇOS DE SEGUROS DE VEÍCULOS.,"R$ 149.913,00",,,Comissão de Licitação 04,09:00,Portal de Compras Públicas.,2025
0073/2025,0073/2025,02/04/2025,14/05/2025,Inexigibilidade,"Secretaria de Educação, Cultura e Esporte",Processo Concluído,Compras e serviços,"ontratação Direta, por Inexigibilidade, da Sociedade Simples Limitada COMPANHIA PRIMEIRO ATO PROMOÇÃO PRODUÇÕES DE ESPETÁCULOS E FORMAÇÃO ARTISTICA – Nome Fantasia CIA PRIMEIRO ATO, ","R$ 30.000,00","R$ 30.000,00",,Comissão de Licitação 01,12:00,prefeitura de petrolina,2025
0008/2025,0070/2025,07/02/2025,05/05/2025,Dispensa Eletrônica,Secretaria de Saúde,Processo Concluído,Compras e serviços,"FORNECIMENTO DE SALBULTAMOL E ESPAÇADOR PARA MEDICAMENTOS, nos termos da tab","R$ 6.624,80","R$ 6.624,80",,Comissão de Licitação 01,12:00,PREFEITURA DE PETROLINA,2025
0092/2025,0317/2025,05/11/2025,06/10/2025,Pregão eletrônico,Secretaria de Segurança Pública,Processo Concluído,Compras e serviços,LOCAÇÃO DE 11 VIATURAS PARA GUARDA CIVIL - SECRETARIA DE SEGURANÇA PÚBLICA,"R$ 1.078.753,68","R$ 0,0",,Comissão de Licitação 01,09:00,PORTAL DE COMPRAS PÚBLICAS,2025
0083/2025,0290/2025,11/09/2025,27/08/2025,Pregão eletrônico,Secretaria de Assistência Social e Combate à Fome,Processo Concluído,Compras e serviços,"Prestação de serviços FUNERÁRIOS, para atender as necessidades da SAS.","R$ 1.089.267,38",,,Comissão de Licitação 04,09:00,Portal de Compras de Públicas.,2025
0026/2025,0154/2025,29/05/2025,09/06/2025,Dispensa Eletrônica,Secretaria de Comunicação,Processo Concluído,Compras e serviços,"Aquisição de ÁGUA MINERAL NATURAL SEM GÁS ENVASADA EM COPO DE 200ML, para atender as necessidades da Secretaria Municipal de Comunicações de Petrolina/PE","R$ 19.850,00","R$ 19.850,00",,Comissão de Licitação 01,12:00,PREFEITURA DE PETROLINA,2025
0092/2024,0272/2024,02/01/2025,12/12/2024,Pregão eletrônico,Secretaria Municipal de Desenvolvimento Urbano e Habitação,Processo Concluído,Compras e serviços,"contratação de empresa especializada para prestação de serviços de licenciamento de software por tempo determinado destinado ao cadastro, gestão e controle habitacional, incluindo a sua implantação,(...)","R$ 209.199,96","R$ 0,00",,Comissão de Licitação 01,09:00,"PORTAL DE COMPRAS PÚBLICAS, no endereço eletrônico www.portaldecompraspublicas.com.br.",2025
0178/2025,0419/2025,28/10/2025,23/12/2025,Inexigibilidade,Secretaria de Saúde,Processo Concluído,Compras e serviços," locação de imóvel situado no endereço Rua E, n° 5, Tapera, Zona Rural do município de Petrolina-PE,","R$ 48.000,00","R$ 48.000,00",,Comissão de Licitação 01,12:00,PREFEITURA DE PETROLINA,2025
0154/2025,0328/2025,18/08/2025,12/09/2025,Inexigibilidade,"Secretaria de Desenvolvimento Econômico, Turismo e Inovação",Processo Concluído,Compras e serviços,"contratação da empresa ZE VAQUEIRO ORIGINAL MUSIC LTDA, inscrita no CNPJ sob o nº 39.415.957/0001-34, para a prestação de serviços artístico/musical da atração “ZE VAQUEIRO a se apresentar no dia 20/09/2025 durante as comemorações do","R$ 450.000,00","R$ 450.000,00",,Comissão de Licitação 01,12:00,PREFEITURA DE PETROLINA,2025
0052/2025,0068/2025,22/02/2025,10/03/2025,Inexigibilidade,Prefeitura municipal de Petrolina,Processo Concluído,Compras e serviços,"contratação da empresa 49.165.894 RUMENNIG ALVES DE CASTRO SILVA, inscrita no CNPJ sob o nº 49.165.894/0001-69, para a prestação de serviços artístico/musical da atração “PAGODE 874”, a","R$ 5.500,00","R$ 5.500,00",,Comissão de Licitação 01,12:00,PREFEITURA DE PETROLINA,2025
0004/2025,0359/2025,21/10/2025,20/10/2025,Credenciamento,Secretaria de Saúde,Em andamento,Compras e serviços,CREDENCIAMENTO PARA PRESTAÇÃO DE SERVIÇOS DE ESCLEROTERAPIA DE VARIZES PARA OS USUÁRIOS DO SISTEMA ÚNICO DE SAÚDE – SUS NO MUNICÍPIO DE PETROLINA.,"R$ 7.031.399,52","R$ 0,0",,Comissão de Licitação 02,09:00,"Avenida Guararapes, nº 2114, centro, Petrolina/PE - Segundo andar do anexo.",2025
0082/2025,0289/2025,01/09/2025,14/08/2025,Pregão eletrônico,"Secretaria de Educação, Cultura e Esporte",Processo Concluído,Compras e serviços,EVENTUAL (AIS) contratação (ões) de empresa para a PRESTAÇÃO DE SERVIÇOS RELATIVOS AO MONITORAMENTO E VIGILÂNCIA ELETRÔNICA PREDIAL DE SECRETARIAS E ÓRGÃOS.,"R$ 1.203.145,74","R$ 0,0",,Comissão de Licitação 02,09:00,Portal de Compras Públicas,2025
0100/2024,0285/2024,13/01/2025,26/12/2024,Pregão eletrônico,"Secretaria Municipal de Educação, Cultura e Esportes",Processo Concluído,Compras e serviços,"Contratação de empresa (s) para aquisição de GÊNEROS ALIMENTÍCIOS (PERECÍVEIS E NÃO PERECÍVEIS), para atender as necessidades das Unidades Escolares que compõem a Rede Municipal de Ensino de Petrolina/PE","R$ 25.660.808,07",,,Comissão de Licitação 01,09:00,PORTAL DE COMPRAS PÚBLICAS,2025
0176/2025,0414/2025,23/10/2025,29/01/2026,Inexigibilidade,Secretaria de Saúde,Processo Concluído,Compras e serviços,"locação de imóvel situado no endereço Avenida Dayse Kelly Pereira Gomes AV02, nº 841, loteamento Vila Eulália (lote de terreno de número 10-A da Quadra D), bairro José e Maria, Petrolina-PE,","R$ 64.800,00","R$ 64.800,00",,Comissão de Licitação 02,12:00,PREFEITURA DE PETROLINA,2025
0063/2025,0122/2025,04/04/2025,25/04/2025,Inexigibilidade,"Secretaria de Desenvolvimento Econômico, Turismo e Inovação",Processo Concluído,Compras e serviços,"Contratação da Empresa FT SHOWS LTDA-ME, inscrita no CNPJ sob Nº 39.998.900/0001-05, para a prestação de serviços artístico-musical da atração “FABINHO TESTADO”,","R$ 100.000,00","R$ 100.000,00",,Comissão de Licitação 01,12:00,PREFEITURA DE PETROLINA,2025
0124/2025,0399/2025,11/12/2025,26/11/2025,Pregão eletrônico,"Secretaria de Desenvolvimento Econômico, Turismo e Inovação",Processo Concluído,Compras e serviços,"LOCAÇÃO DE ESTRUTURAS TEMPORÁRIAS (PISTA DE PATINAÇÃO NO GELO E ITENS CORRELATOS), INCLUINDO A MONTAGEM /DESMONTAGEM E A MANUTENÇÃO DE MATERIAIS E SERVIÇOS ELÉTRICOS, PARA SEREM UTILIZADAS NO CICLO NATALINO 2025.","R$ 1.348.830,72","R$ 760.000,00",,Comissão de Licitação 01,09:00,Portal de Compras Públicas,2025
0100/2025,0194/2025,19/05/2025,12/06/2025,Inexigibilidade,"Secretaria de Desenvolvimento Econômico, Turismo e Inovação",Processo Concluído,Compras e serviços,"Contratação da Empresa ZE VAQUEIRO ORIGINAL MUSIC LTDA-EPP, inscrita no CNPJ 39.415.957/0001-34, para a prestação de serviços artístico/musical da atração ZÉ VAQUEIRO","R$ 450.000,00","R$ 450.000,00",,Comissão de Licitação 01,12:00,PREFEITURA DE PETROLINA,2025
0032/2025,0206/2025,04/06/2025,13/06/2025,Dispensa por outros motivos,Secretaria de Segurança Pública,Processo Concluído,Compras e serviços,"presente contrato a prestação de serviço em comodato de VIDEOMONITORAMENTO INTELIGENTE para 09 dias, com Monitoramento remoto, Armazenamento em Nuvem, Instalação, Licença de Plataforma e Analítico I.A ","R$ 199.998,23","R$ 199.998,23",,Comissão de Licitação 01,12:00,PREFEITURA DE PETROLINA,2025
0020/2025,0000/0000,10/11/2025,04/12/2025,Adesão externa,Secretaria de Assistência Social e Combate à Fome,Processo Concluído,Compras e serviços,"CONTRATAÇÃO DE 03 (TRÊS) VEÍCULOS AUTOMOTORES, NOVOS (ZERO KM), TIPO PICAPE COMPACTA CA","R$ 39.000,00","R$ 39.000,00",,Comissão de Licitação 01,12:00,Prefeitura de petrolina,2025
0122/2025,0394/2025,23/12/2025,10/12/2025,Pregão eletrônico,"Secretaria de Educação, Cultura e Esporte",Em andamento,Compras e serviços,"AQUISIÇÃO DE INSTRUMENTOS MUSICAIS, para atender as necessidades da Philarmônica 21 de Setembro.","R$ 34.835,96",,,Comissão de Licitação 06,09:00,Portal de Compras Públicas.,2025
0048/2025,0064/2025,24/02/2025,10/03/2025,Inexigibilidade,Prefeitura municipal de Petrolina,Processo Concluído,Compras e serviços,"contratação da empresa 23.784.167 MICHEL RICARDO DA SILVA BORGES, inscrita no CNPJ sob o nº 23.784.167/0001-96, para a prestação de serviços artístico/musical da atração “ORQUESTRA LEVANTA POEIRA”","R$ 9.000,00","R$ 9.000,00",,Comissão de Licitação 01,12:00,PREFEITURA DE PETROLINA,2025
0006/2025,0033/2025,17/02/2025,21/05/2025,Dispensa Eletrônica,Secretaria de Assistência Social e Combate à Fome,Processo Concluído,Compras e serviços,"contratação de empresa para MANUTENÇÃO E LIMPEZA DE PURIFICADORES DE ÁGUA, através da Secretaria de Assistência Social e Combate à Fome, conforme os itens abaixo relaciona","R$ 16.150,00","R$ 16.150,00",,Comissão de Licitação 01,12:00,PREFEITURA DE PEROLINA,2025
0086/2025,0165/2025,08/05/2025,30/05/2025,Inexigibilidade,"Secretaria de Desenvolvimento Econômico, Turismo e Inovação",Processo Concluído,Compras e serviços,"a contratação da empresa SOFÁ DA SOGRA EDITORA E SERVIÇOS LTDA, inscrita no CNPJ sob o nº 02.159.427/0001-62, para a prestação de serviços artístico/musical da atração “LEO SANTANA”","R$ 600.000,00","R$ 600.000,00",,Comissão de Licitação 01,12:00,PREFEITURA DE PETROLINA,2025
0012/2025,0093/2025,22/04/2025,09/05/2025,Dispensa Eletrônica,Secretaria de Desenvolvimento Rural,Processo Concluído,Compras e serviços,"AQUISIÇÃO DE TENDA PIRAMIDAL DESMONTÁVEL para atender às necessidades da SECRETARIA DE DESENVOLVIMENTO RURAL,","R$ 25.250,00","R$ 25.250,00",,Comissão de Licitação 01,12:00,PREFEITURA DE PETROLINA,2025
0136/2025,0277/2025,22/07/2025,29/07/2025,Inexigibilidade,"Secretaria de Desenvolvimento Econômico, Turismo e Inovação",Processo Concluído,Compras e serviços,"Contratação da Empresa JA SHOWS LTDA-ME, pessoa jurídica de direito privado, inscrito no CNPJ sob nº 54.005.935/0001-90, para a prestação de serviços artístico/musical da atração JADSON ARAÚJO","R$ 50.000,00","R$ 50.000,00",,Comissão de Licitação 01,12:00,PREFEITURA DE PETROLINA,2025
0039/2025,0260/2025,18/08/2025,18/08/2025,Dispensa Eletrônica,Secretaria de Saúde,Fracassada,Compras e serviços,"AQUISIÇÃO DE EQUIPAMENTOS MÉDICOHOSPITALARES com o objetivo de atender a s determinaço es judiciais impostas ao Municí pio de
Petrolina","R$ 23.148,07","R$ 23.148,07",,Comissão de Licitação 01,12:00,PREFEITURA DE PETROLINA,2025
0087/2025,0166/2025,13/05/2025,11/06/2025,Inexigibilidade,"Secretaria de Desenvolvimento Econômico, Turismo e Inovação",Revogada,Compras e serviços,"Contratação da Empresa MUNDO PARALELO PRODUÇÕES ARTISTICAS LTDA-ME, inscrita no CNPJ sob nº 18.495.289/0001-22, para a prestação de serviços artístico/musical da atração MATHEUS & KAUAN",,,,Comissão de Licitação 01,12:00,PREFEITURA DE PETROLINA,2025
0038/2025,0141/2025,08/07/2025,17/06/2025,Pregão eletrônico,Secretaria de Serviços Públicos e Defesa Civil,Em andamento,Compras e serviços,"PRESTAÇÃO DE SERVIÇOS DE BOMBEAMENTO E DESOBSTRUÇÃO DE VIAS NAS ÁREAS DE ALAGAMENTO, EM ATENDIMENTO ÀS NECESSIDADES DA SECRETARIA DE SERVIÇOS PÚBLICOS E DEFESA CIVIL.","R$ 1.072.742,40","R$ 0,0",,Comissão de Licitação 05,09:00,PORTAL DE COMPRAS PÚBLICAS,2025
0053/2025,0069/2025,18/02/2025,10/03/2025,Inexigibilidade,Prefeitura municipal de Petrolina,Processo Concluído,Compras e serviços,"contratação da empresa MM PRODUÇÕES E MARKETING LTDA, inscrita no CNPJ sob o nº 48.986.927/0001-79, para a prestação de serviços artístico/musical da atração “PAGODE SEGREDO”
","R$ 120.000,00","R$ 120.000,00",,Comissão de Licitação 01,12:00,PREFEITURA DE PETROLINA,2025
0040/2025,0056/2025,18/02/2025,11/03/2025,Inexigibilidade,Prefeitura municipal de Petrolina,Processo Concluído,Compras e serviços,"Contratação da Empresária Individual 49.860.954 MARIZA JUDITE RIBEIRO-ME, regularmente inscrita no CNPJ/MF sob o nº 49.860.954/0001-63, para a prestação de serviços artístico-musical da atração “SWING & SAMBA”","R$ 5.000,00","R$ 5.000,00",,Comissão de Licitação 01,12:00,PREFEITURA DE PETROLINA,2025
0003/2025,0009/2025,12/03/2025,18/02/2025,Pregão eletrônico,"Secretaria Municipal de Educação, Cultura e Esportes",Processo Concluído,Compras e serviços,(SRP) - EVENTUAL (AIS) CONTRATAÇÃO (ÇÕES) DE EMPRESA (S) PARA PRESTAÇÃO DE SERVIÇOS RELATIVOS À CONFECÇÃO DE MATERIAL GRÁFICO E SERIGRÁFICO PARA ATENDER DEMANDAS DA SECRETARIA DE EDUCAÇÃO. ,"R$ 1.655.372,48","R$ 0,0",,Comissão de Licitação 01,09:00,PORTAL DE COMPRAS PÚBLICAS,2025
0035/2025,0133/2025,10/06/2025,23/05/2025,Pregão eletrônico,INSTITUTO DE GESTÃO PREVIDENCIÁRIA DO MUNICÍPIO DE PETROLINA - IGEPREV ,Deserta,Compras e serviços,"PRESTAÇÃO FUTURA DO SERVIÇO DE BUFFET E OU/COQUETEL PARA FORNECIMENTO DE ALIMENTAÇÃO, incluindo os serviços correlatos e de suporte para eventos institucionais, promovidos pelo IGEPREV.","R$ 112.920,00",,,Comissão de Licitação 04,09:00,Portal de compras públicas.,2025
0048/2025,0186/2025,16/07/2025,01/07/2025,Pregão eletrônico,"Secretaria de Educação, Cultura e Esporte",Processo Concluído,Compras e serviços,"SERVIÇOS DE LIMPEZA E ESGOTAMENTO DE FOSSAS SÉPTICAS para atender às necessidades dos prédios vinculados à SECRETARIA MUNICIPAL DE EDUCAÇÃO, CULTURA E ESPORTE DE PETROLINA/PE.","R$ 804.877,84",,,Comissão de Licitação 04,09:00,Portal de Compras Públicas.,2025
0032/2025,0128/2025,09/06/2025,26/05/2025,Pregão eletrônico,Secretaria de Saúde,Processo Concluído,Compras e serviços,"EVENTUAL AQUISIÇÃO DE SUPLEMENTOS ALIMENTARES para cumprimento das ORDENS JUDICIAIS impostas ao Município de Petrolina-PE, visando atender às necessidades da Secretaria Municipal de Saúde, conforme solicitação expressa da mesma.","R$ 2.359.046,40","R$ 0,00",,Comissão de Licitação 01,09:00,"PORTAL DE COMPRAS PÚBLICAS, no endereço eletrônico www.portaldecompraspublicas.com.br",2025
0028/2025,0118/2025,26/05/2025,08/05/2025,Pregão eletrônico,Secretaria de Licitações e Contratos,Paralisada,Compras e serviços,"Contratação de empresa para PRESTAÇÃO DE SERVIÇOS DE PUBLICAÇÃO DE ATOS OFICIAIS, AVISOS DE LICITAÇÃO E OUTROS COMUNICADOS LEGAIS, conforme exigido pela Lei Federal nº 14.133/2021 e demais normativas pertinentes(...)","R$ 983.575,18","R$ 0,00",,Comissão de Licitação 05,09:00,"PORTAL DE COMPRAS PÚBLICAS, no endereço eletrônico www.portaldecompraspublicas.com.br",2025
0089/2025,0313/2025,12/09/2025,01/09/2025,Pregão eletrônico,Secretaria de Licitações e Contratos,Processo Concluído,Compras e serviços,"Aquisição de material de consumo (café), para atender as necessidades da Administração Direta e Indireta.","R$ 113.009,49",,,Comissão de Licitação 05,09:00,Portal de Compras Públicas.,2025
0001/2025,0006/2025,10/02/2025,24/01/2025,Pregão eletrônico,Autarquia Municipal de Mobilidade de Petrolina | AMMPLA,Processo Concluído,Compras e serviços,"contratação de empresa especializada para a prestação de serviços de disponibilização de soluções tecnológicas integradas para a gestão da rede semafórica, com disponibilização de mão de obra, equipamentos e materiais - AMMPLA","R$ 1.935.566,32","R$ 1.935.566,32",,Comissão de Licitação 02,09:00,Portal de Compras Públicas,2025
0008/2025,0176/2025,23/07/2025,08/07/2025,Concorrência,Secretaria de Infraestrutura e Mobilidade,Processo Concluído,Obras e serviços de engenharia,IMPLANTAÇÃO DAS PRAÇAS PULMÃO VERDE E NOSSA SENHORA DA CONCEIÇÃO E CONCLUSÃO DA PRAÇA MANOEL CORDEIRO NETO,"R$ 2.080.143,87","R$ 1.643.223,35",,Comissão de Licitação 01,09:00,PORTAL DE COMPRAS PÚBLICAS,2025
0008/2025,0080/2025,04/04/2025,21/03/2025,Pregão eletrônico,"Secretaria Municipal de Educação, Cultura e Esportes",Processo Concluído,Compras e serviços,"contratação de empresa para aquisição de GÊNEROS ALIMENTÍCIOS NÃO PERECÍVEIS (FARINÁCEOS), para atender as necessidades das Unidades Escolares que compõem a Rede Municipal de Ensino de Petrolina/PE.","R$ 1.339.960,14","R$ 0,00",,Comissão de Licitação 01,09:00,"PORTAL DE COMPRAS PÚBLICAS, no endereço eletrônico www.portaldecompraspublicas.com.br.",2025
0120/2025,0221/2025,09/06/2025,26/06/2025,Inexigibilidade,"Secretaria de Desenvolvimento Econômico, Turismo e Inovação",Processo Concluído,Compras e serviços,"contratação da empresa OK PROMO LTDA, inscrita no CNPJ sob o nº 48.460.426/0001-54, para a prestação de serviços artístico/musical da atração “HEITOR COSTA”","R$ 250.000,00","R$ 250.000,00",,Comissão de Licitação 01,12:00,PREFEITURA DE PETROLINA,2025
0128/2025,0237/2025,25/06/2025,01/07/2025,Inexigibilidade,"Secretaria de Desenvolvimento Econômico, Turismo e Inovação",Processo Concluído,Compras e serviços,"Contratação do Microempreendedor Individual (MEI) 22.770.006 ADAO BAGAJI DE SOUZA - ME, inscrito no CNPJ sob nº 22.770.006/0001-80, para a prestação de serviços artístico/musical da atração ADÃOZINHO DE RAJADA","R$ 10.000,00","R$ 10.000,00",,Comissão de Licitação 01,12:00,PREFEITURA DE PETROLINA,2025
0056/2025,0086/2025,18/03/2025,27/03/2025,Inexigibilidade,Procuradoria Geral do Município,Em andamento,Compras e serviços,"CONTRATAÇÃO DE 10 ESTANDES VISANDO A PARTICIPAÇÃO DE MULHERES EMPREENDEDORAS FORMAIS E INFORMAIS, ATRAVÉS DA AGÊNCIA MUNICIPAL DE EMPREENDEDORISMO no SEMINÁRIO","R$ 9.700,00","R$ 9.700,00",,Comissão de Licitação 01,12:00,PREFEITURA DE PETROLINA,2025
0037/2025,0140/2025,09/06/2025,23/05/2025,Pregão eletrônico,"Secretaria de Educação, Cultura e Esporte",Processo Concluído,Compras e serviços,"PRESTAÇÃO DE SERVIÇOS DE ARBITRAGEM E COORDENAÇÃO para a realização dos eventos Esportivos Municipais, visando atender à programação do calendário esportivo.","R$ 561.168,38",,,Comissão de Licitação 04,09:00,Portal de compras públicas.,2025
0095/2024,0278/2024,09/01/2025,23/12/2024,Pregão eletrônico,Secretaria Municipal de Saúde | SESAU,Processo Concluído,Compras e serviços,Constitui objeto da presente licitação a contratação de empresas para AQUISIÇÃO DE MATERIAIS MÉDICO-HOSPITALARES,"R$ 539.624,77",,,Comissão de Licitação 01,09:00,PORTAL DE COMPRAS PÚBLICAS,2025
0041/2025,0266/2025,28/07/2025,28/07/2025,Dispensa Eletrônica,Secretaria de Saúde,Fracassada,Compras e serviços,"PRESTAÇÃO DE SERVIÇOS DE REFEIÇÃO, LANCHES E COFFEE BREAK, para atender a demanda de evento institucional promovido pela Agência Municipal de Vigilância Sanitária","R$ 8.025,60","R$ 8.025,60",,Comissão de Licitação 01,12:00,PREFEITURA DE PETROLINA,2025
0005/2025,0014/2025,17/03/2025,25/02/2025,Pregão eletrônico,Secretaria Municipal de Desenvolvimento Social e Direitos Humanos,Processo Concluído,Compras e serviços,"Aquisição de Lonas, para atender as demandas da Secretaria Municipal de Assistência Social e Combate à Fome.","R$ 159.687,20",,,Comissão de Licitação 01,09:00,Portal de Compras Públicas.,2025
0094/2025,0192/2025,21/05/2025,04/06/2025,Inexigibilidade,"Secretaria de Desenvolvimento Econômico, Turismo e Inovação",Processo Concluído,Compras e serviços,"contratação da empresa NUZIO MEDEIROS PRODUÇÕES ARTÍSTICAS E EDIÇÕES MUSICAIS LTDA, inscrita no CNPJ sob o nº 47.499.172/0001-15, para a prestação de serviços artístico/musical da atração “NUZIO MEDEIROS","R$ 200.000,00","R$ 200.000,00",,Comissão de Licitação 01,12:00,"contratação da empresa NUZIO MEDEIROS PRODUÇÕES ARTÍSTICAS E EDIÇÕES MUSICAIS LTDA, inscrita no CNPJ sob o nº 47.499.172/0001-15, para a prestação de serviços artístico/musical da atração “NUZIO MEDEI",2025
0011/2025,0084/2025,27/03/2025,05/05/2025,Dispensa Eletrônica,Secretaria de Governo,Processo Concluído,Compras e serviços,"serviços técnicos especializados de assessoria e consultoria atuarial, envolvendo elaboração de estudos técnicos, emissão de pareceres e avaliações relativas ao IGEPREV","R$ 35.499,96","R$ 35.499,96",,Comissão de Licitação 01,12:00,PREFEITURA DE PETROLINA,2025
0014/2025,0000/0000,28/08/2025,16/12/2025,Adesão externa,"Secretaria de Educação, Cultura e Esporte",Processo Concluído,Compras e serviços," Contratação de AQUISIÇÃO DE MOBILIÁRIO ESCOLAR,","R$ 191.700,00","R$ 191.700,00",,Comissão de Licitação 01,12:00,PREFEITURA DE PETROLINA,2025
0173/2025,0402/2025,24/11/2025,16/12/2025,Inexigibilidade,"Secretaria de Desenvolvimento Econômico, Turismo e Inovação",Processo Concluído,Compras e serviços,"contratação da empresa TÚLIO DUARTE SHOWS LTDA, inscrita no CNPJ sob o nº 56.995.153/0001-70, para a prestação de serviços artístico/musical da atração “TÚLIO DUARTE”","R$ 120.000,00","R$ 120.000,00",,Comissão de Licitação 01,12:00,PREFEITURA DE PETROLINA,2025
0017/2025,0104/2025,30/05/2025,07/07/2025,Dispensa Eletrônica,INSTITUTO DE GESTÃO PREVIDENCIÁRIA DO MUNICÍPIO DE PETROLINA - IGEPREV ,Processo Concluído,Compras e serviços," Contratação de empresa especializada na locação de software de transparência pública - Licença de uso do portal institucional do IGEPREV,","R$ 26.400,00",,,Comissão de Licitação 01,12:00,PREFEITURA DE PETROLINA,2025
0103/2024,0290/2024,21/01/2025,03/01/2025,Pregão eletrônico,Secretaria Municipal da Fazenda e Planejamento,Processo Concluído,Compras e serviços, Aquisição com instalação de APARELHOS DE ARES-CONDICIONADOS -SECRETARIA MUNICIPAL DA FAZENDA E PLANEJAMENTO.,"R$ 67.181,56",,,Comissão de Licitação 04,09:00,"Avenida Guararapes, nº 2114, centro, Petrolina/PE – 87.3861.3514.",2025
0002/2025,0000/0000,24/10/2025,13/10/2025,Chamada pública,"Secretaria de Educação, Cultura e Esporte",Em andamento,Compras e serviços,"Inscrição de editoras, titulares de direito autoral e/ou representantes legais, visando à seleção de materiais didáticos semiestruturados para os estudantes e professores da Educação Infantil e do Ensino Fundamental (Anos Iniciais e Anos Finais)",,,,Comissão de Licitação 01,10:00,PREFEITURA DE PETROLINA,2025
1001/2025,0000/2025,04/11/2025,07/11/2025,Chamada pública,"Secretaria de Educação, Cultura e Esporte",Em andamento,Compras e serviços,"Chamamento Público para a seleção de propostas para a celebração de parceria com o município de Petrolina - PE, por intermédio da Secretaria Municipal de Educação, Cultura e Esporte através da formalização de termo de colaboração, (...).",,,,Comissão de Licitação 05,08:00,"Sala dos Conselhos, Secretaria Municipal de Educação, Cultura e Esporte: Avenida Coronel Clementino Coelho, nº 714, Bairro Parque Bandeirantes, Petrolina/PE, CEP 56.308-210.",2025
0095/2025,0321/2025,01/10/2025,18/09/2025,Pregão eletrônico,"Secretaria de Educação, Cultura e Esporte",Processo Concluído,Compras e serviços,"AQUISIÇÃO DE INSUMOS PARA IMPRESSORA E SIMILARES, como toners e tintas, visando o abastecimento dos equipamentos de impressão sob a responsabilidade da SECRETARIA DE EDUCAÇÃO, CULTURA E ESPORTE.","R$ 198.573,10",,,Comissão de Licitação 04,09:00,Portal de Compras Públicas.,2025
0097/2025,0198/2025,13/06/2025,06/06/2025,Inexigibilidade,"Secretaria de Desenvolvimento Econômico, Turismo e Inovação",Processo Concluído,Compras e serviços,"contratação da empresa SD PRODUÇÕES E EVENTOS, inscrita no CNPJ sob o nº 28.214.459/0001-07, para a prestação de serviços artístico/musical da atração “SEU DESEJO”","R$ 400.000,00","R$ 400.000,00",,Comissão de Licitação 01,12:00,PREFEITURA DE PETROLINA,2025
0148/2025,0298/2025,14/08/2025,28/08/2025,Inexigibilidade,"Secretaria de Desenvolvimento Econômico, Turismo e Inovação",Processo Concluído,Compras e serviços,"Contratação da Empresa THIGMA CONSULTORIA E TREINAMENTOS LTDA, inscrita no CNPJ sob nº 15.392.396/0001-37, para a prestação de serviços artístico/musical da atração SERESTEIROS DO VALE","R$ 40.000,00","R$ 40.000,00",,Comissão de Licitação 01,12:00,PREFEITURA DE PETROLINA,2025
0085/2025,0164/2025,09/04/2025,23/05/2025,Inexigibilidade,"Secretaria de Educação, Cultura e Esporte",Processo Concluído,Compras e serviços," contratação da empresa DANIELA  MORAES MELLO 08709630740, inscrita no CNPJ Nº 48.377.760/0001-49, referente a participação de  50 profissionais de educação para 1º Congresso Internacional Nordestino de Recursos Inovadores  para PRIMEIRA INFÂNCIA","R$ 39.500,00","R$ 39.500,00",,Comissão de Licitação 01,11:00,PREFEITURA DE PETROLINA,2025
0060/2025,0236/2026,29/07/2025,29/09/2026,Pregão eletrônico,"Secretaria de Educação, Cultura e Esporte",Processo Concluído,Compras e serviços,AQUISIÇÃO DE ABSORVENTES ,"R$ 1.644.202,56",,,Comissão de Licitação 04,09:00,PORTAL DE COMPRAS PÚBLICAS,2025
0043/2025,0059/2025,24/02/2025,10/03/2025,Inexigibilidade,Prefeitura municipal de Petrolina,Processo Concluído,Compras e serviços,"contratação da empresa 23.784.167 MICHEL RICARDO DA SILVA BORGES, inscrita no CNPJ sob o nº 23.784.167/0001-96, para a prestação de serviços artístico/musical da atração “ORQUESTRA GRITO DE ÁGUIA”","R$ 9.000,00","R$ 9.000,00",,Comissão de Licitação 01,12:00,Prefeitura de Petrolina,2025
0094/2024,0277/2024,09/01/2025,19/12/2024,Pregão eletrônico,"Secretaria Municipal de Educação, Cultura e Esportes",Processo Concluído,Compras e serviços,"MANUTENÇÃO (PREVENTIVA E CORRETIVA, INSTALAÇÃO E DESINSTALAÇÃO DE CONDICIONADORES DE ARES NAS UNIDADES DA SECRETARIA DE EDUCAÇÃO","R$ 3.900.000,00","R$ 0,0",,Comissão de Licitação 02,09:00,PORTAL DE COMPRAS PÚBLICAS,2025
0019/2025,0116/2025,08/05/2025,07/07/2025,Dispensa Eletrônica,Secretaria de Assistência Social e Combate à Fome,Processo Concluído,Compras e serviços,"Contratação de empresa para Aquisição de Colchões, lençóis, travesseiros e toalhas para que os setores possam dar continuidade as atividades já realizadas e garantir o conforto e bem-estar dos atendidos como também, preservar,
","R$ 60.710,91","R$ 60.710,91",,Comissão de Licitação 01,01:00,PREFEITURA DE PETROLINA,2025
0004/2025,0012/2025,07/02/2025,14/02/2025,Inexigibilidade,Prefeitura municipal de Petrolina,Processo Concluído,Compras e serviços,"contratação da empresa SOM DE PEIXE PRODUÇÕES MUSICAIS, inscrita no CNPJ sob o nº 55.321.709/0001-80, para a prestação de serviços artístico/musical da atração “ALEXANDRE PEIXE”","R$ 80.000,00","R$ 80.000,00",,Comissão de Licitação 01,11:00,PREFEITURA DE PETROLINA,2025
0113/2025,0378/2025,24/11/2025,07/11/2025,Pregão eletrônico,Secretaria de Licitações e Contratos,Fracassada,Compras e serviços,"AQUISIÇÃO DE MATERIAL DE CONSUMO (PAPEL A4), para atender as necessidades da Administração pública direta e indireta.","R$ 186.623,04",,,Comissão de Licitação 02,09:00,Portal de Compras Públicas.,2025
0017/2025,0096/2025,29/04/2025,11/04/2025,Pregão eletrônico,"Secretaria de Educação, Cultura e Esporte",Processo Concluído,Compras e serviços,"AQUISIÇÃO DE LIVROS DE REDAÇÃO PARA ALUNOS E PROFESSORES DO ENSINO FUNDAMENTAL (ANOS INICIAIS E ANOS FINAIS), QUANDO IRÃO SUBSIDIAR O PROJETO PETROLINA ESCREVE+","R$ 3.609.936,00","R$ 0,0",,Comissão de Licitação 02,09:00,PORTAL DE COMPRAS PÚBLICAS,2025
0087/2025,0308/2025,22/09/2025,05/09/2025,Pregão eletrônico,AUTARQUIA EDUCACIONAL DO VALE DO SÃO FRANCISCO/FACAPE,Processo Concluído,Compras e serviços,"PRESTAÇÃO DE SERVIÇOS DE IMPRESSÃO DE CADERNO QUESTÕES PARA PROCESSOS SELETIVOS, CONCURSOS E VESTIBULARES realizados pela instituição.","R$ 708.000,00",,,Comissão de Licitação 01,09:00,Portal de Compras Públicas.,2025
0137/2025,0280/2025,21/07/2025,07/08/2025,Inexigibilidade,AGÊNCIA MUNICIPAL DE EMPREENDEDORISMO – AGE,Processo Concluído,Compras e serviços,"Contratação da ASSOCIAÇÃO DOS LOJISTAS DO RIVER SHOPPING, regularmente inscrito no CNPJ/MF sob o nº 01.147.873/0001-94,","R$ 10.000,00","R$ 10.000,00",,Comissão de Licitação 01,12:00,PREFEITURA DE PETROLINA,2025
0035/2025,0051/2025,24/02/2025,10/03/2025,Inexigibilidade,Prefeitura municipal de Petrolina,Processo Concluído,Compras e serviços,"contratação da empresa 23.784.167 MICHEL RICARDO DA SILVA BORGES, inscrita no CNPJ sob o nº 23.784.167/0001-96, para a prestação de serviços artístico/musical da atração “ORQUESTRA SERPENTE IMPERIAL”","R$ 9.000,00","R$ 9.000,00",,Comissão de Licitação 01,12:00,prefeitura de petrolina,2025
0081/2025,,29/08/2025,18/08/2025,Pregão eletrônico,Secretaria de Saúde,Processo Concluído,Compras e serviços,"Contratação de empresa para a AQUISIÇÃO DE MATERIAL MÉDICO HOSPITALARES, conforme solicitação expressa da Secretaria Municipal de Saúde.
","R$ 2.016.441,36","R$ 0,00",,Comissão de Licitação 01,09:00,"O certame será realizado por meio da plataforma: PORTAL DE COMPRAS PÚBLICAS, no endereço eletrônico www.portaldecompraspublicas.com.br
",2025
0001/2025,0083/2025,07/04/2025,03/04/2025,Credenciamento,Prefeitura municipal de Petrolina,Processo Concluído,Compras e serviços,"Contratação de carros pipa com o condutor (pessoa física), ...visando atender as necessidades da Secretaria Municipal de Desenvolvimento Rural.","R$ 1.344.000,00","R$ 0,00",,Comissão de Licitação 02,08:00,"Recebimento dos envelopes de HABILITAÇÃO e PROPOSTA DE PREÇO terá início em 07/04/2025, de 08h às 13h,na Secretaria de Licitações e Contratos, Av. Guararapes nº2114,Centro, 2° Andar do Anexo,Petrolina",2025
0091/2025,0316/2025,06/10/2025,23/09/2025,Pregão eletrônico,AUTARQUIA EDUCACIONAL DO VALE DO SÃO FRANCISCO/FACAPE,Processo Concluído,Compras e serviços,"EVENTUAL (AIS) contratação (ões) de empresa (s) para a AQUISIÇÃO DE EQUIPAMENTOS E MATERIAS DE INFORMÁTICA, para atender as demandas dos diversos setores da AEVSF/FACAPE.","R$ 1.716.341,26",,,Comissão de Licitação 05,09:00,Portal de Compras Públicas.,2025
0006/2025,0015/2025,10/02/2025,14/02/2025,Inexigibilidade,Prefeitura municipal de Petrolina,Processo Concluído,Compras e serviços,"contratação da empresa MW PRODUCOES E EVENTOS LTDA-ME, inscrita no CNPJ sob o nº 27.766.239/0001- 23, para a prestação de serviços artístico-musical da atração “ARAKETU”","R$ 100.000,00","R$ 100.000,00",,Comissão de Licitação 01,11:00,PREFEITURA DE PETROLINA,2025
0168/2025,0373/2025,09/10/2025,06/11/2025,Inexigibilidade,AGÊNCIA MUNICIPAL DE EMPREENDEDORISMO – AGE,Processo Concluído,Compras e serviços,CONTRATAÇÃO DE 20 ESTANDES ,"R$ 16.000,00","R$ 16.000,00",,Comissão de Licitação 01,12:00,prefeitura de petrolina,2025
0037/2025,0053/2025,25/02/2025,10/03/2025,Inexigibilidade,Prefeitura municipal de Petrolina,Processo Concluído,Compras e serviços,"contratação da empresa 49.860.954 MARIZA JUDITE RIBEIRO, inscrita no CNPJ sob o nº 49.860.954/0001-63, para a prestação de serviços artístico/musical da atração “SODA SOLTA”","R$ 5.000,00","R$ 5.000,00",,Comissão de Licitação 01,12:00,PREFEITURA DE PETROLINA ,2025
0177/2025,0416/2025,15/12/2025,23/12/2025,Inexigibilidade,"Secretaria de Desenvolvimento Econômico, Turismo e Inovação",Processo Concluído,Compras e serviços,"contratação da empresa GPJ PRODUÇÕES ARTISTICA, inscrita no CNPJ sob o nº 63.495.052/0001-04, para a prestação de serviços artístico/musical da atração “GUILHERME FERRI”, a se apresentar no dia 31/12/2025 durante as comemorações do “RÉVEILLON","R$ 120.000,00","R$ 120.000,00",,Comissão de Licitação 01,12:00,prefeitura de petrolina,2025
0016/2025,0094/2025,24/04/2025,10/04/2025,Pregão eletrônico,"Secretaria de Educação, Cultura e Esporte",Processo Concluído,Compras e serviços,AQUISIÇÃO DE TABLETS PARA PREMIAÇÕES DOS CONCURSOS INSTITUCIONAIS PROMOVIDOS PELA SEDUCE,"R$ 81.293,04","R$ 0,0",,Comissão de Licitação 04,09:00,Portal de Compras Públicas ,2025
0045/2025,0061/2025,18/02/2025,10/03/2025,Inexigibilidade,Prefeitura municipal de Petrolina,Processo Concluído,Compras e serviços,"contratação da empresa 49.860.954 MARIZA JUDITE RIBEIRO, inscrita no CNPJ sob o nº 49.860.954/0001-63, para a prestação de serviços artístico/musical da atração “ORQUESTRA SKALLA”,","R$ 4.500,00","R$ 4.500,00",,Comissão de Licitação 01,12:00,PREFEITURA DE PETROLINA,2025
0165/2025,0369/2025,16/09/2025,21/10/2025,Inexigibilidade,"Secretaria de Educação, Cultura e Esporte",Processo Concluído,Compras e serviços,"contratação por INEXIGIBILIDADE DELICITAÇÃOdos serviços da empresa ATOTO COMUNICAÇÕES LTDA, inscrita noCNPJ Nº51.916.891/0001-61, referente ao serviço que possibilitará realização de uma palestradeabertura do WORKSHOP","R$ 21.000,00","R$ 21.000,00",,Comissão de Licitação 01,11:00,PREFEITURA DE PETROLINA,2025
0074/2025,0259/2025,23/09/2025,10/09/2025,Pregão eletrônico,Secretaria de Assistência Social e Combate à Fome,Em andamento,Compras e serviços,"Contratação de empresas para a aquisição de kit natalidade, conforme solicitação expressa da Secretaria M. Assistência Social e Combate à Fome.","R$ 49.909,86","R$ 0,00",,Comissão de Licitação 01,09:00,"PORTAL DE COMPRAS PÚBLICAS, no endereço eletrônico www.portaldecompraspublicas.com.br",2025
0142/2025,0298/2025,31/07/2025,26/08/2025,Inexigibilidade,"Secretaria de Desenvolvimento Econômico, Turismo e Inovação",Processo Concluído,Compras e serviços,"Contratação da Empresa CANÁ PRODUÇÕES E MS LTDA - ME, inscrita no CNPJ sob nº 22.518.056/0001-75, para a prestação de serviços artístico/musical da atração PADRE ANTONIO MARIA, para composição das apresentações do evento ANIVERSÁRIO DE PETROLINA 2025","R$ 180.000,00","R$ 180.000,00",,Comissão de Licitação 01,12:00,PREFEITURA DE PETROLINA,2025
0011/2025,0085/2025,06/05/2025,16/04/2025,Pregão eletrônico,Secretaria de Desenvolvimento Rural,Processo Concluído,Compras e serviços,"AQUISIÇÃO DE MATERIAIS (KITS DE IRRIGAÇÃO), para o projeto de dessedentação de animais na área rural (sequeiro).","R$ 135.895,02",,,Comissão de Licitação 04,09:00,Portal de Compras Públicas.,2025
0117/2025,0384/2025,16/12/2025,03/12/2025,Pregão eletrônico,Secretaria de Saúde,Em andamento,Compras e serviços,AQUISIÇÃO DE MATERIAIS DE FISIOTERAPIA destinados aos Serviços da Atenção Básica.,"R$ 38.024,20",,,Comissão de Licitação 04,09:00,Portal de Compras Públicas.,2025
0077/2024,0249/2024,03/01/2025,13/12/2024,Pregão eletrônico,Faculdade de Ciências Aplicadas e Sociais | FACAPE,Processo Concluído,Compras e serviços,AQUISIÇÃO DE MATERIAIS E EQUIPAMENTOS HOSPITALARES PERMANENTES para atender as necessidades do Hospital de Simulação Realística para vários períodos do curso de Medicina.,"R$ 581.931,75","R$ 581.931,75",,Comissão de Licitação 04,09:00,Portal de Compras Públicas.,2025
0018/2025,0099/2025,06/05/2025,15/04/2025,Pregão eletrônico,Secretaria Municipal de Saúde | SESAU,Processo Concluído,Compras e serviços,"EVENTUAL AQUISIÇÃO DE MEDICAMENTOS para cumprimento das ORDENS JUDICIAIS impostas ao Município de Petrolina-PE, visando atender às necessidades da Secretaria Municipal de Saúde, conforme solicitação expressa da mesma.","R$ 45.225,24","R$ 0,00",,Comissão de Licitação 04,15:00,"PORTAL DE COMPRAS PÚBLICAS, no endereço eletrônico www.portaldecompraspublicas.com.br",2025
0015/2025,0028/2025,18/02/2025,26/02/2025,Inexigibilidade,Prefeitura municipal de Petrolina,Processo Concluído,Compras e serviços,"contratação da empresa 21.835.326 ALAN CLEBER VIEIRA DE SOUZA, inscrita no CNPJ sob o nº 21.835.326/0001- 09, para a prestação de serviços artístico/musical da atração “ALAN CLEBER”,","R$ 18.000,00","R$ 18.000,00",,Comissão de Licitação 01,12:00,PREFEITURA DE PETROLINA,2025
0094/2025,0320/2025,25/09/2025,10/09/2025,Pregão eletrônico,Secretaria de Saúde,Fracassada,Compras e serviços,PRESTAÇÃO DE SERVIÇOS DE LIMPEZA DE FOSSAS SÉPTICAS (CAIXA DE ESGOTO).,"R$ 396.333,00",,,Comissão de Licitação 02,09:00,Portal de Compras Públicas.,2025
0002/2025,0000/2025,04/11/2025,07/11/2025,Chamada pública,"Secretaria de Educação, Cultura e Esporte",Em andamento,Compras e serviços,"Chamamento Público para a seleção de propostas para a celebração de parceria com o município de Petrolina - PE, por intermédio da Secretaria Municipal de Educação, Cultura e Esporte através da formalização de termo de colaboração(...).",,,,Comissão de Licitação 05,08:00,"Sala dos Conselhos, Secretaria Municipal de Educação, Cultura e Esporte: Avenida Coronel Clementino Coelho, nº 714, Bairro Parque Bandeirantes, Petrolina/PE, CEP 56.308-210.",2025
0109/2025,0210/2025,09/06/2025,16/06/2025,Inexigibilidade,"Secretaria de Desenvolvimento Econômico, Turismo e Inovação",Processo Concluído,Compras e serviços,"contratação da empresa 16.541.845 FABIANA SANTIAGO FERREIRA, inscrita no CNPJ sob o nº 16.541.845/0001- 24, para a prestação de serviços artístico/musical da atração “FABIANA SANTIAGO”,","R$ 10.000,00","R$ 10.000,00",,Comissão de Licitação 01,12:00,PREFEITURA DE PETROLIA,2025
0093/2025,0319/2025,23/09/2025,10/09/2025,Pregão eletrônico,Secretaria de Saúde,Em andamento,Compras e serviços,"Contratação de empresas para a AQUISIÇÃO DE MATERIAL DE LIMPEZA E HIGIENIZAÇÃO destinados a atender às necessidades da Secretaria Municipal de Saúde do município de Petrolina-PE, conforme solicitação expressa da mesma.","R$ 188.915,45","R$ 0,00",,Comissão de Licitação 02,09:00,"PORTAL DE COMPRAS PÚBLICAS, no endereço eletrônico www.portaldecompraspublicas.com.br",2025
0106/2025,0358/2025,27/11/2025,10/11/2025,Pregão eletrônico,Secretaria de Saúde,Processo Concluído,Compras e serviços,PRESTAÇÃO DE SERVIÇOS RELATIVOS À CONFECÇÃO DE FARDAMENTOS para os Agentes de Combate às Endemias.,"R$ 122.606,30",,,Comissão de Licitação 04,09:00,Portal de Compras Públicas.,2025
0058/2025,0351/2025,12/09/2025,08/10/2025,Dispensa por outros motivos,"Secretaria de Educação, Cultura e Esporte",Processo Concluído,Compras e serviços,"Contratação do INSTITUTO DE APOIO À FUNDAÇÃO UNIVERSIDADE DE PERNAMBUCO – IAUPE, inscrito no CNPJ nº 03.507.661/0001-04, associação civil, com personalidade jurídica de direito privado, sem fins lucrativos, por DISPENSA DE LICITAÇÃO","R$ 0,00","R$ 0,00",,Comissão de Licitação 01,12:00,PREFEITURA DE PETROLINA,2025
0010/2025,0082/2025,11/04/2025,31/03/2025,Pregão eletrônico,Secretaria de Saúde,Processo Concluído,Compras e serviços,AQUISIÇÃO DE MATERIAIS MÉDICOS HOSPITALARES E MEDICAMENTOS para cumprimento das ORDENS JUDICIAIS impostas ao Município de Petrolina-PE.,"R$ 267.288,18",,,Comissão de Licitação 01,09:00,Portal de Compras Públicas.,2025
0107/2024,0294/2024,14/01/2025,30/12/2024,Pregão eletrônico,"Secretaria Municipal de Educação, Cultura e Esportes",Processo Concluído,Compras e serviços,AQUISIÇÃO DE LIVROS DIDÁTICOS PARA ALUNOS E PROFESSORES - ENSINO INFANTIL E ENSINO FUNDAMENTAL - SECRETARIA DE EDUCAÇÃO ,"R$ 32.120.140.440,00","R$ 0,0",,Comissão de Licitação 02,09:00,PORTAL DE COMPRAS PÚBLICAS,2025
0030/2025,0120/2025,22/07/2025,09/07/2025,Pregão eletrônico,Secretaria de Saúde,Em andamento,Compras e serviços,"EVENTUAL (AIS) AQUISIÇÃO (ÇÕES) DE MATERIAL MÉDICO HOSPITALAR, MEDICAMENTO E INSUMOS EM ATENDIMENTO ÀS ORDENS JUDICIAIS.","R$ 154.978,32","R$ 0,0",,Comissão de Licitação 01,09:00,PORTAL DE COMPRAS PÚBLICAS,2025
0167/2025,0372/2025,27/10/2025,04/11/2025,Inexigibilidade,Procuradoria Geral do Município,Processo Concluído,Compras e serviços,"Contratação Direta por INEXIGIBILIDADE DE LICITAÇÃO da Sociedade de Advogados MONTEIRO E MONTEIRO ADVOGADOS ASSOCIADOS,",,,,Comissão de Licitação 01,12:00,PREFEITURA DE PETROLINA,2025
0010/2025,0075/2025,24/04/2025,27/05/2025,Dispensa Eletrônica,Procuradoria Geral do Município,Deserta,Compras e serviços, PRESTAÇÃO DE SERVIÇOS RELATIVOS À LAVANDERIA HOSPITALAR DO CENTRO DE PARTO NORMAL MARIA DAS DORES (CPN) DO MUNICÍPIO DE PETROLINA-PE,,,,Comissão de Licitação 01,12:00,PREFEITURA DE PETROLINA,2025
0012/2025,0088/2025,22/04/2025,07/04/2025,Pregão eletrônico,"Secretaria de Educação, Cultura e Esporte",Em andamento,Compras e serviços,"AQUISIÇÃO DE EQUIPAMENTOS E ELETRODOMÉSTICOS, para atender às necessidades das Unidades Escolares da Rede Municipal de Ensino de Petrolina/PE e demais Secretarias/Órgão.","R$ 8.198.538,01",,,Comissão de Licitação 01,09:00,Portal de Compras Públicas.,2025
0046/2025,0062/2025,18/02/2025,10/03/2025,Inexigibilidade,Prefeitura municipal de Petrolina,Processo Concluído,Compras e serviços,"contratação da empresa 49.860.954 MARIZA JUDITE RIBEIRO, inscrita no CNPJ sob o nº 49.860.954/0001-63, para a prestação de serviços artístico/musical da atração “DAVI PIMENTA E SUPER BANDA”,","R$ 5.500,00","R$ 5.500,00",,Comissão de Licitação 01,11:00,PREFEITURA DE PETROLINA,2025
0117/2025,0218/2025,11/06/2025,26/06/2025,Inexigibilidade,"Secretaria de Desenvolvimento Econômico, Turismo e Inovação",Processo Concluído,Compras e serviços,"Contratação da empresa FAZMIDIA PUBLICIDADE E EVENTOS LTDA, inscrita no CNPJ sob o nº 25.321.806/0001- 02, para a prestação de serviços artístico/musical da atração “BANDA CALCINHA PRETA”,","R$ 490.000,00","R$ 490.000,00",,Comissão de Licitação 01,12:00,PREFEITURA DE PETROLINA,2025
0171/2025,0395/2025,12/11/2025,25/11/2025,Inexigibilidade,"Secretaria de Educação, Cultura e Esporte",Processo Concluído,Compras e serviços,"CONTRATAÇÃO DIRETA POR INEXIGIBILIDADE, da Empresa PSA CURADORIA DE PALESTRAS LTDA,","R$ 8.250,00","R$ 8.250,00",,Comissão de Licitação 01,12:00,PREFEITURA DE PETROLINA,2025
0065/2025,0248/2025,20/08/2025,04/08/2025,Pregão eletrônico,"Secretaria de Educação, Cultura e Esporte",Processo Concluído,Compras e serviços,"PRESTAÇÃO DE SERVIÇOS PARA A CONFECÇÃO DE FARDAMENTOS para os auxiliares de cozinha e auxiliares de serviços gerais, para garantir a continuidade e a qualidade dos serviços prestados nas unidades escolares e administrativas.","R$ 309.080,00",,,Comissão de Licitação 04,09:00,Portal de Compras Públicas.,2025
0073/2025,0256/2025,08/08/2025,28/07/2025,Pregão eletrônico,"Secretaria de Educação, Cultura e Esporte",Processo Concluído,Compras e serviços,"AQUISIÇÃO DE EQUIPAMENTOS E ELETRODOMÉSTICOS, para atender às necessidades das Unidades Escolares da Rede Municipal de Ensino de Petrolina/PE e demais Secretarias/Órgão.","R$ 210.538,94",,,Comissão de Licitação 04,09:00,Portal de Compras Públicas.,2025
0105/2025,0203/2025,19/05/2025,18/06/2025,Inexigibilidade,"Secretaria de Desenvolvimento Econômico, Turismo e Inovação",Processo Concluído,Compras e serviços,"contratação da empresa LIVE TALENTOS AGENCIAMENTO, PRODUÇÃO E PUBLICIDADE LTDA, inscrita no CNPJ sob o nº 19.019.335/0001-80, para a prestação de serviços artístico/musical da atração “ZEZÉ DI CAMARGO E LUCIANO”, a","R$ 490.000,00","R$ 490.000,00",,Comissão de Licitação 01,12:00,PREFEITURA DE PETROLINA,2025
0039/2025,0055/2025,26/02/2025,10/03/2025,Inexigibilidade,Prefeitura municipal de Petrolina,Processo Concluído,Compras e serviços,PREFEITURA DE PETROLINA,"R$ 4.500,00","R$ 4.500,00",,Comissão de Licitação 01,12:00,PREFEITURA DE PETORLINA,2025
0123/2025,0225/2025,06/06/2025,26/06/2025,Inexigibilidade,"Secretaria de Desenvolvimento Econômico, Turismo e Inovação",Processo Concluído,Compras e serviços,"Contratação da Empresa WS SHOWS LTDA, inscrita no CNPJ sob nº 09.188.896/0001-59, para a prestação de serviços artístico/musical da atração WESLEY SAFADÃO","R$ 1.100.000,00","R$ 1.100.000,00",,Comissão de Licitação 01,12:00,PREFEITURA DE PETROLINA,2025
0108/2025,0207/2025,06/06/2025,13/06/2025,Inexigibilidade,"Secretaria de Desenvolvimento Econômico, Turismo e Inovação",Processo Concluído,Compras e serviços,"Contratação da Empresa BM PRODUCOES ARTISTICAS LTDA-EPP, inscrita no CNPJ sob nº 19.588.728/0001- 04, para a prestação de serviços artístico/musical da atração BELL MARQUES,","R$ 700.000,00","R$ 700.000,00",,Comissão de Licitação 01,12:00,prefeitura de petrolina,2025
0069/2025,0135/2025,07/04/2025,26/05/2025,Inexigibilidade,"Secretaria de Educação, Cultura e Esporte",Processo Concluído,Compras e serviços,"Serviço de pagamento de boleto junto à empresa IBGR INSTITUTO BRASILEIRO DE GESTÃO POR RESULTADOS – LTDA


EMPENHO: 1221/2025","R$ 5.171,40","R$ 5.171,40",,Comissão de Licitação 01,12:00,PREFEITURA DE PETROLINA,2025
0100/2025,0333/2025,14/10/2025,26/09/2025,Pregão eletrônico,"Secretaria de Desenvolvimento Econômico, Turismo e Inovação",Processo Concluído,Compras e serviços,"Contratação de empresa para EVENTUAL PRESTAÇÃO DE SERVIÇOS DE LOCAÇÃO DE IMPRESSORA LASER P&B e Colorida, para atender às necessidades da Administração Pública Municipal, conforme solicitação expressa das Secretarias e Órgãos da Administração pública.","R$ 614.460,00","R$ 0,00",,Comissão de Licitação 01,09:00,"PORTAL DE COMPRAS PÚBLICAS, no endereço eletrônico: www.portaldecompraspublicas.com.br",2025
0001/2025,0000/0000,15/01/2025,19/03/2025,Adesão externa,Prefeitura municipal de Petrolina,Processo Concluído,Compras e serviços,"contrato na LOCAÇÃO DE VEÍCULOS EM GERAL, para atender às necessidades da Secretaria Municipal de Saúde de Petrolina/PE.","R$ 499.164,00","R$ 499.164,00",,Comissão de Licitação 01,12:00,PREFEITURA DE PETROLINA,2025
0020/2025,0101/2025,09/05/2025,24/04/2025,Pregão eletrônico,Secretaria de Saúde,Processo Concluído,Compras e serviços,AQUISIÇÃO DE GÊNEROS ALIMENTÍCIOS PARA CASA DE APOIO LOCALIZADA EM RECIFE PARA PACIENTES DO PROGRAMA TRATAMENTO FORA DE DOMICÍLIO - TFD ,"R$ 339.916,30","R$ 0,0",,Comissão de Licitação 04,09:00,PORTAL DE COMPRAS PÚBLICAS,2025
0026/2025,0041/2025,24/02/2025,27/02/2025,Inexigibilidade,Prefeitura municipal de Petrolina,Processo Concluído,Compras e serviços,"contratação da empresa 32.754.050 DALMO NATAN DOS SANTOS PORFIRIO, inscrita no CNPJ sob o nº 32.754.050/0001-50, para a prestação de serviços artístico/musical da atração “DALMO NATAN E BANDA”","R$ 4.200,00","R$ 4.200,00",,Comissão de Licitação 01,12:00,PREFEITURA DE PETROLINA,2025
0018/2025,0031/2025,18/02/2025,28/02/2025,Inexigibilidade,Prefeitura municipal de Petrolina,Processo Concluído,Compras e serviços,"contratação da empresa MATHEUS TORRES DE CARVALHO LTDA, inscrita no CNPJ sob o nº 57.137.345/0001-09, para a prestação de serviços artístico/musical da atração “MATHEUS TORRES”","R$ 10.000,00","R$ 10.000,00",,Comissão de Licitação 01,12:00,prefeitura de petrolina,2025
0119/2025,0388/2025,30/12/2025,12/12/2025,Pregão eletrônico,Secretaria de Desenvolvimento Rural,Em andamento,Compras e serviços,"Contratação de empresas para o fornecimento de BOMBA CENTRIFUGA, conforme solicitação expressa da Secretaria M. de Desenvolvimento Rural.","R$ 220.989,06","R$ 0,00",,Comissão de Licitação 03,09:00,"PORTAL DE COMPRAS PÚBLICAS, no endereço eletrônico www.portaldecompraspublicas.com.br",2025
0114/2025,0215/2025,10/06/2025,18/06/2025,Inexigibilidade,"Secretaria de Desenvolvimento Econômico, Turismo e Inovação",Processo Concluído,Compras e serviços,"contratação da empresa 59.942.687 JÚLIO ARTHUR PINHEIRO RODRIGUES LÓCIO, inscrita no CNPJ sob o nº 59.942.687/0001-27, para a prestação de serviços artístico/musical da atração “ARTHURZINHO”,","R$ 5.000,00","R$ 5.000,00",,Comissão de Licitação 01,12:00,PREFEITURA DE PETROLINA,2025
0008/2025,0017/2025,07/02/2025,26/02/2025,Inexigibilidade,Prefeitura municipal de Petrolina,Processo Concluído,Locação,"locação de imóvel na cidade de Petrolina/PE, com fulcro no art. 74, inciso V, da Lei Federal 14.133/2021, a fim de dar funcionamento ao Centro de Referência de Assistência Social-CRAS","R$ 114.000,00","R$ 114.000,00",,Comissão de Licitação 01,12:00,Prefeitura de Petrolina,2025
0139/2025,0282/2025,24/07/2025,01/08/2025,Inexigibilidade,"Secretaria de Desenvolvimento Econômico, Turismo e Inovação",Processo Concluído,Compras e serviços,"COTA DE PATROCÍNIO “COTA” da DUNAS RACE PROMOCOES S A, CNPJ Nº 01.121.018/0001-04, representante exclusivo e realizador do Evento RALLY DOS SERTÕES, c
2419  - EMPENHO","R$ 100.000,00","R$ 100.000,00",,Comissão de Licitação 01,12:00,PREFEITURA DE PETROLNA,2025
0067/2025,0131/2025,02/04/2025,08/05/2025,Inexigibilidade,"Secretaria de Desenvolvimento Econômico, Turismo e Inovação",Processo Concluído,Compras e serviços,"Contratação da Empresa GF SHOWS LTDA-ME, inscrita no CNPJ sob Nº 28.101.902/0001-33, para a prestação de serviços artístico-musical da atração “GUILHERME FERRI”","R$ 100.000,00","R$ 100.000,00",,Comissão de Licitação 01,11:00,PREFEITURA DE PETROLINA,2025
0009/2025,0018/2025,13/02/2025,27/02/2025,Inexigibilidade,Prefeitura municipal de Petrolina,Processo Concluído,Compras e serviços,"CONTRATAÇÃO DIRETA da empresa A. GUSMÃO SOCIEDADE DE ADVOGADOS– Sociedade Individual de Advocacia, regularmente inscrita no CNPJ/MF sob o nº 42.402.442/0001-04","R$ 192.000,00","R$ 192.000,00",,Comissão de Licitação 01,12:00,PREFEITURA DE PETROLINA,2025
0140/2025,0283/2025,07/07/2025,06/08/2025,Inexigibilidade,"Secretaria de Educação, Cultura e Esporte",Processo Concluído,Compras e serviços,"Contratação Direta da empresa DO RE MI ENTRETENIMENTO LTDA, pessoa jurídica de direito privado, inscrita no CNPJ sob o n.º 56.975.496/0001-73","R$ 30.000,00","R$ 30.000,00",,Comissão de Licitação 01,12:00,PREFEITURA DE PETROLINA,2025
0015/2025,0270/2025,13/08/2025,29/07/2025,Concorrência Eletrônica,Secretaria de Saúde,Em andamento,Compras e serviços,CONTRATAÇÃO DE EMPRESA DO RAMO DE ENGENHARIA CIVIL PARA PRESTAÇÃO DE SERVIÇOS RELATIVOS À IMPLANTAÇÃO DE UNIDADE BÁSICA DE SAÚDE NO BAIRRO JOÃO DE DEUS NO MUNICIPIO DE PETROLINA/PE,"R$ 3.852.052,66",,,Comissão de Licitação 01,09:00,PORTAL DE COMPRAS PÚBLICAS,2025
0012/2025,0024/2025,18/02/2025,25/02/2025,Inexigibilidade,Prefeitura municipal de Petrolina,Processo Concluído,Compras e serviços,"Contratação da empresa DEADLINE PRODUCOES LTDA-EPP, regularmente inscrita no CNPJ/MF sob o nº 47.412.593/0001-67, para a prestação de serviços artístico-musical da
atração “TUCA BARROS”","R$ 50.000,00","R$ 50.000,00",,Comissão de Licitação 01,12:00,PREFEITURA DE PETROLINA,2025
0046/2025,0180/2025,08/07/2025,17/06/2025,Pregão eletrônico,AUTARQUIA EDUCACIONAL DO VALE DO SÃO FRANCISCO/FACAPE,Processo Concluído,Compras e serviços,PRESTAÇÃO DE SERVIÇOS DE VIGILÂNCIA ELETRÔNICA À DISTÂNCIA (MONITORAMENTO REMOTO DE SISTEMAS DE ALARMES).,"R$ 78.108,00",,,Comissão de Licitação 01,09:00,Portal de Compras Públicas.,2025
0104/2024,0291/2024,17/01/2025,03/01/2025,Pregão eletrônico,"Secretaria Municipal de Educação, Cultura e Esportes",Processo Concluído,Compras e serviços,"AQUISIÇÃO DE MATERIAIS DE SUPRIMENTOS, mediante solicitação da SECRETARIA MUNICIPAL DE EDUCAÇÃO, CULTURA E ESPORTES.","R$ 238.294,00",,,Comissão de Licitação 04,09:00,"Avenida Guararapes, nº 2114, centro, Petrolina/PE – 87.3861.3514.",2025
0106/2025,0204/2025,03/06/2025,17/06/2025,Inexigibilidade,"Secretaria de Desenvolvimento Econômico, Turismo e Inovação",Processo Concluído,Compras e serviços,"contratação da empresa FELIPE AMORIM & CIA PRODUÇÕES ARTÍSTICAS LTDA, inscrita no CNPJ sob o nº 43.144.561/0001-77, para a prestação de serviços artístico/musical da atração “FELIPE AMORIM”","R$ 450.000,00","R$ 450.000,00",,Comissão de Licitação 01,12:00,PREFEITURA DE PETROLINA,2025
0024/2025,0035/2025,24/02/2025,27/02/2025,Inexigibilidade,Prefeitura municipal de Petrolina,Processo Concluído,Compras e serviços,"Contratação da Empresária Individual 49.860.954 MARIZA JUDITE RIBEIRO-ME, regularmente inscrita no CNPJ/MF sob o nº 49.860.954/0001-63, para a prestação de serviços artístico-musical da atração “DAM ALEIXO","R$ 5.500,00","R$ 5.500,00",,Comissão de Licitação 01,12:00,PREFEITURA DE PETROLINA,2025
0146/2025,0305/2025,30/07/2025,08/09/2025,Inexigibilidade,"Secretaria de Desenvolvimento Econômico, Turismo e Inovação",Processo Concluído,Compras e serviços,"contratação da empresa SOFÁ DA SOGRA EDITORA E SERVIÇOS LTDA, inscrita no CNPJ sob o nº 02.159.427/0001-62, para a prestação de serviços artístico/musical da atração “LÉO SANTANA a se apresentar no dia 20/09/2025 ","R$ 600.000,00","R$ 600.000,00",,Comissão de Licitação 01,12:00,"contratação da empresa SOFÁ DA SOGRA EDITORA E SERVIÇOS LTDA, inscrita no CNPJ sob o nº 02.159.427/0001-62, para a prestação de serviços artístico/musical da atração “LÉO SANTANA ",2025
0010/2025,0000/0000,19/08/2025,03/09/2025,Adesão externa,Secretaria da Casa Civil,Processo Concluído,Compras e serviços," LOCAÇÃO DE VEÍCULOS EM GERAL, para atender às necessidades da Secretaria da Casa Civil. ","R$ 917.748,00","R$ 917.748,00",,Comissão de Licitação 01,12:00,PREFEITURA DE PETROLINA,2025
0071/2025,0139/2025,16/04/2025,26/06/2025,Inexigibilidade,"Secretaria de Desenvolvimento Econômico, Turismo e Inovação",Processo Concluído,Compras e serviços," locação, o imóvel situado à Rua Manoel Belo, nº 148, Caminho do Sol, Petrolina/PE, para ali funcionar as instalações da sede da Secretaria Municipal de Serviços Públicos e Defesa Civil. ","R$ 144.000,00","R$ 144.000,00",,Comissão de Licitação 01,12:00," locação, o imóvel situado à Rua Manoel Belo, nº 148, Caminho do Sol, Petrolina/PE, para ali funcionar as instalações da sede da Secretaria Municipal de Serviços Públicos e Defesa Civil. ",2025
0077/2025,0151/2025,08/05/2025,05/06/2025,Inexigibilidade,"Secretaria de Desenvolvimento Econômico, Turismo e Inovação",Processo Concluído,Compras e serviços,"contratação da empresa ALIVE PRODUÇÕES ARTÍSTICAS LTDA, inscrita no CNPJ sob o nº 39.452.484/0001-45, para a prestação de serviços artístico/musical da atração “DJ ALOK”","R$ 750.000,00","R$ 750.000,00",,Comissão de Licitação 01,12:00,PREFEITURA DE PETROLINA,2025
0112/2025,0377/2025,18/12/2025,03/12/2025,Pregão eletrônico,Secretaria de Assistência Social e Combate à Fome,Revogada,Compras e serviços,"Contratação de empresa para PRESTAÇÃO DE SERVIÇOS DE CONSULTORIA E ASSESSORIA, para atender às necessidades da Secretaria de Assistência Social e Combate à Fome, conforme solicitação expressa da mesma.","R$ 218.405,01","R$ 0,00",,Comissão de Licitação 03,09:00,"PORTAL DE COMPRAS PÚBLICAS, no endereço eletrônico www.portaldecompraspublicas.com.br",2025
0014/2025,0027/2025,17/02/2025,25/02/2025,Inexigibilidade,Prefeitura municipal de Petrolina,Processo Concluído,Compras e serviços,"Contratação da Empresa LUAN FORRÓ ESTILIZADO SHOWS, EVENTOS E SERVICOS LTDA-ME, regularmente inscrita no CNPJ/MF sob o nº 17.985.184/0001-99, para a prestação de serviços artísticomusical da atração “LUAN FORRÓ ESTILIZADO”,","R$ 150.000,00","R$ 150.000,00",,Comissão de Licitação 01,12:00,PREFEITURA DE PETROLINA,2025
0105/2025,0347/2025,24/10/2025,09/10/2025,Pregão eletrônico,"Secretaria de Educação, Cultura e Esporte",Revogada,Compras e serviços,"PRESTAÇÃO DE SERVIÇOS DE DEDETIZAÇÃO, DESINSETIZAÇÃO, DESRATIZAÇÃO, DESCUPINIZAÇÃO E CONTROLE DE PRAGAS (ANIMAIS ALADOS E VETORES), nos prédios vinculados à SECRETARIA DE EDUCAÇÃO, CULTURA E ESPORTE.","R$ 6.025.600,00",,,Comissão de Licitação 05,09:00,Portal de Compras Públicas.,2025
0103/2025,0201/2025,03/06/2025,26/06/2025,Inexigibilidade,"Secretaria de Desenvolvimento Econômico, Turismo e Inovação",Processo Concluído,Compras e serviços,"Contratação da Empresa COBAIA PRODUÇÃO ARTÍSTICA LTDA, inscrita no CNPJ 31.129.063/0001-76, para a prestação de serviços artístico/musical da atração LAUANA PRADO,","R$ 550.000,00","R$ 550.000,00",,Comissão de Licitação 01,12:00,PREFEITURA DE PETROLINA,2025
0013/2025,0089/2025,06/05/2025,16/04/2025,Pregão eletrônico,Secretaria de Desenvolvimento Rural,Deserta,Compras e serviços,"AQUISIÇÃO DE MATERIAIS (BITS, MARTELO TURBINADO, CANO GEOMECÂNICO E TAMPA DE POÇO), para máquina perfuratriz.","R$ 224.750,40",,,Comissão de Licitação 05,09:00,Portal de Compras Públicas.,2025
0057/2025,0229/2025,01/08/2025,18/07/2025,Pregão eletrônico,Secretaria de Saúde,Processo Concluído,Compras e serviços,Contratação de empresas para a AQUISIÇÃO DE MOBILIÁRIO com a finalidade de atender às demandas estruturais dos serviços de Atenção Básica e Atenção Especializada à Saúde no âmbito do município de Petrolina-PE.,"R$ 1.221.948,04","R$ 0,00",,Comissão de Licitação 01,09:00,"PORTAL DE COMPRAS PÚBLICAS, no endereço eletrônico www.portaldecompraspublicas.com.br",2025
0079/2025,0156/2025,15/04/2025,28/05/2025,Inexigibilidade,Controladoria Geral do Município,Processo Concluído,Compras e serviços,"Contratação da Empresa ZENITE INFORMACAO E CONSULTORIA S/A, inscrita no CNPJ sob o nº 86.781.069/0001- 15 para a PRESTACÃO DO SERVICO DE Curso: ""CAPACITACÃO ONLINE: A LEI Mº 14.133/2021  -  


EMPENHO 1884/2025","R$ 3.270,00","R$ 3.270,00",,Comissão de Licitação 01,12:00,PREFEITURA DE PETROLINA,2025
0078/2025,0278/2025,01/09/2025,14/08/2025,Pregão eletrônico,Secretaria de Saúde,Processo Concluído,Compras e serviços,"PRESTAÇÃO DE SERVIÇOS DE COLETA, TRANSPORTE, TRATAMENTO, INCINERAÇÃO E POSTERIOR ENVIO AO ATERRO SANITÁRIO DE MATERIAL DO TIPO: RESÍDUOS DE SAÚDE DO GRUPO A, B e E.","R$ 125.503,25",,,Comissão de Licitação 01,09:00,Portal de compras públicas.,2025
0164/2025,0364/2025,09/10/2025,17/10/2025,Inexigibilidade,"Secretaria de Educação, Cultura e Esporte",Processo Concluído,Compras e serviços,"contratação da empresa MELODIA PRODUÇÕES ARTÍSTICAS LTDA, inscrita no CNPJ sob o nº 18.182.325/0001-06, para a prestação de serviços artístico/musical da atração “MARIANO CARVALHO E TICO SEIXAS” a se apresentar no dia 16/10/2025 ","R$ 6.000,00","R$ 6.000,00",,Comissão de Licitação 01,11:00,PREFEITURA DE PETROLINA,2025
0034/2025,0050/2025,24/02/2025,10/03/2025,Inexigibilidade,Prefeitura municipal de Petrolina,Processo Concluído,Compras e serviços,"contratação da empresa 23.784.167 MICHEL RICARDO DA SILVA BORGES, inscrita no CNPJ sob o nº 23.784.167/0001-96, para a prestação de serviços artístico/musical da atração “BANDINHA DO CHICÃO”","R$ 9.000,00","R$ 9.000,00",,Comissão de Licitação 01,12:00,PREFEITURA DE PETROLINA,2025
0147/2025,0307/2025,05/06/2025,09/09/2025,Inexigibilidade,"Secretaria de Educação, Cultura e Esporte",Processo Concluído,Compras e serviços,"locação de imóvel situado a Rua Uruás, nº 10, Povoado de Uruás, Zona Rural de Petrolina-PE, para atender às necessidades daSecretaria Municipal de Educação, Cultura e Esporte","R$ 8.272,32","R$ 8.272,32",,Comissão de Licitação 01,12:00,PREFEITURA DE PETROLINA,2025
0163/2025,0357/2025,24/07/2025,30/10/2025,Inexigibilidade,"Secretaria de Educação, Cultura e Esporte",Processo Concluído,Compras e serviços,"Contratação Direta, por Inexigibilidade, da Empresa PW TECH INDÚSTRIA E COMÉRCIO DE PURIFICADORES LTDA, inscrita no CNPJ sob nº 26.227.826/0001-81, para o fornecimento de EQUIPAMENTOS DE PURIFICAÇÃO DE ÁGUA ","R$ 1.544.010,00","R$ 1.544.010,00",,Comissão de Licitação 01,12:00,PREFEITURA DE PETROLNA,2025
0007/2025,0000/0000,14/04/2025,09/06/2025,Adesão externa,"Secretaria de Educação, Cultura e Esporte",Processo Concluído,Compras e serviços,"AQUISIÇÃO DE BRINQUEDOS E PARQUINHOS, para atender às necessidades da Secretaria Municipal de Educação, Cultura e Esporte de Petrolina/PE","R$ 4.999.664,00","R$ 4.999.664,00",,Comissão de Licitação 01,12:00,PREFEITURA DE PETROLINA,2025
0096/2024,0279/2024,06/01/2025,19/12/2024,Pregão eletrônico,Secretaria Municipal de Saúde | SESAU,Processo Concluído,Compras e serviços,"Contratação de empresas para AQUISIÇÃO DE EQUIPAMENTOS MÉDICO – HOSPITALAR em cumprimento às ordens judiciais, conforme solicitação expressa da Secretaria Municipal de Saúde","R$ 32.927,42","R$ 0,00",,Comissão de Licitação 04,09:00,": PORTAL DE COMPRAS PÚBLICAS, no endereço eletrônico www.portaldecompraspublicas.com.br",2025
0040/2025,0263/2025,11/08/2025,11/08/2025,Dispensa Eletrônica,Secretaria de Saúde,Processo Concluído,Compras e serviços, Constitui objeto deste Termo de Referencia a contratação de empresa especializada em prestaça o dos serviços de LIMPEZA E DESINFECÇÃO DOS RESERVATÓRIOS DE ÁGUA (CAIX,"R$ 42.671,44","R$ 42.671,44",,Comissão de Licitação 01,12:00,PREFEITURA DE PETROLINA,2025
0039/2025,0145/2025,10/06/2025,28/05/2025,Pregão eletrônico,"Secretaria de Educação, Cultura e Esporte",Processo Concluído,Compras e serviços,AQUISIÇÃO DE EQUIPAMENTOS PARA O MUSEU DO SERTÃO.,"R$ 68.795,76",,,Comissão de Licitação 01,09:00,Portal de Compras Públicas.,2025
0001/2025,0000/0000,22/04/2025,22/05/2025,Adesão interna,Procuradoria Geral do Município,Processo Concluído,Compras e serviços,"PRESTAÇÃO DE SERVIÇOS DE RELATIVOS À CONFECÇÃO DE MATERIAL GRÁFICO E SERIGRÁFICO, ","R$ 18.400,00","R$ 18.400,00",,Comissão de Licitação 01,12:00,PREFEITURA DE PETROLINA,2025
0036/2025,0137/2025,02/06/2025,15/05/2025,Pregão eletrônico,"Secretaria de Desenvolvimento Econômico, Turismo e Inovação",Processo Concluído,Compras e serviços,"LOCAÇÃO DE ESTRUTURAS TEMPORÁRIAS TEMÁTICAS (JUNINA E NATALINA), REALIZAÇÃO DE MONTAGEM E DESMONTAGEM DE ORNAMENTAÇÃO, INCLUINDO MANUTENÇÃO DE MATERIAIS E SERVIÇOS ELÉTRICOS...","R$ 9.900.688,33","R$ 0,0",,Comissão de Licitação 02,09:00,Portal de Compras Públicas,2025
0089/2025,0169/2025,15/05/2025,17/06/2025,Inexigibilidade,"Secretaria de Desenvolvimento Econômico, Turismo e Inovação",Processo Concluído,Compras e serviços,"contratação da empresa TOME XOTE EDITORA DE MUSICA EIRELI, inscrita no CNPJ sob o nº 13.091.140/0001-64, para a prestação de serviços artístico/musical da atração “DORGIVAL DANTAS”","R$ 250.000,00","R$ 250.000,00",,Comissão de Licitação 01,12:00,PREFEITURA DE PETROLINA,2025
0079/2025,0284/2025,02/09/2025,20/08/2025,Pregão eletrônico,Secretaria de Licitações e Contratos,Em andamento,Compras e serviços,"AQUISIÇÃO DE MATERIAL DE CONSUMO (PAPEL A4), para atender as necessidades da Administração pública direta e indireta.","R$ 186.623,04",,,Comissão de Licitação 02,09:00,Portal de Compras Públicas.,2025
0045/2025,0291/2025,11/09/2025,11/09/2025,Dispensa Eletrônica,INSTITUTO DE GESTÃO PREVIDENCIÁRIA DO MUNICÍPIO DE PETROLINA - IGEPREV ,Fracassada,Compras e serviços," Contratação de empresa especializada para prestação de serviços gráficos, conforme condições, quantidades e exigências estabelecidas neste instrumento. ","R$ 13.880,47","R$ 13.880,47",,Comissão de Licitação 01,12:00,PREFEITURA DE PETROLINA,2025
0106/2024,0293/2024,30/01/2025,17/01/2025,Pregão eletrônico,Secretaria Municipal de Saúde | SESAU,Processo Concluído,Compras e serviços,Contratação de empresa(s) para a AQUISIÇÃO DE APARELHOS AUDITIVOS para distribuição gratuita aos pacientes do Centro Auditivo de Petrolina-PE.,"R$ 978.114,00","R$ 0,00",,Comissão de Licitação 01,09:00,"PORTAL DE COMPRAS PÚBLICAS, no endereço eletrônico www.portaldecompraspublicas.com.br",2025
0093/2024,0274/2024,08/01/2025,19/12/2024,Pregão eletrônico,Secretaria Municipal de Saúde | SESAU,Processo Concluído,Compras e serviços,Aquisição com instalação de ARES-CONDICIONADOS E CORTINAS DE AR destinados a atender às necessidades dos Serviços de Atenção à Saúde Básica e Atenção Especializada no município de Petrolina/PE,"R$ 224.807,08",,,Comissão de Licitação 02,09:00,Portal de Compras Públicas.,2025
0116/2025,0217/2025,02/06/2025,25/06/2025,Inexigibilidade,"Secretaria de Desenvolvimento Econômico, Turismo e Inovação",Processo Concluído,Compras e serviços,"contratação da empresa TEP ENTRETENIMENTO E PROMOÇÕES LTDA, inscrita no CNPJ sob o nº 13.091.140/0001-64, para a prestação de serviços artístico/musical da atração “JORGE E MATEUS”,","R$ 900.000,00","R$ 900.000,00",,Comissão de Licitação 01,12:00,PREFEITURA DE PETROLINA,2025
0024/2025,0368/2025,12/12/2025,27/11/2025,Concorrência Eletrônica,Secretaria de Infraestrutura e Mobilidade,Processo Concluído,Compras e serviços,"AQUISIÇÃO, COM INSTALAÇÃO, DE SUBESTAÇÃO AÉREA COMPLETA DE 300kVA PARA O PRÉDIO SEDE DA PREFEITURA - SEINFRA","R$ 110.730,06","R$ 0,0",,Comissão de Licitação 02,09:00,Portal de Compras públicas,2025
0001/2025,0020/2025,01/04/2025,17/03/2025,Concorrência Eletrônica,Prefeitura municipal de Petrolina,Processo Concluído,Compras e serviços,"(SRP) - Eventual contratação de empresa para prestação de serviços de engenharia relativos à MANUTENÇÃO DE VIAS, PASSEIOS E MEIOS-FIOS, conforme solicitação da SECRETARIA DE SERVIÇOS PÚBLICOS E DEFESA CIVIL.","R$ 28.503.783,80","R$ 0,0",,Comissão de Licitação 02,09:00,https://www.portaldecompraspublicas.com.br/,2025
0026/2025,0112/2025,23/05/2025,08/05/2025,Pregão eletrônico,Secretaria de Saúde,Processo Concluído,Compras e serviços,"PRESTAÇÃO DE SERVIÇOS RELATIVOS À INSTALAÇÃO DE VIDROS, PORTAS DE VIDROS, ESPELHOS E PELÍCULAS, DESINSTALAÇÃO DE PORTAS DE VIDROS E MANUTENÇÃO.","R$ 357.405,28",,,Comissão de Licitação 05,09:00,Portal de Compras Públicas.,2025
0027/2025,0157/2025,11/06/2025,07/07/2025,Dispensa Eletrônica,Secretaria de Comunicação,Processo Concluído,Compras e serviços," Aquisição de ABRAÇADEIRAS NYLON 340MM X 4,8 MM, para atender as necessidades da Secretaria Municipal de Comunicações de Petrolina/PE.","R$ 14.505,60",,,Comissão de Licitação 01,12:00,PREFEITURA DE PETROLINA,2025
0066/2025,0389/2025,04/12/2025,04/12/2025,Dispensa Eletrônica,AUTARQUIA EDUCACIONAL DO VALE DO SÃO FRANCISCO/FACAPE,Processo Concluído,Compras e serviços,"Contratação de empresa especializada no fornecimento de SOFTWARE ANTIVÍRUS PARA ESTAÇÕES E SERVIDORES mediante solicitação da Autarquia
Educacional do Vale do São Francisco – FACAPE/AEVSF.","R$ 29.120,00","R$ 29.120,00",,Comissão de Licitação 01,09:00,PREFEITURA DE PETROLINA,2025
0090/2024,0267/2024,07/01/2025,19/12/2024,Pregão eletrônico,"Secretaria Municipal de Educação, Cultura e Esportes",Processo Concluído,Compras e serviços,"LIVROS PARADIDÁTICOS P/ OS ESTUDANTES DA EDUCAÇÃO INFANTIL, ENSINO FUNDAMENTAL, EDUCAÇÃO DE JOVENS E ADULTOS (EJA) E PROFESSORES DA REDE MUNICIPAL DE ENSINO, CONTEMPLANDO O PROJETO DE LEITURA PETROLINA LÊ + E PETROLINA ESCREVE +","R$ 13.590.893,85","R$ 0,0",,Comissão de Licitação 02,09:00,Portal de Compras de Públicas,2025
0021/2025,0102/2025,06/05/2025,15/04/2025,Pregão eletrônico,"Secretaria de Educação, Cultura e Esporte",Processo Concluído,Compras e serviços,"AQUISIÇÃO DE MATERIAIS PEDAGÓGICOS ESTRUTURADOS PARA CRECHE E PRÉ-ESCOLA, , para atender às necessidades das Unidades Escolares da Rede Municipal de Ensino de Petrolina/PE.","R$ 2.116.136,36",,,Comissão de Licitação 02,09:00,Portal de Compras Públicas.,2025
0082/2025,0161/2025,12/05/2025,22/05/2025,Inexigibilidade,"Secretaria de Desenvolvimento Econômico, Turismo e Inovação",Processo Concluído,Compras e serviços,"contratação da empresa ALIC PARTICIPAÇÕES E ENTRETENIMENTOS LTDA, inscrita no CNPJ sob o nº 28.791.264/0001-20, para a prestação de serviços artístico/musical da atração “XAND AVIÃO”,","R$ 700.000,00","R$ 700.000,00",,Comissão de Licitação 01,12:00,PREFEITURA DE PETROLINA,2025
0051/2025,0197/2025,17/07/2025,04/07/2025,Pregão eletrônico,Secretaria de Saúde,Processo Concluído,Compras e serviços,AQUISIÇÃO DE MEDICAMENTOS.,"R$ 2.988.330,61",,,Comissão de Licitação 04,09:00,"Avenida Guararapes, nº 2114, centro, Petrolina/PE – 87.3983-6419",2025
0001/2025,0174/2025,16/06/2025,04/06/2025,Sem licitação,Secretaria de Comunicação,Em andamento,Compras e serviços,SORTEIO PARA FORMAÇÃO DA SUBCOMISSÃO TÉCNICA PARA ANÁLISE E JULGAMENTO DAS PROPOSTAS TÉCNICAS PARA REALIZAÇÃO DE LICITAÇÃO DE AGÊNCIA PUBLICITÁRIA.,"R$ 0,00","R$ 0,0",,Comissão de Licitação 02,09:00,"AVENIDA GUARARAPES, Nº 2114, CENTRO, PETROLINA/PE (SECRETARIA DE LICITAÇÕES E CONTRATOS",2025
0055/2025,0079/2025,28/02/2025,04/04/2025,Inexigibilidade,"Secretaria de Educação, Cultura e Esporte",Processo Concluído,Compras e serviços,"locação de imóvel situado na Avenida Professor Simão Amorim Durando, nº 91, Bairro São Gonçalo, na cidade de Petrolina-PE, CEP 56312-385, comacessotambém na Rua 08, nº 20, Bairro São Gonçalo, na cidade de Petrolina-PE, CEP 56312-081","R$ 3.450,00","R$ 3.450,00",,Comissão de Licitação 01,12:00,PREFEITURA DE PETROLINA,2025
0101/2024,0288/2024,04/02/2025,20/01/2025,Pregão eletrônico,"Secretaria Municipal de Educação, Cultura e Esportes",Processo Concluído,Compras e serviços,"Eventual (ais) contratação (ões) de empresa (s) p/ prestação de serviços relativos à organização de eventos para Secretaria de Educação, Cultura e Esporte.","R$ 1.172.338,40","R$ 0,0",,Comissão de Licitação 02,09:00,Portal de Compras Públicas ,2025
0028/2025,0158/2025,09/06/2025,10/07/2025,Dispensa Eletrônica,AUTARQUIA MUNICIPAL DE MOBILIDADE DE PETROLINA – AMMPLA,Processo Concluído,Compras e serviços,"Aquisição de materiais de expediente e consumo, conforme condições e exigências estabelecidas neste instrumento.","R$ 11.966,08","R$ 11.966,08",,Comissão de Licitação 01,12:00,PREFEITURA DE PETROLINA,2025
0179/2025,0421/2025,10/11/2025,13/01/2026,Inexigibilidade,AUTARQUIA EDUCACIONAL DO VALE DO SÃO FRANCISCO/FACAPE,Processo Concluído,Compras e serviços,"Locação, o imóvel situado à Avenida Joaquim Nabuco, nº 26, Bairro Centro, na cidade de
Petrolina/PE, ","R$ 240.000,00","R$ 240.000,00",,Comissão de Licitação 01,12:00,PREFEITURA DE PETROLINA,2025
0005/2025,0013/2025,07/02/2025,14/02/2025,Inexigibilidade,Prefeitura municipal de Petrolina,Processo Concluído,Compras e serviços,"contratação da empresa GW2 PRODUCOES ARTISTICAS LTDA, inscrita no CNPJ sob o nº 21.690.727/0001- 18, para a prestação de serviços artístico/musical da atração “FILHOS DE JORGE”,","R$ 120.000,00","R$ 120.000,00",,Comissão de Licitação 01,11:00,PREFEITURA DE PETROLINA ,2025
0115/2025,0381/2025,27/11/2025,11/11/2025,Pregão eletrônico,Secretaria de Desenvolvimento Rural,Processo Concluído,Compras e serviços,"Aquisição de Materiais para Máquina Perfuratriz, sendo: Bits Martelo Turbinado, Cano Geomecânico para revestimento e tampa de poço.","R$ 401.166,27",,,Comissão de Licitação 06,09:00,Portal de Compras Públicas.,2025
0022/2025,0106/2025,12/05/2025,25/04/2025,Pregão eletrônico,Secretaria de Saúde,Processo Concluído,Compras e serviços,"AQUISIÇÃO DE GÊNEROS ALIMENTÍCIOS (NÃO PERECÍVEIS) destinados à Casa de Apoio situada em Recife-PE, vinculada ao Tratamento Fora de Domicílio (TFD) de Petrolina-PE.","R$ 246.923,45",,,Comissão de Licitação 05,09:00,Portal de Compras Públicas,2025
0096/2025,0324/2025,22/09/2025,05/09/2025,Pregão eletrônico,AGÊNCIA MUNICIPAL DE MEIO AMBIENTE – AMMA,Processo Concluído,Compras e serviços,"contratação de empresa especializada para a PRESTAÇÃO DE SERVIÇOS DE APOIO ADMINISTRATIVO, mediante solicitação expressa da AGÊNCIA MUNICIPAL DE MEIO AMBIENTE - AMMA.","R$ 464.054,44","R$ 0,0",,Comissão de Licitação 02,09:00,Portal de Compras Públicas,2025
0070/2025,0138/2025,02/04/2025,16/05/2025,Inexigibilidade,"Secretaria de Educação, Cultura e Esporte",Processo Concluído,Compras e serviços,"contratação da empresa BANDA MAGNIFICOS PRODUCOES E EVENTOS ARTISTICOS LTDA, inscrita no CNPJ sob o nº 01.509.178/0001-25, para a prestação de serviços artístico/musical da atração “BANDA MAGNÍFICOS”","R$ 200.000,00","R$ 200.000,00",,Comissão de Licitação 01,12:00,PREFEITURA DE PETROLINA,2025
0098/2024,0283/2024,15/01/2025,02/01/2025,Pregão eletrônico,"Secretaria Municipal de Educação, Cultura e Esportes",Processo Concluído,Compras e serviços,AQUISIÇÃO DE MATERIAIS DE EXPEDIENTE para atender as necessidades das Unidades Escolares que compõem a Rede Municipal de Ensino de Petrolina/PE,"R$ 5.213.386,50",,,Comissão de Licitação 01,09:00,PORTAL DE COMPRAS PÚBLICAS,2025
0012/2025,0244/2025,08/08/2025,24/07/2025,Concorrência Eletrônica,"Secretaria de Educação, Cultura e Esporte",Processo Concluído,Obras e serviços de engenharia,Contratação de empresa de engenharia para a prestação de serviços na CONSTRUÇÃO DA ESCOLA DE 15 SALAS COM QUADRA COBERTA,"R$ 10.743.631,48",,,Comissão de Licitação 01,09:00,PORTAL DE COMPRAS PÚBLICAS ,2025
0088/2025,0310/2025,26/09/2025,11/09/2025,Pregão eletrônico,AUTARQUIA EDUCACIONAL DO VALE DO SÃO FRANCISCO/FACAPE,Processo Concluído,Compras e serviços,"PRESTAÇÃO DE SERVIÇOS DE AGENTE DE INTEGRAÇÃO, PARA FINS DE EXECUÇÃO DE ESTÁGIO NÃO OBRIGATÓRIO E SUPERVISIONADO.","R$ 18.952,20",,,Comissão de Licitação 04,09:00,Portal de Compras Públicas.,2025
0023/2025,0108/2025,19/05/2025,06/05/2025,Pregão eletrônico,"Secretaria de Educação, Cultura e Esporte",Processo Concluído,Compras e serviços,AQUISIÇÃO DE MATERIAL ESPORTIVO PARA ATENDER AO CALENDÁRIO ESPORTIVO DA SEDUCE,"R$ 237.014,43","R$ 0,0",,Comissão de Licitação 01,09:00,PORTAL DE COMPRAS PÚBLICAS,2025
0112/2025,0213/2025,09/06/2025,13/06/2025,Inexigibilidade,"Secretaria de Desenvolvimento Econômico, Turismo e Inovação",Processo Concluído,Compras e serviços,"Contratação da Empresa ELISSON CASTRO DE LIMA LTDA-ME, inscrita no CNPJ sob nº 08.074.508/0001-46, para a prestação de serviços artístico/musical da atração ELISSON CASTRO","R$ 35.000,00","R$ 35.000,00",,Comissão de Licitação 01,12:00,PREFEITURA DE PETROLINA,2025
0010/2025,0019/2025,17/02/2025,21/02/2025,Inexigibilidade,Prefeitura municipal de Petrolina,Processo Concluído,Compras e serviços,"contratação da empresa 51.547.598 CARINA DA SILVA OLIVEIRA - ME, inscrita no CNPJ sob o nº 51.547.598/0001-
74, para a prestação de serviços artístico/musical da atração “BAQUE OPARÁ”, ","R$ 5.000,00","R$ 5.000,00",,Comissão de Licitação 01,12:00,PREFEITURA DE PETROLINA,2025
0057/2025,0350/2025,10/10/2025,10/10/2025,Dispensa Eletrônica,Secretaria de Governo,Processo Concluído,Compras e serviços,Contratação de empresas para o AQUISIÇÃO DE TENDA PIRAMIDAL DESMONTÁVEL para atender às necessidades da SECRETARIA DE GOVERNO.,"R$ 34.794,65","R$ 34.794,65",,Comissão de Licitação 01,09:00,PREFEITURA DE PETROLINA,2025
0131/2025,0262/2025,02/07/2025,05/08/2025,Inexigibilidade,"Secretaria de Educação, Cultura e Esporte",Processo Concluído,Compras e serviços,"CONTRATAÇÃO DIRETA, por Inexigibilidade, da Empresa META CURSOS E TREINAMENTOS LTDA, inscrita no CNPJ Nº 11.517.150/0001-93,","R$ 5.200,00","R$ 5.200,00",,Comissão de Licitação 01,12:00,PREFEITURA DE PETROLINA,2025
0028/2025,0043/2025,24/02/2025,28/02/2025,Inexigibilidade,Prefeitura municipal de Petrolina,Processo Concluído,Compras e serviços,"contratação da empresa 23.784.167 MICHEL RICARDO DA SILVA BORGES, inscrita no CNPJ sob o nº 23.784.167/0001-96, para a prestação de serviços artístico/musical da atração “NILTON FREITAS”,","R$ 5.000,00","R$ 5.000,00",,Comissão de Licitação 01,12:00,PREFEITURA DE PETORLINA,2025
0018/2025,0000/0000,12/11/2025,02/12/2025,Adesão externa,"Secretaria de Educação, Cultura e Esporte",Processo Concluído,Compras e serviços,"CONTRATAÇÃO DE EMPRESA ESPECIALIZADA EM FORNECIMENTO DE TRAJES PARA O PROGRAMA DE USO DIÁRIO PARA ATENDER OS DISCENTES DA SECRETARIA MUNICIPAL DE EDUCAÇÃO, CULTURA E ESPORTE DE PETROLINA/PE","R$ 4.539.899,05","R$ 4.539.899,05",,Comissão de Licitação 01,12:00,PREFEITURA DE PETROLINA,2025
0044/2025,0060/2025,26/02/2025,11/03/2025,Inexigibilidade,Prefeitura municipal de Petrolina,Processo Concluído,Compras e serviços,"Contratação da Empresária Individual 49.860.954 MARIZA JUDITE RIBEIRO-ME, regularmente inscrita no CNPJ/MF sob o nº 49.860.954/0001-63, para a prestação de serviços artístico-musical da atração “ORQUE","R$ 4.500,00","R$ 4.500,00",,Comissão de Licitação 01,12:00,prefeitura de petrolina,2025
0002/2025,0285/2025,08/09/2025,21/08/2025,Sem licitação,Secretaria de Comunicação,Processo Concluído,Compras e serviços,SORTEIO PARA SUBCOMISSÃO PARA ANÁLISE E JULGAMENTO DAS PROPOSTAS - COMUNICAÇÃO INSTITUCIONAL,"R$ 0,00","R$ 0,0",,Comissão de Licitação 04,09:00,"AVENIDA GUARARAPES, 2114, CENTRO, PETROLINA/PE",2025
0053/2025,0199/2025,01/08/2025,18/07/2025,Pregão eletrônico,"Secretaria de Educação, Cultura e Esporte",Processo Concluído,Compras e serviços,EVENTUAL contratação de empresa especializada para o fornecimento de GARRAFAS DE ÁGUA MINERAL para a realização de eventos institucionais e estratégicos(...).,"R$ 234.088,00","R$ 0,00",,Comissão de Licitação 02,15:00,"PORTAL DE COMPRAS PÚBLICAS, no endereço eletrônico www.portaldecompraspublicas.com.br",2025
0067/2025,0250/2025,06/08/2025,24/07/2025,Pregão eletrônico,"Secretaria de Educação, Cultura e Esporte",Processo Concluído,Compras e serviços,"AQUISIÇÃO DE INSTRUMENTOS MUSICAIS, destinados à Banda Marcial Império Petrolinense – BAMIPE.","R$ 275.593,93",,,Comissão de Licitação 01,09:00,Portal de Compras Públicas.,2025
0003/2025,0023/2025,04/04/2025,20/03/2025,Concorrência Eletrônica,Prefeitura municipal de Petrolina,Processo Concluído,Obras e serviços de engenharia,"EVENTUAL (AIS) CONTRATAÇÃO (ÇÕES) DE EMPRESA PARA PRESTAÇÃO DE SERVIÇOS DE ENGENHARIA RELATIVOS À REQUALIFICAÇÃO DE VIAS, CICLOVIAS, PASSEIOS, CANTEIROS E DISPOSITIVOS DE DRENAGEM.","R$ 42.542.901,85","R$ 29.999.255,56",,Comissão de Licitação 02,09:00,PORTAL DE COMPRAS PÚBLICAS,2025
0132/2025,0265/2025,09/07/2025,31/07/2025,Inexigibilidade,Procuradoria Geral do Município,Processo Concluído,Compras e serviços," Contratação de serviço técnico especializado de consolidação, compilação, versionamento e gerenciamento dos atos oficiais do município, junto à empresa LEIS LTDA, inscrita no CNPJ sob o nº 03.725.725/0001-35, mediante INEXIGIBILIDADE DE LICITAÇÃO,","R$ 60.900,00","R$ 60.900,00",,Comissão de Licitação 01,12:00,PREFEITURA DE PETROLINA,2025
0121/2025,0223/2025,17/06/2025,25/06/2025,Inexigibilidade,"Secretaria de Desenvolvimento Econômico, Turismo e Inovação",Processo Concluído,Compras e serviços,"Contratação da Empresa MUNDO PARALELO PRODUÇÕES ARTISTICAS LTDA-ME, inscrita no CNPJ sob nº 18.495.289/0001-22, para a prestação de serviços artístico/musical da atração MATHEUS & KAUAN","R$ 625.000,00","R$ 625.000,00",,Comissão de Licitação 01,12:00,PREFEITURA DE PETROLINA,2025
0030/2025,0045/2025,20/02/2025,28/02/2025,Inexigibilidade,Prefeitura municipal de Petrolina,Processo Concluído,Compras e serviços,"Contratação do Empresário Individual 49.213.174 DIEGO ELIAS OLIVEIRA SANTOS-ME, regularmente inscrita no CNPJ/MF sob o nº 49.213.174/0001-21, para a prestação de serviços artísticomusical da atração “PAGODANÇA","R$ 5.500,00","R$ 5.500,00",,Comissão de Licitação 01,12:00,PREFEITURA DE PETROLINA,2025
0049/2025,0187/2025,07/07/2025,25/06/2025,Pregão eletrônico,Secretaria de Assistência Social e Combate à Fome,Processo Concluído,Compras e serviços,AQUISIÇÃO DE MOBILIÁRIOS.,"R$ 195.472,35",,,Comissão de Licitação 04,09:00,Portal de Compras Públicas.,2025
0119/2025,0220/2025,06/06/2025,25/06/2025,Inexigibilidade,"Secretaria de Desenvolvimento Econômico, Turismo e Inovação",Processo Concluído,Compras e serviços,"contratação da empresa WBM PRODUTORA DE EVENTOS LTDA, inscrita no CNPJ sob o nº 09.261.808/0001- 05, para a prestação de serviços artístico/musical da atração “BRUNO & MARRONE”, ","R$ 780.000,00","R$ 780.000,00",,Comissão de Licitação 01,12:00,PREFEITURA DE PETROLINA,2025
0006/2025,0038/2025,28/03/2025,14/03/2025,Pregão eletrônico,Autarquia Municipal de Mobilidade de Petrolina | AMMPLA,Processo Concluído,Compras e serviços,"Contratação de empresa para a aquisição de MATERIAIS DE SINALIZAÇÃO VIÁRIA (horizontal, vertical e temporária) a serem utilizados nos serviços de implantação, manutenção e operação da sinalização, mediante solicitação da AMMPLA.","R$ 2.080.444,09","R$ 0,00",,Comissão de Licitação 01,09:00,"PORTAL DE COMPRAS PÚBLICAS, no endereço eletrônico: www.portaldecompraspublicas.com.br.",2025
0026/2025,0383/2025,16/12/2025,01/12/2025,Concorrência Eletrônica,"Secretaria de Desenvolvimento Econômico, Turismo e Inovação",Em andamento,Compras e serviços,"CONTRATAÇÃO DE EMPRESA DO RAMO DE ENGENHARIA CIVIL PARA PRESTAÇÃO DE SERVIÇOS RELATIVOS À IMPLANTAÇÃO DE CENTRO DE COMERCIALIZAÇÃO DE PRODUTOS ASSOCIADOS AO TURISMO, NO MUNICÍPIO DE PETROLINA/PE.","R$ 3.019.832,68","R$ 0,00",,Comissão de Licitação 01,09:00,Portal de Compras Públicas - www.portaldecompraspublicas.com.br,2025
0016/2025,0098/2025,22/04/2025,27/05/2025,Dispensa Eletrônica,Procuradoria Geral do Município,Processo Concluído,Compras e serviços,"Contratação de empresa especializada na CONFECÇÃO DE CAVALETES, nos termos da tabel","R$ 39.494,40","R$ 39.494,40",,Comissão de Licitação 01,12:00,PREFEITURA DE PETROLINA,2025
0084/2025,0293/2025,17/09/2025,04/09/2025,Pregão eletrônico,AUTARQUIA EDUCACIONAL DO VALE DO SÃO FRANCISCO/FACAPE,Processo Concluído,Compras e serviços,Contratação de empresa para a AQUISIÇÃO DE MATERIAIS E EQUIPAMENTOS HOSPITALARES PERMANENTES para atender as necessidades do Hospital de Simulação Realística para vários períodos do curso de medicina ...,"R$ 119.576,83","R$ 0,00",,Comissão de Licitação 01,09:00,"PORTAL DE COMPRAS PÚBLICAS, no endereço eletrônico www.portaldecompraspublicas.com.br",2025
0155/2025,0332/2025,22/08/2025,16/09/2025,Inexigibilidade,AGÊNCIA MUNICIPAL DE EMPREENDEDORISMO – AGE,Processo Concluído,Compras e serviços," Contratação do SERVIÇO DE APOIO AS MICRO E PEQUENAS EMPRESAS DE PE- SEBRAE-PE, regularmente inscrito no CNPJ/MF sob o nº 09.829.524/0001-64, ","R$ 19.919,90","R$ 19.919,90",,Comissão de Licitação 01,12:00,prefeitura de petrolina,2025
0004/2025,0074/2025,07/04/2025,20/03/2025,Concorrência Eletrônica,Autarquia Municipal de Mobilidade de Petrolina | AMMPLA,Processo Concluído,Compras e serviços,CONTRATAÇÃO DE EMPRESA PARA PRESTAÇÃO DE SERVIÇOS NA EXECUÇÃO DE OBRAS DE PAVIMENTAÇÃO(...),"R$ 3.220.065,48","R$ 2.497.439,55",,Comissão de Licitação 02,09:00,Portal de Compras Públicas– www.portaldecompraspublicas.com.br.,2025
0068/2025,0251/2025,13/08/2025,31/07/2025,Pregão eletrônico,Secretaria de Saúde,Processo Concluído,Compras e serviços,AQUISIÇÃO DE APARELHOS ARES-CONDICIONADOS COM INSTALAÇÃO destinados a atender às necessidades dos serviços de Atenção Básica e Atenção Especializada à Saúde no município de Petrolina-PE.,"R$ 656.629,51",,,Comissão de Licitação 04,09:00,Portal de Compras Públicas.,2025
0006/2025,0105/2025,15/05/2025,28/04/2025,Concorrência Eletrônica,"Secretaria de Educação, Cultura e Esporte",Processo Concluído,Compras e serviços,"Contratação de empresa de engenharia para CONSTRUÇÃO DO CENTRO ESPORTIVO COMUNITÁRIO, localizada na Rua da Prudência, S/N, quadra EY, Bairro Dom Avelar, conforme solicitação expressa da Secretaria de Educação, Cultura e Esportes.","R$ 1.784.671,46","R$ 0,00",,Comissão de Licitação 02,09:00,Portal de Compras Públicas – www.portaldecompraspublicas.com.br,2025
0043/2025,0173/2025,13/10/2025,18/07/2025,Pregão eletrônico,AUTARQUIA MUNICIPAL DE MOBILIDADE DE PETROLINA – AMMPLA,Processo Concluído,Compras e serviços,PRESTAÇÃO DE SERVIÇOS DE GESTÃO DE PLATAFORMA DIGITAL COM SOLUÇÃO TECNOLÓGICA QUE POSSIBILITE A OPERAÇÃO E O CONTROLE DE APLICAÇÃO WEB E APLICATIVO MÓBILE PARA SERVIÇOS PÚBLICOS AFETOS AO TRANSPORTE PÚBLICO URBANO E RURAL(...).,"R$ 1.940.901,96","R$ 0,00",,Comissão de Licitação 01,09:00,"PORTAL DE COMPRAS PÚBLICAS, no endereço eletrônico www.portaldecompraspublicas.com.br",2025
0025/2025,0153/2025,09/04/2025,04/06/2025,Dispensa por outros motivos,"Secretaria de Educação, Cultura e Esporte",Processo Concluído,Compras e serviços,"Contratação Direta, por DISPENSA DE LICITAÇÃO, com fundamento legal no artigo 75, inciso XV da Lei Federal nº 14.133/2021, do
INSTITUTO QUALIDADE NO ENSINO – IQE,","R$ 2.939.280,00","R$ 2.939.280,00",,Comissão de Licitação 01,12:00,PREFEITURA DE PETROLINA,2025
0091/2024,0271/2024,08/01/2025,18/12/2024,Pregão eletrônico,Secretaria Municipal de Saúde | SESAU,Processo Concluído,Compras e serviços,AQUISIÇÃO DE MATERIAIS DE CONSTRUÇÃO para SECRETARIA MUNICIPAL DE SAÚDE e suas unidades vinculadas.,"R$ 852.911,57",,,Comissão de Licitação 01,09:00,Portal de Compras Públicas.,2025
0023/2025,0037/2025,24/02/2025,27/02/2025,Inexigibilidade,Prefeitura municipal de Petrolina,Processo Concluído,Compras e serviços,"contratação da empresa 51.547.598 CARINA DA SILVA OLIVEIRA - ME, inscrita no CNPJ sob o nº 51.547.598/0001- 74, para a prestação de serviços artístico/musical da atração “SAMBA DA BEIRA”","R$ 5.000,00","R$ 5.000,00",,Comissão de Licitação 01,12:00,PREFEITURA DE PETROLINA,2025
0070/2025,0253/2025,11/08/2025,28/07/2025,Pregão eletrônico,Secretaria de Saúde,Processo Concluído,Compras e serviços,AQUISIÇÃO DE EQUIPAMENTOS DE INFORMÁTICA destinados a atender às necessidades dos serviços da Atenção Primária a Saúde e Média e Alta complexidade no município de Petrolina-PE.,"R$ 378.488,15",,,Comissão de Licitação 01,09:00,Portal de Compras Públicas.,2025
0013/2025,0257/2025,24/09/2025,11/08/2025,Concorrência Eletrônica,"Secretaria de Educação, Cultura e Esporte",Adiada,Compras e serviços,"Contratação de empresa de engenharia para a prestação de serviços na AMPLIAÇÃO DE UNIDADES ESCOLARES, da rede municipal de ensino de Petrolina, conforme solicitação expressa da Secretaria de Educação, Cultura e Esporte de Petrolina.","R$ 12.846.289,76","R$ 0,00",,Comissão de Licitação 02,09:00,Portal de Compras Públicas: www.portaldecompraspublicas.com.br,2025
0029/2025,,24/02/2025,28/02/2025,Inexigibilidade,Prefeitura municipal de Petrolina,Processo Concluído,Compras e serviços,"contratação da empresa ALEXANDRE LOPES CASTRO BRANDAO 01080502548, inscrita no CNPJ sob o nº 28.990.164/0001-22, para a prestação de serviços artístico/musical da atração “XANDÃO DA BAHIA”","R$ 5.500,00","R$ 5.500,00",,Comissão de Licitação 01,12:00,"contratação da empresa ALEXANDRE LOPES CASTRO BRANDAO 01080502548, inscrita no CNPJ sob o nº 28.990.164/0001-22, para a prestação de serviços artístico/musical da atração “XANDÃO DA BAHIA”",2025
0116/2025,0382/2025,01/12/2025,14/11/2025,Pregão eletrônico,Secretaria de Desenvolvimento Rural,Em andamento,Compras e serviços,"Contratação de empresas para o fornecimento de TUBOS EM PVC SOLDAVEL, conforme solicitação expressa da Secretaria M. de Desenvolvimento Rural.","R$ 735.438,00","R$ 0,00",,Comissão de Licitação 04,09:00,"PORTAL DE COMPRAS PÚBLICAS, no endereço eletrônico www.portaldecompraspublicas.com.br",2025
0076/2025,0150/2025,02/04/2025,19/05/2025,Inexigibilidade,"Secretaria de Desenvolvimento Econômico, Turismo e Inovação",Processo Concluído,Compras e serviços,"contratação da empresa DAM - EVENTOS DIVERSIONAIS LTDA, inscrita no CNPJ sob o nº 19.710.362/0001-02, para a prestação de serviços artístico/musical da atração “FORRÓ MASTRUZ COM LEITE” ","R$ 200.000,00","R$ 200.000,00",,Comissão de Licitação 01,12:00,PREFEITURA DE PETROLINA,2025
0056/2025,0228/2025,25/07/2025,14/07/2025,Pregão eletrônico,"Secretaria de Educação, Cultura e Esporte",Processo Concluído,Compras e serviços,"AQUISIÇÃO DE INSTRUMENTOS MUSICAIS, para atender as necessidades da Philarmônica 21 de Setembro.","R$ 584.254,08",,,Comissão de Licitação 05,09:00,Portal de Compras Públicas.,2025
0047/2025,0063/2025,26/02/2025,10/03/2025,Inexigibilidade,Prefeitura municipal de Petrolina,Processo Concluído,Compras e serviços,"Contratação do Microempreendedor Individual 58.691.911 PEDRO GABRIEL FEITOSA PAIXAO-ME, regularmente inscrito no CNPJ/MF sob o nº 58.691.911/0001-92, para a prestação de serviços artístico-musical da atração “ORQUESTRA SAPUPARA”,","R$ 4.500,00","R$ 4.500,00",,Comissão de Licitação 01,12:00,PREFEITURA DE PETROLINA,2025
0040/2025,0147/2025,04/07/2025,12/06/2025,Pregão eletrônico,Secretaria de Assistência Social e Combate à Fome,Revogada,Compras e serviços,"Contratação de empresa para PRESTAÇÃO DE SERVIÇOS DE CONSULTORIA E ASSESSORIA, para atender às necessidades da Secretaria de Assistência Social e Combate à Fome, conforme solicitação expressa da mesma.","R$ 109.321,98","R$ 0,00",,Comissão de Licitação 04,09:00,"PORTAL DE COMPRAS PÚBLICAS, no endereço eletrônico www.portaldecompraspublicas.com.br. 

",2025
0059/2025,0234/2025,30/07/2025,16/07/2025,Pregão eletrônico,Secretaria de Desenvolvimento Rural,Fracassada,Compras e serviços,AQUISIÇÃO DE CANO GEOMECÂNICO para máquina perfuratriz.,"R$ 92.068,00",,,Comissão de Licitação 05,09:00,Portal de compras públicas.,2025
0052/2025,0198/2025,07/07/2025,17/06/2025,Pregão eletrônico,"Secretaria de Educação, Cultura e Esporte",Processo Concluído,Compras e serviços,EVENTUAL contratação de empresa para aquisição de EQUIPAMENTOS DE PROTEÇÃO INDIVIDUAL (EPI’S)...,"R$ 105.040,00","R$ 0,00",,Comissão de Licitação 04,09:00,"PORTAL DE COMPRAS PÚBLICAS, no endereço eletrônico www.portaldecompraspublicas.com.br",2025
0025/2025,0040/2025,24/02/2025,27/02/2025,Inexigibilidade,Prefeitura municipal de Petrolina,Processo Concluído,Compras e serviços,"a Contratação da Empresária Individual ANA NILZA COSTA DE OLIVEIRA-ME, regularmente inscrita no CNPJ/MF sob o nº 15.524.319/0001-93, para a prestação de serviços artístico-musical da atração “ANA COSTA”","R$ 10.000,00","R$ 10.000,00",,Comissão de Licitação 01,12:00,PREFEITURA DE PETROLINA,2025
0058/2025,0098/2025,19/03/2025,02/04/2025,Inexigibilidade,"Secretaria de Educação, Cultura e Esporte",Processo Concluído,Compras e serviços," a locação do Imóvel da Sra. Ana Lice Alves, inscrita no CPF sob o nº 984.874.264 68, na Rua Ricardo Coelho, n°64, Povoado dePau Ferro - Zona rural, Petrolina
–PE, CEP 56.334 -899","R$ 4.680,00","R$ 4.680,00",,Comissão de Licitação 01,12:00,PREFEITURA DE PETROLINA,2025
0059/2025,0356/2025,02/10/2025,13/10/2025,Dispensa por outros motivos,AUTARQUIA MUNICIPAL DE MOBILIDADE DE PETROLINA – AMMPLA,Processo Concluído,Compras e serviços,"CONTRATAÇÃO DIRETA da FUNDAÇÃO INSTITUTO DE ADMINISTRAÇÃO - FIA,","R$ 1.248.000,00","R$ 1.248.000,00",,Comissão de Licitação 01,12:00,PREFEITURA DE PETROLINA,2025
0172/2025,0400/2025,18/11/2025,04/12/2025,Inexigibilidade,Secretaria de Saúde,Processo Concluído,Compras e serviços,"CONTRATAÇÃO DIRETA POR INEXIGIBILIDADE, da CLINICA MEDICA IBIRAPUERA S/S LTDA, inscrita no CNPJ sob nº 00.196.531/0001-00, para a realização de procedimento de LASERTERAPI","R$ 4.200,00","R$ 4.200,00",,Comissão de Licitação 01,12:00,PREFEITURA DE PETROLINA,2025
0013/2025,0095/2025,14/04/2025,05/05/2025,Dispensa Eletrônica,Secretaria de Assistência Social e Combate à Fome,Processo Concluído,Compras e serviços,"Contratação de empresa para INSTALAÇÃO de Divisórias e Ferragens para portas, para adequar os setores na sede da Secretaria Municipal de Assistencia Social e Combate a
Fome.","R$ 37.194,00","R$ 37.194,00",,Comissão de Licitação 01,11:00,Prefeitura de Petrolina,2025
0033/2025,0208/2025,02/07/2025,07/07/2025,Dispensa Eletrônica,Secretaria de Serviços Públicos e Defesa Civil,Processo Concluído,Compras e serviços," Aquisição de MOBILIÁRIOS DE ESCRITÓRIO PARA A NOVA SEDE DA SECRETARIA DE SERVIÇOS PÚBLICOS E DEFESA CIVIL (SESPU) DE PETROLINA/PE, conforme condições e exigências estabelecidas neste instrumento","R$ 36.543,48","R$ 36.543,48",,Comissão de Licitação 01,12:00,PREFEITURA DE PETROLINA,2025
0037/2025,0246/2025,29/07/2025,29/07/2025,Dispensa Eletrônica,Secretaria de Saúde,Fracassada,Compras e serviços," Contratação de empresa para a AQUISIÇÃO DE COLÍRIOS OFTALMOLÓGICOS, a fim de atender às necessidades da Secretaria Municipal de Saúde de Petrolina-PE e suas
unidades vinculadas.","R$ 2.111,20","R$ 2.111,20",,Comissão de Licitação 01,12:00,PREFEITURA DE PETROLINA,2025
0043/2025,0272/2025,08/08/2025,08/08/2025,Dispensa Eletrônica,"Secretaria de Desenvolvimento Urbano, Habitação e Sustentabilidade",Processo Concluído,Compras e serviços,"Contratação de empresa para confecção de coletes de identificação funcional, para suprir as necessidades da Secretaria de Desenvolvimento Urbano, Habitação e
Sustentabilidade – SEDURBHS","R$ 2.900,00","R$ 2.900,00",,Comissão de Licitação 01,12:00,Prefeitura de Petrolina,2025
0065/2025,0386/2025,08/12/2025,08/12/2025,Dispensa Eletrônica,Secretaria de Desenvolvimento Rural,Processo Concluído,Compras e serviços,Contratação de empresa para a aquisição de barracas de feira livre para feirantes para atender às necessidades da Secretaria de Desenvolvimento Rural – SEDRU,"R$ 20.437,40",,,Comissão de Licitação 01,12:00,PREFEITURA DE PETROLINA,2025
0152/2025,0325/2025,22/08/2025,08/09/2025,Inexigibilidade,Secretaria de Assistência Social e Combate à Fome,Processo Concluído,Compras e serviços,"locação de imóvel na cidade de Petrolina/PE, com fulcro no art. 74, inciso V, da Lei Federal 14.133/2021,","R$ 20.400,00","R$ 20.400,00",,Comissão de Licitação 01,12:00,PREFEITURA DE PETROLINA,2025
0017/2025,0030/2025,12/02/2025,26/02/2025,Inexigibilidade,Prefeitura municipal de Petrolina,Processo Concluído,Compras e serviços,"Contratação do Empresário Individual ANSELMO DE OLIVEIRA BITTENCOURT PRODUCOES-ME, regularmente inscrito no CNPJ/MF sob o nº 39.938.977/0001-90, para a prestação de serviços artísticomusical da atração “TRIO GRANAH”","R$ 20.000,00","R$ 20.000,00",,Comissão de Licitação 01,12:00,PREFEITURA DE PETROLINA,2025
0099/2025,0193/2025,02/06/2025,05/06/2025,Inexigibilidade,"Secretaria de Desenvolvimento Econômico, Turismo e Inovação",Processo Concluído,Compras e serviços,"COTA DE PATROCÍNIO “COTA OURO” da ASSOCIACAO DO MINISTERIO PUBLICO DE PERNAMBUCO, CNPJ Nº 10.510.162/0001-23, representante exclusivo e realizador do Evento XV CONGRESSO  - 

EMPENHO 1945 / 2025","R$ 60.000,00","R$ 60.000,00",,Comissão de Licitação 01,12:00,PREFEITURA DE PETROLINA,2025
0099/2025,0331/2025,26/09/2025,12/09/2025,Pregão eletrônico,Secretaria de Licitações e Contratos,Processo Concluído,Compras e serviços,"EVENTUAL (AIS) contratação (ões) de empresa (s) para a AQUISIÇÃO DE EQUIPAMENTOS E SUPRIMENTOS DE INFORMÁTICA, para atender as necessidades da SECRETARIA DE LICITAÇÃO E CONTRATOS e demais Secretarias/Órgãos.","R$ 2.664.600,94",,,Comissão de Licitação 02,03:00,Portal de Compras Públicas.,2025
0075/2025,0149/2025,07/05/2025,20/05/2025,Inexigibilidade,"Secretaria de Desenvolvimento Econômico, Turismo e Inovação",Processo Concluído,Compras e serviços,"Contratação da Empresa AD PRODUCAO MUSICAL LTDA, inscrita no CNPJ sob nº 26.337.395/0001-06, para a prestação de serviços artístico/musical da atração PABLO","R$ 550.000,00","R$ 550.000,00",,Comissão de Licitação 01,11:00,PREFEITURA DE PETROLNA,2025
0013/2025,0000/0000,17/10/2025,17/10/2025,Adesão externa,"Secretaria de Educação, Cultura e Esporte",Processo Concluído,Compras e serviços,contratação de empresa para CONSTRUÇÃO DE CAMPOS DE GRAMA SINTÉTICA EM UNIDADES ESCOLARES com o fornecimento e montagem de “módulos”,"R$ 4.855.317,51","R$ 4.855.317,51",,Comissão de Licitação 01,10:00,PREFEITURA DE PETROLINA,2025
0021/2025,0035/2025,21/02/2025,12/03/2025,Inexigibilidade,Prefeitura municipal de Petrolina,Processo Concluído,Compras e serviços,"contratação da empresa 16.541.845 FABIANA SANTIAGO FERREIRA, inscrita no CNPJ sob o nº 16.541.845/0001-24, para a prestação de serviços artístico/musical da atração “FABIANA SANTIAGO”,","R$ 10.000,00","R$ 10.000,00",,Comissão de Licitação 01,12:00,PREFEITURA DE PETROLINA,2025
0047/2025,0296/2025,12/08/2025,12/08/2025,Dispensa Eletrônica,Secretaria de Saúde,Processo Concluído,Compras e serviços,"Contratação de empresa para a PRESTAÇÃO DE SERVIÇOS DE REFEIÇÃO, LANCHES E COFFEE BREAK, para atender a demanda de evento institucional promovido pela Agência
Municipal de Vigilância Sanitária. ","R$ 11.907,20","R$ 11.907,20",,Comissão de Licitação 01,12:00,PREFEITURA DE PETROLINA,2025
0038/2025,0054/2025,24/02/2025,11/03/2025,Inexigibilidade,Prefeitura municipal de Petrolina,Processo Concluído,Compras e serviços,"Contratação da empresa CAMILA YASMINE DO NASCIMENTO MAGALHAES 04266303432, inscrita no CNPJ sob o nº 13.307.563/0001-79, para a prestação de serviços artístico/musical da atração “CAMILA YASMINE”","R$ 5.500,00","R$ 5.500,00",,Comissão de Licitação 01,12:00,PREFEITURA DE PETROLINA,2025
0015/2025,0092/2025,25/04/2025,08/04/2025,Pregão eletrônico,Secretaria de Saúde,Processo Concluído,Compras e serviços,LOCAÇÃO DE EQUIPAMENTO HOSPITALAR para cumprimento da ORDEM JUDICIAL imposta ao Município de Petrolina-PE referente ao paciente Pedro Henrique Gomes Santos.,"R$ 81.790,44",,,Comissão de Licitação 04,09:00,Portal de Compras Públicas,2025
0095/2025,0183/2025,21/05/2025,04/06/2025,Inexigibilidade,"Secretaria de Desenvolvimento Econômico, Turismo e Inovação",Processo Concluído,Compras e serviços,"Contratação da Empresa JÚLIO CESAR PRODUÇÕES LTDA-EPP, inscrita no CNPJ sob nº 07.033.486/0001-03, para a prestação de serviços artístico/musical da atração BANDA MALLA 100 ALÇA","R$ 120.000,00","R$ 120.000,00",,Comissão de Licitação 01,12:00,PREFEITURA DE PETROLINA,2025
0104/2025,0346/2025,17/10/2025,06/10/2025,Pregão eletrônico,"Secretaria de Educação, Cultura e Esporte",Processo Concluído,Compras e serviços,"AQUISIÇÃO DE EQUIPAMENTOS PARA O MUSEU DO SERTÃO com o objetivo de viabilizar a modernização do Museu do Sertão, equipamento cultural sob responsabilidade da SECRETARIA DE EDUCAÇÃO, CULTURA E ESPORTE.","R$ 10.149,76",,,Comissão de Licitação 04,09:00,Portal de Compras Públicas.,2025
0029/2025,0119/2025,29/05/2025,14/05/2025,Pregão eletrônico,"Secretaria de Educação, Cultura e Esporte",Cancelada,Compras e serviços, Eventual (ais) contratação (ões) de empresa (s) para a prestação de serviços relativos ao monitoramento e vigilância eletrônica predial das unidades escolares da Rede Municipal de Ensino e demais Secretarias/Órgãos – SEDUCE,"R$ 1.203.145,74",,,Comissão de Licitação 04,09:00,"Av. Guararapes, nº 2114, centro, Petrolina/PE, das 8h às 13h – Fone: 
(87.3983.6419)",2025
0034/2025,0130/2025,04/06/2025,22/05/2025,Pregão eletrônico,Secretaria de Saúde,Processo Concluído,Compras e serviços,AQUISIÇÃO DE FRALDAS DESCARTÁVEIS em atendimento as ORDENS JUDICIAIS impostas ao Município de Petrolina-PE.,"R$ 299.367,60",,,Comissão de Licitação 04,09:00,Portal de compras públicas.,2025
0169/2025,0375/2025,17/10/2025,04/11/2025,Inexigibilidade,Secretaria de Infraestrutura e Mobilidade,Processo Concluído,Compras e serviços,"Prestação de serviços de assessoria técnica especializada em operação de crédito externo junto a banco internacional, para apoio no programa de desenvolvimento de Petrolina/PE","R$ 915.070,80","R$ 915.070,80",,Comissão de Licitação 01,12:00,PREFEITURA DE PETROLINA,2025
0080/2025,0159/2025,12/05/2025,22/05/2025,Inexigibilidade,"Secretaria de Desenvolvimento Econômico, Turismo e Inovação",Processo Concluído,Compras e serviços,"Contratação da Empresa Z N E C PRODUCOES ARTISTICAS LTDA-ME, inscrita no CNPJ sob nº 17.490.177/0001- 16, para a prestação de serviços artístico/musical da atração ZÉ NETO & CRISTIANO, a se apresentar durante o evento SÃO JOÃO DE PETROLINA 2025","R$ 804.000,00","R$ 804.000,00",,Comissão de Licitação 01,12:00,PREFEITURA DE PETROLINA,2025
0030/2025,0190/2025,25/06/2025,07/07/2025,Dispensa Eletrônica,Secretaria de Saúde,Em andamento,Compras e serviços,"Contratação para AQUISIÇÃO	DE	MATERIAIS	MÉDICO-HOSPITALARES, a fim de atender às","R$ 10.450,20","R$ 10.450,20",,Comissão de Licitação 01,12:00,PREFEITURA DE PETROLINA,2025
0001/2025,0072/2025,23/04/2025,27/03/2025,Chamada pública,"Secretaria de Educação, Cultura e Esporte",Processo Concluído,Compras e serviços,"aquisição de gêneros alimentícios (hortifrutigranjeiros) provenientes da Agricultura Familiar (Agricultores e/ou empreendedores familiares rurais ou suas organizações), destinados ao Programa de Alimentação Escolar – PNAE - SEDUCE.","R$ 4.680.050,92","R$ 0,0",,Comissão de Licitação 02,09:00,"Avenida Guararapes, nº 2114, 2º andar do anexo, centro, Petrolina/PE ",2025
0061/2025,0115/2025,17/03/2025,30/04/2025,Inexigibilidade,"Secretaria de Educação, Cultura e Esporte",Em andamento,Compras e serviços,"contratação de um imóvel pertencente aos Senhores Dario Peixoto Wanderley, brasileiro, inscrito no CPF sob o nº 042.596.884- 72","R$ 12.500,00","R$ 12.500,00",,Comissão de Licitação 01,12:00,PREFEITURA DE PETROLINA,2025
0014/2025,0038/2025,20/05/2025,06/05/2025,Pregão eletrônico,Secretaria de Desenvolvimento Rural,Em andamento,Compras e serviços,"Contratação de empresas para o fornecimento de MATERIAIS PARA INSTALAÇÃO E MANUTENÇÃO DE POÇOS ARTESIANO, conforme solicitação expressa da Secretaria M. de Desenvolvimento Rural.","R$ 631.464,90","R$ 0,00",,Comissão de Licitação 03,09:00,"PORTAL DE COMPRAS PÚBLICAS, no endereço eletrônico www.portaldecompraspublicas.com.br",2025
0011/2025,0022/2025,18/02/2025,24/02/2025,Inexigibilidade,Prefeitura municipal de Petrolina,Processo Concluído,Compras e serviços,"contratação do Empresário Individual 49.213.297 LUAN PATRICK MORGADO PINHEIRO-ME, regularmente inscrita no CNPJ/MF sob o nº 49.213.297/0001-62, para a prestação de serviços artísticomusical da atração “PATUKA E BANDA”,","R$ 5.500,00","R$ 5.500,00",,Comissão de Licitação 01,12:00,PREFEITURA DE PETROLINA,2025
0002/2025,0021/2025,14/08/2025,17/06/2025,Concorrência Eletrônica,Secretaria de Serviços Públicos e Defesa Civil,Processo Concluído,Compras e serviços,"Eventual contratação de empresa para PRESTAÇÃO DE SERVIÇOS DE ENGENHARIA PARA MANUTENÇÃO DE PRAÇAS, PARQUE E JARDINS NO MUNICÍPIO DE PETROLINA/PE...","R$ 12.219.341,50","R$ 0,00",,Comissão de Licitação 01,09:00,Portal de Compras Públicas – www.portaldecompraspublicas.com.br,2025
0078/2025,0152/2025,09/05/2025,27/05/2025,Inexigibilidade,"Secretaria de Desenvolvimento Econômico, Turismo e Inovação",Processo Concluído,Compras e serviços,"contratação da empresa TA SHOWS LTDA, inscrita no CNPJ sob o nº 43.202.769/0001-03, para a prestação de serviços artístico/musical da atração “TARCÍSIO DO ACORDEON”","R$ 450.000,00","R$ 450.000,00",,Comissão de Licitação 01,12:00,PREFEITURA DE PETROLINA,2025
0009/2025,0073/2025,01/04/2025,08/07/2025,Dispensa Eletrônica,AUTARQUIA EDUCACIONAL DO VALE DO SÃO FRANCISCO/FACAPE,Fracassada,Compras e serviços,FORNECIMENTO DE TESTE PSICOLÓGICO ,"R$ 38.897,42",,,Comissão de Licitação 01,12:00,PREFEITURA DE PETROLINA,2025
0097/2025,0327/2025,23/09/2025,10/09/2025,Pregão eletrônico,Secretaria de Saúde,Processo Concluído,Compras e serviços,AQUISIÇÃO DE ELETRODOMÉSTICOS destinados a atender às necessidades dos serviços da Atenção Especializada no município de Petrolina-PE.,"R$ 64.298,68",,,Comissão de Licitação 04,09:00,Portal de Compras Públicas.,2025
0134/2025,0274/2025,22/07/2025,29/07/2025,Inexigibilidade,"Secretaria de Desenvolvimento Econômico, Turismo e Inovação",Processo Concluído,Compras e serviços,"contratação da empresa DANTAS PRODUÇÕES E SERVIÇOS LTDA, inscrita no CNPJ sob o nº 24.971.999/0001- 84, para a prestação de serviços artístico/musical da atração “KEU DANTAS”","R$ 15.000,00","R$ 15.000,00",,Comissão de Licitação 01,12:00,PREFEITURA DE PETROLINA,2025
0063/2025,0371/2025,09/12/2025,09/12/2025,Dispensa Eletrônica,Secretaria de Saúde,Processo Concluído,Compras e serviços,Prestação dos serviços de LIMPEZAE DESINFECÇÃO DOS RESERVATÓRIOS DE ÁGUA (CAIXA D’AGUA),"R$ 59.758,86",,,Comissão de Licitação 01,12:00,PREFEITURA DE PETROLINA,2025
0057/2025,0087/2025,27/02/2025,26/03/2025,Inexigibilidade,Prefeitura municipal de Petrolina,Processo Concluído,Compras e serviços,"O LOCADOR(A) oferta ao LOCATÁRIO, sob o regime de locação, 01 (um) imóvel situado na Rua 04 (quatro), nº 50, bairro Massangano – Zona Rural (N 01), Município de Petrolina/PE","R$ 36.000,00","R$ 36.000,00",,Comissão de Licitação 01,12:00,PREFEITURA DE PETROLINA,2025
0042/2025,0168/2025,05/08/2025,22/07/2025,Pregão eletrônico,INSTITUTO DE GESTÃO PREVIDENCIÁRIA DO MUNICÍPIO DE PETROLINA - IGEPREV ,Processo Concluído,Compras e serviços,AQUISIÇÃO DE MATERIAL DE CONSUMO.,"R$ 55.328,63",,,Comissão de Licitação 04,09:00,Portal de compras públicas.,2025
0170/2025,0379/2025,23/10/2025,19/11/2025,Inexigibilidade,"Secretaria de Desenvolvimento Urbano, Habitação e Sustentabilidade",Processo Concluído,Compras e serviços,"SERVIÇOS TOPOGRÁFICOS DO VALE LTDA – ME, inscrita no CNPJ sob nº 28.008.378./0001-50, para fins de elaboração de documentação técnica específica (planta, memorial
descritivo georreferenciado e ART/RRT) ","R$ 8.000,00","R$ 8.000,00",,Comissão de Licitação 01,12:00,PREFEITURA DE PETROLINA,2025
0056/2025,0348/2025,09/10/2025,09/10/2025,Dispensa Eletrônica,Secretaria da Casa Civil,Em andamento,Compras e serviços,PRESTAÇÃO DE SERVIÇOS RELATIVOS À FABRICAÇÃO E INSTALAÇÃO DE MÓVEIS PLANEJADOS conforme solicitação da SECRETARIA MUNICIPAL DA CASA CIVIL.,,,,Comissão de Licitação 01,12:00,Prefeitura de petrolina,2025
0027/2025,0042/2025,19/02/2025,28/02/2025,Inexigibilidade,Prefeitura municipal de Petrolina,Processo Concluído,Compras e serviços,"contratação da empresa ELISSON CASTRO DE LIMA LTDA, inscrita no CNPJ sob o nº 08.074.508/0001-46, para a prestação de serviços artístico/musical da atração “ELISSON CASTRO","R$ 25.000,00","R$ 25.000,00",,Comissão de Licitação 01,12:00,PREFEITURA DE PETROLINA,2025
0031/2025,0406/2025,29/12/2025,09/12/2025,Concorrência Eletrônica,Secretaria de Infraestrutura e Mobilidade,Paralisada,Compras e serviços,"CONTRATAÇÃO DE EMPRESA ESPECIALIZADA PARA PRESTAÇÃO DE SERVIÇOS NA EXECUÇÃO DE IMPLANTAÇÃO E REVITALIZAÇÃO DE DIVERSAS RUAS NO MUNICÍPIO DE PETROLINA-PE, para atender às necessidades da Secretaria de Infraestrutura e Mobilidade – SEINFRA.","R$ 54.291.954,04","R$ 0,00",,Comissão de Licitação 02,09:00,Portal de Compras Públicas - www.portaldecompraspublicas.com.br,2025
0090/2025,0170/2025,09/05/2025,30/05/2025,Inexigibilidade,"Secretaria de Desenvolvimento Econômico, Turismo e Inovação",Processo Concluído,Compras e serviços,"contratação da empresa SIMONE MENDES PRODUÇÕES MUSICAIS, inscrita no CNPJ sob o nº 32.377.952/0001-15, para a prestação de serviços artístico/musical da atração “SIMONE MENDES”","R$ 750.000,00","R$ 750.000,00",,Comissão de Licitação 01,12:00,PREFEITURA DE PETROLINA,2025
0150/2025,0322/2025,14/07/2025,18/09/2025,Inexigibilidade,Secretaria de Saúde,Processo Concluído,Compras e serviços,"a locação de imóvel situado no endereço Avenida da Integração, nº 1219, Maria Auxiliadora, Município de Petrolina/PE, objeto da Matrícula n° 40.549, do 1° Ofício de Registro de Imóveis da Comarca de Petrolina,  – TFD em Petrolina-PE.","R$ 180.000,00","R$ 180.000,00",,Comissão de Licitação 01,12:00,PREFEITURA DE PETROLINA,2025
0045/2025,0178/2025,10/07/2025,18/06/2025,Pregão eletrônico,Secretaria de Saúde,Fracassada,Compras e serviços,Prestação de serviços relativos à LAVANDERIA HOSPITALAR DO CENTRO DE PARTO NORMAL MARIA DAS DORES (CPN) do município de Petrolina-PE.,"R$ 74.592,00",,,Comissão de Licitação 05,09:00,Portal de Compras Públicas.,2025
0004/2025,0000/0000,11/04/2025,21/05/2025,Adesão externa,"Secretaria de Educação, Cultura e Esporte",Processo Concluído,Compras e serviços,"AQUISIÇÃO DE MATERIAIS DE USO INDIVIDUAL DO ESTUDANTE, para atender às necessidades da Secretaria Municipal de Educação, Cultura e Esporte de Petrolina/PE","R$ 6.061.973,12","R$ 6.061.973,12",,Comissão de Licitação 01,12:00,PREFEITURA DE PETROLINA,2025
0033/2025,0048/2025,25/02/2025,28/02/2025,Inexigibilidade,Prefeitura municipal de Petrolina,Processo Concluído,Compras e serviços,"a contratação da empresa 49.295.672 DAIVERT DOS SANTOS ANDRADE, inscrita no CNPJ sob o nº 49.295.672/0001-60, para a prestação de serviços artístico/musical da atração “BANDA RADIOFÔNICA”,","R$ 5.500,00","R$ 5.500,00",,Comissão de Licitação 01,12:00,PREFEITURA DE PETROLINA,2025
0124/2025,0226/2025,06/06/2025,26/06/2025,Inexigibilidade,"Secretaria de Desenvolvimento Econômico, Turismo e Inovação",Processo Concluído,Compras e serviços,"contratação da empresa MENOS É MAIS PRODUÇÕES ARTÍSTICAS LTDA, inscrita no CNPJ sob o nº 38.376.746/0001-77, para a prestação de serviços artístico/musical da atração “MENOS É MAIS”","R$ 550.000,00","R$ 550.000,00",,Comissão de Licitação 01,12:00,PREFEITURA DE PEROLINA,2025
0102/2025,0341/2025,15/10/2025,30/09/2025,Pregão eletrônico,AUTARQUIA EDUCACIONAL DO VALE DO SÃO FRANCISCO/FACAPE,Processo Concluído,Compras e serviços,"INSTALAÇÃO DO SISTEMA DE PROTEÇÃO CONTRA DESCARGAS ATMOSFÉRICAS (SPDA), DO SISTEMA DE ALARME E DETECÇÃO DE INCÊNDIO, CONSTRUÇÃO DA CENTRAL DE GÁS, BEM COMO A CONSTRUÇÃO E INSTALAÇÃO DE ESCADA METÁLICA DE EMERGÊNCIA - FACAPE","R$ 923.012,26","R$ 0,0",,Comissão de Licitação 01,15:00,Portal de Compras Públicas,2025
0080/2025,0287/2025,03/09/2025,20/08/2025,Pregão eletrônico,AUTARQUIA EDUCACIONAL DO VALE DO SÃO FRANCISCO/FACAPE,Processo Concluído,Compras e serviços,"contratação de empresa para a AQUISIÇÃO DE APARELHOS DE AR-CONDICIONADO, mediante solicitação expressa da AUTARQUIA EDUCACIONAL DO VALE DO SÃO FRANCISCO – AEVSF.",,"R$ 0,00",,Comissão de Licitação 02,09:00,"PORTAL DE COMPRAS PÚBLICAS, no endereço eletrônico www.portaldecompraspublicas.com.br",2025
0065/2025,0124/2025,10/04/2025,25/04/2025,Inexigibilidade,"Secretaria de Desenvolvimento Econômico, Turismo e Inovação",Processo Concluído,Compras e serviços,"contratação da empresa HDF PRODUÇÕES E EVENTOS LTDA, inscrita no CNPJ sob o nº 00.886.833/0001-00, para a prestação de serviços artístico/musical da atração “CANINANA”, a se apresentar no dia 25/04/2025 durante a “12ª EXPORAJADA”","R$ 90.000,00","R$ 90.000,00",,Comissão de Licitação 01,12:00,PREFEITURA DE PETROLINA,2025
0157/2025,0343/2025,16/09/2025,30/09/2025,Inexigibilidade,Secretaria de Licitações e Contratos,Processo Concluído,Compras e serviços,"Contratação Direta, por Inexigibilidade, da empresa NP TECNOLOGIA E GESTAO DE DADOS LTDA, ","R$ 135.300,00","R$ 135.300,00",,Comissão de Licitação 01,12:00,PREFEITURA DE PETROLINA,2025
0003/2025,0312/2025,10/10/2025,08/10/2025,Credenciamento,AUTARQUIA EDUCACIONAL DO VALE DO SÃO FRANCISCO/FACAPE,Em andamento,Compras e serviços,"CONTRATAÇÃO DE CARROS PIPAS COM O CONDUTOR (PESSOA FÍSICA) ESPECIALIZADA NA PRESTAÇÃO DE SERVIÇO DE FORNECIMENTO E TRANSPORTE DE ÁGUA PORTÁVEL, por meio de caminhão-pipa com capacidade de transporte mínima de 8.000 litros (8 m³)...","R$ 10.612,50","R$ 0,00",,Comissão de Licitação 05,14:00,"AEVSF/FACAPE, sito no Campus Universitário, s/n, Cidade Universitária, Petrolina-PE, ou, ainda, poderá encaminhar a documentação por meio eletrônico, através do e-mail: licitacao@uni.facape.br",2025
0158/2025,0349/2025,01/09/2025,07/10/2025,Inexigibilidade,"Secretaria de Educação, Cultura e Esporte",Processo Concluído,Compras e serviços,"Contratação da empresa GERAÇÃO PRODUTORA LTDA, inscrita no CNPJ sob o nº 27.837.992/0001-00, para a prestação de serviços artístico/musical da atração “GERALDO AZEVEDO","R$ 140.000,00","R$ 140.000,00",,Comissão de Licitação 01,12:00,PREFEITURA DE PETROLINA,2025
0088/2025,0167/2025,07/05/2025,11/06/2025,Inexigibilidade,"Secretaria de Desenvolvimento Econômico, Turismo e Inovação",Processo Concluído,Compras e serviços,"Contratação da Empresa TALISMA ADMINISTRADORA DE SHOWS E EDITORA MUSICAL LTDA (TALISMÃ MUSIC), inscrita no CNPJ sob nº 07.694.879/0001-68, para a prestação de serviços artístico/musical da atração LEONARDO","R$ 750.000,00","R$ 750.000,00",,Comissão de Licitação 01,12:00,PREFEITURA DE PETROLINA,2025
0049/2025,0306/2025,26/08/2025,26/08/2025,Dispensa Eletrônica,Secretaria de Assistência Social e Combate à Fome,Fracassada,Compras e serviços,Contrataça o de empresa para execuça o de serviço de decoraça o do casamento comunita rio para atender a necessidade da Secretaria de Assiste ncia Social e Combate a Fome,"R$ 61.196,94","R$ 61.196,94",,Comissão de Licitação 01,12:00,PREFEITURA DE PETROLINA,2025
0018/2025,0109/2025,23/04/2025,27/05/2025,Dispensa Eletrônica,Secretaria de Assistência Social e Combate à Fome,Processo Concluído,Compras e serviços,Contrataça o de empresa para Aquisiça o de TICKET de ga s liquefeito de petro leo (GLP P13 e P45) para que os setores possam dar continuidade,"R$ 44.080,00","R$ 44.080,00",,Comissão de Licitação 01,12:00,PREFEITURA DE PETROLINA,2025
0085/2025,0294/2025,09/09/2025,26/08/2025,Pregão eletrônico,Secretaria de Assistência Social e Combate à Fome,Processo Concluído,Compras e serviços,"EVENTUAL (AIS) contratação (ões) de empresa (s) para a AQUISIÇÃO DE PROJETORES MULTIMÍDIA, para equipar as Unidades Escolares e Administrativas da Rede Municipal de Ensino de Petrolina/PE.","R$ 545.678,50",,,Comissão de Licitação 02,09:00,Portal de Compras Públicas.,2025
0035/2025,0227/2025,01/07/2025,07/07/2025,Dispensa Eletrônica,"Secretaria de Educação, Cultura e Esporte",Processo Concluído,Compras e serviços,contratação de empresa para a locação de veículos destinados ao evento da Feira Nacional de Negócios do Artesanato - Fenearte,"R$ 27.046,23","R$ 27.046,23",,Comissão de Licitação 01,12:00,PREFEITURA DE PETROLINA,2025
0007/2025,0071/2025,15/04/2025,21/03/2025,Pregão eletrônico,"Secretaria de Educação, Cultura e Esporte",Processo Concluído,Compras e serviços,"AQUISIÇÃO DE PÃO DE SAL TIPO SEDA, BOLO TIPO FATIA E PÃO DE FORMA INTEGRAL, destinados à alimentação escolar dos estudantes matriculados na Rede Municipal de Ensino de Petrolina/PE, em conformidade com às diretrizes do FNDE/PNAE.","R$ 2.896.107,48",,,Comissão de Licitação 01,09:00,Portal de Compras Públicas.,2025
0064/2025,0385/2025,03/12/2025,03/12/2025,Dispensa Eletrônica,Secretaria de Receitas Municipais,Em andamento,Compras e serviços,Contratação de empresa para confecção de camisas personalizadas para a campanha do IPTU 2026. ,"R$ 12.243,00","R$ 12.243,00",,Comissão de Licitação 01,12:00,PREFEITURA DE PETROLINA,2025
0055/2025,0222/2025,28/07/2025,11/07/2025,Pregão eletrônico,AUTARQUIA EDUCACIONAL DO VALE DO SÃO FRANCISCO/FACAPE,Processo Concluído,Compras e serviços,"EVENTUAL (AIS) contratação (ões) de empresa especializada em SERVIÇO DE ORNAMENTAÇÃO DECORATIVA, incluindo ornamentação universitária para eventos como Colação de Grau e Cerimônia do Jaleco.","R$ 244.242,58",,,Comissão de Licitação 01,09:00,Portal de Compras Públicas.,2025
0133/2025,0273/2025,19/06/2025,28/05/2026,Inexigibilidade,Secretaria de Assistência Social e Combate à Fome,Processo Concluído,Compras e serviços,"Contratação da empresa TK ELEVADORES BRASIL LTDA, regularmente inscrita no CNPJ/MF sob o nº 90.347.840/0008-94,","R$ 13.832,28","R$ 13.832,28",,Comissão de Licitação 02,12:00,PREFEITURA DE PETROLINA,2025
0141/2025,0286/2025,31/07/2025,06/08/2025,Inexigibilidade,Procuradoria Geral do Município,Processo Concluído,Compras e serviços,"Contratação da empresa LABORATÓRIO DE LICITAÇÕES LTDA, regularmente inscrito no CNPJ/MF sob o nº 44.480.098/0001-05, 

Número: 2462/2025","R$ 20.999,79","R$ 20.999,79",,Comissão de Licitação 01,12:00,PREFEITURA PETROLINA ,2025
0032/2025,0047/2025,24/02/2025,12/03/2025,Inexigibilidade,Prefeitura municipal de Petrolina,Processo Concluído,Compras e serviços,"ontratação da Empresária Individual 49.860.954 MARIZA JUDITE RIBEIRO-ME, regularmente inscrita no CNPJ/MF sob o nº 49.860.954/0001-63, para a prestação de serviços artístico-musical da atração “NOVO SKEMA”","R$ 5.000,00","R$ 5.000,00",,Comissão de Licitação 01,12:00,PREFEITURA DE PETROLINA,2025
0111/2025,0212/2025,09/06/2025,25/06/2025,Inexigibilidade,"Secretaria de Desenvolvimento Econômico, Turismo e Inovação",Processo Concluído,Compras e serviços,"contratação da empresa ANA NILZA COSTA DE OLIVEIRA 00764927450, inscrita no CNPJ sob o nº 15.524.319/0001-93, para a prestação de serviços artístico/musical da atração “ANA COSTA”","R$ 30.000,00","R$ 30.000,00",,Comissão de Licitação 01,12:00,PREFEITURA DE PETROLINA,2025
0002/2025,0008/2025,10/03/2025,17/02/2025,Pregão eletrônico,"Secretaria Municipal de Educação, Cultura e Esportes",Processo Concluído,Compras e serviços,"Contratação de empresa para AQUISIÇÃO DE CAFÉ para atender as necessidades da Secretaria Municipal de Educação, Cultura e Esporte e demais dependências sob sua responsabilidade, conforme solicitação expressa da mesma.","R$ 75.200,00","R$ 0,00",,Comissão de Licitação 04,09:00,"PORTAL DE COMPRAS PÚBLICAS, no endereço eletrônico www.portaldecompraspublicas.com.br.",2025
0101/2025,0195/2025,26/05/2025,11/06/2025,Inexigibilidade,"Secretaria de Desenvolvimento Econômico, Turismo e Inovação",Processo Concluído,Compras e serviços,"contratação das empresas GERAÇÃO PRODUTORA LTDA, inscrita no CNPJ sob o nº 27.839.992/0001-00 (Geraldo Azevedo); MV PRODUÇÕES ARTÍSTICAS LTDA, inscrita no CNPJ/MF sob o nº 07.422.115/0001-13 (Alceu Valença) ","R$ 700.000,00","R$ 700.000,00",,Comissão de Licitação 01,12:00,PREFEITURA DE PETROLINA,2025
0125/2025,0231/2025,25/06/2025,01/07/2025,Inexigibilidade,"Secretaria de Desenvolvimento Econômico, Turismo e Inovação",Processo Concluído,Compras e serviços,"contratação da empresa RN DOS SANTOS PRODUÇÕES MUSICAIS, inscrita no CNPJ sob o nº 96.852.264/0001- 42, para a prestação de serviços artístico/musical da atração “RAIMUNDINHO DO ACORDEON”","R$ 14.000,00","R$ 14.000,00",,Comissão de Licitação 01,12:00,PREFEITURA DE PETROLINA,2025
0077/2025,0269/2025,04/09/2025,21/08/2025,Pregão eletrônico,Secretaria de Saúde,Em andamento,Compras e serviços,Aquisição de gêneros alimentícios (não perecíveis) para abastecimento das unidades da ATENÇÃO BÁSICA (CAPS),"R$ 280.658,20","R$ 0,0",,Comissão de Licitação 02,09:00,Portal de Compras Públicas,2025
0120/2025,0392/2025,16/12/2025,01/12/2025,Pregão eletrônico,Secretaria de Serviços Públicos e Defesa Civil,Processo Concluído,Compras e serviços,"EVENTUAL contratação de empresa especializada para PREST. DE SERVIÇO DE FORNECIMENTO DE HORAS MÁQUINAS PRODUTIVAS, PARA MANUTENÇÃO E DESOBSTRUÇÃO DE VIAS VICINAIS URBANAS E RURAIS, BEM COMO LIMPEZA. ","R$ 12.268.339,68",,,Comissão de Licitação 05,09:00,Portal de Compras Públicas.,2025
0153/2025,0326/2025,19/08/2025,10/09/2025,Inexigibilidade,"Secretaria de Desenvolvimento Econômico, Turismo e Inovação",Processo Concluído,Compras e serviços,"Contratação do microempreendor (MEI) FERNANDO VIDAL PINHEIRO JUNIOR 02991464488 - ME, inscrita no CNPJ sob o nº 45.915.806/0001-48, para a prestação de serviços artístico/musical da atração FERNANDO JUNIOR","R$ 10.000,00","R$ 10.000,00",,Comissão de Licitação 01,12:00,PREFEITURA DE PETROLINA,2025
0061/2025,0363/2025,30/10/2025,30/10/2025,Dispensa Eletrônica,Secretaria de Receitas Municipais,Em andamento,Compras e serviços,"PRESTAÇÃO DE SERVIÇOS GRÁFICOS RELATIVOS À CONFECÇÃO DE CARNÊ DE TRIBUTOS MUNICIPAIS (IPTU, ISS E TAXAS)","R$ 60.000,00","R$ 60.000,00",,Comissão de Licitação 01,09:00,PREFEITURA DE PETROLINA,2025
0017/2025,0297/2025,24/09/2025,09/09/2025,Concorrência Eletrônica,"Secretaria de Educação, Cultura e Esporte",Processo Concluído,Compras e serviços,"Contratação de empresa para prestação de serviços de engenharia para REFORMA DE COZINHAS DE UNIDADES ESCOLARES, COM IMPLANTAÇÃO DE SISTEMA DE EXAUSTÃO E INSUFLAÇÃO, INCLUINDO FORNECIMENTO E INSTALAÇÃO DE EQUIPAMENTOS...","R$ 9.089.241,50","R$ 0,00",,Comissão de Licitação 01,09:00,Portal de Compras Públicas - www.portaldecompraspublicas.com.br,2025
0012/2025,0000/0000,19/08/2025,16/12/2025,Adesão externa,"Secretaria de Educação, Cultura e Esporte",Processo Concluído,Compras e serviços,"AQUISIÇÃO DE ESTAÇÕES DE TRABALHO (DESKTOPS),","R$ 5.458.375,00","R$ 5.458.375,00",,Comissão de Licitação 01,12:00,PREFEITURA DE PETROLINA,2025
0046/2025,0292/2025,11/09/2025,11/09/2025,Dispensa Eletrônica,AUTARQUIA MUNICIPAL DE MOBILIDADE DE PETROLINA – AMMPLA,Revogada,Compras e serviços,"Aquisição de protetor solar, conforme condições e exigências estabelecidas nestinstrumento",,,,Comissão de Licitação 01,12:00,PREFEITURA DE PETROLINA,2025
0029/2025,0171/2025,26/05/2025,07/07/2025,Dispensa Eletrônica,"Secretaria de Desenvolvimento Econômico, Turismo e Inovação",Processo Concluído,Compras e serviços,"Contratação de empresa especializada no ramo de engenharia civil para a prestação de serviços relativos à ELABORAÇÃO DOS PROJETOS BÁSICO E EXECUTIVO DO EMBARQUE E DESEMBARQUE DAS BARQUINHAS E DO PROJETO EXECUTIVO DO CAIS FLUVIAL DE PETROLINA/PE.
","R$ 76.499,99","R$ 76.499,99",,Comissão de Licitação 01,01:00,PREFEITURA DE PETROLINA,2025
0113/2025,0214/2025,09/06/2025,16/06/2025,Inexigibilidade,"Secretaria de Desenvolvimento Econômico, Turismo e Inovação",Processo Concluído,Compras e serviços,"contratação da empresa SUPERNOVA PRODUCOES E EVENTOS LTDA, inscrita no CNPJ sob o nº 14.322.975/0001-40, para a prestação de serviços artístico/musical da atração “EDSON LIMA E LIMÃO COM MEL”","R$ 260.000,00","R$ 260.000,00",,Comissão de Licitação 01,12:00,PREFEITURA DE PETORLNA,2025
0019/2025,0295/2025,10/09/2025,26/08/2025,Concorrência Eletrônica,"Secretaria de Educação, Cultura e Esporte",Processo Concluído,Compras e serviços,"Contratação de empresa do ramo de engenharia civil para prestação de serviços relativos à IMPLANTAÇÃO DE UNIDADES BÁSICAS DE SAÚDE NOS BAIRROS PSNC N 4, PSNC N 7, KM 25, NOVA DESCOBERTA E PSNC N 10, no município de Petrolina/PE(...). ","R$ 15.040.112,75","R$ 0,00",,Comissão de Licitação 01,09:00,Portal de Compras Públicas: www.portaldecompraspublicas.com.br,2025
0019/2025,0100/2025,28/04/2025,10/04/2025,Pregão eletrônico,Secretaria de Saúde,Processo Concluído,Compras e serviços,"AQUISIÇÃO DE GÊNEROS ALIMENTÍCIOS HORTIFRUTIGRANJEIROS destinados à Casa de Apoio situada em Recife-PE, vinculada ao Tratamento Fora de Domicílio (TFD) de Petrolina-PE.","R$ 213.128,77",,,Comissão de Licitação 02,09:00,Portal de Compras Públicas.,2025
0004/2025,0011/2025,28/02/2025,17/02/2025,Pregão eletrônico,Secretaria de Agricultura,Processo Concluído,Compras e serviços,Aquisição de material para Patrulha Mecanizada,"R$ 626.712,56","R$ 0,0",,Comissão de Licitação 02,09:00,Portal de Compras Pública,2025
0109/2025,0366/2025,10/11/2025,23/10/2025,Pregão eletrônico,"Secretaria de Desenvolvimento Econômico, Turismo e Inovação",Processo Concluído,Compras e serviços,"Contratação de empresa (s) especializada (s) para a LOCAÇÃO DE ESTRUTURAS TEMPORÁRIAS TEMÁTICAS (NATALINA), ","R$ 6.449.507,23",,,Comissão de Licitação 01,09:00,PORTAL DE COMPRAS PUBLICAS,2025
0126/2025,0232/2025,25/06/2025,01/07/2025,Inexigibilidade,"Secretaria de Desenvolvimento Econômico, Turismo e Inovação",Processo Concluído,Compras e serviços,"contratação da empresa EDINALVA FERREIRA XAVIER EVENTOS LTDA, inscrita no CNPJ sob o nº 22.678.145/0001-89, para a prestação de serviços artístico/musical da atração
“SÉRGIO DO FORRÓ”","R$ 25.000,00","R$ 25.000,00",,Comissão de Licitação 01,12:00,Prefeitura de Petrolina,2025
0020/2025,0034/2025,19/02/2025,05/09/2025,Inexigibilidade,"Secretaria de Desenvolvimento Econômico, Turismo e Inovação",Processo Concluído,Compras e serviços,"contratação da empresa WAGNER MIRANDA LIMA 02064654402, inscrita no CNPJ sob o nº 16.510.407/0001- 07, para a prestação de serviços artístico/musical da atração “BANDA MATINGUEIROS”","R$ 18.000,00","R$ 18.000,00",,Comissão de Licitação 01,12:00,PREFEITURA DE PETROLINA,2025
0034/2025,0209/2025,26/08/2025,26/08/2025,Dispensa Eletrônica,Secretaria de Comunicação,Em andamento,Compras e serviços,"EQUIPAMENTOS MULTIMIDIA para atender as necessidades da Secretaria Municipal de Comunicações de Petrolina/PE, nos termos da tabela abaixo,
conforme condições e exigências estabelecidas neste instrumento. ","R$ 61.318,07","R$ 61.318,07",,Comissão de Licitação 01,12:00,PREFEITURA DE PETROLINA ,2025
0097/2024,0280/2024,08/01/2025,23/12/2024,Pregão eletrônico,Secretaria Municipal de Saúde | SESAU,Processo Concluído,Compras e serviços,Aquisição de equipamentos de informática para auxiliar nos serviços de Atenção Básica - Secretaria de Saúde,"R$ 544.552,95","R$ 0,0",,Comissão de Licitação 04,09:00,Portal de Compras Públicas,2025
0104/2025,0202/2025,13/05/2025,18/06/2025,Inexigibilidade,"Secretaria de Desenvolvimento Econômico, Turismo e Inovação",Processo Concluído,Compras e serviços,"contratação da empresa CCLI PEDREIRA SHOWS E EVENTOS LTDA, inscrita no CNPJ sob o nº 36.922.407/0001-13, para a prestação de serviços artístico/musical da atração
“CLAUDIA LEITE”","R$ 550.000,00","R$ 550.000,00",,Comissão de Licitação 01,12:00,PREFEITURA DE PETROLINA,2025
0005/2025,0078/2025,13/05/2025,28/03/2025,Concorrência Eletrônica,"Secretaria Municipal de Educação, Cultura e Esportes",Processo Concluído,Compras e serviços,"Contratação de empresa de engenharia para CONSTRUÇÃO DA ESCOLA NOVA DE PEDRINHAS, localizada no Povoado de Pedrinhas, neste município, conforme solicitação expressa da Secretaria de Educação, Cultura e Esporte de Petrolina.","R$ 2.711.596,12","R$ 0,00",,Comissão de Licitação 01,09:00,Portal de Compras Públicas –  www.portaldecompraspublicas.com.br,2025
0049/2025,0065/2025,24/03/2025,10/03/2025,Inexigibilidade,Prefeitura municipal de Petrolina,Processo Concluído,Compras e serviços,"contratação da empresa MEGA NTRETENIMENTO LTDA, inscrita no CNPJ sob o nº 55.108.847/0001-86, para a prestação de serviços artístico/musical da atração “THIAGUINHO CARVALHO","R$ 50.000,00","R$ 50.000,00",,Comissão de Licitação 01,12:00,PREFEITURA DE PETROLINA,2025
0011/2025,0241/2025,26/09/2025,06/08/2025,Concorrência Eletrônica,Secretaria de Infraestrutura e Mobilidade,Processo Concluído,Obras e serviços de engenharia,"Contratação de empresa especializada para prestação de serviços relativos à elaboração de projetos básicos de pavimentação de ruas.
OBSERVAÇÃO: O ARQ. ANEXO VI - PDCA PMD MAPAS AREAS RISCO R00 DEVERÁ SER SOLICITADO POR E-MAIL ","R$ 3.602.224,93","R$ 0,0",,Comissão de Licitação 01,09:00,Portal de Compras Públicas,2025
0110/2025,0211/2025,10/06/2025,18/06/2025,Inexigibilidade,"Secretaria de Desenvolvimento Econômico, Turismo e Inovação",Processo Concluído,Compras e serviços,"contratação da empresa VF SHOWS PRODUÇÕES LTDA, inscrita no CNPJ sob o nº 39.269.483/0001-60, para a prestação de serviços artístico/musical da atração “VITOR FERNANDES”","R$ 250.000,00","R$ 250.000,00",,Comissão de Licitação 01,12:00,PREFEITURA DE PETROLINA,2025
0156/2025,0339/2025,04/09/2025,07/10/2025,Inexigibilidade,Secretaria de Assistência Social e Combate à Fome,Processo Concluído,Compras e serviços,"locação de imóvel na cidade de Petrolina/PE, com fulcro no art. 74, inciso V, da Lei Federal 14.133/2021, a fim de dar funcionamento ao Centro de Referência Especializado de Assistência Social (CREAS) ","R$ 54.000,00","R$ 54.000,00",,Comissão de Licitação 01,12:00,PREFEITURA DE PETROLINA,2025
0020/2025,0121/2025,22/05/2025,18/06/2025,Dispensa Eletrônica,Secretaria de Saúde,Processo Concluído,Compras e serviços,PRESTAÇÃO	 DE	 SERVIÇOS	 RELATIVOS	 À	 DEDETIZAÇÃO	 E	 CONTROLE	 DE	 PRAGAS	 URBANAS	 E	 VETORES,"R$ 33.750,62","R$ 33.750,62",,Comissão de Licitação 01,12:00,prefeitura de petrolina,2025
0144/2025,0301/2025,02/04/2025,14/08/2025,Inexigibilidade,Secretaria de Saúde,Processo Concluído,Compras e serviços,"ontratação da empresa AUTO VIAÇÃO PROGRESSO LTDA, que detém a exclusividade mediante delegação da prestação dos serviços públicos de transporte coletivo cujo itinerário é Petrolina/PE-Recife/PE e Recife/PE-Petrolina/PE, ","R$ 3.090.550,00","R$ 3.090.550,00",,Comissão de Licitação 01,12:00,PREFEITURA DEPETROLINA,2025
0135/2025,0276/2025,23/07/2025,29/07/2025,Inexigibilidade,"Secretaria de Desenvolvimento Econômico, Turismo e Inovação",Processo Concluído,Compras e serviços,"contratação da empresa 59.942.687 JULIO ARTHUR PINHEIRO RODRIGUES LOCIO, inscrita no CNPJ sob o nº 59.942.687/0001-27, para a prestação de serviços artístico/musical da atração “ARTHURZINHO”","R$ 5.000,00","R$ 5.000,00",,Comissão de Licitação 01,12:00,PREFEIRURA DE PETROLINA,2025
0005/2025,0000/0000,22/01/2025,23/05/2025,Adesão externa,"Secretaria de Educação, Cultura e Esporte",Processo Concluído,Compras e serviços,"AQUISIÇÃO DE LIVROS DE EDUCAÇÃO FINANCEIRA, para atender às necessidades da Secretaria Municipal de Educação, Cultura e Esporte de
Petrolina/PE.","R$ 1.706.469,90","R$ 1.706.469,90",,Comissão de Licitação 01,12:00,PREFEITURA DE PETROLINA,2025
0166/2025,0370/2025,15/10/2025,23/10/2025,Inexigibilidade,"Secretaria de Educação, Cultura e Esporte",Processo Concluído,Compras e serviços,"contratação da associação ANDELIVROS - ASSOCIAÇÃO DO NORDESTE DE DISTRIBUIDORAS E EDITORAS DE LIVROS, inscrita no CNPJ nº 01.062.929/0001-08, responsável pela execução do “I Festival Literário de Juazeiro-BA, denominado JUÁ LITERÁRIO”","R$ 2.099.300,00","R$ 2.099.300,00",,Comissão de Licitação 01,12:00,PREFEITURA DE PETROLINA,2025
0058/2025,0230/2025,04/08/2025,18/07/2025,Pregão eletrônico,AUTARQUIA EDUCACIONAL DO VALE DO SÃO FRANCISCO/FACAPE,Processo Concluído,Compras e serviços,PRESTAÇÃO DE SERVIÇO DE RECARGA DE EXTINTORES DE INCÊNDIO.,"R$ 16.079,34",,,Comissão de Licitação 04,09:00,Portal de compras públicas.,2025
0103/2025,0345/2025,10/11/2025,23/10/2025,Pregão eletrônico,"Secretaria de Educação, Cultura e Esporte",Processo Concluído,Compras e serviços,"Contratação de empresa para PRESTAÇÃO DE SERVIÇOS DE LOCAÇÃO DE VEÍCULOS, incluindo vans, micro-ônibus e caminhão baú, destinados a atender às necessidades de deslocamento de servidores e transporte de materiais a longas distâncias...","R$ 1.369.111,68","R$ 0,00",,Comissão de Licitação 02,09:00,"PORTAL DE COMPRAS PÚBLICAS, no endereço eletrônico www.portaldecompraspublicas.com.br",2025
0021/2025,0329/2025,03/11/2025,12/09/2025,Concorrência,Secretaria de Comunicação,Processo Concluído,Compras e serviços,"SERVIÇOS DE COMUNICAÇÃO DIGITAL a serem prestados por intermédio de agência de marketing digital, com vistas a melhor atender às necessidades de comunicação publicitária da Prefeitura de Petrolina.","R$ 5.999.780,00","R$ 0,0",,Comissão de Licitação 02,09:00,"AVENIDA GUARARAPES, Nº 2114, CENTRO, PETROLINA/PE ",2025
0122/2025,0224/2025,27/05/2025,26/06/2025,Inexigibilidade,"Secretaria de Desenvolvimento Econômico, Turismo e Inovação",Processo Concluído,Compras e serviços,"Contratação da Empresa NL PRODUÇÕES ARTISTICAS LTDA, inscrita no CNPJ sob nº 44.147.523/0001-30, para a prestação de serviços artístico/musical da atração NATANZINHO LIMA","R$ 600.000,00","R$ 600.000,00",,Comissão de Licitação 01,12:00,PREFEITURA DE PETROLINA,2025
0092/2025,0177/2025,07/05/2025,02/06/2025,Inexigibilidade,"Secretaria de Desenvolvimento Econômico, Turismo e Inovação",Processo Concluído,Compras e serviços,"Contratação da Empresa TATY GIRL GRAVAÇÕES, EDIÇÕES MUSICAIS E EVENTOS LTDA-ME, inscrita no CNPJ sob nº 23.268.243/0001-00, para a prestação de serviços artístico/musical da atração TATY GIRL,","R$ 250.000,00","R$ 250.000,00",,Comissão de Licitação 01,12:00,PREFEITURA DE PETROLINA,2025
0008/2025,0000/0000,09/04/2025,16/07/2025,Adesão externa,"Secretaria de Educação, Cultura e Esporte",Processo Concluído,Compras e serviços," aquisição de 955 (novecentos e cinquenta e cinco) unidades de Notebooks, incluindo garantia técnica pelo período de 60 (sessenta) meses, para a Secretaria Municipal de Educação Cultura e Esportes – SEDUCE","R$ 3.673.885,00","R$ 3.673.885,00",,Comissão de Licitação 01,12:00,PREFEITURA DE PETROLINA,2025
0149/2025,0315/2025,13/08/2025,05/09/2025,Inexigibilidade,"Secretaria de Desenvolvimento Econômico, Turismo e Inovação",Processo Concluído,Compras e serviços,"Contratação da empresa DESTAK SERVIÇOS E PROMOÇÕES ARTÍSTICAS LTDA, inscrita no CNPJ sob o nº 43.453.655/0001-28, para a prestação de serviços artístico/musical da atração “LABAREDAS ","R$ 50.000,00","R$ 50.000,00",,Comissão de Licitação 01,12:00,PREFEITURA DE PETROLINA,2025
0031/2025,0046/2025,20/02/2025,28/02/2025,Inexigibilidade,Prefeitura municipal de Petrolina,Processo Concluído,Compras e serviços,"contratação da empresa 49.860.954 MARIZA JUDITE RIBEIRO, inscrita no CNPJ sob o nº 49.860.954/0001-63, para a prestação de serviços artístico/musical da atração “MÁDARA E BANDA”","R$ 5.500,00","R$ 5.500,00",,Comissão de Licitação 01,12:00,PREFEITURA DE PETROLINA,2025
0014/2025,0076/2025,14/05/2025,07/07/2025,Dispensa Eletrônica,Secretaria de Saúde,Em andamento,Compras e serviços,"AQUISIÇÃO DE INSTRUMENTAL CIRÚRGICO, destinado a atender às necessidades Centro de Referência em Saúde da Mulher, vinculado à Secretaria Municipal de Saúde de Petrolinado PE.","R$ 14.902,84",,,Comissão de Licitação 01,12:00,PREFEITURA DE PETROLINA,2025
0107/2025,0205/2025,27/05/2025,18/06/2025,Inexigibilidade,"Secretaria de Desenvolvimento Econômico, Turismo e Inovação",Processo Concluído,Compras e serviços,"contratação da empresa M SHOW PRODUÇÕES E EVENTOS LTDA, inscrita no CNPJ sob o nº 34.262.043/0001-67, para a prestação de serviços artístico/musical da atração “MURILO HUFF”","R$ 500.000,00","R$ 500.000,00",,Comissão de Licitação 01,12:00,PREFEITURA DE PETROLINA,2025
0027/2025,0113/2025,16/05/2025,05/05/2025,Pregão eletrônico,"Secretaria de Educação, Cultura e Esporte",Processo Concluído,Compras e serviços,AQUISIÇÃO DE TICKETS’S PARA VASILHAMES P45 E KIT REGULADOR DE GÁS.,"R$ 45.541,55",,,Comissão de Licitação 01,09:00,Portal de Compras Públicas,2025
0018/2025,0299/2025,12/09/2025,28/08/2025,Concorrência Eletrônica,"Secretaria de Educação, Cultura e Esporte",Processo Concluído,Obras e serviços de engenharia,"CONSTRUÇÃO DA CRECHE HONORINA HELENA DA SILVA, localizadas no R-4, Projeto Maria Tereza, Zona Rural, neste Município.","R$ 2.776.897,31",,,Comissão de Licitação 02,09:00,Portal de Compras Públicas.,2025
0072/2025,0143/2025,01/04/2025,14/05/2025,Inexigibilidade,"Secretaria de Educação, Cultura e Esporte",Processo Concluído,Compras e serviços,"Contratação da Empresa OK PRODUCOES E REPRESENTACOES ARTISTICAS LTDA, inscrita no CNPJ sob nº 36.623.504/0001-05, para a prestação de serviços artístico-musical da atração “DEVINHO NOVAES”","R$ 200.000,00","R$ 200.000,00",,Comissão de Licitação 01,12:00,PREFEITURA DE PETROLINA,2025
0101/2025,0338/2025,29/10/2025,14/10/2025,Pregão eletrônico,"Secretaria de Educação, Cultura e Esporte",Em andamento,Compras e serviços,"PRESTAÇÃO DE SERVIÇOS DE CONFECÇÃO DE MATERIAL GRÁFICO E SERIGRÁFICO para a realização dos eventos esportivos municipais, atendendo à programação do calendário esportivo.","R$ 17.010,43",,,Comissão de Licitação 05,09:00,Portal de compras públicas.,2025
0051/2025,0067/2025,27/02/2025,10/03/2025,Inexigibilidade,Prefeitura municipal de Petrolina,Processo Concluído,Compras e serviços,"contratação da empresa DOMINGO SÁVIO VENTURA BRANDÃO - ME, inscrita no CNPJ sob o nº 12.596.458/0001-34, para a prestação de serviços artístico/musical da atração
“FREVUCA”,","R$ 40.000,00","R$ 40.000,00",,Comissão de Licitação 01,12:00,PREFEITURA DE PETROLINA,2025
0009/2025,0081/2025,11/04/2025,31/03/2025,Pregão eletrônico,"Secretaria de Educação, Cultura e Esporte",Processo Concluído,Compras e serviços,"AQUISIÇÃO DE APARELHOS DE AR-CONDICIONADO, para atender às necessidades das Unidades Escolares da Rede Municipal de Ensino de Petrolina/PE, demais dependências administrativas sob responsabilidade da SEDUCE.","R$ 6.027.609,97",,,Comissão de Licitação 02,09:00,Portal de Compras Públicas.,2025
0013/2025,0025/2025,18/02/2025,26/02/2025,Inexigibilidade,Prefeitura municipal de Petrolina,Processo Concluído,Compras e serviços,"contratação da empresa FERNANDO VIDAL PINHEIRO JÚNIOR 02991464488, inscrita no CNPJ sob o nº 45.915.806/0001-48, para a prestação de serviços artístico/musical da atração “BANDA FERNANDO JÚNIOR","R$ 15.000,00","R$ 15.000,00",,Comissão de Licitação 01,12:00,PREFEITURA DE PETROLINA,2025
0031/2025,0126/2025,01/08/2025,09/12/2025,Pregão eletrônico,"Secretaria de Educação, Cultura e Esporte",Processo Concluído,Compras e serviços,contratação de empresa (s) para eventual (ais) aquisição (ções) de utensílios de cozinha para abastecimento das unidades escolares da Rede de Ensino ,"R$ 2.242.512,87",,,Comissão de Licitação 05,09:00,Portal de Compras Públicas,2025
0098/2025,0182/2025,16/05/2025,11/06/2025,Inexigibilidade,"Secretaria de Desenvolvimento Econômico, Turismo e Inovação",Processo Concluído,Compras e serviços,"Contratação da Empresa NATTAN PRODUÇÕES ARTÍSTICAS LTDA, inscrita no CNPJ sob nº 41.775.478/0001-70, para a prestação de serviços artístico/musical da atração NATTAN,","R$ 900.000,00","R$ 900.000,00",,Comissão de Licitação 01,12:00,PREFEITURA DE PETROLINA,2025
0029/2025,0397/2025,30/12/2025,10/12/2025,Concorrência Eletrônica,Secretaria de Desenvolvimento Rural,Em andamento,Compras e serviços,"Contratação de empresa especializada no ramo de engenharia civil para a prestação de serviços relativos à Reforma do Mercado Público Antônio Aureliano, distrito de Izacolândia em Petrolina-PE.","R$ 1.356.081,15","R$ 0,00",,Comissão de Licitação 01,09:00,Portal de Compras Públicas - www.portaldecompraspublicas.com.br,2025
0111/2025,0376/2025,26/11/2025,10/11/2025,Pregão eletrônico,"Secretaria de Educação, Cultura e Esporte",Processo Concluído,Compras e serviços,AQUISIÇÃO DE MATERIAIS DE HIGIENE.,"R$ 1.502.715,23",,,Comissão de Licitação 05,09:00,Portal de Compras Públicas.,2025
0044/2025,0279/2025,21/07/2025,07/08/2025,Dispensa por outros motivos,AUTARQUIA EDUCACIONAL DO VALE DO SÃO FRANCISCO/FACAPE,Processo Concluído,Compras e serviços,"contrato o serviço especializado de planejamento, organização e execução de concurso público para provimento de 51 (cinquenta e uma) vagas, destinadas ao provimento de cargos do quadro de professores da FACAPE","R$ 839.740,00","R$ 839.740,00",,Comissão de Licitação 01,12:00,PREFEITURA DE PETROLINA,2025
0093/2025,0179/2025,23/05/2025,02/06/2025,Inexigibilidade,"Secretaria de Desenvolvimento Econômico, Turismo e Inovação",Processo Concluído,Compras e serviços,"contratação da empresa TULIO DUARTE SHOWS LTDA, inscrita no CNPJ sob o nº 56.995.153/0001-70, para a prestação de serviços artístico/musical da atração “TULIO DUARTE”","R$ 50.000,00","R$ 50.000,00",,Comissão de Licitação 01,12:00,PREFEITURA DE PETROLINA,2025
0090/2025,0314/2025,22/09/2025,09/09/2025,Pregão eletrônico,Secretaria de Licitações e Contratos,Processo Concluído,Compras e serviços,"AQUISIÇÃO DE MATERIAL PERMANENTE (ESTANTE EM AÇO), para atender às demandas da Administração Pública direta e indireta.","R$ 222.646,19",,,Comissão de Licitação 04,09:00,Portal de compras públicas.,2025
0042/2025,0058/2025,20/02/2025,10/03/2025,Inexigibilidade,Prefeitura municipal de Petrolina,Processo Concluído,Compras e serviços,"contratação da empresa LAILA TICIANE DE MELO RODRIGUES SANTOS 07263808498, inscrita no CNPJ sob o nº 29.507.338/0001-16, para a prestação de serviços artístico/musical da atração “BANDA DUBAIA”","R$ 5.500,00","R$ 5.500,00",,Comissão de Licitação 01,12:00,PREFEITURA DE PETROLINA,2025
0071/2025,0254/2025,18/08/2025,04/08/2025,Pregão eletrônico,Secretaria de Saúde,Em andamento,Compras e serviços,"Contratação de empresas para a AQUISIÇÃO DE PEÇAS PARA EQUIPAMENTOS ODONTOLÓGICOS destinados a atender às necessidades dos serviços de saúde bucal do município de Petrolina-PE, conforme solicitação expressa da Secretaria Municipal de Saúde.","R$ 64.342,41","R$ 0,00",,Comissão de Licitação 02,09:00,"PORTAL DE COMPRAS PÚBLICAS, no endereço eletrônico www.portaldecompraspublicas.com.br",2025
0069/2025,0252/2025,22/08/2025,07/08/2025,Pregão eletrônico,INSTITUTO DE GESTÃO PREVIDENCIÁRIA DO MUNICÍPIO DE PETROLINA - IGEPREV ,Processo Concluído,Compras e serviços,"Contratação de empresa para PRESTAÇÃO FUTURA DO SERVIÇO DE BUFFET E OU/COQUETEL PARA FORNECIMENTO DE ALIMENTAÇÃO, incluindo os serviços correlatos e de suporte para eventos institucionais, promovidos pelo IGEPREV.","R$ 112.920,00",,,Comissão de Licitação 04,09:00,Portal de Compras Públicas.,2025
0098/2025,0330/2025,10/10/2025,29/09/2025,Pregão eletrônico,Secretaria de Saúde,Processo Concluído,Compras e serviços,"AQUISIÇÃO DE ESFIGMOMANÔMETRO e ESTETOSCÓPIO, destinados atender às necessidades dos serviços da Atenção Básica.","R$ 55.095,00",,,Comissão de Licitação 04,09:00,Portal de Compras Públicas.,2025
0052/2025,0336/2025,16/10/2025,16/10/2025,Dispensa Eletrônica,AGÊNCIA MUNICIPAL DE EMPREENDEDORISMO – AGE,Em andamento,Compras e serviços,"A PRESTAÇÃO DE SERVIÇOS DE REFEIÇÃO, LANCHES E COFFEE BREAK para atender as demandas da Agência Municipal de Empreendedorismo (AGE). ","R$ 27.931,20",,,Comissão de Licitação 01,11:00,PREFEITURA DE PETROLINA,2025
0016/2024,0268/2024,06/01/2025,18/12/2024,Concorrência Eletrônica,"Secretaria Municipal de Educação, Cultura e Esportes",Processo Concluído,Obras e serviços de engenharia,Contratação de empresa para a prestação de serviços de engenharia para Reforma de ampliação do CMEI Padre Zequinha,"R$ 2.960.171,32",,,Comissão de Licitação 01,09:00,PORTAL DE COMPRAS PÚBLICAS,2025
0051/2025,0335/2025,18/11/2025,18/11/2025,Dispensa Eletrônica,Secretaria de Saúde,Processo Concluído,Compras e serviços,PRESTAÇÃO DE SERVIÇOS DE SEGUROS PARA VEÍCULOS UTILIZADOS NAS ATIVIDADES DE MÉDIA E ALTA COMPLEXIDADE (MAC) a fim de atender às demandas da Secretaria de Saúde de Petrolina-PE,"R$ 52.338,56","R$ 52.338,56",,Comissão de Licitação 01,09:00,Prefeitura de Petrolina,2025
0099/2024,0284/2024,03/01/2025,18/12/2024,Pregão eletrônico,Secretaria Municipal de Desenvolvimento Social e Direitos Humanos,Processo Concluído,Compras e serviços,"Aquisição de peças para fardamento (botas, calças e tênis) e equipamentos de proteção individual (aventais e luvas) para SEDESDH.","R$ 112.173,10","R$ 0,0",,Comissão de Licitação 02,09:00,PORTAL DE COMPRAS PÚBLICAS,2025
0161/2025,0354/2025,12/09/2025,14/10/2025,Inexigibilidade,"Secretaria de Educação, Cultura e Esporte",Processo Concluído,Compras e serviços,"Contratação Direta, da empresa DO RE MI ENTRETENIMENTO LTDA, pessoa jurídica de direito privado, inscrita no CNPJ sob o n.º 56.975.496/0001-73 ","R$ 27.000,00","R$ 27.000,00",,Comissão de Licitação 01,12:00,PREFEITURA DE PETROLINA,2025
0115/2025,0216/2025,10/06/2025,16/06/2025,Inexigibilidade,"Secretaria de Desenvolvimento Econômico, Turismo e Inovação",Processo Concluído,Compras e serviços,"contratação da empresa ECXPETACULO PRODUÇÕES LTDA, inscrita no CNPJ sob o nº 07.694.286/0001-00, para a prestação de serviços artístico/musical da atração “EDUARDO COSTA”","R$ 400.000,00","R$ 400.000,00",,Comissão de Licitação 01,12:00,PREFEITURA DE PETROLINA,2025
0123/2025,0398/2025,19/12/2025,08/12/2025,Pregão eletrônico,AUTARQUIA EDUCACIONAL DO VALE DO SÃO FRANCISCO/FACAPE,Processo Concluído,Compras e serviços,AQUISIÇÃO DE MATERIAIS DE EXPEDIENTE para atender as demandas dos diversos setores da AUTARQUIA EDUCACIONAL DO VALE DO SÃO FRANCISCO/FACAPE.,"R$ 325.178,50",,,Comissão de Licitação 06,09:00,Portal de Compras Públicas.,2025
0050/2025,0066/2025,20/02/2025,12/03/2025,Inexigibilidade,Prefeitura municipal de Petrolina,Processo Concluído,Compras e serviços,"contratação da empresa 49.860.954 MARIZA JUDITE RIBEIRO, inscrita no CNPJ sob o nº 49.860.954/0001-63, para a prestação de serviços artístico/musical da atração “MAURO LIMA E BANDA”,","R$ 4.000,00","R$ 4.000,00",,Comissão de Licitação 01,12:00,PREFEITURA DE PETROLINA,2025
0010/2025,0239/2025,08/08/2025,24/07/2025,Concorrência Eletrônica,"Secretaria de Educação, Cultura e Esporte",Processo Concluído,Compras e serviços,"Contratação de empresa para prestação de serviços de engenharia para CONSTRUÇÃO DAS CRECHES DOS BAIRROS DOM AVELAR E NOVO TEMPO I,  conforme solicitação expressa da Secretaria de Educação, Cultura e Esporte de Petrolina.","R$ 10.611.711,46","R$ 0,00",,Comissão de Licitação 02,09:00,Portal de Compras Públicas - www.portaldecompraspublicas.com.br,2025
0067/2025,0396/2025,22/12/2025,22/12/2025,Dispensa Eletrônica,AUTARQUIA EDUCACIONAL DO VALE DO SÃO FRANCISCO/FACAPE,Processo Concluído,Compras e serviços,"Confecção formulários de diploma impresso da Secretaria de Registro de Ensino da AUTARQUIA EDUCACIONAL DO VALE
DO SÃO FRANCISCO/FACAPE.","R$ 22.380,00","R$ 22.380,00",,Comissão de Licitação 01,09:00,PREFEITURA DE PETROLINA,2025
0075/2025,0264/2025,07/08/2025,24/07/2025,Pregão eletrônico,"Secretaria de Educação, Cultura e Esporte",Processo Concluído,Compras e serviços,AQUISIÇÃO DE EQUIPAMENTOS E ACESSÓRIOS PARA BANDA MARCIAL IMPÉRIO PETROLINENSE – BAMIPE.,"R$ 69.493,86",,,Comissão de Licitação 01,09:00,Portal de Compras Públicas.,2025
0047/2025,0181/2025,25/06/2025,06/06/2025,Pregão eletrônico,Secretaria de Saúde,Processo Concluído,Compras e serviços,PRESTAÇÃO DE SERVIÇOS RELATIVOS À CONFECÇÃO DE FARDAMENTOS PARA OS FUNCIONÁRIOS DO SERVIÇO DE ATENDIMENTO MÓVEL DE URGÊNCIA (SAMU) DE PETROLINA-PE.,"R$ 132.560,04",,,Comissão de Licitação 04,09:00,Portal de Compras Públicas.,2025
0017/2024,0275/2024,07/01/2025,12/12/2024,Concorrência Eletrônica,Secretaria Municipal de Desenvolvimento Econômico e Turismo,Processo Concluído,Compras e serviços,"CONCESSÃO DE EXPLORAÇÃO DO ESPAÇO PÚBLICO “PÁTIO DE EVENTOS ANA DAS CARRANCAS”, para realização do SÃO JOÃO DE PETROLINA 2025 (de 13 a 23/06/2025 e o SÃO JOÃO DE PETROLINA 2026 (de 19 a 27/06/2026).","R$ 18.107.198,94","R$ 18.107.198,94",,Comissão de Licitação 01,09:00,PORTAL DE COMPRAS PÚBLICAS,2025
0114/2025,0380/2025,26/11/2025,11/11/2025,Pregão eletrônico,Secretaria de Desenvolvimento Rural,Processo Concluído,Compras e serviços,"AQUISIÇÃO DE MATERIAIS PARA KITS DE IRRIGAÇÃO para implementação de projeto de fornecimento de forragens para dessedentação animal na área rural denominadas áreas de sequeiro, localizadas no interior deste município","R$ 172.640,32",,,Comissão de Licitação 04,09:00,Portal de Compras Públicas.,2025
0031/2025,0191/2025,21/07/2025,21/07/2025,Dispensa Eletrônica,Secretaria de Desenvolvimento Rural,Fracassada,Compras e serviços,"Constitui objeto deste instrumento, a contratação de empresas para o AQUISIÇÃO DE BARRACAS DE FEIRA LIVRE PARA FEIRANTES para atender às necessidades da SECRETARIA DE DESENVOLVIMENTO RURAL.","R$ 19.005,00","R$ 19.005,00",,Comissão de Licitação 01,09:00,PREFEITURA DE PETROLINA,2025
0081/2025,0160/2025,08/05/2025,28/05/2025,Inexigibilidade,"Secretaria de Desenvolvimento Econômico, Turismo e Inovação",Processo Concluído,Compras e serviços,"Contratação da Empresa IL SHOWS LTDA, inscrita no CNPJ sob nº 39.942.698/0001-08, para a prestação de serviços artístico/musical da atração IGUINHO E LULINHA","R$ 400.000,00","R$ 400.000,00",,Comissão de Licitação 01,12:00,PREFEITURA DE PETROLINA,2025
0014/2025,0267/2025,14/08/2025,30/07/2025,Concorrência Eletrônica,Secretaria de Saúde,Processo Concluído,Obras e serviços de engenharia,CONSTRUÇÃO DE UNIDADE DE CLÍNICA VETERINÁRIA NO MUNICÍPIO DE PETROLINA/PE.,"R$ 2.989.733,60",,,Comissão de Licitação 02,09:00,Portal de Compras Públicas.,2025
0130/2025,0261/2025,12/06/2025,01/08/2025,Inexigibilidade,Secretaria de Saúde,Processo Concluído,Compras e serviços,"LOCADOR oferta ao LOCATÁRIO, sob o regime de locação, 01 (um) imóvel situado na Rua Antônio Ribeiro, nº 630, Distrito de Nova Descoberta, zona rural, Petrolina/PE","R$ 21.600,00","R$ 21.600,00",,Comissão de Licitação 01,12:00,PREFEITURA DE PETROLNA,2025
0162/2025,0355/2025,10/09/2025,07/10/2025,Inexigibilidade,"Secretaria de Educação, Cultura e Esporte",Processo Concluído,Compras e serviços,"Contratação Direta, por Inexigibilidade, da Sociedade Simples Limitada COMPANHIA PRIMEIRO ATO PROMOÇÃO PRODUÇÕES DE ESPETÁCULOS E FORMAÇÃO ARTISTICA – Nome Fantasia CIA PRIMEIRO ATO","R$ 30.000,00","R$ 30.000,00",,Comissão de Licitação 01,12:00,PREFEITURA DE PETROLINA,2025
0033/2025,0129/2025,30/06/2025,11/06/2025,Pregão eletrônico,Secretaria de Saúde,Processo Concluído,Compras e serviços,EVENTUAL AQUISIÇÃO DE FRALDAS DESCARTÁVEIS PARA ATENDIMENTO ÀS ORDENS JUDICIAIS.,"R$ 918.390,00","R$ 0,0",,Comissão de Licitação 05,09:00,Portal de Compras Públicas,2025
0151/2025,0323/2025,22/08/2025,28/08/2025,Inexigibilidade,Secretaria de Assistência Social e Combate à Fome,Processo Concluído,Compras e serviços,"Contratação de serviços da empresa CLG TREINAMENTO PROFISSIONAL LTDA (Grupo CLG), inscrita no CNPJ 46.875.281/0001- 27, por Inexigibilidade de Licitação","R$ 50.000,00","R$ 50.000,00",,Comissão de Licitação 01,12:00,PREFEITURA DE PETROLINA,2025
0036/2025,0052/2025,24/02/2025,11/03/2025,Inexigibilidade,Prefeitura municipal de Petrolina,Processo Concluído,Compras e serviços,"contratação da empresa 23.784.167 MICHEL RICARDO DA SILVA BORGES, inscrita no CNPJ sob o nº 23.784.167/0001-96, para a prestação de serviços artístico/musical da atração “ORQUESTRA A REBARBA”","R$ 9.000,00","R$ 9.000,00",,Comissão de Licitação 01,12:00,PREFEITURA DE PETROLINA,2025
0108/2025,0362/2025,06/11/2025,23/10/2025,Pregão eletrônico,"Secretaria de Educação, Cultura e Esporte",Processo Concluído,Compras e serviços,AQUISIÇÃO DE EQUIPAMENTOS E ACESSÓRIOS PARA BANDA MARCIAL IMPÉRIO PETROLINENSE – BAMIPE,"R$ 21.130,10",,,Comissão de Licitação 05,09:00,Portal de Compras Públicas.,2025
0105/2024,0292/2024,04/02/2025,02/01/2025,Pregão eletrônico,"Secretaria Municipal de Educação, Cultura e Esportes",Revogada,Compras e serviços,"Aquisição de PÃO DE SAL TIPO SEDA, BOLO TIPO FATIA E PÃO DE FORMA INTEGRAL,  alimentação escolar dos estudantes matriculados na Rede Municipal de Ensino de Petrolina/PE,
","R$ 2.960.521,00",,,Comissão de Licitação 04,09:00,"Avenida Guararapes, nº 2114,centro, Petrolina/PE – (87)3983-6419 - SECRETARIA DE LICITAÇÕES E CONTRATOS",2025
0070/2025,0418/2025,19/12/2025,19/12/2025,Dispensa Eletrônica,AUTARQUIA EDUCACIONAL DO VALE DO SÃO FRANCISCO/FACAPE,Processo Concluído,Compras e serviços,"Contrataça o de empresa especializada no fornecimento de testes psicolo gicos para diversos perí odos, visando atender as demandas do curso de psicologia da AEVSF/FACAPE.","R$ 39.871,36",,,Comissão de Licitação 01,09:00,PREFEITURA DE PETROLINA,2025
0007/2025,0049/2025,14/02/2025,27/05/2025,Dispensa Eletrônica,Secretaria de Assistência Social e Combate à Fome,Fracassada,Compras e serviços,Contratação de empresa especializada na prestação serviço de emissão de laudos de aterramento e estanqueidade do restaurante popular no município de Petrolina.,,,,Comissão de Licitação 01,12:00,PREFEITURA DE PETROLINA,2025
0009/2025,0185/2025,08/07/2025,17/06/2025,Concorrência Eletrônica,"Secretaria de Educação, Cultura e Esporte",Processo Concluído,Compras e serviços,Contratação de empresa para prestação de serviços de engenharia para REFORMA DA ESCOLA OSÓRIO LEÔNIDAS DE SIQUEIRA.,"R$ 3.790.240,87","R$ 0,00",,Comissão de Licitação 02,09:00,"PORTAL DE COMPRAS PÚBLICAS, no endereço eletrônico www.portaldecompraspublicas.com.br.",2025
0083/2025,0162/2025,08/05/2025,22/05/2025,Inexigibilidade,Secretaria de Receitas Municipais,Processo Concluído,Compras e serviços,CONTRATAÇÃO DIRETA da ASSOCIAÇÃO BAIANA DOS AUDITORES FISCAIS MUNICIPAIS-ABAM,"R$ 8.000,00","R$ 8.000,00",,Comissão de Licitação 01,12:00,PREFEITURA DE PETROLINA,2025
0023/2025,0340/2025,21/10/2025,06/10/2025,Concorrência Eletrônica,"Secretaria de Educação, Cultura e Esporte",Processo Concluído,Obras e serviços de engenharia,REFORMA E AMPLIAÇÃO DA ESCOLA TEMPO INTEGRAL DANIEL BERG - SEDUCE,"R$ 2.482.655,39","R$ 0,0",,Comissão de Licitação 02,09:00,PORTAL DE COMPRAS PÚBLICAS,2025
0129/2025,0243/2025,03/06/2025,11/07/2025,Inexigibilidade,"Secretaria de Desenvolvimento Econômico, Turismo e Inovação",Processo Concluído,Compras e serviços,"contratação da empresa TICATINTA PRODUÇÃO DE SHOWS E EVENTOS LTDA, inscrita no CNPJ sob o nº 23.626.845/0001-92, para a prestação de serviços artístico/musical da atração “TIHUANA”","R$ 150.000,00","R$ 150.000,00",,Comissão de Licitação 01,12:00,PREFEITURA DE PETROLINA,2025
0074/2025,0148/2025,06/05/2025,16/12/2025,Inexigibilidade,"Secretaria de Educação, Cultura e Esporte",Processo Concluído,Compras e serviços,"serviço de curso de capacitação e atualização dos profissionais que atuam na administração de pessoal em órgãos da administração pública, para atender as necessidades da Secretaria Municipal de Educação","R$ 5.200,00","R$ 5.200,00",,Comissão de Licitação 01,12:00,PREFEITURA DE PETROLINA,2025
0054/2025,0342/2025,13/10/2025,13/10/2025,Dispensa Eletrônica,"Secretaria de Educação, Cultura e Esporte",Em andamento,Compras e serviços,"O fornecimento e instalação de PELÍCULAS refletivas nos equipamentos públicos Biblioteca Sid Carvalho e CEU das Águas, para atender às necessidades da Secretaria Municipal de Educação, Cultura e Esporte de Petrolina/PE","R$ 29.981,25",,,Comissão de Licitação 01,09:00,PREFEITURA DE PETROLINA,2025
0060/2025,0107/2025,02/04/2025,10/04/2025,Inexigibilidade,Secretaria de Assistência Social e Combate à Fome,Em andamento,Compras e serviços,"a inscrição de 03 (três) servidores da Secretaria de Assistência Social e Combate à Fome no evento: III DIÁLOGO NACIONAL DE POLÍTICAS PÚBLICAS DE EDUCAÇÃO, SAÚDE, ASSISTÊNCIA SOCIAL E DO SISTEMA DE GARANTIA DE DIREITOS","R$ 1.050,00","R$ 1.050,00",,Comissão de Licitação 01,12:00,PREFEITURA DE PETROLINA,2025
0036/2025,0242/2025,14/08/2025,14/08/2025,Dispensa Eletrônica,Secretaria de Saúde,Em andamento,Compras e serviços,"DISPENSA DE LICITAÇÃO para a AQUISIÇÃO DE DETECTOR FETAL PORTÁTIL DIGITAL, conforme as especificações técnicas contidas no Anexo I deste Termo de Referência, a fim de atender às necessidades da Secretaria Municipal de Saúde de Petrolina-PE","R$ 59.967,01",,,Comissão de Licitação 01,12:00,PREFEITURA DE PETROLINA,2025
0076/2025,0268/2025,19/08/2025,06/08/2025,Pregão eletrônico,Secretaria de Infraestrutura e Mobilidade,Processo Concluído,Compras e serviços,AQUISIÇÃO DE EQUIPAMENTOS PARA PRÁTICA DE ACADEMIA NOS ESPAÇOS PÚBLICOS DO MUNICÍPIO DE PETROLINA/PE.,"R$ 282.592,80",,,Comissão de Licitação 01,09:00,Portal de Compras Públicas.,2025
0066/2025,0125/2025,22/04/2025,25/04/2025,Inexigibilidade,"Secretaria de Desenvolvimento Econômico, Turismo e Inovação",Processo Concluído,Compras e serviços,"Contratação do Empresário Individual MATHEUS SILVA ROQUE-ME, regularmente inscrita no CNPJ/MF sob o nº 36.090.401/0001-27, para a prestação de serviços artístico-musical da atração “MATHEUS DO ACORDEON”","R$ 12.000,00","R$ 12.000,00",,Comissão de Licitação 01,12:00,PREFEITURA DE PETROLINA,2025
0024/2025,0110/2025,23/05/2025,08/05/2025,Pregão eletrônico,"Secretaria de Educação, Cultura e Esporte",Aberta,Compras e serviços,"Contratação de empresa especializada para a PRESTAÇÃO DE SERVIÇOS RELATIVOS À CONFECÇÃO DE MATERIAL GRÁFICO E
SERIGRÁFICO PARA ATENDER À PROGRAMAÇÃO DO CALENDÁRIO ESPORTIVO DA SECRETARIA MUNICIPAL DE EDUCAÇÃO.","R$ 434.122,70",,,Comissão de Licitação 04,09:00,"Avenida Guararapes, nº 2114, centro – Petrolina/PE ",2025
0001/2025,0000/2025,30/06/2025,27/06/2025,Chamada pública,"Secretaria de Educação, Cultura e Esporte",Em andamento,Compras e serviços,"Chamamento Público para a CONVOCACÃO DE EMPRESAS visando à seleção de SOLUÇÃO EDUCACIONAL PARA APOIO À FORMAÇÃO INTEGRAL DOS ESTUDANTES COM FOCO NAS APRENDIZAGENS SOCIOEMOCIONAIS, visando atender as demandas dos estudantes e professores(...)",,,,Comissão de Licitação 05,08:00,"De acordo o item 2.2 do edital deverá enviar os documentos no email: comissaochamamentopublico@gmail.com, no período de 30/06/2025 a 11/07/2025.",2025
0006/2024,0017/2024,17/04/2024,03/04/2024,Pregão eletrônico,"Secretaria Municipal de Educação, Cultura e Esportes",Processo Concluído,Compras e serviços,Contratação de empresa para a aquisição de MATERIAL DIDÁTICO COMPLEMENTAR para os estudantes e professores da Educação Infantil e do Ensino Fundamental da Rede Municipal de Ensino de Petrolina/PE.,"R$ 29.036.772,00","R$ 0,00",,Comissão de Licitação 03,09:00,"Plataforma Portal de Compras Públicas, no site: www.portaldecompraspublicas.com.br",2024
0091/2024,0189/2024,27/06/2024,06/09/2024,Inexigibilidade,Prefeitura municipal de Petrolina,Processo Concluído,Compras e serviços,"locação de imóvel situado na Rua Pacífico da Lúz, nº 268, Bairro Centro, Petrolina-PE, onde funcionará o MUSEU DO SERTÃO",,,,Comissão de Licitação 01,12:00,prefeitura de petrolina,2024
0021/2024,0063/2024,13/06/2024,05/07/2024,Pregão eletrônico,Secretaria Municipal de Desenvolvimento Social e Direitos Humanos,Revogada,Compras e serviços,Aquisição de GÊNEROS ALIMENTÍCIOS PERECÍVEIS,"R$ 2.470.752,24",,,Comissão de Licitação 02,09:00,www.portaldecompraspublicas.com.br,2024
0002/2023,0306/2023,23/01/2024,27/12/2023,Chamada pública,"Secretaria Municipal de Educação, Cultura e Esportes",Processo Concluído,Compras e serviços,AQUISIÇÃO DE GÊNEROS ALIMENTÍCIOS (HORTIFRUTIGRANJEIROS) PROVENIENTES DA AGRICULTURA FAMILIAR ,"R$ 4.152.138,55","R$ 0,00",,Comissão de Licitação 02,09:00,"Avenida Guararapes, nº 2114, centro, Petrolina/PE - 2º andar do anexo (87.3861.3514)",2024
0039/2024,0225/2024,05/03/2024,26/05/2025,Dispensa Eletrônica,"Secretaria de Desenvolvimento Urbano, Habitação e Sustentabilidade",Processo Concluído,Compras e serviços,"aquisição de bandeiras do Município de Petrolina/PE, para suprir as necessidades da Secretaria de Desenvolvimento Urbano, Habitação e Sustentabilidade – SEDURBHS,","R$ 12.180,00","R$ 12.180,00",,Comissão de Licitação 01,12:00,PREFEITURA DE PETROLINA,2024
0009/2024,0011/2024,23/02/2024,08/03/2024,Inexigibilidade,Prefeitura municipal de Petrolina,Processo Concluído,Locação,"A locação do imóvel situado na Rua Ana Nery, N.º 145, Vila Mocó, Petrolina-PE – (CEP 56.305-500, para abrigar as ",,,,Comissão de Licitação 01,01:00,prefeitura de petrolina,2024
0043/2024,0086/2024,14/05/2024,05/06/2024,Inexigibilidade,Prefeitura municipal de Petrolina,Processo Concluído,Compras e serviços,"MUNDO PARALELO PRODUÇÕES ARTÍSTICAS LTDA, inscrita no CNPJ sob o nº 18.495.289/0001-22, para a prestação de serviços artístico/musical de MATHEUS & KAUAN","R$ 470.000,00","R$ 470.000,00",,Comissão de Licitação 01,12:00,PREFEITURA DE PETROLINA,2024
0073/2024,0121/2024,16/05/2024,19/06/2024,Inexigibilidade,Prefeitura municipal de Petrolina,Processo Concluído,Compras e serviços,"Contratação da empresa WBM PRODUTORA DE EVENTOS, inscrita no CNPJ sob o nº 09.261.808/0001-05, para a prestação de serviços artístico/musical “BRUNO & MARRONE”","R$ 650.000,00","R$ 650.000,00",,Comissão de Licitação 01,11:00,PREFEITURA DE PETROLINA,2024
0012/2024,0026/2024,11/04/2024,16/04/2024,Inexigibilidade,Prefeitura municipal de Petrolina,Processo Concluído,Compras e serviços,"contratação por Inexigibilidade da empresa G S COSTA, CNPJ 16.642.064/0001-26, representante exclusivo do Artista MARCYNHO SENSAÇÃO,",,,,Comissão de Licitação 01,11:54,PREFEITURA DE PETROLINA,2024
0005/2024,0005/2024,02/02/2024,16/02/2024,Inexigibilidade,Secretaria Municipal de Desenvolvimento Econômico e Turismo,Processo Concluído,Compras e serviços,"Contratação da Empresa ELENKOS SERVIÇOS EDUCACIONAIS LTDAME, inscrita no CNPJ sob o nº 41.987.234/0001-51 para a PRESTAÇÃO DO
SERVIÇO DE CURSO SOBRE A NOVA LEI DE LICITAÇÕES, conforme solicitação da CONTROLADORIA GERAL DO MUNICÍPIO – CGM PETROLINA",,,,Comissão de Licitação 01,11:00,PREFEITURA DE PETROLINA,2024
0065/2024,0110/2024,15/05/2024,18/06/2024,Inexigibilidade,Prefeitura municipal de Petrolina,Processo Concluído,Compras e serviços,"Contratação da Empresa TEP ENTRETENIMENTO E PROMOÇÕES LTDA, inscrita no CNPJ sob nº 37.057.774/0001-69, para a prestação de serviços artístico/musical da atração JORGE & MATEUS","R$ 800.000,00","R$ 800.000,00",,Comissão de Licitação 01,12:00,prefeitura de petrolina,2024
0009/2024,0032/2024,10/06/2024,23/05/2024,Pregão eletrônico,Faculdade de Ciências Aplicadas e Sociais | FACAPE,Processo Concluído,Compras e serviços,"aquisição de MATERIAIS DE EXPEDIENTE para atender as demandas dos diversos setores da
AUTARQUIA EDUCACIONAL DO VALE DO SÃO FRANCISCO/FACAPE","R$ 128.570,01",,,Comissão de Licitação 04,09:00," Avenida Guararapes, nº 2114, 
Centro, Petrolina/PE, telefone para contato (87)3983-6419.",2024
0168/2023,0290/2023,09/01/2024,26/12/2023,Pregão eletrônico,Secretaria Municipal da Fazenda e Planejamento,Processo Concluído,Compras e serviços,EVENTUAL FORNECIMENTO DE EQUIPAMENTOS E SUPRIMENTOS DE INFORMÁTICA.,"R$ 214.824,06",,,Comissão de Licitação 04,09:00,www.portaldecompraspublicas.com.br,2024
0003/2024,0031/2024,29/05/2024,06/05/2024,Concorrência Eletrônica,"Secretaria Municipal de Educação, Cultura e Esportes",Processo Concluído,Obras e serviços de engenharia,Construção de creche no Residencial Monsenhor Bernardino - Petrolina/PE,"R$ 1.121.215,94","R$ 0,00",,Comissão de Licitação 02,09:00,Portal de Compras Públicas,2024
0002/2024,0000/0000,04/04/2024,16/05/2024,Adesão interna,Prefeitura municipal de Petrolina,Processo Concluído,Compras e serviços,"aquisição de MOBILIÁRIO (MESAS, CADEIRAS E ARMÁRIOS), para atender às necessidades da AGÊNCIA MUNICIPAL DO EMPREENDEDORAGE. ","R$ 10.050,00","R$ 10.050,00",,Comissão de Licitação 01,11:00,PREFEITURA DE PETROLINA,2024
0001/2024,0025/2024,24/05/2024,24/04/2024,Concorrência Eletrônica,"Secretaria Municipal de Educação, Cultura e Esportes",Processo Concluído,Obras e serviços de engenharia,Contratação de empresa para prestação de serviços de engenharia relativos à construção de creche (no espaço da antiga Escola Dom Idílio) - SEDUCE,"R$ 1.667.857,33",,,Comissão de Licitação 02,09:00,www.portaldecompraspublicas.com.br,2024
0021/2024,0047/2024,02/05/2024,14/05/2024,Inexigibilidade,Prefeitura municipal de Petrolina,Processo Concluído,Compras e serviços,"contratação de ELISSON CASTRO DE LIMA LTDA - ME, inscrito no CNPJ sob o nº 08.074.508/0001-46, prestação de serviços artístico/musical da atração ELISSON CASTRO, a se apresentar no dia 18/05/2024 durante o SÃO JOÃO DOS BAIRROS 2024, e","R$ 25.000,00","R$ 25.000,00",,Comissão de Licitação 01,11:00,PREFEITURA DE PETROLINA,2024
0019/2024,0046/2024,19/06/2024,30/04/2025,Adesão externa,Secretaria de Saúde,Processo Concluído,Compras e serviços,"AQUISIÇÃO DE MEDICAMENTOS, destinados à Secretaria Municipal de Saúde de Petrolina-PE, conforme solicitação expressa da mesma. ","R$ 24.646,45","R$ 24.646,45",,Comissão de Licitação 01,12:00,PREFEITURA DE PETROLINA,2024
0008/2024,0060/2024,03/04/2024,25/06/2024,Dispensa Eletrônica,Prefeitura municipal de Petrolina,Aberta,Compras e serviços,"contrato o fornecimento de ROÇADEIRA MANUAL, conforme os itens abaixo relacionados, nas condições e especificações que se segue","R$ 3.900,00","R$ 3.900,00",,Comissão de Licitação 01,12:00,PREFEITURA DE PETROLINA,2024
0049/2024,0093/2024,13/05/2024,07/06/2024,Inexigibilidade,Prefeitura municipal de Petrolina,Processo Concluído,Compras e serviços,"ontratação da empresa SALVADOR PRODUÇÕES ARTÍSTICAS E ENTRETENIMENTOS LTDA, inscrita no CNPJ sob o nº 13.157.376/0001-56, para a prestação de serviços artístico/musical “LÉO SANTANA”","R$ 450.000,00","R$ 450.000,00",,Comissão de Licitação 01,12:00,PREFEITURA DE PETROLINA,2024
0143/2023,0256/2023,03/01/2024,19/12/2023,Pregão eletrônico,Faculdade de Ciências Aplicadas e Sociais | FACAPE,Em andamento,Compras e serviços,"AQUISIÇÃO DE EQUIPAMENTOS DOS AMBIENTES DE APRENDIZAGEM DO CURSO DE MEDICINA, destinados a suprir as necessidades da AUTARQUIA EDUCACIONAL DO VALE DO SÃO FRANCISCO – AEVSF/FACAPE","R$ 458.671,26",,,Comissão de Licitação 01,09:00,PORTAL DE COMPRAS PÚBLICAS,2024
0048/2024,0092/2024,21/05/2024,07/06/2024,Inexigibilidade,Prefeitura municipal de Petrolina,Processo Concluído,Compras e serviços,"Contratação da empresa B&D EVENTOS E PRODUÇÕES LTDA, inscrita no  CNPJ sob o nº 42.280.666/0001-90, para a prestação de serviços artístico/musical  “BRUNO & DENNER”","R$ 70.000,00","R$ 70.000,00",,Comissão de Licitação 01,12:00,PREFEITURA DE PETROLINA,2024
0046/2024,0090/2024,03/06/2024,06/06/2024,Inexigibilidade,Prefeitura municipal de Petrolina,Processo Concluído,Compras e serviços,"Contratação da Empresa BOIADEIRA MUSIC LTDA, CNPJ nº 43.923.897/0001-38, para a prestação de serviços artístico/musical da atração ANA CASTELA, a se apresentar durante a festa de SÃO JOÃO DE PETROLINA 2024 – PÁTIO ANA DAS CARRANCAS","R$ 700.000,00","R$ 700.000,00",,Comissão de Licitação 01,12:00,PREFEITURA DE PETROLINA ,2024
0058/2024,0103/2024,14/05/2024,12/06/2024,Inexigibilidade,Prefeitura municipal de Petrolina,Processo Concluído,Compras e serviços,"Contratação da empresa MV PRODUÇÕES ARTÍSTICAS LTDA - EPP, inscrita no CNPJ sob o nº 07.422.115/0001-13, para a prestação de serviços artístico/musical de ALCEU VALENÇA","R$ 300.000,00","R$ 300.000,00",,Comissão de Licitação 01,12:00,PREFEITURA DE PETROLINA,2024
0005/2024,0000/0000,21/02/2024,27/03/2024,Adesão externa,Prefeitura municipal de Petrolina,Processo Concluído,Compras e serviços,"AQUISIÇÃO DE MOBILIÁRIO ESCOLAR PARA ATENDER AS NECESSIDADES DAS UNIDADES ESCOLARES DO EDUCAÇÃO INFANTIL E
ENSINO FUNDAMENTAL DA REDE MUNICIPAL DE ENSINO DE PETROLINA-PE,",,,,Comissão de Licitação 01,11:00,PREFEITURA DE PETROLINA,2024
0171/2023,0290/2023,09/01/2024,22/12/2023,Pregão eletrônico,Secretaria Municipal da Fazenda e Planejamento,Processo Concluído,Compras e serviços,EVENTUAL AQUISIÇÃO DE MATERIAL DE EXPEDIENTE E CONSUMO,"R$ 773.480,65",,,Comissão de Licitação 04,09:00,www.portaldecompraspublicas.com.br,2024
0063/2024,0108/2024,12/06/2024,14/06/2024,Inexigibilidade,Prefeitura municipal de Petrolina,Processo Concluído,Compras e serviços," contratação de AVINE VINNY PRODUÇÕES ARTÍSTICAS LTDA - ME, inscrita no CNPJ sob o nº 20.661.405/0001-88, para a prestação de serviços artístico/musical da atração AVINE VINNY,","R$ 180.000,00","R$ 180.000,00",,Comissão de Licitação 01,12:00,Prefeitura de Petrolina,2024
0010/2024,0000/0000,11/04/2024,14/05/2024,Adesão externa,Prefeitura municipal de Petrolina,Processo Concluído,Compras e serviços,"FORNECIMENTO DE MATERIAIS DE CONSUMO, para atender a necessidade dos estudantes da Rede Municipal de Ensino de Petrolina-PE, de acordo com as especificações e quantitativos previstos no Anexo I deste Termo Contratual","R$ 2.793.866,86","R$ 2.793.866,86",,Comissão de Licitação 01,11:00,PREFEITURA DE PETROLINA,2024
0044/2024,0088/2024,16/05/2024,05/06/2024,Inexigibilidade,Prefeitura municipal de Petrolina,Processo Concluído,Compras e serviços,"Contratação da Empresa BM PRODUÇOES ARTISTICAS LTDA, inscrita no CNPJ sob nº 19.588.728/0001-04, para a prestação de serviços artístico/musical da atração BELL MARQUES","R$ 500.000,00","R$ 500.000,00",,Comissão de Licitação 01,12:00,PREFEITURA DE PETROLINA,2024
0131/2023,0239/2023,14/05/2024,16/11/2023,Pregão eletrônico,Instituto de Gestão Previdenciária de Petrolina | IGEPREV,Em andamento,Compras e serviços,Contratação de empresa especializada para a PRESTAÇÃO DE SERVIÇOS DE VIGILÂNCIA ELETRÔNICA À DISTÂNCIA (MONITORAMENTO REMOTO DE SISTEMAS DE ALARMES),"R$ 21.749,74","R$ 17.063,10",,Comissão de Licitação 01,09:00,PORTAL DE COMPRAS,2024
0080/2024,0129/2024,16/06/2024,21/06/2024,Inexigibilidade,Prefeitura municipal de Petrolina,Processo Concluído,Compras e serviços,"Contratação da empresa MZX ENTRETENIMENTO E PRODUCOES DE EVENTOS LTDA - ME, inscrita no CNPJ sob o nº 15.484.236/0001-18, para a prestação de serviços artístico/musical de TOCA DO VALE","R$ 180.000,00","R$ 180.000,00",,Comissão de Licitação 01,12:00,PREFEITURA DE PETROLINA,2024
0068/2024,0116/2024,17/06/2024,19/06/2024,Inexigibilidade,Prefeitura municipal de Petrolina,Processo Concluído,Compras e serviços,"Contratação da Empresa SUPERNOVA PRODUÇOES E EVENTOS LTDA, CNPJ nº 14.322.975/0001-40, para a prestação de serviços artístico/musical da atração “EDSON LIMA E LIMÃO COM MEL","R$ 160.000,00","R$ 160.000,00",,Comissão de Licitação 01,12:00,PREFEITURA DE PETROLINA,2024
0009/2024,0062/2024,01/02/2024,26/05/2025,Dispensa Eletrônica,Procuradoria Geral do Município,Processo Concluído,Compras e serviços,"Contratação de empresa para serviços de marcenaria e instalação de móveis para atender 02 (dois) armários de copa, 02 (dois) balcões para atendimento ao público em geral","R$ 39.922,99","R$ 39.922,99",,Comissão de Licitação 01,12:00,PREFEITURA DE PETROLINA,2024
0052/2024,0097/2024,05/06/2024,11/06/2024,Inexigibilidade,Prefeitura municipal de Petrolina,Processo Concluído,Compras e serviços,"Contratação da empresa CENTRAL MIX PRODUÇÕES LTDA - EPP, inscrita no CNPJ sob o nº 00.895.436/0001-96, para a prestação de serviços artístico/musical de THIAGO AQUINO,","R$ 160.000,00","R$ 160.000,00",,Comissão de Licitação 01,12:00,PREFEITURA DE PETROLINA,2024
0013/2024,0027/2024,08/04/2024,18/04/2024,Inexigibilidade,Prefeitura municipal de Petrolina,Processo Concluído,Compras e serviços,"Contratação do Empresário Individual 22.770.006 ADAO BAGAJI DE SOUZA-ME, inscrito no CNPJ sob o nº 22.770.006/0001-80, para a prestação de serviços artístico/musical da atração ADÃOZINHO DE RAJADA, a se apresentar no dia 20/04/2024, 
",,,,Comissão de Licitação 01,11:00,PREFEITURA DE PETROLINA,2024
0138/2023,0000/0000,05/01/2024,09/01/2024,Dispensa por outros motivos,Prefeitura municipal de Petrolina,Processo Concluído,Compras e serviços,"Contratar 49.295.672 DAIVERT DOS SANTOS ANDRADE, inscrito no CNPJ sob o nº 49.295.672/0001-60, para a prestação de serviços artístico/musical da atração RYAN, a se apresentar dia 12 de fevereiro de 2024, durante o CARNAVAL 2024 em Petrolina.
",,,,Comissão de Licitação 01,11:00,PREFEITURA DE PETROLINA,2024
0006/2024,0081/2024,28/06/2024,11/06/2024,Concorrência Eletrônica,"Secretaria Municipal de Educação, Cultura e Esportes",Processo Concluído,Compras e serviços,"CONTRATAÇÃO DE EMPRESA PARA PRESTAÇÃO DE SERVIÇOS DE ENGENHARIA RELATIVOS À CONSTRUÇÃO DE ESCOLAS 12 SALAS, COM QUADRA COBERTA, NO BAIRRO PADRE CÍCERO E NO POVOADO DA TAPERA","R$ 14.901.245,03",,,Comissão de Licitação 01,09:00,PORTAL DE COMPRAS PÚBLICAS,2024
0010/2024,0034/2024,12/06/2024,27/05/2024,Pregão eletrônico,Faculdade de Ciências Aplicadas e Sociais | FACAPE,Processo Concluído,Compras e serviços,"Contratação de empresa para a aquisição de MATERIAIS DE LIMPEZA, HIGIENE, CONSUMO, COPA E COZINHA PARA ATENDER AS DEMANDAS DOS DIVERSOS SETORES DA AUTARQUIA EDUCACIONAL DO VALE DO SÃO FRANCISCO/FACAPE.","R$ 269.999,79","R$ 0,00",,Comissão de Licitação 03,09:00,"PORTAL DE COMPRAS PÚBLICAS, no endereço eletrônico www.portaldecompraspublicas.com.br",2024
0178/2023,0313/2023,11/01/2024,28/12/2023,Pregão eletrônico,"Secretaria Municipal de Educação, Cultura e Esportes",Aberta,Compras e serviços,"Eventual aquisição de GÊNEROS ALIMENTÍCIOS PERECÍVEIS, destinados à alimentação escolar.","R$ 15.043.662,02",,,Comissão de Licitação 02,09:00,www.portaldecompraspublicas.com.br,2024
0003/2024,0003/2024,25/01/2024,07/02/2024,Inexigibilidade,Secretaria Municipal de Desenvolvimento Econômico e Turismo,Processo Concluído,Compras e serviços,"contratação de LUAN FORRO ESTILIZADO SHOWS EVENTOS E SERVICOS LTDA, Sociedade Empresarial, inscrita no CNPJ: 17.985.184/0001-99, para a prestação de serviços artístico/musical da atração LUAN FORRÓ ESTILIZADO.",,,,Comissão de Licitação 01,11:00,PREFEITURA DE PETROLINA,2024
0054/2024,0099/2024,03/06/2024,11/06/2024,Inexigibilidade,Prefeitura municipal de Petrolina,Processo Concluído,Compras e serviços,"Contratação da empresa SAIA RODADA PRMOÇÕES ARTÍSTICAS LTDA, inscrita no CNPJ sob o nº 05.323.996/0001-90, para a prestação de serviços artístico/musical “SAIA RODADA”","R$ 300.000,00","R$ 300.000,00",,Comissão de Licitação 01,12:00,PREFEITURA DE PETROLINA,2024
0008/2024,0020/2024,30/04/2024,17/04/2024,Pregão eletrônico,Secretaria Municipal de Saúde | SESAU,Processo Concluído,Compras e serviços," Aquisição de Mobiliário
","R$ 718.861,16",,,Comissão de Licitação 04,09:00,"Avenida Guararapes, nº 2114, centro – Petrolina/PE",2024
0143/2023,0000/0000,18/01/2024,09/01/2024,Dispensa por outros motivos,Prefeitura municipal de Petrolina,Processo Concluído,Compras e serviços,"MARCELO NOVAES ATAÍDE 00755987446, inscrito no CNPJ sob o nº 28.614.911/0001-28, para a prestação de serviços artístico/musical da atração DALMO NATAN, a se apresentar dia 13 de fevereiro de 2024, ",,,,Comissão de Licitação 01,11:00,PREFEITURA DE PETROLINA,2024
0027/2024,0058/2024,29/04/2024,16/05/2024,Inexigibilidade,Prefeitura municipal de Petrolina,Processo Concluído,Compras e serviços,Contratação da Firma Individual de Natureza Simples COMPANHIA PRIMEIRO ATO PROMOÇÃO PRODUÇÕES DE ESPETÁCULOS E FORMAÇÃO ARTISTICA – Nome Fantasia CIA PRIMEIRO ATO,"R$ 30.000,00","R$ 30.000,00",,Comissão de Licitação 01,11:00,PREFEITURA DE PETROLINA,2024
0025/2024,0055/2024,25/03/2024,15/05/2024,Inexigibilidade,Prefeitura municipal de Petrolina,Processo Concluído,Compras e serviços,"a contratação de FARIAS EVENTOS E PRODUCOES LTDA, Sociedade Empresarial, inscrita no CNPJ: 39.721.242/0001- 00, para a prestação de serviços artístico/musical de “RANIERI”, a se apresentar no dia 17/05/2024 durante o Evento “SÃO JOÃO DOS BAIRROS - 2024”,","R$ 30.000,00","R$ 30.000,00",,Comissão de Licitação 01,11:00,prefeitura de petrolina,2024
0002/2024,0040/2024,03/06/2024,28/05/2024,Credenciamento,Agência Municipal do Meio Ambiente | AMMA,Em andamento,Compras e serviços,"Contratação de carros pipas com o condutor (pessoa física), equipado com motor bomba, mangote e conexões, com capacidade mínima de 8.000L (oito mil litros), para distribuição de água através de carro pipa (...). ","R$ 712.857,60","R$ 0,00",,Comissão de Licitação 01,08:00,"SECRETARIA MUNICIPAL DE LICITAÇÕES E CONTRATOS, SITUADO NA AV. GUARARAPES, Nº 2114, CENTRO, PETROLINA/PE.
2º ANDAR DO ANEXO.
",2024
0050/2024,0094/2024,03/06/2024,07/06/2024,Inexigibilidade,Prefeitura municipal de Petrolina,Processo Concluído,Compras e serviços,"Contratação da empresa TALISMA ADMINISTRADORA DE SHOWS E EDITORA MUSICAL LTDA, inscrita no CNPJ sob o nº 07.694.879/0001-68, para a prestação de serviços artístico/musical “LEONARDO”,","R$ 650.000,00","R$ 650.000,00",,Comissão de Licitação 01,12:00,prefeitura de petrolina,2024
0030/2024,0067/2024,02/05/2024,23/05/2024,Inexigibilidade,Prefeitura municipal de Petrolina,Processo Concluído,Compras e serviços,"contratação  Inexigibilidade da empresa PROMO MUSIC PRODUCOES E EVENTOS LTDA, CNPJ 46.436.103/0001-08, representante exclusivo do Artista CIEL RODRIGUES","R$ 30.000,00","R$ 30.000,00",,Comissão de Licitação 01,11:00,PREFEITURA DE PETROLINA,2024
0060/2024,0105/2024,03/06/2024,14/06/2024,Inexigibilidade,Prefeitura municipal de Petrolina,Processo Concluído,Compras e serviços,"Contratação da Empresa ELISSON CASTRO DE LIMA LTDA-ME, inscrita no CNPJ sob nº 08.074.508/0001-46, para a prestação de serviços artístico/musical da atração ELISSON CASTRO","R$ 25.000,00","R$ 25.000,00",,Comissão de Licitação 01,12:00,PREFEITURA DE PETROLINA,2024
0007/2024,0019/2024,21/06/2024,23/04/2024,Pregão eletrônico,Secretaria Municipal de Saúde | SESAU,Processo Concluído,Compras e serviços,"contratação de empresa (s) para a aquisição de GERADORES, INCLUINDO A INSTALAÇÃO, PARA ATENDER ÀS NECESSIDADES DO HOSPITAL MUNICIPAL DE PETROLINA (HOSPITAL DIA)","R$ 681.098,23",,,Comissão de Licitação 01,09:00,PORTAL DE COMPRAS PÚBLICAS,2024
0020/2024,0043/2024,25/04/2024,10/05/2024,Inexigibilidade,Prefeitura municipal de Petrolina,Em andamento,Compras e serviços,"ASSITUR - ASSOCIACAO INTEGRADA DO TURISMO NA RIDE, inscrita no CNPJ sob o nº 02.251.816/0001-13, para a contratação de estande com adequação e personalização, visando a participação de micro e pequenos empreendedores","R$ 31.600,00",,,Comissão de Licitação 01,11:00,PREFEITURA DE PETROLINA,2024
0015/2025,0972/2025,27/05/2024,02/06/2025,Dispensa Eletrônica,Secretaria de Segurança Pública,Deserta,Compras e serviços,"CONTRATAÇÃO DE EMPRESA ESPECIALIZADA PARA PRESTAÇÃO DE SERVIÇOS DE TELEFONIA MÓVEL CELULAR (SMP), NAS MODALIDADES LOCAL COM PACOTE DE DADOS PARA ACESSO À INTERNET","R$ 8.281,44","R$ 8.281,44",,Comissão de Licitação 01,12:00,prefeitura de petrolina,2024
0174/2023,0309/2023,08/01/2024,22/12/2023,Pregão eletrônico,Secretaria Municipal de Saúde | SESAU,Processo Concluído,Compras e serviços,"EVENTUAL aquisição de LENÇÓIS DESCARTÁVEIS PARA ABASTECIMENTO DAS UNIDADES DE SAÚDE, para atender às necessidades da SECRETARIA MUNICIPAL DE SAÚDE.

","R$ 90.948,00",,,Comissão de Licitação 03,09:00, www.portaldecompraspublicas.com.br,2024
0076/2024,0125/2024,14/06/2024,19/06/2024,Inexigibilidade,Prefeitura municipal de Petrolina,Processo Concluído,Compras e serviços,"Contratação da Empresa WS SHOWS LTDA, CNPJ nº 09.188.896/0001- 59, para a prestação de serviços artístico/musical da atração WESLEY SAFADÃO,","R$ 900.000,00","R$ 900.000,00",,Comissão de Licitação 01,12:00,prefeitura de petrolina,2024
0078/2024,0127/2024,15/05/2024,20/06/2024,Inexigibilidade,Prefeitura municipal de Petrolina,Processo Concluído,Compras e serviços,"Contratação da empresa HENRY FREITAS PRODUÇÕES ARTÍSTICAS LTDA - ME, inscrita no CNPJ sob o nº 30.807.771/0001-56, para a prestação de serviços artístico/musical de HENRY FREITAS,","R$ 350.000,00","R$ 350.000,00",,Comissão de Licitação 01,12:00,PREFEITURA DE PETROLINA,2024
0011/2024,0080/2024,14/06/2024,27/06/2024,Dispensa Eletrônica,Prefeitura municipal de Petrolina,Em andamento,Compras e serviços,"Contratação de empresa para Aquisição de KIT DE SOM ATIVO LINE COM CAIXAS E MICROFONES DINAMICOS COM PEDESTAIS, conforme solicitação expressa da Secretaria Municipal de Governo.","R$ 17.350,83",,,Comissão de Licitação 01,09:00,PREFEITURA DE PETROLINA,2024
0008/2024,0010/2024,26/02/2024,11/03/2024,Inexigibilidade,Prefeitura municipal de Petrolina,Processo Concluído,Compras e serviços,"Contratação da empresa ZÊNITE INFORMACAO E CONSULTORIA S/A, inscrita no CNPJ sob o nº 86.781.069/0001-15, para a prestação de serviços de
assinatura de 03 (três) acessos à ferramenta eletrônica denominada Zênite Fácil,",,,,Comissão de Licitação 01,01:00,PREFEITURA DE PETROLINA,2024
0001/2024,0001/2024,01/01/2024,06/02/2024,Inexigibilidade,Secretaria Municipal de Desenvolvimento Econômico e Turismo,Processo Concluído,Compras e serviços,"contratação de RUBENS FREDERICO NOVAES E SILVA - ME, inscrita no CNPJ: 23.002.468/0001-10, para a prestação de serviços artístico/musical da atração “RUBYNHO”, a se apresentar no dia 10/02/2024 durante o CARNAVAL DE PETROLINA 2024",,,,Comissão de Licitação 01,11:00,prefeitura de petrolina,2024
0062/2024,0107/2024,10/06/2024,14/06/2024,Inexigibilidade,Prefeitura municipal de Petrolina,Processo Concluído,Compras e serviços,"a Contratação da Empresa MEL SHOWS LTDA, CNPJ nº 39.543.593/0001-78, para a prestação de serviços artístico/musical da atração DESEJO DE MENINA, a","R$ 150.000,00","R$ 150.000,00",,Comissão de Licitação 01,12:00,PREFEITURA DE PETROLINA,2024
0071/2024,0119/2024,06/06/2024,19/06/2024,Inexigibilidade,Prefeitura municipal de Petrolina,Processo Concluído,Compras e serviços," Contratação da Empresa SHOW COMPLETO PRODUÇÕES ARTÍSTICAS LTDA-ME, CNPJ nº 26.636.436/0001-65, para a prestação de serviços artístico/musical da dupla MAIARA E MARAÍSA","R$ 650.000,00","R$ 650.000,00",,Comissão de Licitação 01,12:00,prefeitura de petrolina,2024
0013/2024,0045/2024,11/06/2024,27/05/2024,Pregão eletrônico,Secretaria de Agricultura,Processo Concluído,Compras e serviços,Aquisição de Patrulha Mecanizada (Caçambas) para atender às demandas de manutenção/recuperação e construção de estradas vicinais localizadas no interior deste município - Secretaria Municipal de Agricultura,"R$ 1.318.000,00","R$ 1.197.000,00",,Comissão de Licitação 02,09:00,Portal de Compras Públicas,2024
0012/2024,0044/2024,21/06/2024,30/07/2024,Pregão eletrônico,Faculdade de Ciências Aplicadas e Sociais | FACAPE,Processo Concluído,Compras e serviços,Eventual prestação de serviços de MANUTENÇÃO PREDIAL EM TODOS OS AMBIENTES DA AEVSF/FACAPE,"R$ 1.092.107,33",,,Comissão de Licitação 02,09:00,www.portaldecompraspublicas.com.br,2024
0040/2024,0082/2024,09/05/2024,03/06/2024,Inexigibilidade,Prefeitura municipal de Petrolina,Processo Concluído,Compras e serviços,"Contratação da Empresa S & S PRODUCOES DE SHOWS E ENTRETENIMENTO LTDA, CNPJ nº 09.078.427/0001-87","R$ 45.000,00","R$ 45.000,00",,Comissão de Licitação 01,11:00,PREFEITURA DE PETORLINA,2024
0169/2023,0294/2023,16/01/2024,28/12/2023,Pregão eletrônico,Secretaria Municipal da Fazenda e Planejamento,Processo Concluído,Compras e serviços,Eventual fornecimento de material de limpeza e higiene,"R$ 626.020,97",,,Comissão de Licitação 03,09:00,www.portaldecompraspublicas.com.br,2024
0004/2024,0014/2024,02/05/2024,17/04/2024,Pregão eletrônico,"Secretaria Municipal de Educação, Cultura e Esportes",Processo Concluído,Compras e serviços,"Contratação de empresa para a aquisição de GÁS DE COZINHA E VASILHAMES P13, P45 E KIT REGULADOR DE GÁS incluindo instalação, transporte e abastecimento nas centrais de gás existentes, mediante solicitação expressa da Secretaria Municipal de Educação.","R$ 1.040.675,25","R$ 0,00",,Comissão de Licitação 03,09:00,www.portaldecompraspublicas.com.br,2024
0069/2024,0117/2024,14/06/2024,20/06/2024,Inexigibilidade,Prefeitura municipal de Petrolina,Processo Concluído,Compras e serviços,"contratação de JONAS ESTICADO GRAVAÇÕES & EDIÇÕES MUSICAIS LTDA, inscrita no CNPJ sob o nº 21.939.747/0001-80, para a prestação de serviços artístico/musical da atração JONAS ESTICADO","R$ 210.000,00","R$ 210.000,00",,Comissão de Licitação 01,12:00,prefeitura depetrolina,2024
0042/2024,0085/2024,16/05/2024,05/06/2024,Inexigibilidade,Prefeitura municipal de Petrolina,Processo Concluído,Compras e serviços,"Contratação da Empresa FT SHOWS LTDA, inscrita no CNPJ sob Nº 39.998.900/0001-05, para a prestação de serviços artístico/musical da atração FABINHO TESTADO","R$ 80.000,00","R$ 80.000,00",,Comissão de Licitação 01,12:00,PREFEITURA DE PETROLINA ,2024
0086/2024,0148/2024,15/05/2024,19/07/2024,Inexigibilidade,Prefeitura municipal de Petrolina,Processo Concluído,Compras e serviços,"CONTRATAÇÃO DIRETA, por Inexigibilidade, da Empresa ELETRON TRANSPORTES VERTICAIS LTDA-ME, inscrita no CNPJ nº 08.930.024/0001-51, para a
prestação de serviços","R$ 9.600,00","R$ 9.600,00",,Comissão de Licitação 01,12:00,PREFEITURA DE PETROLINA,2024
0173/2023,0300/2023,10/01/2024,28/12/2023,Pregão eletrônico,Faculdade de Ciências Aplicadas e Sociais | FACAPE,Processo Concluído,Compras e serviços,"AQUISIÇÃO DE VIDRARIAS, MATERIAL LABORATORIAL E EQUIPAMENTOS, para
uso nos ambientes de aprendizagem do curso de Medicina implantado na AEVSF/FACAPE.","R$ 47.073,34",,,Comissão de Licitação 03,09:00,www.portaldecompraspublicas.com.br,2024
0026/2024,0057/2024,02/05/2024,17/05/2024,Inexigibilidade,Prefeitura municipal de Petrolina,Processo Concluído,Compras e serviços,"Contratação da Empresa JÚLIO  CESAR DA SILVA PRODUÇÕES LTDA-ME, inscrito no CNPJ sob nº 07.033.486/0001-03,",,,,Comissão de Licitação 01,11:00,prefeitura de petrolina,2024
0023/2024,0052/2024,24/04/2024,15/05/2024,Inexigibilidade,Prefeitura municipal de Petrolina,Processo Concluído,Compras e serviços,"Contratação do Empresário Individual ANSELMO DE OLIVEIRA BITTENCOURT PRODUÇÕES-ME, inscrito no CNPJ sob nº 39.938.977/0001-90, para a prestação de serviços artístico/musical da atração Banda TRIO GRANAH, a se apresentar no dia 24/05/2024.","R$ 20.000,00","R$ 20.000,00",,Comissão de Licitação 01,11:00,PREFEITURA DE PETROLINA,2024
0039/2024,0079/2024,10/05/2024,03/06/2024,Inexigibilidade,Prefeitura municipal de Petrolina,Processo Concluído,Compras e serviços,"Contratação da Empresa JG SHOWS LTDA, CNPJ nº 43.099.846/0001-33, para a prestação de serviços artístico/musical da atração “JOÃO GOMES","R$ 500.000,00","R$ 500.000,00",,Comissão de Licitação 01,11:00,PREFEITURA DE PETROLINA,2024
0005/2024,0015/2024,30/04/2024,17/04/2024,Pregão eletrônico,Secretaria Municipal de Desenvolvimento Social e Direitos Humanos,Processo Concluído,Compras e serviços,"Constitui objeto da presente licitação a contratação de empresa para a aquisição de GÁS LIQUEFEITO DE PETRÓLEO (GLP P13 E P45) E VASILHAME ABASTECIDO DE GÁS LIQUEFEITO DE PETRÓLEO (GLP P13 3 P45),","R$ 122.256,90",,,Comissão de Licitação 01,09:00,PORTAL DE COMPRAS PÚBLICAS,2024
0067/2024,0112/2024,06/06/2024,21/06/2024,Inexigibilidade,Prefeitura municipal de Petrolina,Processo Concluído,Compras e serviços,"Contratação da empresa EDITORA CHAVES LTDA, inscrita no CNPJ sob o nº 21.802.214/0001-51, para a prestação de serviços artístico/musical de VICTOR & LEO,","R$ 700.000,00","R$ 700.000,00",,Comissão de Licitação 01,12:00,PREFEITURA DE PETROLINA,2024
0055/2024,0100/2024,14/05/2024,11/06/2024,Inexigibilidade,Prefeitura municipal de Petrolina,Processo Concluído,Compras e serviços,"Contratação da Empresa NOVA PRODUÇÕES E EVENTOS LTDA-ME, inscrita no CNPJ sob nº 19.079.444/0001-92, para a prestação de serviços artístico/musical da atração MANO WALTER","R$ 220.000,00","R$ 220.000,00",,Comissão de Licitação 01,12:00,PREFEITURA DE PETROLINA,2024
0020/2024,0155/2024,19/06/2024,26/05/2025,Dispensa Eletrônica,Secretaria da Casa Civil,Processo Concluído,Compras e serviços,"Contratação de empresa para confecção de etiquetas patrimoniais em adesivo reflexivo 3M – tamanho 50x20mm, impressão colorida","R$ 12.800,00","R$ 12.800,00",,Comissão de Licitação 01,12:00,PREFEITURA DE PETROLINA,2024
0001/2024,0018/2024,24/04/2024,22/04/2024,Credenciamento,Secretaria Municipal de Saúde | SESAU,Aberta,Compras e serviços,"Contratação de pessoas jurídicas para a prestação de serviços de consultas médicas e exames especializados, para os usuários do Sistema Único de Saúde - SUS de Petrolina/PE, (...)","R$ 8.888.941,80","R$ 0,00",,Comissão de Licitação 04,08:00,"Secretaria M. de Licitações e Contratos, Av. Guararapes n° 2114, CEP.: 56302-905, Centro, 2° andar do anexo, Petrolina – PE, Tel. (87) 3983-6419.",2024
0006/2024,0000/0000,23/02/2024,27/03/2024,Adesão externa,Prefeitura municipal de Petrolina,Processo Concluído,Compras e serviços,"FORNECIMENTO DE MATERIAIS DE CONSUMO, para atender a necessidade dos estudantes da Rede Municipal de Ensino de Petrolina-PE",,,,Comissão de Licitação 01,11:00,PREFEITURA DE PETROLINA,2024
0001/2024,0000/0000,05/04/2024,22/05/2024,Adesão interna,Prefeitura municipal de Petrolina,Processo Concluído,Compras e serviços,"QUISIÇÃO DE ELETRODOMÉSTICOS, conforme solicitação expressa da AGÊNCIA MUNICIPAL DO EMPREENDEDOR DE PETROLINA – AGE, especificações e quantitativos previstos do Termo de Referência","R$ 2.408,36","R$ 2.408,36",,Comissão de Licitação 01,11:00,PREFITURA DE PETROLINA,2024
0018/2024,0041/2024,18/03/2024,10/05/2024,Inexigibilidade,Prefeitura municipal de Petrolina,Em andamento,Compras e serviços," NP TECNOLOGIA E GESTAO DE DADOS LTDA, inscrita no CNPJ sob o nº 07.797.967/0001-95, para a prestação de serviços de assinatura de ferramenta","R$ 11.960,00",,,Comissão de Licitação 01,11:00,PREFEITURA DE PETROLINA,2024
0014/2024,0029/2024,03/04/2024,18/04/2024,Inexigibilidade,Prefeitura municipal de Petrolina,Processo Concluído,Compras e serviços,"Contratação da Empresa CENTRAL MIX PRODUCOES LTDA ME, inscrita no CNPJ sob nº 00.895.436/0001-96, para a prestação de serviços artístico/musical da atração THIAGO AQUINO",,,,Comissão de Licitação 01,11:00,PREFEITURA DE PETROLINA,2024
0033/2024,0072/2024,17/05/2024,04/06/2024,Inexigibilidade,Prefeitura municipal de Petrolina,Processo Concluído,Compras e serviços," Contratação do Micro Empreendedor Individual (MEI) KELVIN DA SILVA OLIVEIRA BRANDAO 85838513527-ME, KELVIN DA SILVA OLIVEIRA BRANDAO","R$ 2.000,00","R$ 2.000,00",,Comissão de Licitação 01,12:00,PREFEITURA DE PETROLINA,2024
0002/2025,0004/2025,27/06/2024,27/05/2025,Dispensa Eletrônica,Secretaria de Saúde,Fracassada,Compras e serviços, Contratação de empresa especializada na prestação de emissão de laudos e relatórios mensais que registrem as doses acumuladas de radiação em cada indivíduo e comodato de 12 (doze) dosímetros ,,,,Comissão de Licitação 01,12:00,PREFEITURA DE PETROLINA,2024
0102/2023,3252/2023,18/01/2024,04/01/2024,Inexigibilidade,Prefeitura municipal de Petrolina,Processo Concluído,Compras e serviços,"contratação de MICHEL RICARDO DA SILVA BORGES 06895428445 - ME, inscrita no CNPJ sob o nº 23.784.167/0001-96, para a prestação de serviços artístico/musical da atração ORQUESTRA A BANDINHA DO CHICÃO, a se apresentar durante o CARNAVAL DE PETROLINA 2024",,,,Comissão de Licitação 01,11:00,PREFIETURA DE PETROLINA,2024
0004/2024,0065/2024,20/06/2024,04/06/2024,Concorrência Eletrônica,"Secretaria Municipal de Educação, Cultura e Esportes",Processo Concluído,Compras e serviços,CONTRATAÇÃO  DE  EMPRESA  PARA  PRESTAÇÃO  DE  SERVIÇOS  DE  ENGENHARIA RELATIVOS  À  CONCLUSÃO  DA  CONSTRUÇÃO  DA  CRECHE  PROINFÂNCIA  TIPO  2  – PADRÃO  FNDE  NO  BAIRRO  TERRAS  DO  SUL,"R$ 2.825.645,07",,,Comissão de Licitação 01,09:00,PORTAL DE COMPRAS PÚBLICAS,2024
0029/2024,0066/2024,10/05/2024,24/05/2024,Inexigibilidade,Prefeitura municipal de Petrolina,Processo Concluído,Compras e serviços,CARAVANA SEBRAE PETROLINA - 12ª EDIÇÃO DA FEIRA DO EMPREENDEDOR,"R$ 7.000,00","R$ 7.000,00",,Comissão de Licitação 01,11:00,PREFEITURA DE PETROLINA,2024
0038/2024,0077/2024,15/05/2024,03/06/2024,Inexigibilidade,Prefeitura municipal de Petrolina,Processo Concluído,Compras e serviços,"Contratação da Empresa AD PRODUÇÃO MUSICAL LTDA, CNPJ nº 26.337.395/0001-06, para a prestação de serviços artístico/musical da atração “PABLO”","R$ 220.000,00","R$ 220.000,00",,Comissão de Licitação 01,11:00,PREFEITURA DE PETROLINA,2024
0170/2023,0296/2023,15/01/2024,29/12/2023,Pregão eletrônico,Agência do Empreendedor | AGE,Processo Concluído,Compras e serviços,PRESTAÇÃO DE SERVIÇOS DE COFFEE BREAK E BUFFET - AGE.,"R$ 28.000,00",,,Comissão de Licitação 04,09:00,www.portaldecompraspublicas.com.br,2024
0001/2024,0008/9202,02/02/2024,04/06/2024,Dispensa Eletrônica,Prefeitura municipal de Petrolina,Em andamento,Compras e serviços,contrato a prestação de serviços para confecção de camisas personalizadas para a campanha do IPTU 2024,,"R$ 6.320,00",,Comissão de Licitação 01,11:00,PREFEITURA DE PETROLINA,2024
0053/2024,0098/2024,24/05/2024,11/06/2024,Inexigibilidade,Prefeitura municipal de Petrolina,Processo Concluído,Compras e serviços,"Contratação da empresa LS MUSIC PRODUÇÕES ARTÍSTICAS LTDA, inscrita no CNPJ sob o nº 11.136.197/0001-07, para a prestação de serviços artístico/musical “LUAN SANTANA”","R$ 700.000,00","R$ 700.000,00",,Comissão de Licitação 01,12:00,PREFEITURA DE PETROLINA,2024
0066/2024,0111/2024,14/05/2024,17/06/2024,Inexigibilidade,Prefeitura municipal de Petrolina,Processo Concluído,Compras e serviços,"Contratação da empresa FORA DE MODA PRODUÇÕES ARTÍSTICAS LTDA, inscrita no CNPJ sob o nº 20.031.950/0001-90, para a prestação deserviços artístico/musical de GUSTAVO MIOTO","R$ 400.000,00","R$ 400.000,00",,Comissão de Licitação 01,12:00,PREFEITURA DE PETROLINA,2024
0011/2024,0000/0000,24/04/2024,17/05/2024,Adesão externa,Prefeitura municipal de Petrolina,Processo Concluído,Compras e serviços,"CONTRATAÇÃO DE EMPRESA ESPECIALIZADA EM FABRICAÇÃO DE MOBILIÁRIO SOB MEDIDA, INCLUINDO A ENTREGA, ","R$ 388.438,75","R$ 388.438,75",,Comissão de Licitação 01,11:00,prefeitura de petrolina,2024
0007/2024,0000/0000,23/02/2024,27/03/2024,Adesão externa,Prefeitura municipal de Petrolina,Processo Concluído,Compras e serviços,"FORNECIMENTO DE MATERIAIS DE CONSUMO, para atender a necessidade dos estudantes da Rede Municipal de Ensino de Petrolina-PE",,,,Comissão de Licitação 01,11:00,PREFEITURA DE PETROLINA,2024
0020/2024,0061/2024,05/06/2024,17/05/2024,Pregão eletrônico,Secretaria Municipal de Desenvolvimento Econômico e Turismo,Processo Concluído,Compras e serviços,"LOCAÇÃO DE ESTRUTURAS TEMPORÁRIAS DE DECORAÇÃO E CÊNICA JUNINA, REALIZAÇÃO DE MONTAGEM E DESMONTAGEM DE ORNAMENTAÇÃO, INCLUINDO ","R$ 2.688.154,98","R$ 0,00",,Comissão de Licitação 02,09:00,PORTAL DE COMPRAS PÚBLICAS,2024
0016/2024,0049/2024,06/06/2024,22/05/2024,Pregão eletrônico,Secretaria Municipal de Saúde | SESAU,Processo Concluído,Compras e serviços,OBJETO: Constitui objeto da presente licitação a contratação de empresa (s) para a aquisição de  ELETRODOMÉSTICOS  PARA  EQUIPAR  O  HOSPITAL MUNICIPAL  DE  PETROLINA  (HOSPITAL DIA).,"R$ 94.101,19",,,Comissão de Licitação 01,09:00,PORTAL DE COMPRAS PÚBLICAS,2024
0145/2023,0000/0000,29/01/2024,10/01/2024,Dispensa por outros motivos,Prefeitura municipal de Petrolina,Processo Concluído,Compras e serviços,"Contratar MARCELO NOVAES ATAÍDE 00755987446, inscrito no CNPJ sob o nº 28.614.911/0001-28, para a prestação de serviços artístico/musical da atração ORQUESTRA SKALLA,",,,,Comissão de Licitação 01,11:00,PREFEITURA DE PETROLINA,2024
0075/2024,0124/2024,15/05/2024,19/06/2024,Inexigibilidade,Prefeitura municipal de Petrolina,Processo Concluído,Compras e serviços,"Contratação da empresa ZADE SHOWS GRAVAÇÕES E EDIÇÕES MUSICAIS LTDA, inscrita no CNPJ sob o nº 30.244.228/0001-98, para a prestação de serviços artístico/musical “ERIC LAND”,","R$ 180.000,00","R$ 180.000,00",,Comissão de Licitação 01,12:00,prefeitura de petrolina,2024
0015/2023,0293/2023,29/01/2024,12/12/2023,Concorrência,Secretaria de Infraestrutura e Mobilidade,Processo Concluído,Compras e serviços,"Contratação de empresa especializada no ramo de engenharia civil para a prestação de serviços relativos à IMPLANTAÇÃO DE DRENAGEM E PAVIMENTAÇÃO EM TSD E PARALELO EM DIVERSAS RUAS, NO MUNICÍPIO DE PETROLINA/PE, conforme solicitação expressa da SEINFRA.","R$ 30.335.726,80","R$ 0,00",,Comissão de Licitação 01,09:00,"Secretaria Municipal de Licitações e Contratos, sito a Av. Guararapes, nº 2.114 – 2º andar do Anexo- Centro - Petrolina-PE",2024
0035/2024,0074/2024,10/05/2024,29/05/2024,Inexigibilidade,Prefeitura municipal de Petrolina,Processo Concluído,Compras e serviços,"contratação por Inexigibilidade da empresa GERAÇÃO PRODUTORA LTDA, CNPJ 27.839.992/0001/00, representante exclusivo do artista GERALDO AZEVEDO,","R$ 170.000,00","R$ 170.000,00",,Comissão de Licitação 01,11:00,PREFEITURA DE PETROLINA,2024
0079/2024,0128/2024,17/06/2024,20/06/2024,Inexigibilidade,Prefeitura municipal de Petrolina,Processo Concluído,Compras e serviços,"Contratação da Empresa RELUZIR PRODUÇÕES MUSICAIS LTDA-ME, inscrito no CNPJ sob o nº 19.507.734/0001- 90, para a prestação de serviços artístico/musical da atração PV CALADO,","R$ 40.000,00","R$ 40.000,00",,Comissão de Licitação 01,12:00,PREFEITURA DE PETROLINA,2024
0007/2024,0056/2024,13/06/2024,13/06/2024,Dispensa Eletrônica,Secretaria Municipal de Desenvolvimento Social e Direitos Humanos,Aberta,Compras e serviços,EMISSÃO DE LAUDOS DE ATERRAMENTO E ESTANQUEIDADE DO RESTAURANTE POPULAR NO MUNICÍPIO DE PETROLINA,"R$ 5.329,54",,,Comissão de Licitação 01,09:00,prefeitura de petrolina - www.portaldecompraspublicas.com.br - PORTAL DE COMPRAS PÚBLICAS,2024
0038/2024,0229/2024,08/04/2024,27/05/2025,Dispensa Eletrônica,Procuradoria Geral do Município,Processo Concluído,Compras e serviços,Aquisição de motor bomba centrífuga para atender à Secretaria Municipal da Fazenda e planejamento - SEFAZ,"R$ 2.200,00","R$ 2.200,00",,Comissão de Licitação 01,12:00,PREFEITURA DE PETROLINA,2024
0034/2024,0073/2024,20/05/2024,29/05/2024,Inexigibilidade,Prefeitura municipal de Petrolina,Cancelada,Compras e serviços," Contratação da Empresa BOIADEIRA MUSIC LTDA, CNPJ nº 44.923.897/0001-38, para a prestação de serviços artístico/musical da atração ANA CASTELA","R$ 700.000,00","R$ 700.000,00",,Comissão de Licitação 01,11:00,PREFEITURA DE PETROLINA,2024
0176/2023,0311/2023,10/01/2024,27/12/2023,Pregão eletrônico,Secretaria Municipal de Saúde | SESAU,Fracassada,Compras e serviços,"eventual aquisição de CONDICIONADORES DE AR, INCLUINDO A SUA INSTALAÇÃO","R$ 229.465,19",,,Comissão de Licitação 01,09:00,PORTAL DE COMPRAS PÚBLICAS,2024
0180/2023,0319/2023,12/01/2024,29/12/2023,Pregão eletrônico,"Secretaria Municipal de Educação, Cultura e Esportes",Processo Concluído,Compras e serviços,Eventual contratação de empresa(s) para prestação de serviços de COFFEE BREAK E BUFFET,"R$ 1.939.050,00",,,Comissão de Licitação 02,09:00,www.portaldecompraspublicas.com.br,2024
0029/2024,0192/2024,17/05/2024,26/05/2025,Dispensa Eletrônica,"Secretaria de Educação, Cultura e Esporte",Processo Concluído,Compras e serviços,Aquisição de MATERIAIS DE SUPORTE E MANUTENÇÃO AOS EQUIPAMENTOS DE INFORMÁTICA da Rede Municipal de Ensino De Petrolina/PE,"R$ 999,00","R$ 999,00",,Comissão de Licitação 01,12:00,PREFEITURA DE PETROLIA,2024
0002/2024,0000/2024,20/05/2024,17/05/2024,Chamada pública,"Secretaria Municipal de Educação, Cultura e Esportes",Aberta,Compras e serviços,"Convocação de editoras e distribuidoras de livros paradidáticos estruturados de redação, visando à seleção de materiais para serem utilizados em projetos de melhorias de aprendizagem na educação do Ensino Fundamental, Anos Iniciais e Finais(...).","R$ 0,00","R$ 0,00",,Comissão de Licitação 01,08:00,"Av. Clementino Coelho, 714, Parque Bandeirantes, Petrolina /PE, CEP 56308 -210, no horário das 08:00 às 12h e 13h às 17h, no período de 20/05/2024 a 04/06/2024",2024
0001/2024,0000/2024,15/01/2024,15/01/2024,Chamada pública,"Secretaria Municipal de Educação, Cultura e Esportes",Em andamento,Compras e serviços,"Chamamento Público para convocação de editoras e distribuidoras, visando à SELEÇÃO DE LIVROS PARA AQUISIÇÃO DE MATERIAIS DIDÁTICOS
SEMIESTRUTURADOS PARA ATENDER AS DEMANDAS DOS ESTUDANTES E PROFESSORES DA EDUCAÇÃO INFANTIL(...)","R$ 0,00","R$ 0,00",,Comissão de Licitação 01,08:00,"Secretaria Municipal de Educação, Cultura e Esportes, situada na Av. Clementino Coelho, 714, Parque Bandeirantes, Petrolina/PE, CEP 56308-210",2024
0183/2023,0326/2023,18/01/2024,29/12/2023,Pregão eletrônico,Secretaria Municipal de Governo,Aberta,Compras e serviços,LOCAÇÃO DE VEÍCULOS AUTOMOTORES (TIPO CAMINHÃO),"R$ 500.400,00",,,Comissão de Licitação 02,09:00,www.portaldecompraspublicas.com.br,2024
0013/2023,0284/2023,15/01/2024,24/11/2023,Concorrência,Autarquia Municipal de Mobilidade de Petrolina | AMMPLA,Revogada,Obras e serviços de engenharia,Registro de Preços para futura (s) e eventual (ais) contratação de empresa especializada para EXECUÇÃO DE OBRAS DE ENGENHARIA CIVIL PARA MANUTENÇÃO E MODIFICAÇÕES NA GEOMETRIA DE VIAS PARA MELHORAR OS ORDENAMENTOS DO SISTEMA VIÁRIO - AMMPLA,"R$ 8.197.883,07","R$ 0,00",,Comissão de Licitação 01,09:00,"AVENIDA GUARARAPES, Nº 2114, CENTRO, PETROLINA/PE - 2º ANDAR DO ANEXO - SECRETARIA DE LICITAÇÕES E CONTRATOS - 87.3861.3514",2024
0007/2024,0004/2024,02/02/2024,27/02/2024,Inexigibilidade,Prefeitura municipal de Petrolina,Processo Concluído,Compras e serviços,"locação de imóvel na cidade de Petrolina-PE, com fulcro no art. 74, inciso V, da Lei Federal 14.133/2021, a fim de abrigar o novo espaço para
a sede administrativa da Agência Municipal do Empreendedor – AGE.",,,,Comissão de Licitação 01,11:00,PREFEITURA DE PETROLINA,2024
0163/2023,0283/2023,05/02/2024,28/12/2023,Pregão eletrônico,Faculdade de Ciências Aplicadas e Sociais | FACAPE,Processo Concluído,Compras e serviços,PRESTAÇÃO DE SERVIÇO NA LOCAÇÃO DE LICENÇA DE USO DE SOFTWARE PARA GERENCIAMENTO DA ÁREA DE RECURSOS HUMANOS,"R$ 74.163,71",,,Comissão de Licitação 03,09:00,www.portaldecompraspublicas.com.br,2024
0004/2024,0022/2024,10/04/2024,12/04/2024,Dispensa Eletrônica,Prefeitura municipal de Petrolina,Processo Concluído,Compras e serviços,"Contratação da Caixa Econômica Federal - CEF, em caráter de exclusividade, para executar soluções que deverão atender a centralização de serviços referentes a processamento da folha de pagamento de servidores municipais.",,,,Comissão de Licitação 01,11:00,PREFEITURA DE PETROLINA,2024
0045/2024,0089/2024,15/05/2024,05/06/2024,Inexigibilidade,Prefeitura municipal de Petrolina,Processo Concluído,Compras e serviços,"contratação de Z N E C PRODUÇÕES ARTÍSTICAS LTDA - ME, inscrita no CNPJ sob o nº 17.490.177/0001-16, para a prestação de serviços artístico/musical da atração ZÉ NETO & CRISTIANO","R$ 650.000,00","R$ 650.000,00",,Comissão de Licitação 01,12:00,PREFEITURA DE PETROLINA,2024
0070/2024,0118/2024,16/05/2024,26/06/2024,Inexigibilidade,Prefeitura municipal de Petrolina,Processo Concluído,Compras e serviços," locação de imóvel situado na na Avenida Inácio Bonfim, nº 166, Loteamento Caminho do Sol, Petrolina-PE ","R$ 15.000,00","R$ 15.000,00",,Comissão de Licitação 01,12:00,PREFEITURA DE PETROLINA,2024
0008/2024,0000/0000,11/04/2024,13/05/2024,Adesão externa,Prefeitura municipal de Petrolina,Processo Concluído,Compras e serviços,"Contratação da empresa ÁTOMOS COMERCIAL LTDA, inscrita no CNPJ sob o nº 11.234.871/0001-96, para o FORNECIMENTO DE MATERIAIS DE CONSUMO, para atender a necessidade dos estudantes da Rede Municipal de Ensino de Petrolina-PE,","R$ 2.612.913,93","R$ 2.612.913,93",,Comissão de Licitação 01,11:00,PREFEITURA DE PETROLINA,2024
0041/2024,0084/2024,21/05/2024,04/06/2024,Inexigibilidade,Prefeitura municipal de Petrolina,Processo Concluído,Compras e serviços,"Contratação da empresa BALADA EVENTOS E PRODUÇÕES LTDA, inscrita  no CNPJ sob o nº 21.363.253/0001-08, para a prestação de serviços  artístico/musical de GUSTTAVO LIMA","R$ 900.000,00","R$ 900.000,00",,Comissão de Licitação 01,12:00,prefeitura de petrolina,2024
0009/2024,0000/0000,11/04/2024,08/05/2024,Adesão externa,Prefeitura municipal de Petrolina,Processo Concluído,Compras e serviços,"FORNECIMENTO DE MATERIAIS DE CONSUMO, para atender a necessidade dos estudantes da Rede Municipal de Ensino de Petrolina-PE",,,,Comissão de Licitação 01,11:00,PREFEITURA DE PETROLINA,2024
0181/2023,0320/2023,11/01/2024,28/12/2023,Pregão eletrônico,Secretaria Municipal de Saúde | SESAU,Processo Concluído,Compras e serviços,EVENTUAL AQUISIÇÃO DE GÊNEROS ALIMENTÍCIOS NÃO PERECÍVEIS,"R$ 307.465,65",,,Comissão de Licitação 04,09:00,www.portaldecompraspublicas.com.br,2024
0036/2024,0075/2024,13/05/2024,03/06/2024,Inexigibilidade,Prefeitura municipal de Petrolina,Processo Concluído,Compras e serviços,"Contratação da Empresa LUAN FORRÓ ESTILIZADO SHOWS EVENTOS E SERVIÇOS LTDA, CNPJ nº 17.985.184/0001- 99, para a prestação de serviços artístico/musical da atração “LUAN ESTILIZADO”,","R$ 120.000,00","R$ 120.000,00",,Comissão de Licitação 01,11:00,prefeitura de petrolina,2024
0017/2024,0017/2024,03/04/2024,08/05/2024,Inexigibilidade,Prefeitura municipal de Petrolina,Processo Concluído,Compras e serviços,"OK PRODUÇÕES E REPRESENTAÇÕES ARTÍSTICAS LTDA, inscrita no CNPJ sob o nº 36.623.504/0001-05, para a prestação de serviços artístico/musical “HEITOR COSTA”, a se apresentar nas comemorações do “SÃO JOÃO DOS BAIRROS 2024”","R$ 150.000,00","R$ 150.000,00",,Comissão de Licitação 01,11:00,PREFEITURA DE PETROLINA,2024
0010/2024,0069/2024,14/06/2024,13/06/2024,Dispensa Eletrônica,Faculdade de Ciências Aplicadas e Sociais | FACAPE,Aberta,Compras e serviços,"Contratação de empresa especializada na prestação de serviços de instalação, deslocamento, montagem e desmontagem de divisórias, com serviço de materiais, em ambientes ligados aos setores administrativos e acadêmicos.","R$ 38.302,88",,,Comissão de Licitação 01,09:00,Prefeitura de Petrolina - www.portaldecompraspublicas.com.br,2024
0002/2024,0012/2024,26/04/2024,03/05/2024,Pregão eletrônico,Secretaria Municipal da Fazenda e Planejamento,Processo Concluído,Compras e serviços,Aquisição de ÁGUA MINERAL,"R$ 148.050,72",,,Comissão de Licitação 02,09:00,www.portaldecompraspublicas.com.br,2024
0172/2023,0299/2023,15/01/2024,29/12/2023,Pregão eletrônico,Secretaria Municipal de Saúde | SESAU,Aberta,Compras e serviços,"Registro de preço para EVENTUAL AQUISIÇÃO DE MANÔMETROS, para suprir as necessidades da Secretaria Municipal de Saúde de Petrolina-PE.","R$ 38.668,80",,,Comissão de Licitação 03,09:00,www.portaldecompraspublicas.com.br,2024
0016/2024,0036/2024,10/04/2024,07/05/2024,Inexigibilidade,Prefeitura municipal de Petrolina,Processo Concluído,Compras e serviços,"Contratação da empresa META CURSOS E TREINAMENTOS LTDA, inscrita no CNPJ sob o nº 11.517.150/0001-93, para a capacitação aos servidores que trabalham diretamente no setor de Recursos Humanos/Folha de Pagamento, curso sobre ","R$ 6.270,00",,,Comissão de Licitação 01,11:00,PREFEITURA DE PETROLINA,2024
0018/2024,0153/2024,04/04/2024,26/05/2025,Dispensa Eletrônica,Secretaria de Saúde,Deserta,Compras e serviços,Contratação de empresa Aquisição de INSUMOS para atender as demandas do serviço de Assistência Especializada (SAE) ,,,,Comissão de Licitação 01,12:00,PREFEITURA DE PETROLINA,2024
0147/2023,0000/0000,25/01/2024,09/01/2024,Dispensa por outros motivos,Prefeitura municipal de Petrolina,Processo Concluído,Compras e serviços,"– Contratar MARCELO NOVAES ATAÍDE 00755987446, inscrito no CNPJ sob o nº 28.614.911/0001-28, para a prestação de serviços artístico/musical da atração ORQUESTRA NOVO SKEMA, a se apresentar dia 12 de fevereiro de 2024,",,,,Comissão de Licitação 01,11:00,prefeitura de petrolina,2024
0140/2023,0000/0000,23/01/2024,10/01/2024,Dispensa por outros motivos,Prefeitura municipal de Petrolina,Processo Concluído,Compras e serviços,"Contratar MURILO PIRES CAMARGO 34857274825, inscrito no CNPJ sob o nº 30.624.132/0001-55, para a prestação de serviços artístico/musical da atração BANDA MPA, a",,,,Comissão de Licitação 01,11:00,PREFEITURA DE PETROLINA,2024
0044/2024,0181/2024,12/06/2024,26/05/2025,Dispensa Eletrônica,Procuradoria Geral do Município,Processo Concluído,Compras e serviços,"credenciada pelo Ministério da Previdência Social, para prestar serviços de consultoria com fins de certificação institucional no Programa de Certificação Institucional e Modernização da Gestão dos Regimes Próprios de Previdência Socia","R$ 13.300,00","R$ 13.300,00",,Comissão de Licitação 01,12:00,PREFEITURA DE PETROLINA,2024
0061/2024,0106/2024,06/06/2024,14/06/2024,Inexigibilidade,Prefeitura municipal de Petrolina,Processo Concluído,Compras e serviços,"Contratação da Empresa M SHOW PRODUCOES E EVENTOS LTDA-ME, inscrita no CNPJ sob nº 34.262.043/0001- 6, para a prestação de serviços artístico/musical da atração MURILO HUFF","R$ 400.000,00","R$ 400.000,00",,Comissão de Licitação 01,12:00,prefeitura de petrolina,2024
0024/2024,0054/2024,30/04/2024,17/05/2024,Inexigibilidade,Prefeitura municipal de Petrolina,Processo Concluído,Compras e serviços,"Contratação da Empresa ICZ GRAVAÇÕES, PARTICIPAÇÕES E ENTRETENIMENTOS LTDA-EPP, CNPJ 43.915.507/0001-88, para a prestação de serviços artístico/musical da atração ZÉ CANTOR","R$ 120.000,00","R$ 120.000,00",,Comissão de Licitação 01,11:00,PREFEITURA DE PETROLINA,2024
0064/2024,0109/2024,04/06/2024,17/06/2024,Inexigibilidade,Prefeitura municipal de Petrolina,Em andamento,Compras e serviços,"Contratação da empresa TOME XOTE EDITORA DE MÚSICA EIRELI, inscrita no CNPJ sob o nº 13.091.140/0001-64, para a prestação de serviços artístico/musical “DORGIVAL DANTAS”,","R$ 180.000,00","R$ 180.000,00",,Comissão de Licitação 01,12:00,PREFEITURA DE PETROLINA,2024
0015/2024,0138/2024,18/04/2024,26/07/2024,Dispensa Eletrônica,Prefeitura municipal de Petrolina,Processo Concluído,Compras e serviços,"- Contratação de empresa para serviços de marcenaria e instalação de móveis nos termos, conforme os itens abaixo relacionados, nas condições e especificações que se segue:","R$ 37.000,00",,,Comissão de Licitação 01,12:00,PREFEITURA DE PETROLINA,2024
0003/2024,0000/0000,05/04/2024,27/06/2024,Adesão interna,Prefeitura municipal de Petrolina,Processo Concluído,Compras e serviços,"AQUISIÇÃO DE ELETRODOMÉSTICOS, conforme solicitação expressa da AGÊNCIA MUNICIPAL DO EMPREENDEDOR DE PETROLINA – AGE,","R$ 2.408,36","R$ 2.408,36",,Comissão de Licitação 01,12:00,PREFEITURA DE PETROLINA,2024
0011/2024,0024/2024,08/04/2024,16/04/2024,Inexigibilidade,Prefeitura municipal de Petrolina,Em andamento,Compras e serviços,"contratação de EDINALVA FERREIRA XAVIER EVENTOS LTDA inscrita no CNPJ sob o nº 22.678.145/0001-89, para a prestação de serviços artístico/musical da atração SÉRGIO DO FORRÓ.",,,,Comissão de Licitação 01,11:54,Prefeitura de Petrolina,2024
0072/2024,0120/2024,07/06/2024,01/07/2024,Inexigibilidade,Prefeitura municipal de Petrolina,Processo Concluído,Compras e serviços,"locação de imóvel na cidade de Petrolina-PE, a fim de armazenar os diversos materiais e equipamentos provenientes do exercício da atividade das equipes de Fiscalização","R$ 33.600,00","R$ 33.600,00",,Comissão de Licitação 01,12:00,prefeitura de petrolina,2024
0002/2024,0028/2024,17/05/2024,30/04/2024,Concorrência Eletrônica,"Secretaria Municipal de Educação, Cultura e Esportes",Processo Concluído,Compras e serviços,"Contratação de empresa para prestação de serviços de engenharia referentes à reforma da Escola Municipal Ricardo Rodrigues de Miranda, no Povoado da Caatinguinha no município de Petrolina - PE.","R$ 1.202.286,96","R$ 0,00",,Comissão de Licitação 01,09:00,Portal de Compras Públicas – www.portaldecompraspublicas.com.br,2024
0179/2023,0315/2023,15/01/2024,29/12/2023,Pregão eletrônico,"Secretaria Municipal de Educação, Cultura e Esportes",Em andamento,Compras e serviços,"Eventual aquisição de PÃO DE SAL (TIPO SEDA),  PÃO INTEGRAL (TIPO FORMA) E BOLO  (TIPO FATIA) PARA ABASTECIMENTO DAS UNIDADES DA REDE MUNICIPAL DE ENSINO E CONVENIADAS,  mediante solicitação da SECRETARIA MUNICIPAL DE","R$ 2.773.157,22",,,Comissão de Licitação 01,09:00,PORTAL DE COMPRAS PÚBLICAS,2024
0153/2023,0269/2023,11/01/2024,28/12/2023,Pregão eletrônico,Faculdade de Ciências Aplicadas e Sociais | FACAPE,Processo Concluído,Compras e serviços,"AQUISIÇÃO DE ATIVOS DE REDE, NOTEBOOKS E APARELHO DE TELEVISÃO PARA ATENDER AS DEMANDAS DOS DIVERSOS SETORES DA AUTARQUIA EDUCACIONAL DO VALE DO SÃO FRANCISCO/FACAPE","R$ 443.005,76",,,Comissão de Licitação 01,15:30,PORTAL DE COMPRAS PÚBLICAS,2024
0028/2024,0064/2024,18/03/2024,24/05/2024,Inexigibilidade,Prefeitura municipal de Petrolina,Processo Concluído,Compras e serviços,"Contratação da UNIÃO DOS ESTUDANTES SECUNDARISTAS DE PERNAMBUCO – UESPE – CNPJ Nº 35.467.653/0001-60, r","R$ 90.000,00","R$ 90.000,00",,Comissão de Licitação 01,11:00,PREFEITURA DE PETROLINA,2024
0032/2024,0071/2024,13/05/2024,03/06/2024,Inexigibilidade,Prefeitura municipal de Petrolina,Processo Concluído,Compras e serviços,"Contratação da Empresa TA SHOWS LTDA, inscrita no CNPJ sob nº 43.202.769/0001-03, para a prestação de serviços artístico/musical da atração TARCÍSIO DO ACORDEON","R$ 350.000,00","R$ 350.000,00",,Comissão de Licitação 01,11:00,PREFEITURA DE PETROLINA,2024
0014/2023,0291/2023,08/01/2024,06/12/2023,Concorrência,"Secretaria Municipal de Educação, Cultura e Esportes",Em andamento,Compras e serviços,"Contratação de empresa do ramo de engenharia civil para prestação de serviços relativos à CONSTRUÇÃO DE CRECHE PROINFÂNCIA TIPO 2, PADRÃO FNDE, bairro Henrique Leite, Petrolina/PE, de acordo com o TERMO DE COMPROMISSO Nº PAC2- 10853/2014.","R$ 2.054.849,38","R$ 0,00",,Comissão de Licitação 01,09:00,"Secretaria Municipal de Licitações e Contratos, sito a Av. Guararapes, nº 2.114 – 2º andar do Anexo- Centro - Petrolina-PE.",2024
0014/2024,0136/2024,12/06/2024,26/05/2025,Dispensa Eletrônica,Secretaria da Casa Civil,Processo Concluído,Compras e serviços,"serviço de organização, execução e servimento de coquetel e/ou coffee break, sob demanda, para atendimento dos eventos institucionais (Programa Igeprev + Saúde, Dia do Idoso, Dia do Servidor Público,","R$ 46.101,00","R$ 46.101,00",,Comissão de Licitação 01,12:00,PREFEITURA DE PETROLINA,2024
0006/2024,0006/2024,22/01/2024,19/02/2024,Inexigibilidade,Prefeitura municipal de Petrolina,Processo Concluído,Compras e serviços,"CONTRATAÇÃO DIRETA da Empresa Pública EMPRESA BRASILEIRA DE CORREIOS E TELEGRAFOS-ECF, inscrita no CNPJ nº 34.028.316/0001-03, para a prestação de serviços de entrega de carnês / boletos de IPTU referente a arrecadação Tributária Municipal.",,,,Comissão de Licitação 01,11:00,PREFEITURA DE PETROLINA,2024
0077/2024,0126/2024,16/06/2024,19/06/2024,Inexigibilidade,Prefeitura municipal de Petrolina,Processo Concluído,Compras e serviços," Contratação da empresa BANDA MARI E RAYANE LTDA, inscrita no CNPJ sob o nº 49.162.710/0001-07, para a prestação de serviços artístico/musical “MARI & RAYANE”,","R$ 70.000,00","R$ 70.000,00",,Comissão de Licitação 01,12:00,PREFEITURA DE PETROLINA,2024
0059/2024,0104/2024,15/05/2024,14/06/2024,Inexigibilidade,Prefeitura municipal de Petrolina,Processo Concluído,Compras e serviços,"Contratação da Empresa CONSCIENT MUSIC LTDA, CNPJ nº 44.021.843/0001-40, para a prestação de serviços artístico/musical da atração PEDRO LIBE","R$ 80.000,00","R$ 80.000,00",,Comissão de Licitação 01,12:00,PREFEITURA DE PETROLINA,2024
0056/2024,0101/2024,14/05/2024,12/06/2024,Inexigibilidade,Prefeitura municipal de Petrolina,Processo Concluído,Compras e serviços,"Contratação da Empresa FELIPE AMORIM & CIA PRODUÇÕES ARTÍSTICAS LTDA-ME, inscrita no CNPJ sob nº 43.144.561/0001-77, para aprestação de serviços artístico/musical da atração FELIPE AMORIM.","R$ 350.000,00","R$ 350.000,00",,Comissão de Licitação 01,12:00,PREFEITURA DE PETROLINA,2024
0047/2024,0091/2024,15/05/2024,06/06/2024,Inexigibilidade,Prefeitura municipal de Petrolina,Processo Concluído,Compras e serviços,"Contratação da Empresa ALIVE PRODUÇÕES ARTÍSTICAS LTDA, CNPJ nº 39.452.484/0001-45, para a prestação de serviços artístico/musical da atração DJ ALOK","R$ 700.000,00","R$ 700.000,00",,Comissão de Licitação 01,11:00,PREFEITURA DE PETROLINA,2024
0131/2023,0000/0000,03/01/2024,10/01/2024,Dispensa por outros motivos,Prefeitura municipal de Petrolina,Processo Concluído,Compras e serviços,"CAMILA YASMINE DO NASCIMENTO MAGALHAES 04266303432, inscrito no CNPJ sob o nº 13.307.563/0001-79, para a prestação de serviços
artístico/musical da atração CAMILA YASMINE, a se apresentar dia 13 de fevereiro de 2024",,,,Comissão de Licitação 01,11:00,PREFEITURA DE PETROLINA,2024
0015/2024,0030/2024,12/04/2024,22/04/2024,Inexigibilidade,Prefeitura municipal de Petrolina,Processo Concluído,Compras e serviços,"contratação de 54.690.259 EVAN GEDEAO VERAS DE QUEIROZ - MEI, ",,"R$ 5.500,00",,Comissão de Licitação 01,11:00,PREFEITURA DE PETROLINA,2024
0022/2024,0050/2024,30/04/2024,15/05/2024,Inexigibilidade,Prefeitura municipal de Petrolina,Processo Concluído,Compras e serviços,"contratação de M E DE BRITO FEITOSA - ME, Sociedade Empresarial, inscrita no CNPJ: 06.126.417/0001-81, para a prestação de serviços artístico/musical de “BABY SOM”, a se apresentar no dia 17/05/2024 durante o Evento “SÃO JOÃO DOS BAIRROS - 2024”,","R$ 70.000,00","R$ 70.000,00",,Comissão de Licitação 01,11:00,prefeitura de petrolina,2024
0157/2023,0274/2023,04/01/2024,19/12/2023,Pregão eletrônico,"Secretaria Municipal de Educação, Cultura e Esportes",Processo Concluído,Compras e serviços,"eventual aquisição de ÁGUA MINERAL, VASILHAMES PARA ÁGUA MINERAL, CAFÉ EM PÓ E AÇÚCAR,  mediante solicitação da SECRETARIA MUNICIPAL DE EDUCAÇÃO, CULTURA E ESPORTE.","R$ 98.912,16",,,Comissão de Licitação 01,09:00,PORTAL DE  COMPRAS PÚBLICAS,2024
0014/2024,0046/2024,28/06/2024,11/06/2024,Pregão eletrônico,Secretaria Municipal de Licitações e Contratos,Processo Concluído,Compras e serviços,"Contratação de empresa especializada para o fornecimento de assinatura, de uso anual, de software/sistema de pesquisa de preço público, 
para 13 (treze) usuários, simultâneos e independentes...
","R$ 45.500.000,00","R$ 0,00",,Comissão de Licitação 03,09:00,"PORTAL DE COMPRAS PÚBLICAS, no endereço eletrônico: www.portaldecompraspublicas.com.br. ",2024
0182/2023,0322/2023,12/01/2024,29/12/2023,Pregão eletrônico,Secretaria Municipal de Saúde | SESAU,Processo Concluído,Compras e serviços,"Registro de preço para eventual aquisição de EQUIPAMENTOS DE INFORMATICA, para as Unidades Básicas de Saúde de Petrolina-PE e para a implementação de um Hospital Municipal de Petrolina (Hospital Dia) no município de Petrolina-PE","R$ 695.302,70",,,Comissão de Licitação 03,09:00,www.portaldecompraspublicas.com.br,2024
0003/2024,0021/2024,22/03/2024,04/06/2024,Dispensa Eletrônica,Prefeitura municipal de Petrolina,Em andamento,Compras e serviços,"contrato a prestação de serviços para especializada na realização de análises da água do Rio São Francisco, do Riacho Vitória e do Riacho",,"R$ 15.232,50",,Comissão de Licitação 01,12:00,PREFEITURA DE PETROLINA,2024
0016/2023,0295/2023,15/01/2024,14/12/2023,Concorrência,Secretaria de Agricultura,Processo Concluído,Obras e serviços de engenharia,Reforma e ampliação do Pátio da Feira  Livre do bairro José e Maria ,"R$ 10.454.067,34","R$ 0,00",,Comissão de Licitação 02,14:00,"Avenida Guararapes, nº 2114, centro, Petrolina/PE - 2º andar do anexo - 87.3861.3514",2024
0037/2024,0076/2024,14/05/2024,03/06/2024,Inexigibilidade,Prefeitura municipal de Petrolina,Processo Concluído,Compras e serviços,"contratação de ALICPARTICIPAÇÕES E ENTRETENIMENTOS LTDA, 28.791.264/0001-20, para a prestação de serviços artístico/musical da atração
XAND AVIÃO,","R$ 600.000,00","R$ 600.000,00",,Comissão de Licitação 01,11:00,PREFEITURA DE PETROLINA,2024
0132/2023,0000/0000,04/01/2024,09/01/2024,Dispensa por outros motivos,Prefeitura municipal de Petrolina,Processo Concluído,Compras e serviços,"Contratar MARCELO NOVAES ATAÍDE 00755987446, inscrito no CNPJ sob o nº 28.614.911/0001-28, para a prestação de serviços artístico/musical da atração JONATHAN ARAUJO, a se apresentar dia 10 de fevereiro de 2024",,,,Comissão de Licitação 01,11:00,PREFEITURA DE PETROLINA,2024
0081/2024,0130/2024,20/06/2024,21/06/2024,Inexigibilidade,Prefeitura municipal de Petrolina,Processo Concluído,Compras e serviços,"Contratação da Empresa TATY GIRL GRAVAÇÕES, EDIÇÕES MUSICAIS E EVENTOS LTDA-ME, CNPJ nº 23.268.243/0001-00, para a prestação de serviços artístico/musical da atração “TATY GIRL”","R$ 180.000,00","R$ 180.000,00",,Comissão de Licitação 01,12:00,prefeitura de petrolina ,2024
0009/2023,0316/2023,17/01/2024,29/12/2023,Tomada de preço,Secretaria de Infraestrutura e Mobilidade,Processo Concluído,Compras e serviços,Manutenção do sistema de esgotamento sanitário da bacia do bairro Dom Avelar,"R$ 1.254.654,10","R$ 0,00",,Comissão de Licitação 02,09:00,"Avenida Guararapes, nº 2114, centro, Petrolina/PE (2º andar do anexo) / 87.3861.3514 ",2024
0057/2024,0102/2024,22/04/2024,18/06/2024,Inexigibilidade,Prefeitura municipal de Petrolina,Processo Concluído,Compras e serviços,"Locação de imóvel (galpão) na cidade de Petrolina- PE, com fulcro no art. 74, inciso V, da Lei Federal 14.133/2021,","R$ 1.500,00","R$ 1.500,00",,Comissão de Licitação 01,12:00,prefeitura de petrolina,2024
0031/2024,0068/2024,09/04/2024,28/05/2024,Inexigibilidade,Prefeitura municipal de Petrolina,Processo Concluído,Compras e serviços,"locação de imóvel na cidade de Petrolina-PE, com fulcro no art. 74, inciso V, da Lei Federal 14.133/2021, a fim de abrigar o novo espaço para a Secretaria Municipal de educação, Cultura e Esporte.","R$ 16.000,00","R$ 16.000,00",,Comissão de Licitação 01,11:00,PREFEITURA DE PETROLINA,2024
0002/2024,0002/2024,25/01/2024,06/02/2024,Inexigibilidade,Secretaria Municipal de Desenvolvimento Econômico e Turismo,Processo Concluído,Compras e serviços,"Contratação da Empresa MM PRODUCOES E MARKETING LTDA-ME, inscrita no CNPJ sob o nº 48.986.927/0001-79 para a prestação de serviços artístico/musical da atração PAGODE DO SEGREDO.",,,,Comissão de Licitação 01,11:00,PREFEITURA DE PETROLINA,2024
0177/2023,0312/2023,11/01/2024,28/12/2023,Pregão presencial,"Secretaria Municipal de Educação, Cultura e Esportes",Em andamento,Compras e serviços,"eventual aquisição de GÊNEROS ALIMENTÍCIOS (NÃO PERECÍVEIS) PARA ABASTECIMENTO DAS UNIDADES DA REDE MUNICIPAL DE ENSINO E CONVENIADAS, mediante solicitação da SECRETARIA MUNICIPAL DE EDUCAÇÃO, CULTURA E ESPORTES","R$ 11.793.042,46",,,Comissão de Licitação 01,09:00,PORTAL DE COMPRAS PÚBLICAS,2024
0004/2024,0004/2024,26/01/2024,08/02/2024,Inexigibilidade,Secretaria Municipal de Desenvolvimento Econômico e Turismo,Processo Concluído,Compras e serviços,"contratação da empresa ANDREZZA OLIVEIRA SANTOS, inscrita no CNPJ sob o nº 25.151.057/0001-12, que tem como objeto a prestação de serviços artístico/musical da atração ANDREZZA SANTOS, a se apresentar no dia 13/02/2024 ",,,,Comissão de Licitação 01,11:00,PREFEITURA DE PETROLINA,2024
0051/2024,0095/2024,15/05/2024,10/06/2024,Inexigibilidade,Prefeitura municipal de Petrolina,Processo Concluído,Compras e serviços,"Contratação da empresa SIMONE MENDES PRODUÇÕES MUSICAIS LTDA - EPP, inscrita no CNPJ sob o nº 32.377.952/0001-15, para a prestação de serviços artístico/musical de SIMONE MENDES","R$ 550.000,00","R$ 550.000,00",,Comissão de Licitação 01,12:00,PREFEITURA DE PETROLINA,2024
0031/2024,0217/2024,12/06/2024,27/05/2025,Dispensa Eletrônica,Secretaria da Casa Civil,Deserta,Compras e serviços,"Contratação de entidade certificadora credenciada pelo Ministério da Previdência Social, para prestar serviços de consultoria com fins de certificação institucional no Programa de Certificação Institucional.",,,,Comissão de Licitação 01,12:00,PREFEITURA DE PETROLINA,2024
0019/2024,0059/2024,17/06/2024,03/06/2024,Pregão eletrônico,Secretaria Municipal de Desenvolvimento Social e Direitos Humanos,Processo Concluído,Compras e serviços,contratação de empresa (s) para a aquisição de GÊNEROS ALIMENTÍCIOS NÃO PERECÍVEIS para abastecimento das unidades da SECRETARIA MUNICIPAL DE DESENVOLVIMENTO SOCIAL E DIREITOS HUMANOS.,"R$ 1.432.319,61","R$ 0,00",,Comissão de Licitação 03,09:00,Portal de Compras Públicas -  www.portaldecompraspublicas.com.br,2024
0165/2023,0286/2023,16/01/2024,04/12/2023,Pregão eletrônico,Secretaria Municipal de Desenvolvimento Social e Direitos Humanos,Processo Concluído,Compras e serviços,Eventual aquisição de equipamentos/materiais de informática e outros,"R$ 303.507,71",,,Comissão de Licitação 02,09:00,www.portaldecompraspublicas.com.br ,2024
0017/2024,0053/2024,05/06/2024,22/05/2024,Pregão eletrônico,Secretaria Municipal de Saúde | SESAU,Fracassada,Compras e serviços,"EQUIPAMENTOS MÉDICO-HOSPITALARES PARA ATENDER ÀS NECESSIDADES DO  HOSPITAL MUNICIPAL DE PETROLINA (HOSPITAL DIA)
OBSERVAÇÃO: PROCESSO REVOGADO","R$ 7.461.432,37",,,Comissão de Licitação 04,09:00,"PREFEITURA MUNICIPAL DE PETROLINA - SECRETARIA MUNICIPAL DE 
LICITAÇÕES E CONTRATOS ",2024
0002/2024,0016/2024,25/03/2024,04/06/2024,Dispensa Eletrônica,Prefeitura municipal de Petrolina,Em andamento,Compras e serviços,contratação de empresa para Aquisição de COLCHÕES PARA O SERVIÇO DE ATENDIMENTO MÓVEL DE URGÊNCIA (SAMU),"R$ 33.966,25",,,Comissão de Licitação 01,12:00,PREFEITURA DE PETROLINA,2024
0175/2023,0310/2023,10/01/2024,27/12/2023,Pregão eletrônico,Secretaria Municipal de Saúde | SESAU,Processo Concluído,Compras e serviços,AQUISIÇÃO DE GÊNEROS ALIMENTÍCIOS PERECÍVEIS ,"R$ 363.654,30",,,Comissão de Licitação 04,09:00,www.portaldecompraspublicas.com.br,2024
0018/2024,0000/0000,19/06/2024,20/05/2025,Adesão externa,Secretaria de Saúde,Processo Concluído,Compras e serviços,"AQUISIÇÃO DE MEDICAMENTOS, destinados à Secretaria Municipal de Saúde de Petrolina-PE","R$ 234.183,32","R$ 234.183,32",,Comissão de Licitação 01,12:00,PREFEITURA DE PETROLINA,2024
0082/2024,0131/2024,17/06/2024,21/06/2024,Inexigibilidade,Prefeitura municipal de Petrolina,Processo Concluído,Compras e serviços,"Contratação da Empresa YARA TCHE E ALESSANDRO EVENTOS LTDA-ME, inscrita no CNPJ sob o nº 30.331.267/0001- 22, para a prestação de serviços artístico/musical da atração “SEU DESEJO – YARA TCHÊ E ALESSANDRO”","R$ 160.000,00","R$ 160.000,00",,Comissão de Licitação 01,12:00,PREFEITURA DE PETROLINA,2024
0074/2024,0122/2024,16/06/2024,19/06/2024,Inexigibilidade,Prefeitura municipal de Petrolina,Processo Concluído,Compras e serviços,"Contratação da empresa VF SHOWS PRODUÇÕES LTDA, inscrita no CNPJ sob o nº 39.269.483/0001-60, para a prestação de serviços artístico/musical de VITOR FERNANDES,","R$ 210.000,00","R$ 210.000,00",,Comissão de Licitação 01,12:00,prefeitura de petrolina,2024
0019/2024,0042/024_,18/04/2024,13/05/2024,Inexigibilidade,Prefeitura municipal de Petrolina,Processo Concluído,Compras e serviços,"Celebrar contrato para a locação de imóvel na cidade de Petrolina-PE, com fulcro no art. 74, inciso V, da Lei Federal 14.133/2021, a fim de dar funcionamento à SEJUV - Secretaria executiva da Juventude","R$ 45.600,00","R$ 45.600,00",,Comissão de Licitação 01,11:00,PREFEITURA DE PETROLINA,2024
0142/2023,0255/2023,12/01/2024,28/12/2023,Pregão eletrônico,Secretaria Municipal de Saúde | SESAU,Em andamento,Compras e serviços,Contratação de empresa especializada para a PRESTAÇÃO DE SERVIÇOS RELATIVOS AO PREPARO E FORNECIMENTO DE REFEIÇÕES (TIPO MARMITEX) PARA USUÁRIOS E FUNCIONÁRIOS PLANTONISTAS DA UNIDADE DE ACOLHIMENTO INFANTO JUVENIL E UNIDADE DE ACOLHIMENTO ADULTO,"R$ 830.981,04",,,Comissão de Licitação 01,09:00,PORTAL DE COMPRAS PÚBLICAS,2024
0010/2024,0023/2024,11/03/2024,15/04/2024,Inexigibilidade,Prefeitura municipal de Petrolina,Processo Concluído,Compras e serviços,"Contratação da empresa BRASAS DO FORRÓ COMÉRCIO E LOCAÇÃO DE MATERIAL LTDA, inscrita no CNPJ sob o nº 03.657.268/0001-99, para a prestação de serviços artístico/musical da banda BRASAS DO FORRÓ, a se apresentar nas comemorações do “EXPORAJADA 2024","R$ 60.000,00","R$ 60.000,00",,Comissão de Licitação 01,11:00,PREFEITURA DE PETROLINA,2024
0034/2024,0144/2024,02/08/2024,18/07/2024,Pregão eletrônico,Secretaria Municipal de Desenvolvimento Social e Direitos Humanos,Processo Concluído,Compras e serviços,"AQUISIÇÃO DE 1 (UM) VEÍCULO AUTOMOTOR PARA A SECRETARIA EXECUTIVA DE JUVENTUDE, DIREITOS HUMANOS, MULHER E ACESSIBILIDADE DA CIDADE. SEDESDH","R$ 79.910,00","R$ 0,0",,Comissão de Licitação 04,09:00,PORTAL DE COMPRAS PÚBLICAS,2024
0024/2024,0174/2024,08/07/2024,26/05/2025,Dispensa Eletrônica,Controladoria Geral do Município,Processo Concluído,Compras e serviços,"serviço de serviços de manutenção preventiva, corretiva, instalação, desinstalação, realocação, reinstalação, reposição de gás
e diversos, bem como limpeza de aparelhos condicionadores","R$ 30.000,00","R$ 30.000,00",,Comissão de Licitação 01,12:00,PREFEITURA DE PETROLINA,2024
0105/2024,0224/2024,01/10/2024,11/11/2024,Inexigibilidade,Prefeitura municipal de Petrolina,Processo Concluído,Compras e serviços,"Contratação Direta, por Inexigibilidade, da Sociedade Simples Limitada COMPANHIA PRIMEIRO ATO PROMOÇÃO PRODUÇÕES DE ESPETÁCULOS E FORMAÇÃO ARTISTICA – Nome Fantasia CIA PRIMEIRO ATO.","R$ 120.000,00","R$ 120.000,00",,Comissão de Licitação 01,11:00,PREFEITURA DE PETROLINA ,2024
0111/2024,0253/2024,31/10/2024,13/11/2024,Inexigibilidade,Prefeitura municipal de Petrolina,Processo Concluído,Compras e serviços,"Contratação da Microempreendedora Individual 51.112.214 DAYSE LEITE GOIS-ME (Nome Fantasia – DG Produções), inscrita no CNPJ sob o nº 51.112.214/0001-90, para a prestação de serviços artístico/musical da atração DEYSE GOIS","R$ 6.000,00","R$ 6.000,00",,Comissão de Licitação 01,11:00,PREFEITURA DE PETROLINA,2024
0087/2024,0000/0000,02/07/2024,19/07/2024,Inexigibilidade,Prefeitura municipal de Petrolina,Processo Concluído,Compras e serviços,"Locação do imóvel situado na Rua Antônio Padilha, nº 19, no loteamento Jardim Vila Rica, Quadra A, lote 02, bairro Centro, Petrolina-PE, para abrigar as instalações da AUTARQUIA MUNICIPAL DE MOBILIDADE DE PETROLINA - AMMPLA,","R$ 165.600,00","R$ 165.600,00",,Comissão de Licitação 01,12:00,prefeitura de petrolina,2024
0079/2024,0251/2024,28/11/2024,12/11/2024,Pregão eletrônico,Secretaria Municipal de Desenvolvimento Econômico e Turismo,Processo Concluído,Compras e serviços,"LOCAÇÃO DE ESTRUTURAS TEMPORÁRIAS DE TEMÁTICA E CÊNICA NATALINA, INCLUINDO A MONTAGEM/DESMONTAGEM DE ORNAMENTAÇÃO E A MANUTENÇÃO DE MATERIAIS E SERVIÇOS ELÉTRICOS, PARA SER UTILIZADO COMO DECORAÇÃO DE VIAS E PRAÇAS DURANTE A REALIZAÇÃO DO “NATAL LUZ 2024”","R$ 4.799.947,40","R$ 0,0",,Comissão de Licitação 02,09:00,www.portaldecompraspublicas.com.br (PORTAL DE COMPRAS PÚBLICAS),2024
0090/2024,0188/2024,15/07/2024,06/09/2024,Inexigibilidade,Prefeitura municipal de Petrolina,Processo Concluído,Compras e serviços,"locação de imóvel na cidade de Petrolina-PE, com fulcro no art. 74, inciso V e § 5º da Lei Federal 14.133/2021, para acomodar cerca de 230 estudantes da ESCOLA MUNICIPAL RICARDO RODRIGUES DE MIRANDA",,,,Comissão de Licitação 01,12:00,prefeitura de petrolina,2024
0029/2024,0140/2024,18/07/2024,05/07/2024,Pregão eletrônico,Secretaria Municipal de Desenvolvimento Social e Direitos Humanos,Processo Concluído,Compras e serviços,aquisição de gêneros alimentícios (perecíveis) para abastecimento das unidades da SEDESDH.,"R$ 2.470.752,24","R$ 0,0",,Comissão de Licitação 02,09:00,PORTAL DE COMPRAS PÚBLICAS,2024
0028/2024,0135/2024,01/08/2024,18/07/2024,Pregão eletrônico,Secretaria Municipal de Saúde | SESAU,Processo Concluído,Compras e serviços,"Aquisição de ração e feno para o Centro de Controle de Zoonoses de Petrolina, conforme solicitação da Secretaria de Saúde.","R$ 110.653,00","R$ 0,0",,Comissão de Licitação 04,09:00,PORTAL DE COMPRAS PÚBLICAS,2024
0011/2024,0179/2024,18/09/2024,03/09/2024,Concorrência Eletrônica,Secretaria de Infraestrutura e Mobilidade,Processo Concluído,Compras e serviços,"Contratação de empresa para EXECUÇÃO DE RECAPEAMENTO DE VIA NO MUNICÍPIO DE PETROLINA/PE, para atender às necessidades da Secretaria Municipal de Infraestrutura e Mobilidade – SEINFRA.","R$ 614.605,09","R$ 517.000,00",,Comissão de Licitação 02,09:00,Portal de Compras Públicas – www.portaldecompraspublicas.com.br,2024
0081/2024,0256/2024,12/12/2024,29/11/2024,Pregão eletrônico,Secretaria Municipal de Saúde | SESAU,Processo Concluído,Compras e serviços,"Aquisição de GÊNEROS ALIMENTÍCIOS HORTIFRUTIGRANJEIROS destinados a atender os serviços da Atenção Psicossocial - CAPS II, CAPS AD III e CAPS IJ.","R$ 95.032,76",,,Comissão de Licitação 04,09:00,Portal de Compras Públicas.,2024
0071/2024,0232/2024,22/11/2024,07/11/2024,Pregão eletrônico,Secretaria Municipal da Fazenda e Planejamento,Processo Concluído,Compras e serviços,"Aquisição de APARELHOS DE ARES-CONDICIONADOS, com instalação.","R$ 85.107,76",,,Comissão de Licitação 01,09:00,Portal de Compras Públicas,2024
0085/2024,0147/2024,08/07/2024,16/07/2024,Inexigibilidade,Prefeitura municipal de Petrolina,Processo Concluído,Compras e serviços,"contratação de 22.770.006 ADÃO BAGAJI DE SOUZA – ME, inscrita no CNPJ sob o nº 22.770.006/0001-80, para a prestação de serviços artístico/musical da atração ADÃOZINHO DE RAJADA","R$ 10.000,00","R$ 10.000,00",,Comissão de Licitação 01,12:00,PREFEITURA DE PETROLINA,2024
0110/2024,0252/2024,24/10/2024,12/11/2024,Inexigibilidade,Prefeitura municipal de Petrolina,Processo Concluído,Compras e serviços,"ontratação da empresa MUSICAL DESIGN PRODUÇÕES LTDA - ME, inscrita no CNPJ sob o nº 11.013.536/0001- 68, para a prestação de serviços artístico/musical da atração ZIZI POSSI,","R$ 126.300,00","R$ 126.300,00",,Comissão de Licitação 01,11:00,PREFEITURA DE PETROLINA,2024
0023/2024,0000/0000,10/07/2024,10/09/2024,Adesão externa,Prefeitura municipal de Petrolina,Processo Concluído,Compras e serviços,"contratação de empresa especializada na prestação de serviços de gerenciamento de frotas por meio da implantação de sistema integrado via Web, em
tempo real, com utilização de cartão magnético COM CHIP","R$ 8.809.749,20","R$ 8.809.749,20",,Comissão de Licitação 01,12:00,PREFEITURA DE PETROLNA,2024
0084/2024,0146/2024,04/07/2024,15/07/2024,Inexigibilidade,Prefeitura municipal de Petrolina,Processo Concluído,Compras e serviços," Contratação da Empresa BISULINHA PARTICIPACOES E ENTRETENIMENTO LTDA, CNPJ nº 10.935.395/0001-78, para a prestação de serviços artístico/musical da atração BANDA RPM,","R$ 100.000,00","R$ 100.000,00",,Comissão de Licitação 01,12:00,prefeitura de petrolina,2024
0036/2024,0233/2024,08/08/2024,26/05/2025,Dispensa Eletrônica,Secretaria de Saúde,Processo Concluído,Compras e serviços,"AQUISIÇÃO DE TICKET DE ÁGUA MINERAL E TICKET DE VALE GÁS visando suprir as necessidades da Casa de Apoio em Recife-PE vinculada ao TFD de Petrolina-PE,","R$ 32.302,40","R$ 32.302,40",,Comissão de Licitação 01,12:00,PREFEITURA DE PETROLINA,2024
0076/2024,0248/2024,09/12/2024,21/11/2024,Pregão eletrônico,Secretaria Municipal de Saúde | SESAU,Processo Concluído,Compras e serviços,"Contratação de empresa para PRESTAÇÃO DE SERVIÇOS RELATIVOS À MATERIAL GRÁFICO, para atender às necessidades da Secretaria Municipal de Saúde de Petrolina-PE.","R$ 553.949,00","R$ 0,00",,Comissão de Licitação 04,09:00,"PORTAL DE COMPRAS PÚBLICAS, no endereço eletrônico www.portaldecompraspublicas.com.br.",2024
0092/2024,0190/2024,02/08/2024,17/09/2024,Inexigibilidade,Prefeitura municipal de Petrolina,Processo Concluído,Compras e serviços,"Contratação da Empresa PELLI SISTEMAS ENGENHARIA LTDA, inscrita no CNPJ nº 01.524.509/0001-04, para a prestação de serviços de capacitação e treinamento pessoal por intermédio do Curso Pelli Sistemas Masterclass (Combo)","R$ 12.264,00","R$ 12.264,00",,Comissão de Licitação 01,12:00,PREFEITURA DE PETROLINA,2024
0109/2024,0245/2024,01/11/2024,11/11/2024,Inexigibilidade,Prefeitura municipal de Petrolina,Processo Concluído,Compras e serviços,"MARIA ALESSIA SALUARA DA SILVA SANTOS, inscrita no CNPJ sob o nº 15.002.427/0001-04, para participação dos servidores da Secretaria
de Educação, Cultura e Esportes servidores no evento TURBINADA DO CONHECIMENTO 4.0,","R$ 21.000,00","R$ 21.000,00",,Comissão de Licitação 01,11:00,PREFEITURA DE PETROLINA,2024
0089/2024,0186/2024,06/08/2024,05/09/2024,Inexigibilidade,Prefeitura municipal de Petrolina,Processo Concluído,Compras e serviços,"contrato de locação de imóvel junto da Sr.ª Rodrigo Silva Santana, CPF n.º 839.205.795-34, imóvel esse situado à Rua Augusto Carlos Brandão, n.º 218, Centro, Petrolina/PE, CEP 56304110","R$ 60.000,00","R$ 60.000,00",,Comissão de Licitação 01,12:00,PREFEITURA DE PETROLINA,2024
0087/2024,0262/2024,19/12/2024,05/12/2024,Pregão eletrônico,Secretaria Municipal de Saúde | SESAU,Processo Concluído,Compras e serviços,"Contratação de empresas para AQUISIÇÃO DE MEDICAMENTOS, conforme solicitação expressa da Secretaria Municipal de Saúde.","R$ 8.743.825,00","R$ 0,00",,Comissão de Licitação 01,09:00,"PORTAL DE COMPRAS PÚBLICAS, no endereço eletrônico www.portaldecompraspublicas.com.br",2024
0117/2024,0296/2024,23/12/2024,30/12/2024,Inexigibilidade,Prefeitura municipal de Petrolina,Processo Concluído,Compras e serviços," contratação da empresa 21.835.326 ALAN CLEBER VIEIRA DE SOUZA - MEI, inscrita no CNPJ sob o nº 21.835.326/0001-09, para a prestação de serviços artístico/musical da atração ALAN CLEBER","R$ 18.000,00","R$ 18.000,00",,Comissão de Licitação 01,11:00,PREFEITURA DE PETROLINA,2024
0012/2024,0000/0000,09/07/2024,08/08/2024,Adesão externa,Prefeitura municipal de Petrolina,Processo Concluído,Compras e serviços,"AQUISIÇÃO E DISTRIBUIÇÃO DE CONJUNTOS DE USO MÚLTIPLO (CJU-02, M4B-04 E M4B-06),","R$ 4.011.000,00","R$ 4.011.000,00",,Comissão de Licitação 01,12:00,PREFEITURA DE PETROLINA,2024
0048/2024,0170/2024,08/10/2024,23/09/2024,Pregão eletrônico,Secretaria Municipal de Planejamento e Gestão,Processo Concluído,Compras e serviços,"PRESTAÇÃO DE SERVIÇOS DE MANUTENÇÃO PREVENTIVA E CORRETIVA, INCLUINDO O FORNECIMENTO DE PEÇAS E GÁS, EM CONDICIONADORES DE AR LOTADOS EM DIVERSAS SECRETARIAS E ÓRGÃOS","R$ 493.695,86","R$ 0,0",,Comissão de Licitação 04,09:00,PORTAL DE COMPRAS PÚBLICAS - www.portaldecompraspublicas.com.br,2024
0039/2024,0158/2024,23/08/2024,06/08/2024,Pregão eletrônico,"Secretaria Municipal de Educação, Cultura e Esportes",Revogada,Compras e serviços,Prestação de serviços de arbitragem para eventos esportivos da SEDUCE,"R$ 414.845,18","R$ 0,0",,Comissão de Licitação 04,09:00,Portal de Compras Públicas,2024
0009/2024,0139/2024,22/08/2024,15/07/2024,Concorrência Eletrônica,"Secretaria Municipal de Educação, Cultura e Esportes",Processo Concluído,Compras e serviços,"Contratação de empresa de engenharia para CONSTRUÇÃO DA QUADRA POLIESPORTIVA COBERTA DA ESCOLA ELIETE ARAÚJO DE SOUZA, no localizada no Centro, neste município, conforme solicitação expressa da Secretaria de Educação, Cultura e Esportes de Petrolina.","R$ 1.111.658,78","R$ 0,00",,Comissão de Licitação 02,09:00,Portal de Compras Públicas – www.portaldecompraspublicas.com.br,2024
0097/2024,0200/2024,29/08/2024,11/09/2024,Inexigibilidade,Prefeitura municipal de Petrolina,Processo Concluído,Compras e serviços,"Contratação do Empresário Individual (EI) WAGNER PEREIRA REGES-ME, inscrito no CNPJ nº 54.080.272/0001-78,","R$ 15.000,00","R$ 15.000,00",,Comissão de Licitação 01,12:00,PREFEITURA DE PETROLINA,2024
0011/2024,0035/2024,23/09/2024,12/06/2024,Pregão eletrônico,Faculdade de Ciências Aplicadas e Sociais | FACAPE,Processo Concluído,Compras e serviços,contratação de empresa (s) para a aquisição de CADEIRAS UNIVERSITÁRIAS PARA ATENDER ÀS DEMANDAS DO CURSO DE MEDICINA DA AEVSF,"R$ 191.896,00",,,Comissão de Licitação 01,09:00,PORTAL DE COMPRAS PÚBLICA,2024
0026/2024,0132/2024,29/08/2024,09/08/2024,Pregão eletrônico,Faculdade de Ciências Aplicadas e Sociais | FACAPE,Processo Concluído,Compras e serviços,EVENTUAL CONTRATAÇÃO DE EMPRESA PARA PRESTAÇÃO DE SERVIÇOS DE SEGURO COLETIVO(...),"R$ 23.280,00","R$ 0,00",,Comissão de Licitação 01,09:00,"PORTAL DE COMPRAS PÚBLICAS, no endereço eletrônico www.portaldecompraspublicas.com.br",2024
0016/2024,0000/0000,09/07/2024,20/05/2025,Adesão externa,"Secretaria de Educação, Cultura e Esporte",Processo Concluído,Compras e serviços,"AQUISIÇÃO DE MOBILIÁRIO ESCOLAR, para atender as necessidades das unidades escolares de Educação Infantil e Ensino Fundamental da Rede Municipal de Ensino de Petrolina/PE, ","R$ 2.478.000,00","R$ 2.478.000,00",,Comissão de Licitação 01,12:00,PREFEITURA DE PETROLINA,2024
0013/2024,0199/2024,07/10/2024,19/09/2024,Concorrência Eletrônica,Secretaria de Infraestrutura e Mobilidade,Processo Concluído,Compras e serviços,"Contratação de empresa para EXECUÇÃO DE RECAPEAMENTO DAS RUAS NOSSA SENHORA DAS GROTAS E RUA DOM TOMAZ, NO BAIRRO COHAB VI, NO MUNICÍPIO DE PETROLINA/PE, para atender às necessidades da Secretaria Municipal de Infraestrutura e Mobilidade – SEINFRA.","R$ 2.059.690,98","R$ 0,00",,Comissão de Licitação 02,09:00,Portal de Compras Públicas – www.portaldecompraspublicas.com.br,2024
0104/2024,0215/2024,19/08/2024,08/10/2024,Inexigibilidade,Prefeitura municipal de Petrolina,Processo Concluído,Compras e serviços,"ContrataÁ„o da Empresa CDL CAMARA DE DIRIGENTES LOJISTAS DE PETROLINA, inscrita no CNPJ nº 11.471.380/0001-69, para a prestaÁ„o de serviÁos de consulta, inclus„o e ","R$ 12.622,80","R$ 12.622,80",,Comissão de Licitação 01,12:00,PREFEIURA DE PETROLINA,2024
0070/2024,0231/2024,19/11/2024,29/10/2024,Pregão eletrônico,Secretaria Municipal de Saúde | SESAU,Processo Concluído,Compras e serviços,"contratação de empresa para AQUISIÇÃO DE EQUIPAMENTOS HOSPITALARES destinados a atender o Hospital Municipal de Petrolina
(HMP) e reestruturação da Policlínica Municipal, ",,"R$ 0,00",,Comissão de Licitação 02,09:00,"PORTAL DE COMPRAS PÚBLICAS, no endereço eletrônico: www.portaldecompraspublicas.com.br",2024
0085/2024,0260/2024,18/12/2024,04/12/2024,Pregão eletrônico,Autarquia Municipal de Mobilidade de Petrolina | AMMPLA,Processo Concluído,Compras e serviços,"Contratação de empresa para a AQUISIÇÃO DE MATERIAIS DE INFORMÁTICA, para atender às necessidades da Autarquia Municipal de Mobilidade de Petrolina – AMMPLA","R$ 102.135,12",,,Comissão de Licitação 01,03:00,PORTAL DE COMPRAS PÚBLICAS ,2024
0019/2024,0154/2024,08/07/2024,30/07/2024,Dispensa Eletrônica,Prefeitura municipal de Petrolina,Em andamento,Compras e serviços,Contratação de empresa Aquisição de AQUISIÇÃO DE MATERIAL DE LIMPEZA E HIGIENE para a Secretaria Municipal de Saúde de Petrolina-PE,"R$ 54.906,04",,,Comissão de Licitação 01,12:00,PREFEITURA DE PETROLINA,2024
0049/2024,0171/2024,23/09/2024,05/09/2024,Pregão eletrônico,Secretaria Municipal de Saúde | SESAU,Processo Concluído,Compras e serviços,"Contratação de empresa para PRESTAÇÃO DE SERVIÇOS RELATIVOS À LIMPEZA DE FOSSAS SÉPTICAS (CAIXA DE ESGOTO), para atender às necessidades da Secretaria de Saúde de Petrolina-PE.","R$ 369.457,20","R$ 0,00",,Comissão de Licitação 03,09:00,"PORTAL DE COMPRAS PÚBLICAS, no endereço eletrônico www.portaldecompraspublicas.com.br",2024
0022/2024,0165/2024,13/08/2024,07/08/2024,Dispensa Eletrônica,Prefeitura municipal de Petrolina,Em andamento,Compras e serviços,"contratação de empresa para aquisição de equipamentos hospitalares para compor a Clínica FACAPE de atendimento inicial, resultante da integração e cooperação técnica entre a AEVSF/FACAPE e Secretaria de Saúde.","R$ 54.329,90",,,Comissão de Licitação 01,12:00,prefeitura de petrolina,2024
0083/2024,0258/2024,11/12/2024,27/11/2024,Pregão eletrônico,Secretaria Municipal de Saúde | SESAU,Processo Concluído,Compras e serviços,"Aquisição de TICKETS DE VALE GÁS destinados a atender os serviços da Atenção Psicossocial - CAPS II, CAPS AD III e CAPS IJ.","R$ 20.413,68",,,Comissão de Licitação 04,09:00,Portal de Compras Públicas.,2024
0061/2024,0206/2024,01/10/2024,17/09/2024,Pregão eletrônico,Secretaria Municipal de Saúde | SESAU,Processo Concluído,Compras e serviços,"Contratação de empresas para AQUISIÇÃO DE MEDICAMENTOS INJETÁVEIS, conforme solicitação expressa da Secretaria Municipal de Saúde.","R$ 3.564.632,34","R$ 0,00",,Comissão de Licitação 02,09:00,"PORTAL DE COMPRAS PÚBLICAS, no endereço eletrônico www.portaldecompraspublicas.com.br",2024
0066/2024,0226/2024,03/12/2024,13/11/2024,Pregão eletrônico,"Secretaria Municipal de Educação, Cultura e Esportes",Processo Concluído,Compras e serviços,"Contratação de empresa para PRESTAÇÃO DE SERVIÇO DE REFEIÇÕES, LANCHES E COFFEE BREAKS para atender às demandas recorrentes de suporte alimentar em eventos institucionais e formações educacionais(...).","R$ 2.613.290,00","R$ 0,00",,Comissão de Licitação 03,09:00,"PORTAL DE COMPRAS PÚBLICAS, no endereço eletrônico www.portaldecompraspublicas.com.br",2024
0001/2025,0002/2025,08/10/2024,06/02/2025,Inexigibilidade,Prefeitura municipal de Petrolina,Processo Concluído,Compras e serviços,"CONTRATO DE LOCAÇÃO DE IMÓVEL,","R$ 180.000,00","R$ 180.000,00",,Comissão de Licitação 01,11:00,PREFEITURA DE PETROLINA,2024
0065/2024,0218/2024,24/10/2024,11/10/2024,Pregão eletrônico,Secretaria Municipal de Saúde | SESAU,Em andamento,Compras e serviços,"Aquisição de COLCHÕES E COLCHONETES HOSPITALARES (Hospital Municipal de Petrolina/Centro de Parto Normal Maria das Dores/SAMU/Policlínica Municipal, Centros de Atenção Psicossocial II e Álcool e Drogas (CAPS II e AD).","R$ 31.715,98","R$ 0,0",,Comissão de Licitação 03,09:01,www.portaldecompraspublicas.com.br;,2024
0031/2024,0141/2024,01/08/2024,18/07/2024,Pregão eletrônico,"Secretaria Municipal de Educação, Cultura e Esportes",Processo Concluído,Compras e serviços,"contratação de empresa (s) para aquisição de MATERIAL ESPORTIVO, para a realização do 51º Jogos Escolares e da 23ª Copa do Interior de Petrolina/PE, mediante solicitação expressa da Secretaria Municipal de Educação, Cultura e Esportes.","R$ 131.025,46","R$ 0,00",,Comissão de Licitação 04,15:00,"PORTAL DE COMPRAS PÚBLICAS, no endereço eletrônico: www.portaldecompraspublicas.com.br",2024
0030/2024,0134/2024,30/07/2024,18/07/2024,Pregão eletrônico,"Secretaria Municipal de Educação, Cultura e Esportes",Processo Concluído,Compras e serviços,Prestação de serviços relativos a confecção de material gráfico e serigráfico para eventos esportivos - SEDUCE,"R$ 122.347,00","R$ 0,0",,Comissão de Licitação 04,09:00,PORTAL DE COMPRAS PÚBLICAS,2024
0028/2024,0183/2024,08/07/2024,26/05/2025,Dispensa Eletrônica,Procuradoria Geral do Município,Fracassada,Compras e serviços,"Contratação de empresa para aquisição de mesa de reunião, cadeiras, armário, TV, ",,,,Comissão de Licitação 01,12:00,PREFEITURA DEPETROLINA,2024
0112/2024,0026/2024,04/11/2024,27/12/2024,Inexigibilidade,Prefeitura municipal de Petrolina,Processo Concluído,Compras e serviços,contratação da empresa CAMILA YASMINE DO NASCIMENTO MAGALHÃES 04266303432 - MEI,"R$ 155.000,00","R$ 155.000,00",,Comissão de Licitação 01,12:00,PREFEITURA DE PETROLINA,2024
0102/2024,0212/2024,16/09/2024,24/09/2024,Inexigibilidade,Prefeitura municipal de Petrolina,Processo Concluído,Compras e serviços,"contratação da empresa BM PRODUÇÕES ARTÍSTICAS LTDA, inscrita no CNPJ sob o nº 19.588.728/0001- 04, para a prestação de serviços artístico/musical da atração “BELL MARQUES”","R$ 500.000,00","R$ 500.000,00",,Comissão de Licitação 01,12:00,PREFEITURA DE PETROLINA,2024
0088/2024,0265/2024,20/12/2024,09/12/2024,Pregão eletrônico,Secretaria Municipal da Fazenda e Planejamento,Processo Concluído,Compras e serviços,AQUISIÇÃO DE MATERIAL DE CONSUMO E EXPEDIENTE destinados a atender as necessidades das Secretarias Municipais e órgãos da Prefeitura Municipal de Petrolina/PE.,"R$ 466.502,62",,,Comissão de Licitação 04,09:00,Portal de Compras Públicas.,2024
0040/2024,0236/2024,09/09/2024,26/05/2025,Dispensa Eletrônica,Procuradoria Geral do Município,Processo Concluído,Compras e serviços,"aquisição de material de consumo, açúcar e adoçante, com a finalidade de atender às necessidades da AGÊNCIA REGULADORA DO MUNICÍPIO DE PETROLINA – ARMUP","R$ 137,82","R$ 137,82",,Comissão de Licitação 01,12:00,prefeitura de petrolina,2024
0073/2024,0237/2024,09/12/2024,25/11/2024,Pregão eletrônico,Secretaria Municipal de Desenvolvimento Social e Direitos Humanos,Revogada,Compras e serviços,"Aquisição de Fardamentos, para atender as demandas da Secretaria Municipal de Desenvolvimento Social e Direitos Humanos","R$ 112.173,10",,,Comissão de Licitação 03,09:01,Portal de compras públicas,2024
0075/2024,0247/2024,13/12/2024,02/12/2024,Pregão eletrônico,Secretaria Municipal da Fazenda e Planejamento,Processo Concluído,Compras e serviços,AQUISIÇÃO DE MATERIAL DE LIMPEZA E HIGIENIZAÇÃO destinados a atender as necessidades das Secretarias Municipais e órgãos da Prefeitura Municipal de Petrolina.,"R$ 689.764,62",,,Comissão de Licitação 02,09:00,Portal de Compras Públicas.,2024
0021/2024,0164/2024,17/10/2024,27/05/2025,Dispensa Eletrônica,Procuradoria Geral do Município,Processo Concluído,Compras e serviços," Contratação de empresa para aquisição de equipamentos e móveis (aparelhos de ar condicionado, frigobar, fogão a gás e mesa para refeitório).
","R$ 13.680,81",,,Comissão de Licitação 01,12:00,PREFEITURA DE PETROLINA,2024
0002/2025,0003/2025,23/12/2024,06/02/2025,Inexigibilidade,Prefeitura municipal de Petrolina,Processo Concluído,Compras e serviços,"contratação da empresa CONDOR S/A INDÚSTRIA QUÍMICA, inscrita no CNPJ nº 30.092.431/0001-96, para aquisição de dispositivo elétrico incapacitante - equipamentos de tecnologia de menor potencial ofensivo (menos letal)","R$ 250.642,25","R$ 250.642,25",,Comissão de Licitação 01,12:00,PREFEITURA DE PETROLINA,2024
0035/2024,0223/2024,27/09/2024,26/05/2025,Dispensa Eletrônica,Secretaria de Governo,Processo Concluído,Compras e serviços,"contratação de empresa especializada em instalação, configuração, treinamento, migração, customização, licenciamento, hospedagem, manutenção, publicação e suporte de software e app, que integra as ações da Agência Municipal do Empreendedor – AGE","R$ 34.000,00","R$ 34.000,00",,Comissão de Licitação 01,12:00,PREFEITURA DE PETROLINA,2024
0056/2024,0196/2024,25/09/2024,12/09/2024,Pregão eletrônico,Secretaria Municipal de Desenvolvimento Social e Direitos Humanos,Processo Concluído,Compras e serviços,Aquisição de material descartável para abastecimento das unidades da SEDESDH,"R$ 255.736,00","R$ 0,0",,Comissão de Licitação 03,09:00,Portal de Compras Públicas,2024
0099/2024,0204/2024,09/09/2024,17/09/2024,Inexigibilidade,Prefeitura municipal de Petrolina,Processo Concluído,Compras e serviços," contratação da empresa JC SHOWS E EVENTOS LTDA - ME, inscrita no CNPJ sob o nº 07.093.140/0001-09, para a prestação de serviços artístico/musical da atração ALTEMAR DUTRA JR","R$ 50.000,00","R$ 50.000,00",,Comissão de Licitação 01,12:00,PREFEITURA DE PETROLINA,2024
0096/2024,0198/2024,27/08/2024,10/09/2024,Inexigibilidade,Prefeitura municipal de Petrolina,Processo Concluído,Compras e serviços,"A locação de imóvel na cidade de Petrolina-PE, com fulcro no art. 74, inciso V, da Lei Federal 14.133/2021.","R$ 11.520,00","R$ 11.520,00",,Comissão de Licitação 01,01:56,PREFEITURA DE PETROLINA,2024
0005/2025,0026/2025,12/12/2024,30/04/2025,Dispensa Eletrônica,Procuradoria Geral do Município,Processo Concluído,Compras e serviços,"Contratação de empresa especializada na AQUISIÇÃO DE COLCHÕES HOSPITALAR visando a estruturação da Casa de Apoio em Recife-PE, vinculada ao Programa de
Tratamento Fora de Domicílio (TFD) de Petrolina-PE","R$ 13.800,00","R$ 13.800,00",,Comissão de Licitação 01,12:00,PREFEITURA DE PETROLINA,2024
0033/2024,0143/2024,01/08/2024,16/07/2024,Pregão eletrônico,Secretaria Municipal de Saúde | SESAU,Revogada,Compras e serviços,"Aquisição de equipamentos médico-hospitalares para atender às necessidades do Hospital Municipal e reestruturação de diversas unidades de saúde.
OBSERVAÇÃO: NÃO HOUVE QUALQUER ALTERAÇÃO NO EDITAL E ANEXOS, APENAS O ADIAMENTO.","R$ 7.930.754,61","R$ 0,0",,Comissão de Licitação 01,09:00,PORTAL DE COMPRAS PÚBLICAS,2024
0043/2024,0163/2024,29/08/2024,14/08/2024,Pregão eletrônico,Secretaria Municipal de Saúde | SESAU,Processo Concluído,Compras e serviços,"Contratação de empresa (s) para a AQUISIÇÃO DE MATERIAL DE EXPEDIENTE, destinados a atender as necessidades da Secretaria de Saúde de Petrolina - PE, conforme solicitação expressa da mesma.","R$ 876.328,09","R$ 0,00",,Comissão de Licitação 04,09:00,"PORTAL DE COMPRAS PÚBLICAS, no endereço eletrônico www.portaldecompraspublicas.com.br",2024
0023/2024,0173/2024,17/07/2024,26/05/2025,Dispensa Eletrônica,Secretaria de Desenvolvimento Rural,Processo Concluído,Compras e serviços,"aquisição de Bits para máquina perfuratriz, conforme os itens abaixo relacionados, nas condições e especificações que se segue","R$ 34.788,00","R$ 34.788,00",,Comissão de Licitação 01,12:00,PREFEITURA DE PETROLINA,2024
0022/2024,0070/2024,10/07/2024,26/06/2024,Pregão eletrônico,Secretaria Municipal de Desenvolvimento Social e Direitos Humanos,Processo Concluído,Compras e serviços,"Contratação de empresa (s) para a aquisição de  MATERIAL  DE  EXPEDIENTE  E  DIVERSOS  para  abastecimento  das  unidades  da SECRETARIA MUNICIPAL  DE  DESENVOLVIMENTO  SOCIAL  E  DIREITOS  HUMANOS,","R$ 230.456,91",,,Comissão de Licitação 01,09:00,PORTAL DE COMPRAS PÚBLICAS,2024
0007/2025,0016/2025,12/12/2024,14/03/2025,Inexigibilidade,Prefeitura municipal de Petrolina,Processo Concluído,Compras e serviços,"1ª Serventia Registral de Petrolina-PE/Registro de Imóveis, para ali funcionar a Farmácia da Família da Secretaria Municipal de Saúde.
","R$ 120.000,00","R$ 120.000,00",,Comissão de Licitação 01,12:00,PREFEITURA DE PETROLINA,2024
0082/2024,0257/2024,11/12/2024,27/11/2024,Pregão eletrônico,Secretaria Municipal de Saúde | SESAU,Processo Concluído,Compras e serviços,Contratação de empresa para AQUISIÇÃO DE MATERIAIS ODONTOLÓGICOS destinados a atender todos os serviços de saúde bucal ofertados pela Secretaria Municipal de Saúde.,"R$ 3.804.534,16","R$ 0,00",,Comissão de Licitação 02,09:00,"PORTAL DE COMPRAS PÚBLICAS, no endereço eletrônico www.portaldecompraspublicas.com.br",2024
0078/2024,0250/2024,23/12/2024,06/12/2024,Pregão eletrônico,Instituto de Gestão Previdenciária de Petrolina | IGEPREV,Processo Concluído,Compras e serviços,"contratação de empresa especializada para realização de CENSO CADASTRAL E FUNCIONAL (HOSPEDAGEM NO SISTEMA DE COMPUTAÇÃO EM NUVEM) DOS SERVIDORES ATIVOS, INATIVOS, APOSENTADOS E PENSIONISTAS VINCULADOS","R$ 653.130,00",,,Comissão de Licitação 01,03:00,PORTAL DE COMPRAS PÚBLICAS,2024
0067/2024,0227/2024,26/11/2024,08/11/2024,Pregão eletrônico,Secretaria Municipal de Desenvolvimento Social e Direitos Humanos,Processo Concluído,Compras e serviços,Contratação de empresa (s) para a aquisição de CESTAS BÁSICAS para atender às demandas da SECRETARIA MUNICIPAL DE DESENVOLVIMENTO SOCIAL E DIREITOS HUMANOS,"R$ 677.208,00",,,Comissão de Licitação 01,09:00,PORTAL DE COMPRAS PÚBLICAS,2024
0004/2025,0010/2025,18/11/2024,27/05/2025,Dispensa Eletrônica,Secretaria da Casa Civil,Fracassada,Compras e serviços, Contratação de empresa especializada na prestação serviço na confecção de cavaletes.,,,,Comissão de Licitação 01,12:00,PREFEITURA DE PETROLINA,2024
0068/2024,0228/2024,28/11/2024,13/11/2024,Pregão eletrônico,Faculdade de Ciências Aplicadas e Sociais | FACAPE,Em andamento,Compras e serviços,Contratação de empresa para a aquisição de equipamentos de ar condicionado para atender as demandas dos diversos setores da Autarquia Educacional do Vale do São Francisco/FACAPE.,"R$ 146.511,89","R$ 0,00",,Comissão de Licitação 03,09:00,"PORTAL DE COMPRAS PÚBLICAS, no endereço eletrônico www.portaldecompraspublicas.com.br",2024
0004/2024,0000/2024,26/09/2024,26/09/2024,Chamada pública,"Secretaria Municipal de Educação, Cultura e Esportes",Em andamento,Compras e serviços,"CONVOCAÇÃO DE EDITORAS E DISTRIBUIDORAS, visando à seleção de LIVROS PARADIDÁTICOS DE EDUCAÇÃO FINANCEIRA para os estudantes e professores do Ensino Fundamental (Anos Iniciais e Anos Finais) ...","R$ 0,00","R$ 0,00",,Comissão de Licitação 05,08:00,"Secretaria M. de Educação, Cultura e Esportes, situado na Av. Clementino Coelho, 714, Parque Bandeirantes, Petrolina/PE, horário das 08h às 12h e 13h às 17h, no período de 26/09/2024 a 09/10/2024.",2024
0003/2024,0000/2024,25/07/2024,25/07/2024,Chamada pública,"Secretaria Municipal de Educação, Cultura e Esportes",Aberta,Compras e serviços,"Chamamento Público para CONVOCAÇÃO DE EDITORAS E DISTRIBUIDORAS, visando à seleção de MATERIAIS DIDÁTICOS SEMIESTRUTURADOS para os estudantes e professores da Educação Infantil e do Ensino Fundamental (...).","R$ 0,00","R$ 0,00",,Comissão de Licitação 05,09:00,"SECRETARIA M. DE EDUCAÇÃO, CULTURA E ESPORTES DE PETROLINA/PE, localizada na Av. Clementino Coelho, 714, Parque Bandeirantes, Petrolina/PE, CEP 56308-210, no período de 25/07/2024 a 07/08/2024.",2024
0083/2024,0137/2024,26/07/2024,01/07/2024,Inexigibilidade,Prefeitura municipal de Petrolina,Processo Concluído,Compras e serviços,contratação de GRUPO MUSICAL QUINTETO VIOLADO PRODUÇÕES ARTÍSTICAS LTDA - ME,"R$ 40.000,00","R$ 40.000,00",,Comissão de Licitação 01,12:00,PREFEITURA DE PETROLINA,2024
0069/2024,0230/2024,21/11/2024,06/11/2024,Pregão eletrônico,Secretaria Municipal de Saúde | SESAU,Processo Concluído,Compras e serviços,"Aquisição de GÊNEROS ALIMENTÍCIOS (PERECÍVEIS), destinados a atender os serviços da Atenção Psicossocial - CAPS II, CAPS AD III e CAPS IJ.","R$ 370.327,21",,,Comissão de Licitação 02,09:00,Portal de Compras Públicas,2024
0023/2024,0113/2024,22/07/2024,09/07/2024,Pregão eletrônico,Secretaria Municipal de Saúde | SESAU,Processo Concluído,Compras e serviços,AQUISIÇÃO DE INSUMOS E MATERIAIS MÉDICO-HOSPITALARES PARA ABASTECIMENTO DAS UNIDADES DE SAÚDE.,"R$ 4.851.708,50","R$ 0,0",,Comissão de Licitação 04,09:00,PORTAL DE COMPRAS PÚBLICAS,2024
0113/2024,0270/2024,27/11/2024,04/12/2024,Inexigibilidade,Prefeitura municipal de Petrolina,Processo Concluído,Compras e serviços,"contratação da empresa MEGA ENTRETENIMENTO LTDA - EPP, inscrita no CNPJ sob o nº 55.108.847/0001-86, para a prestação de serviços artístico/musical da atração TIAGUINHO CARVALHO, ","R$ 50.000,00","R$ 50.000,00",,Comissão de Licitação 01,11:00,PREFEITURA DE PETROLINA,2024
0080/2024,0255/2024,10/12/2024,25/11/2024,Pregão eletrônico,Secretaria Municipal de Desenvolvimento Social e Direitos Humanos,Processo Concluído,Compras e serviços,CONFECÇÃO DE FARDAMENTO PARA ATENDER ÀS NECESSIDADES DA SEDESDH,"R$ 198.614,80","R$ 0,0",,Comissão de Licitação 04,09:00,PORTAL DE COMPRAS PÚBLICAS,2024
0052/2024,0180/2024,12/09/2024,30/08/2024,Pregão eletrônico,"Secretaria Municipal de Educação, Cultura e Esportes",Processo Concluído,Compras e serviços,AQUISIÇÃO DE MATERIAL DE LIMPEZA,"R$ 4.971.532,08",,,Comissão de Licitação 02,09:00,www.portaldecompraspublicas.com.br,2024
0093/2024,0093/2024,19/08/2024,16/09/2024,Inexigibilidade,Prefeitura municipal de Petrolina,Processo Concluído,Compras e serviços,"FESTA DE CRENTE PROMOÇÕES ARTÍSTICAS LTDA - ME, inscrita no CNPJ sob o nº ","R$ 150.000,00","R$ 150.000,00",,Comissão de Licitação 01,12:00,PREFEITURA DE PETROLINA,2024
0013/2024,0000/0000,07/08/2024,14/08/2024,Adesão externa,Prefeitura municipal de Petrolina,Processo Concluído,Compras e serviços,AQUISIÇÃO E DISTRIBUIÇÃO DE ARQUIVO DE AÇO PARA PASTAS SUSPENSAS –                                                                                                                                                                                             ,"R$ 3.238.830,00","R$ 3.238.830,00",,Comissão de Licitação 01,12:00,prefeitura de petrolina,2024
0041/2024,0241/2024,08/08/2024,26/05/2025,Dispensa Eletrônica,Secretaria de Saúde,Processo Concluído,Compras e serviços,QUISIÇÃO DE MÓVEIS E ELETROS visando suprir as necessidades da Casa de Apoio em Recife-PE vinculada ao TFD de Petrolina-P,"R$ 15.450,00","R$ 15.450,00",,Comissão de Licitação 01,12:00,PREFEITURA DE PETROLINA,2024
0051/2024,0177/2024,12/09/2024,30/08/2024,Pregão eletrônico,Secretaria Municipal de Saúde | SESAU,Processo Concluído,Compras e serviços,Aquisição de MEDICAMENTOS para abastecimento das unidades de saúde. ,"R$ 4.882.008,28","R$ 0,0",,Comissão de Licitação 03,09:00,Plataforma do Portal de Compras Públicas ( www.portaldecompraspublicas.com.br),2024
0004/2024,0269/2024,27/11/2024,27/11/2024,Credenciamento,Prefeitura municipal de Petrolina,Em andamento,Compras e serviços,"CREDENCIAMENTO DE INST. FINANCEIRAS AUTORIZADAS PELO BC DO BRASIL - OFERTAR DE PROD. DE ANTECIPAÇÃO DE SALÁRIO, AOS SERVIDORES COMISSIONADOS, CONTRATADOS (LOTE 01) E EFETIVOS (LOTE 02) DA ADMINISTRAÇÃO DIRETA E INDIRETA DE PETROLINA","R$ 0,00","R$ 0,0",,Comissão de Licitação 02,17:30,"AV. GUARARAPES, Nº 2114, CENTRO, PETROLINA/PE",2024
0057/2024,0197/2024,01/10/2024,18/09/2024,Pregão eletrônico,"Secretaria Municipal de Educação, Cultura e Esportes",Fracassada,Compras e serviços,contratação de empresa (s) para a aquisição de GÊNEROS ALIMENTÍCIOS (NÃO PERECÍVEIS).,"R$ 248.470,94",,,Comissão de Licitação 01,03:00,PORTAL DE COMPRAS PÚBLICA,2024
0045/2024,0167/2024,30/08/2024,13/08/2024,Pregão eletrônico,Secretaria Municipal de Desenvolvimento Urbano e Habitação,Processo Concluído,Compras e serviços,contratação de empresa (s) para a aquisição de equipamentos de cozinha industrial para o Restaurante Popular e eletrodomésticos para suprir as demandas da Secretaria de Desenvolvimento Social e Direitos Humanos,"R$ 387.476,29",,,Comissão de Licitação 01,09:00,PORTAL DE COMPRAS PÚBLICAS,2024
0037/2024,0156/2024,13/08/2024,31/07/2024,Pregão eletrônico,Secretaria Municipal de Saúde | SESAU,Processo Concluído,Compras e serviços,"Contratação de empresa(s) para a AQUISIÇÃO DE CAFÉ, AÇÚCAR E TICKET ÁGUA destinados a atender as necessidades da Secretaria Municipal de Saúde de Petrolina-PE ","R$ 67.990,80","R$ 0,00",,Comissão de Licitação 02,09:00,"PORTAL DE COMPRAS PÚBLICAS, no endereço eletrônico www.portaldecompraspublicas.com.br",2024
0114/2024,0281/2024,04/12/2024,27/12/2024,Inexigibilidade,Prefeitura municipal de Petrolina,Processo Concluído,Compras e serviços,"CONTRATAÇÃO DIRETA mediante pagamento de boleto de anuidade para a ASSEMAE (Associação Nacional dos Serviços Municipais de Saneamento),","R$ 35.906,52","R$ 35.906,52",,Comissão de Licitação 01,11:00,PREFEITURA DE PETROLINA,2024
0088/2024,0162/2024,23/07/2024,30/07/2024,Inexigibilidade,Prefeitura municipal de Petrolina,Processo Concluído,Compras e serviços,"Contratação do Empresário Individual (EI) HOMERO OLIVEIRA DA SILVA PRODUCOES ARTISTICAS-ME, inscrito no CNPJ sob o nº 08.684.071/0001-62, para a prestação de serviços artístico/musical da atração Banda BREGA & VINHO","R$ 50.000,00","R$ 50.000,00",,Comissão de Licitação 01,12:00,PREFEITURA DE PETROLINA,2024
0012/2024,0187/2024,27/09/2024,12/09/2024,Concorrência Eletrônica,"Secretaria Municipal de Educação, Cultura e Esportes",Processo Concluído,Compras e serviços,CONTRATAÇÃO DE EMPRESA PARA PRESTAÇÃO DE SERVIÇOS DE ENGENHARIA RELATIVOS À REFORMA DO MUSEU DO SERTÃO,"R$ 1.315.889,94",,,Comissão de Licitação 01,09:00,PORTAL DE COMPRAS PÚBLICAS,2024
0014/2024,0216/2024,25/10/2024,09/10/2024,Concorrência Eletrônica,Secretaria de Infraestrutura e Mobilidade,Processo Concluído,Compras e serviços,"Contratação de empresa para IMPLANTAÇÃO DE PAVIMENTAÇÃO DE DUAS RUAS, BAIRRO DE SÃO GONÇALO, NO MUNICÍPIO DE PETROLINA/PE, para atender às necessidades da Secretaria Municipal de Infraestrutura e Mobilidade – SEINFRA.  ","R$ 509.717,48","R$ 0,00",,Comissão de Licitação 01,09:00,Portal de Compras Públicas – www.portaldecompraspublicas.com.br,2024
0049/2024,0286/2024,10/10/2024,26/05/2025,Dispensa Eletrônica,"Secretaria de Educação, Cultura e Esporte",Processo Concluído,Compras e serviços,"serviço de IMPLANTAÇÃO E INSTALAÇÃO DA PLATAFORMA DIGITAL MAPA CULTURAL DE PETROLINA/PE, INCLUINDO ESTILIZAÇÃO, TREINAMENTO, SUPORTE TÉCNICO E HOSPEDAGEM","R$ 54.950,00","R$ 54.950,00",,Comissão de Licitação 01,12:00,PREFEITURA DE PETROLINA,2024
0008/2023,0292/2020,08/07/2024,11/12/2023,Tomada de preço,Secretaria de Infraestrutura e Mobilidade,Processo Concluído,Compras e serviços,Fornecimento e instalação de luminárias com tecnologia led  para iluminação pública das estradas de acesso ao distrito de Nova Descoberta e ao Perímetro Irrigado N10,"R$ 2.262.337,42","R$ 0,00",,Comissão de Licitação 02,09:00,"Avenida Guararapes, nº 2114, centro, Petrolina/PE (2º andar do anexo) 87.3861.3514 ",2024
0034/2024,0222/2024,02/09/2024,26/05/2025,Dispensa Eletrônica,Secretaria da Casa Civil,Fracassada,Compras e serviços,"DISPENSA DELICITA«ÃO para a contrataÁ„o de empresa para PRESTA«ÃO DE SERVI«OS DECHAVES E CARIMBOS, ",,,,Comissão de Licitação 01,12:00,PREFEITURA DE PETROLINA,2024
0037/2024,0235/2024,07/08/2024,03/11/2025,Dispensa por outros motivos,"Secretaria de Educação, Cultura e Esporte",Processo Concluído,Compras e serviços,"Contratação Direta, por DISPENSA DE LICITAÇÃO, com fundamento legal no artigo 75, inciso XV da Lei Federal nº 14.133/2021, do SESI – SERVIÇO SOCIAL DA INDÚSTRIA, inscrito no CNPJ nº 03.910.210/0001-05, ","R$ 895.854,88","R$ 895.854,88",,Comissão de Licitação 01,11:00,PREFEITURA DE PETROLINA,2024
0072/2024,0234/2024,16/12/2024,05/11/2024,Pregão eletrônico,Secretaria de Inovação e Tecnologia,Processo Concluído,Compras e serviços,"Eventual contratação de empresa especializada na prestação de serviços de implantação e fornecimento de plataforma corporativa inteligente, conforme solicitação expressa da Secretaria de Inovação e Tecnologia.","R$ 2.696.000,00","R$ 0,00",,Comissão de Licitação 01,09:00,"PORTAL DE COMPRAS PÚBLICAS, no endereço eletrônico www.portaldecompraspublicas.com.br",2024
0027/2024,0133/2024,18/07/2024,03/07/2024,Pregão eletrônico,Agência Municipal do Meio Ambiente | AMMA,Processo Concluído,Locação,locação de veículos automotores para AMMA,"R$ 192.903,96","R$ 0,00",,Comissão de Licitação 04,09:00,Plataforma: Portal de Compras Públicas,2024
0003/2025,0005/2025,15/07/2024,30/04/2025,Dispensa Eletrônica,Controladoria Geral do Município,Processo Concluído,Compras e serviços,"Aquisição de gêneros alimentícios e consumo para atender a demanda administrativa do IGEPREV.,","R$ 5.988,00","R$ 5.988,00",,Comissão de Licitação 01,12:00,PREFETURA DE PETROLINA,2024
0046/2024,0168/2024,09/09/2024,23/08/2024,Pregão eletrônico,Secretaria Municipal de Saúde | SESAU,Processo Concluído,Compras e serviços,PRESTAÇÃO DE SERVIÇOS RELATIVOS À ALIMENTAÇÃO DOS FUNCIONÁRIOS DO SERVIÇO DE ATENDIMENTO MÓVEL DE URGÊNCIA (SAMU) E DO TRANSPORTE SOCIAL,"R$ 615.322,86",,,Comissão de Licitação 02,09:00,www.portaldecompraspublicas.com.br,2024
0006/2024,0038/2024,01/07/2024,27/06/2024,Dispensa Eletrônica,Prefeitura municipal de Petrolina,Em andamento,Compras e serviços,AQUISIÇÃO INSUMO PARA O MONITORAMENTO DA QUALIDADE DA ÁGUA - PROGRAMA VIGIÁGUA,"R$ 3.380,00",,,Comissão de Licitação 01,12:00,prefeitura de petrolina,2024
0059/2024,0203/2024,02/10/2024,19/09/2024,Pregão eletrônico,Secretaria Municipal de Saúde | SESAU,Processo Concluído,Compras e serviços,"Contratação de empresa (s) para a aquisição de GAZE ESTÉRIL, conforme especificações/quantitativos indicados no Anexo I – Termo de Referência, mediante solicitação da SECRETARIA MUNICIPAL DE SAÚDE.","R$ 576.000,00",,,Comissão de Licitação 04,09:00,Portal de Compras Públicas,2024
0015/2024,0048/2024,11/07/2024,25/06/2024,Pregão eletrônico,Instituto de Gestão Previdenciária de Petrolina | IGEPREV,Processo Concluído,Compras e serviços,"Contratação de empresa especializada para a prestação de serviços de consultoria e assessoramento em investimentos, voltado a RPPS –
(Regime Próprio de Previdência Social), para suprir as necessidades do IGEPREV...","R$ 54.960,00","R$ 0,00",,Comissão de Licitação 04,09:00,"PORTAL DE COMPRAS PÚBLICAS, no endereço eletrônico www.portaldecompraspublicas.com.br",2024
0098/2024,0201/2024,02/09/2024,10/09/2024,Inexigibilidade,Prefeitura municipal de Petrolina,Processo Concluído,Compras e serviços,"contratação da empresa FRANCISCO S DA COSTA JÚNIOR - ME, inscrita no CNPJ sob o nº 32.482.767/0001-90, para a prestação de serviços artístico/musical da atração JADSON ARAÚJO,","R$ 35.000,00","R$ 35.000,00",,Comissão de Licitação 01,12:00,PREFEITURA DE PETROLINA,2024
0008/2024,0096/2024,09/07/2024,21/06/2024,Concorrência Eletrônica,"Secretaria Municipal de Educação, Cultura e Esportes",Processo Concluído,Obras e serviços de engenharia,Ampliação da Escola Eduardo Souza - Povoado de Uruás - Petrolina/PE,"R$ 1.125.379,20","R$ 0,0",,Comissão de Licitação 01,09:00,Portal de Compras Públicas - ,2024
0005/2024,0282/2024,23/12/2024,19/12/2024,Credenciamento,Secretaria Municipal de Saúde | SESAU,Em andamento,Compras e serviços,"Prestação de serviços de Leitos de Enfermarias Clínicas de Retaguarda para usuários do Sistema Único de Saúde (SUS), conforme Plano de Ação Regional de Saúde de Urgência e Emergência, cuja vigência e execução estão condicionadas à habilitação (...)","R$ 2.047.650,00","R$ 0,00",,Comissão de Licitação 02,09:00,"SECRETARIA MUNICIPAL DE LICITAÇÕES E CONTRATOS, AV. GUARARAPES, Nº 2114, CENTRO, PETROLINA/PE (2º ANDAR DO ANEXO)",2024
0035/2024,0145/2024,07/08/2024,24/07/2024,Pregão eletrônico,Secretaria Municipal de Saúde | SESAU,Processo Concluído,Compras e serviços,"contratação de empresa (s) para a aquisição de EQUIPAMENTOS ODONTOLÓGICOS PARA ATENDER O HOSPITAL MUNICIPAL DE PETROLINA, conforme solicitação expressa da Secretaria Municipal de Saúde.","R$ 86.435,87","R$ 0,00",,Comissão de Licitação 02,09:00,"PORTAL DE COMPRAS PÚBLICAS, no endereço eletrônico www.portaldecompraspublicas.com.br",2024
0115/2024,0284/7202,03/12/2024,19/12/2024,Inexigibilidade,Prefeitura municipal de Petrolina,Processo Concluído,Compras e serviços,"contratação da empresa CLÍNICA MÉDICA IBIRAPUERA S/C LTDA, inscrita no CNPJ nº 00.196.531/0001-00, responsável pela prestação de serviços de LASERTERAPIA. O referido procedimento destina-se a atender a necessidade do paciente MIGUEL VITOR RODRIGUES XAVIER","R$ 1.430,00","R$ 1.430,00",,Comissão de Licitação 01,11:00,PREFEITURA DE PATROLINA ,2024
0089/2024,0266/2024,23/12/2024,06/12/2024,Pregão eletrônico,Secretaria Municipal de Desenvolvimento Social e Direitos Humanos,Processo Concluído,Compras e serviços,"PRESTAÇÃO DE SERVIÇOS EM INSTALAÇÃO, DESINSTALAÇÃO, MANUTENÇÃO PREVENTIVA/CORRETIVA DE ARES-CONDICIONADOS INCLUINDO O FORNECIMENTO DE MATERIAL DE LIMPEZA E PEÇAS DE REPOSIÇÃO.","R$ 157.043,80",,,Comissão de Licitação 04,09:00,Portal de Compras Públicas.,2024
0053/2024,0182/2024,13/09/2024,29/08/2024,Pregão eletrônico,Secretaria de Infraestrutura e Mobilidade,Processo Concluído,Compras e serviços,"AQUISIÇÃO DE ADUELA/GALERIA FECHADA PRÉ-MOLDADA DE CONCRETO ARMADO, SECAO QUADRANGULAR INTERNA DE 2,00 X 2,00 M (L X A), MISULA DE 20 X 20 CM, C = 1,00 M, ESPESSURA MIN = 15 CM, TB-45 E FCK DO CONCRETO = 30 MPA FORNECIMENTO","R$ 2.506.049,00",,,Comissão de Licitação 02,09:00,www.portaldecompraspublicas.com.br,2024
0106/2024,0238/2024,16/10/2024,11/11/2024,Inexigibilidade,Prefeitura municipal de Petrolina,Processo Concluído,Compras e serviços,"CONTRATAÇÃO DIRETA, por INEXIGIBILIDADE, com fundamento legal no artigo 74, inciso I, §1° da Lei Federal nº 14.133/2021 e alterações posteriores, da Empresa LAERDAL MEDICAL IMPORTAÇÃO E COMÉRCIO DE PRODUTOS MÉDICOS LTDA","R$ 3.784.019,18","R$ 3.784.019,18",,Comissão de Licitação 01,11:00,PREFEITURA DE PETROLINA,2024
0054/2024,0184/2024,11/09/2024,27/08/2024,Pregão eletrônico,"Secretaria Municipal de Educação, Cultura e Esportes",Processo Concluído,Compras e serviços,"Contratação de empresa para prestação de SERVIÇOS DE ARBITRAGEM, conforme solicitação expressa da Secretaria M. de Educação, Cultura e Esportes.","R$ 414.845,18","R$ 0,00",,Comissão de Licitação 04,09:00,"Portal de Compras Públicas, no site:  www.portaldecompraspublicas.com.br",2024
0033/2024,0220/2024,28/08/2024,26/05/2025,Dispensa Eletrônica,"Secretaria de Educação, Cultura e Esporte",Processo Concluído,Compras e serviços,PRESTAÇÃO DE SERVIÇOS DE ASSESSORIA TÉCNICA PARA A OPERACIONALIZAÇÃO DA LEI Nº 14.399/2022 (POLÍTICA NACIONAL ALDIR BLANC DE FOMENTO À CULTURA – PNAB),"R$ 35.100,00","R$ 35.100,00",,Comissão de Licitação 01,12:00,PREFEITURA DE PETROLINA,2024
0063/2024,0219/2024,17/10/2024,03/10/2024,Pregão eletrônico,Secretaria Municipal de Saúde | SESAU,Processo Concluído,Compras e serviços,"MANUTENÇÃO (CORRETIVA E PREVENTIVA) DE ARES CONDICIONADOS, INCLUINDO O FORNECIMENTO DE MATERIAL DE LIMPEZA E PEÇAS, PARA ATENDER ÀS NECESSIDADES DA SECRETARIA DE SAÚDE.","R$ 487.515,63","R$ 0,0",,Comissão de Licitação 02,09:00,PORTAL DE COMPRAS PÚBLICAS,2024
0007/2024,0087/2024,09/07/2024,20/06/2024,Concorrência Eletrônica,"Secretaria Municipal de Educação, Cultura e Esportes",Processo Concluído,Compras e serviços,"Contratação de empresa de engenharia para prestação de serviço de REFORMA DA ESCOLA JOSÉ ESMERINDO RIBEIRO, na Avenida Principal, Projeto Maria Tereza – KM 25, Petrolina – PE.","R$ 1.366.372,65","R$ 0,00",,Comissão de Licitação 02,09:00,"PORTAL DE COMPRAS PÚBLICAS, no endereço eletrônico www.portaldecompraspublicas.com.br",2024
0038/2024,0157/2024,20/08/2024,05/08/2024,Pregão eletrônico,"Secretaria Municipal de Educação, Cultura e Esportes",Processo Concluído,Compras e serviços,"Constitui objeto da presente licitação a contratação de empresa(s) para a aquisição de RESMAS DE PAPEL SULFITE TAMANHO A4 – BRANCO, visando atender às necessidades da SECRETARIA MUNICIPAL DE EDUCAÇÃO, CULTURA E ESPORTES","R$ 1.249.065,00",,,Comissão de Licitação 01,09:00,PORTAL DE COMPRAS PÚBLICAS,2024
0025/2024,0115/2024,04/09/2024,19/07/2024,Pregão eletrônico,Faculdade de Ciências Aplicadas e Sociais | FACAPE,Processo Concluído,Compras e serviços,Contratação de empresa para a aquisição de MATERIAIS E EQUIPAMENTOS para compor o espaço de convivência a fim de atender os discentes do curso de medicina AEVSF/FACAPE.,"R$ 59.645,00","R$ 0,00",,Comissão de Licitação 04,09:00,"PORTAL DE COMPRAS PÚBLICAS, no endereço eletrônico www.portaldecompraspublicas.com.br",2024
0103/2024,0213/2024,11/09/2024,24/09/2024,Inexigibilidade,Prefeitura municipal de Petrolina,Processo Concluído,Compras e serviços,"CONTRATAÇÃO DIRETA da Empresa SAIA RODADA PROMOÇÕES ARTÍSTICAS LTDA-EPP, CNPJ nº 05.323.996/0001-90, representante exclusivo da atração BANDA SAIA RODADA, para apresentação no ANIVERSÁRIO DE PETROLINA 2024","R$ 300.000,00","R$ 300.000,00",,Comissão de Licitação 01,12:00,PREFEITURA DE PETROLINA,2024
0024/2024,0114/2024,19/07/2024,05/07/2024,Pregão eletrônico,Secretaria Municipal de Saúde | SESAU,Processo Concluído,Compras e serviços,"Contratação de empresa (s) para a aquisição de MATERIAIS ODONTOLÓGICOS destinados PARA O PROGRAMA SAÚDE NA ESCOLA, conforme solicitação expressa da Secretaria Municipal de Saúde.","R$ 109.581,38","R$ 0,00",,Comissão de Licitação 04,09:00,"PORTAL DE COMPRAS PÚBLICAS, no endereço eletrônico www.portaldecompraspublicas.com.br",2024
0095/2024,0195/2024,12/08/2024,10/09/2024,Inexigibilidade,Prefeitura municipal de Petrolina,Processo Concluído,Compras e serviços," locação de imóvel situado na Avenida da Integração, nº 294, Vila dos Ingás, Petrolina-PE, para abrigar as instalações da Clínica Escola, conforme Memorando nº 51.371/2024 e Termo de Referência anexo que passam.","R$ 16.000,00","R$ 16.000,00",,Comissão de Licitação 01,12:00,prefeitura de petrolina,2024
0002/2024,0007/2024,04/07/2024,18/06/2024,Chamada pública,Secretaria Municipal de Saúde | SESAU,Aberta,Compras e serviços,"CHAMAMENTO PÚBLICO: Gerenciamento, operacionalização e execução das ações e serviços de saúde em regime de 24 horas por dia no HOSPITAL MUNICIPAL DE PETROLINA, localizado na Av. José de Sá Maniçoba, s/n - Centro, Petrolina – PE, CEP 56304-917.",,,,Comissão de Licitação 05,09:00,"auditório no edifício sede da Secretaria Municipal de Saúde, localizado na Avenida Fernando Góes, nº 537, Centro, Petrolina/PE, CEP 56.304-020",2024
0036/2024,0152/2024,12/08/2024,29/07/2024,Pregão eletrônico,"Secretaria Municipal de Educação, Cultura e Esportes",Processo Concluído,Compras e serviços,"Constitui objeto da presente licitação a contratação de empresa (s) para aquisição de PRODUTOS DE HIGIENE PESSOAL, mediante solicitação expressa da Secretaria Municipal de Educação, Cultura e Esportes","R$ 15.120.768,78",,,Comissão de Licitação 01,09:00,PORTAL DE COMPRAS PÚBLICAS,2024
0018/2024,0051/2024,02/07/2024,30/07/2024,Pregão eletrônico,Secretaria Municipal de Saúde | SESAU,Processo Concluído,Compras e serviços,Aquisição de MATERIAIS E EQUIPAMENTOS DE FISIOTERAPIA PARA EQUIPAR O HOSPITAL MUNICIPAL DE PETROLINA (HOSPITAL DIA) E O CENTRO AUDITIVO,"R$ 184.269,09",,,Comissão de Licitação 02,09:00,www.portaldecompraspublicas.com.br,2024
0021/2024,0000/0000,07/08/2024,30/08/2024,Adesão externa,Prefeitura municipal de Petrolina,Processo Concluído,Compras e serviços,"CONTRATAÇÃO DE SERVIÇOS ESPECIALIZADOS PARA IMPLANTAÇÃO DE SOLUÇÃO TECNOLÓGICAS INTEGRADAS DE MONITORAMENTO E GESTÃO DA MOBILIDADE URBANA, ATINENTES AO CONCEITOS DE CIDADE INTELIGENTE,","R$ 4.406.564,76","R$ 4.406.564,76",,Comissão de Licitação 01,12:00,PREFEITURA DE PETROLINA,2024
0100/2024,0208/2024,12/09/2024,24/09/2024,Inexigibilidade,Prefeitura municipal de Petrolina,Processo Concluído,Compras e serviços,"ontratação da empresa THIGMA CONSULTORIA E TREINAMENTOS LTDA, inscrita no CNPJ sob o nº 15.392.396/0001-37, para a prestação de serviços artístico/musical da atração “SERESTEIROS DO VALE”,","R$ 40.000,00","R$ 40.000,00",,Comissão de Licitação 01,12:00,PREFEITURA DE PETROLINA,2024
0006/2025,0000/0000,12/12/2024,26/05/2025,Adesão externa,Secretaria de Saúde,Processo Concluído,Compras e serviços,"Contratação da empresa DROGAFONTE LTDA, inscrita no CNPJ sob o nº 08.778.201/0001-26, para AQUISIÇÃO DE CLORETO DE SÓDIO 0,9%, para atender às demandas da Secretaria Municipal de Saúde de Petrolina-PE","R$ 247.489,20","R$ 247.489,20",,Comissão de Licitação 01,12:00,prefeitura de petrolina,2024
0084/2024,0259/2024,18/12/2024,04/12/2024,Pregão eletrônico,Faculdade de Ciências Aplicadas e Sociais | FACAPE,Em andamento,Compras e serviços,Contratação de empresa para a aquisição de EQUIPAMENTOS PARA GRAVAÇÃO DE APLICAÇÃO DE PROVAS DE CONCURSO PÚBLICO/PROCESSO SELETIVO AFIM DE ATENDER AS DEMANDAS DA AUTARQUIA EDUCACIONAL DO VALE DO SÃO FRANCISCO/FACAPE.,"R$ 54.572,20","R$ 0,00",,Comissão de Licitação 02,09:00,"PORTAL DE COMPRAS PÚBLICAS, no endereço eletrônico www.portaldecompraspublicas.com.br",2024
0074/2024,0239/2024,28/11/2024,13/11/2024,Pregão eletrônico,"Secretaria Municipal de Educação, Cultura e Esportes",Processo Concluído,Compras e serviços,Aquisição de TABLETS para premiações dos concursos institucionais.,"R$ 77.429,04",,,Comissão de Licitação 01,09:00,Portal de Compras Públicas.,2024
0025/2024,,19/07/2024,11/09/2024,Dispensa Eletrônica,Prefeitura municipal de Petrolina,Processo Concluído,Compras e serviços,"a escolha da proposta mais vantajosa para aquisição de notebooks para atender à Agência Municipal do empreendedor - AGE, conforme os itens abaixo relacionados, nas condições e especificações que se segue:","R$ 37.800,00","R$ 37.800,00",,Comissão de Licitação 01,12:00,prefeitura de petrolina,2024
0027/2024,0004/2024,16/12/2024,20/05/2025,Adesão externa,"Secretaria de Educação, Cultura e Esporte",Processo Concluído,Compras e serviços,"a AQUISIÇÃO DE FARDAMENTO ESCOLAR, para atender às necessidades da Secretaria Municipal de Educação, Cultura e Esportes de Petrolina/PE","R$ 11.738.637,71","R$ 11.738.637,71",,Comissão de Licitação 01,11:00,PREFEITURA DE PETROLINA,2024
0017/2024,0000/0000,19/07/2024,20/05/2025,Adesão externa,"Secretaria de Educação, Cultura e Esporte",Processo Concluído,Compras e serviços,"AQUISIÇÃO DE PLAYGROUND E BRINQUEDOS, para atender as necessidades dos estudantes da Rede Municipal de Ensino de Petrolina/PE","R$ 2.989.887,69","R$ 2.989.887,69",,Comissão de Licitação 01,12:00,PREFEITURA DE PETROLINA,2024
0014/2024,0000/0000,09/07/2024,08/08/2024,Adesão externa,Prefeitura municipal de Petrolina,Processo Concluído,Compras e serviços,"AQUISIÇÃO E DISTRIBUIÇÃO DE MOBILIÁRIOS – BANQUETAS, ","R$ 577.206,00","R$ 577.206,00",,Comissão de Licitação 01,12:00,PREFEITURA DE PETROLINA,2024
0062/2024,0207/2024,18/10/2024,03/10/2024,Pregão eletrônico,Secretaria Municipal de Desenvolvimento Urbano e Habitação,Fracassada,Compras e serviços,"Contratação de empresa especializada para prestação de serviços de licenciamento de software por tempo determinado destinado ao cadastro, gestão e controle habitacional, incluindo a sua implantação, treinamento,(...)","R$ 209.199,96","R$ 0,00",,Comissão de Licitação 01,09:00,"PORTAL DE COMPRAS PÚBLICAS, no endereço eletrônico www.portaldecompraspublicas.com.br",2024
0042/2024,0242/2024,27/08/2024,26/05/2025,Dispensa Eletrônica,"Secretaria de Educação, Cultura e Esporte",Processo Concluído,Compras e serviços,Aquisição de MATERIAIS PARA CAPINA E MANUTENÇÃO para atender às necessidades das unidades escolares da Rede Municipal de Ensino de Petrolina/PE,,,,Comissão de Licitação 01,12:00,PREFEITURA DE PETROLINA,2024
0055/2024,0185/2024,19/09/2024,05/09/2024,Pregão eletrônico,Secretaria Municipal de Saúde | SESAU,Processo Concluído,Compras e serviços,"Contratação de empresa (s) para a AQUISIÇÃO DE EQUIPAMENTOS para estruturar a Casa de Apoio localizada em Recife-PE vinculada ao Programa de Tratamento Fora de Domicílio de Petrolina-PE
(TFD)","R$ 65.451,24",,,Comissão de Licitação 01,09:00,PORTAL DE COMPRAS PÚBLICAS,2024
0024/2024,1500/0100,23/07/2024,22/04/2025,Adesão externa,"Secretaria de Educação, Cultura e Esporte",Processo Concluído,Compras e serviços,"AQUISIÇÃO DE DESKTOP E NOTEBOOK, para atender as necessidades desta Secretaria e das Unidades Escolares da Rede Municipal de Ensino de Petrolina/PE.","R$ 1.015.820,00","R$ 1.015.820,00",,Comissão de Licitação 01,12:00,prefeitura de petrolina,2024
0054/2025,0077/2025,12/11/2024,05/09/2025,Inexigibilidade,"Secretaria de Planejamento, Gestão e Finanças",Processo Concluído,Compras e serviços,"e locação, o imóvel situado à Rua Castro Alves, nº 329, Centro, Petrolina/PE, conforme termos constantes da alteração contratual da sociedade empresarial NUNES & CAVAGGIONI ADMINISTRADORA PATRIMONIAL LTDA,","R$ 144.000,00","R$ 144.000,00",,Comissão de Licitação 01,12:00,PREFEITURA DE PETROLINA,2024
0101/2024,0211/2024,07/07/2024,09/10/2024,Inexigibilidade,Prefeitura municipal de Petrolina,Processo Concluído,Compras e serviços,"CONTRATAÇÃO DIRETA da empresa DANIEL QUEIROGA GOMES – Sociedade Individual de Advocacia, regularmente inscrito no CNPJ/MF sob o nº 40.196.112/0001-84","R$ 0,00","R$ 0,00",,Comissão de Licitação 01,12:00,prefeitura de petrolina ,2024
0040/2024,0159/2024,30/08/2024,13/08/2024,Pregão eletrônico,Faculdade de Ciências Aplicadas e Sociais | FACAPE,Processo Concluído,Compras e serviços,"PRESTAÇÃO DE SERVIÇOS DE CONEXÃO À INTERNET, mediante solicitação da AUTARQUIA EDUCACIONAL DO VALE DO SÃO FRANCISCO - AEVSF.","R$ 45.050,04","R$ 0,0",,Comissão de Licitação 02,09:00,Portal de Compras Pública ,2024
0010/2024,0176/2024,17/09/2024,02/09/2024,Concorrência Eletrônica,Secretaria de Infraestrutura e Mobilidade,Processo Concluído,Obras e serviços de engenharia,Construção de praças (no centro e bairros),"R$ 2.553.993,39","R$ 0,0",,Comissão de Licitação 01,09:00,"portal de compras públicas www.portaldecompraspublicas.com.br
",2024
0116/2024,0295/2024,23/12/2024,30/12/2024,Inexigibilidade,Prefeitura municipal de Petrolina,Processo Concluído,Compras e serviços,"contratação da empresa GF SHOWS LTDA, inscrita no CNPJ sob o nº 28.101.902/0001-33, para a prestação de serviços artístico/musical da atração “GUILHERME FERRI”","R$ 130.000,00","R$ 130.000,00",,Comissão de Licitação 01,11:00,"contratação da empresa GF SHOWS LTDA, inscrita no CNPJ sob o nº 28.101.902/0001-33, para a prestação de serviços artístico/musical da atração “GUILHERME FERRI”",2024
0050/2024,0172/2024,11/09/2024,29/08/2024,Pregão eletrônico,Faculdade de Ciências Aplicadas e Sociais | FACAPE,Processo Concluído,Compras e serviços,Aquisição de material de expediente para AEVSF/FACAPE,"R$ 26.563,60","R$ 0,0",,Comissão de Licitação 03,09:00,Portal de Compras Públicas,2024
0044/2024,0166/2024,05/09/2024,23/08/2024,Pregão eletrônico,Secretaria Municipal de Saúde | SESAU,Processo Concluído,Compras e serviços,contratação de empresa para a AQUISIÇÃO DE MATERIAL DE LIMPEZA E HIGIENIZAÇÃO destinado a atender às necessidades da Secretaria Municipal de Saúde e suas unidades básicas.,"R$ 942.267,77","R$ 0,00",,Comissão de Licitação 03,09:00,"PORTAL DE COMPRAS PÚBLICAS, no endereço eletrônico www.portaldecompraspublicas.com.br.",2024
0108/2024,0243/2024,11/10/2024,11/11/2024,Inexigibilidade,Prefeitura municipal de Petrolina,Processo Concluído,Compras e serviços,"Contratação Direta, por Inexigibilidade, da Empresa VIABILIZA TECNOLOGIA EDUCACIONAL LTDAEPP, inscrita no CNPJ sob o n° 05.139.953/0001-59, para a prestação de
serviços artísticos/espetáculos de apresentação do GRUPO CIÊNCIA E","R$ 33.000,00","R$ 33.000,00",,Comissão de Licitação 01,11:00,PREFEITURA DE PETROLINA,2024
0107/2024,0240/2024,25/09/2024,11/11/2024,Inexigibilidade,Prefeitura municipal de Petrolina,Processo Concluído,Compras e serviços,"prestação de serviços de assinatura por meio de acesso a base de dados digitais, com a disponibilização de acesso à Biblioteca Digital Minha Biblioteca, incluindo leitura
on-line/off-line, por um período de 12 (doze) meses, ","R$ 122.592,00","R$ 122.592,00",,Comissão de Licitação 01,11:00,Prefeitura de Petrolina,2024
0041/2024,0160/2024,30/08/2024,14/08/2024,Pregão eletrônico,Faculdade de Ciências Aplicadas e Sociais | FACAPE,Processo Concluído,Compras e serviços,"Contratação de empresa para a aquisição de MATERIAIS DE LIMPEZA, HIGIENE, CONSUMO, COPA E COZINHA PARA ATENDER AS DEMANDAS DOS DIVERSOS SETORES DA AUTARQUIA EDUCACIONAL DO VALE DO SÃO FRANCISCO/FACAPE.","R$ 123.157,84","R$ 0,00",,Comissão de Licitação 04,09:00,"PORTAL DE COMPRAS PÚBLICAS, no endereço eletrônico www.portaldecompraspublicas.com.br",2024
0003/2024,0193/2024,19/09/2024,17/09/2024,Credenciamento,Secretaria Municipal de Saúde | SESAU,Em andamento,Compras e serviços,"Prestação de serviços de Próteses dentárias, Aparelhos Ortodônticos/Ortopédicos e Placas Oclusais, conforme preço da Tabela de Procedimentos, Medicamentos, Órteses e Próteses e Materiais Especiais (OPM) – SIGTAP/SUS.","R$ 502.149,60","R$ 0,00",,Comissão de Licitação 04,08:00,"SECRETARIA MUNICIPAL DE LICITAÇÕES E CONTRATOS - AV. GUARARAPES, Nº 2114, CENTRO, PETROLINA/PE.",2024
0015/2024,0221/2024,30/10/2024,14/10/2024,Concorrência Eletrônica,Secretaria de Infraestrutura e Mobilidade,Processo Concluído,Obras e serviços de engenharia,Recuperação da pavimentação asfáltica da Avenida Um (Loteamento Recife) ,"R$ 359.990,56","R$ 0,0",,Comissão de Licitação 02,09:00,Portal de Compras Públicas,2024
0058/2024,0202/2024,08/10/2024,25/09/2024,Pregão eletrônico,Secretaria Municipal de Desenvolvimento Social e Direitos Humanos,Processo Concluído,Compras e serviços,Aquisição de MATERIAL DE HIGIENE E LIMPEZA,"R$ 1.104.887,90",,,Comissão de Licitação 02,09:00,Portal de Compras Públicas.,2024
0025/2024,0000/0000,23/09/2024,20/05/2025,Adesão externa,"Secretaria de Educação, Cultura e Esporte",Processo Concluído,Compras e serviços,"LOCAÇÃO DE VEÍCULOS EM GERAL, para atender às necessidades da Secretaria de Educação, Cultura e Esportes de Petrolina/PE.
","R$ 494.712,00","R$ 494.712,00",,Comissão de Licitação 01,12:00,PREFEITURA DE PETROLINA,2024
0015/2024,0000/0000,09/07/2024,08/08/2024,Adesão externa,Prefeitura municipal de Petrolina,Processo Concluído,Compras e serviços,"AQUISIÇÃO E DISTRIBUIÇÃO DE MOBILIÁRIOS – ARMÁRIOS E GAVETEIRO, para atender as necessidades das unidades escolares da Rede Municipal de Ensino de Petrolina/PE, conforme solicitação da SECRETARIA MUNICIPAL DE EDUCAÇÃO, CULTURA E ESPORTE - SEDUCE.","R$ 1.582.795,00","R$ 1.582.795,00",,Comissão de Licitação 01,12:00,PREFEITURA DE PETROLINA,2024
0005/2024,0078/2024,01/07/2024,12/06/2024,Concorrência Eletrônica,"Secretaria Municipal de Educação, Cultura e Esportes",Processo Concluído,Compras e serviços,"Contratação de empresa especializada para a prestação de serviços de engenharia civil relativos à CONSTRUÇÃO DE CRECHES DE ALTO PADRÃO, nas localidades: NM-01, NM-08, NM-10, João de Deus e Colinas do Rio...","R$ 24.214.834,51","R$ 0,00",,Comissão de Licitação 02,09:00,Portal de Compras Públicas –  www.portaldecompraspublicas.com.br,2024
0032/2024,0142/2024,20/08/2024,01/08/2024,Pregão eletrônico,Secretaria Municipal de Saúde | SESAU,Processo Concluído,Compras e serviços,"Contratação de empresa para a prestação de serviços de REPROGRAFIA E ENCADERNAÇÃO, visando atender às necessidades da SECRETARIA MUNICIPAL DE SAÚDE.","R$ 186.200,00","R$ 0,00",,Comissão de Licitação 04,09:00,"PORTAL DE COMPRAS PÚBLICAS, no endereço eletrônico www.portaldecompraspublicas.com.br",2024
0086/2024,0261/2024,23/12/2024,10/12/2024,Pregão eletrônico,Secretaria Municipal de Saúde | SESAU,Processo Concluído,Compras e serviços,Aquisição de EQUIPAMENTOS MÉDICO – HOSPITALAR em cumprimento às ordens judiciais.,"R$ 68.761,93",,,Comissão de Licitação 02,09:00,Portal de Compras Públicas.,2024
0047/2024,0169/2024,09/10/2024,23/09/2024,Pregão eletrônico,Faculdade de Ciências Aplicadas e Sociais | FACAPE,Processo Concluído,Compras e serviços,"Contratação de empresa para PRESTAÇÃO DE SERVIÇOS DE FORNECIMENTO DE LICENÇA DE SOFTWARE DE GESTÃO DE PONTO para 01CNPJ, compatíveis com os relógios biométricos pertencentes ao patrimônio desta IES(...)","R$ 31.242,00","R$ 0,00",,Comissão de Licitação 03,09:00,"PORTAL DE COMPRAS PÚBLICAS, no endereço eletrônico www.portaldecompraspublicas.com.br",2024
0045/2024,0263/2024,07/08/2024,26/05/2025,Concorrência Eletrônica,Secretaria de Saúde,Em andamento,Compras e serviços,"dispensa eletrônica deverão dispor de chave de identificação e senha pessoal (intransferíveis), obtidas através do",,,,Comissão de Licitação 01,12:00,PREFEITURA DE PETROLINA,2024
0094/2024,0194/2024,19/08/2024,05/09/2024,Inexigibilidade,Prefeitura municipal de Petrolina,Processo Concluído,Compras e serviços,"contratação da empresa ROSA DE SARON PRODUÇÕES ARTÍSTICAS LTDA ME, inscrita no CNPJ sob o nº 09.474.129/0001-06, para a prestação de serviços artístico/musical da atração BANDA ROSA DE SARON","R$ 120.000,00","R$ 120.000,00",,Comissão de Licitação 01,12:00,PREFEITURA DE PETROLINA,2024
0032/2024,0219/2024,02/07/2024,26/05/2025,Dispensa Eletrônica,Secretaria de Governo,Processo Concluído,Compras e serviços,Contratação de empresa ou pessoa física para executar serviços de Jardinagem visando a manutenção das áreas verdes do IGEPREV (internas e externas).,"R$ 26.850,00","R$ 26.850,00",,Comissão de Licitação 01,12:00,PREFEITURA DE PETROLINA,2024
0003/2026,0013/2026,30/03/2026,30/01/2026,Concorrência Eletrônica,Secretaria de Infraestrutura e Mobilidade,Em andamento,Obras e serviços de engenharia,"ELABORAÇÃO DE ESTUDOS E PROJETOS BÁSICOS DE MACRODRENAGEM E MICRODRENAGEM NA ÁREA URBANA DA BACIA DO RIACHO DAS PORTEIRAS -   Qualquer dificuldade nos anexos, os mesmos estão disponibilizados no PNCP e Portal de Compras Públicas","R$ 3.220.081,86","R$ 0,0",,Comissão de Licitação 02,09:00,Portal de Compras Públicas,2026
0071/2026,0121/2026,17/04/2026,22/04/2026,Inexigibilidade,"Secretaria de Desenvolvimento Econômico, Turismo e Inovação",Processo Concluído,Compras e serviços,"Contratação por Inexigibilidade da Sociedade Empresarial DAM – EVENTOS DIVERSIONAIS LTDA, regularmente inscrito no CNPJ/MF sob o nº 19.710.362/0001-02, para a prestação de serviços artístico/musical da atração “MASTRUZ COM LEITE”","R$ 220.000,00","R$ 220.000,00",,Comissão de Licitação 03,12:00,PREFEITURA DE PETROLINA,2026
0015/2026,0024/2026,22/01/2026,12/02/2026,Inexigibilidade,"Secretaria de Desenvolvimento Econômico, Turismo e Inovação",Processo Concluído,Compras e serviços," Contratação por Inexigibilidade da empresa MATHEUS TORRES DE CARVALHO LTDA, regularmente inscrita no CNPJ/MF sob o nº 57.137.345/0001-09, para a prestação de serviços artístico/musical da atração “MATHEUS TORRES”,","R$ 35.000,00","R$ 35.000,00",,Comissão de Licitação 01,12:00,PREFEITURA DE PETROLINA,2026
0014/2026,0164/2026,15/06/2026,27/05/2026,Concorrência Eletrônica,Secretaria de Infraestrutura e Mobilidade,Em andamento,Obras e serviços de engenharia,Implantação de praça no bairro José e Maria.,"R$ 2.457.267,83","R$ 0,0",,Comissão de Licitação 01,09:00,Portal de Compras Públicas,2026
0077/2026,0140/2026,27/04/2026,04/05/2026,Inexigibilidade,"Secretaria de Educação, Cultura e Esporte",Processo Concluído,Compras e serviços," Contratação da empresa: MMR Publicidade e Expansão Digital LTDA, inscrita no CNPJ nº 57.898.097/0001-19","R$ 42.000,00","R$ 42.000,00",,Comissão de Licitação 02,11:00,PREFEITURA DE PETROLINA,2026
0006/2026,0073/2026,13/05/2026,19/03/2026,Concorrência Eletrônica,"Secretaria de Educação, Cultura e Esporte",Em andamento,Compras e serviços,Contratação de empresa para PRESTAÇÃO DE SERVIÇOS DE ENGENHARIA PARA REFORMA E AMPLIAÇÃO DA ESCOLA MUNICIPAL DE ENSINO EM TEMPO INTEGRAL TERRA DA LIBERDADE...,"R$ 2.997.643,41","R$ 0,00",,Comissão de Licitação 01,09:00,Portal de Compras Públicas – www.portaldecompraspublicas.com.br,2026
0039/2026,0051/2026,23/01/2026,12/02/2026,Inexigibilidade,"Secretaria de Desenvolvimento Econômico, Turismo e Inovação",Processo Concluído,Compras e serviços,"Contratação por Inexigibilidade da Empresa SONORA MUSIC PROMOCOES ARTISTICAS LTDA-EPP, regularmente inscrito no CNPJ/MF sob o nº 57.061.266/0001-61, para a prestação de serviços artístico/musical da atração “FORRÓ PEGADO”","R$ 150.000,00","R$ 150.000,00",,Comissão de Licitação 01,12:00,PREFEITURA DE PETROLINA,2026
0010/2026,0134/2026,15/06/2026,26/05/2026,Concorrência Eletrônica,"Secretaria de Educação, Cultura e Esporte",Em andamento,Obras e serviços de engenharia,PRESTAÇÃO DE SERVIÇOS DE ENGENHARIA RELATIVOS À CONSTRUÇÃO DE 02 (DUAS) ESCOLAS: ESCOLA DO VALE DAS ESMERALDAS e ESCOLA NOVA DO DOM AVELAR.,"R$ 23.744.340,72",,,Comissão de Licitação 02,09:00,Portal de Compras Públicas.,2026
0033/2026,0043/2026,15/01/2026,19/02/2026,Inexigibilidade,"Secretaria de Desenvolvimento Econômico, Turismo e Inovação",Processo Concluído,Compras e serviços,"contratação por Inexigibilidade da empresa ZEROFURO EVENTOS E PRODUÇÕES LTDA, regularmente inscrita no CNPJ/MF sob o nº 36.142.074/0001-00","R$ 150.000,00","R$ 150.000,00",,Comissão de Licitação 01,12:00,ZEROFURO EVENTOS E PRODUÇÕES LTDA,2026
0016/2026,0025/2026,20/01/2026,03/02/2026,Inexigibilidade,"Secretaria de Educação, Cultura e Esporte",Processo Concluído,Compras e serviços,"Contratação de Vinkullos Conteudos e Consultoria LTDA, inscrita no CNPJ Nº 41.428.573/0001-06,","R$ 22.000,00","R$ 22.000,00",,Comissão de Licitação 02,12:00,PREFIETURA DE PETROLINA,2026
0012/2026,0125/2026,10/04/2026,22/04/2026,Dispensa por outros motivos,Secretaria de Desenvolvimento Rural,Processo Concluído,Compras e serviços," Contratação Direta, por DISPENSA DE LICITAÇÃO, com fundamento legal no artigo 75, inciso XV da Lei Federal nº 14.133/2021, do SERVICO DE
APOIO AS MICRO E PEQUENAS EMPRESAS DE PE - SEBRAE/PE,","R$ 113.631,30","R$ 113.631,30",,Comissão de Licitação 01,12:00,PREFEITURA DE PETROLINA,2026
0037/2026,0148/2026,02/06/2026,15/05/2026,Pregão eletrônico,Secretaria da Casa Civil,Em andamento,Compras e serviços,"Contratação de empresas para a PRESTAÇÃO DE SERVIÇO DE EMISSÃO DE BILHETES AÉREOS PARA VIAGENS, conforme solicitação expressa das Diversas Secretarias e Órgãos da Administração Pública.","R$ 1.251.000,00","R$ 0,00",,Comissão de Licitação 02,09:00,"O certame será realizado por meio da plataforma: PORTAL DE COMPRAS PÚBLICAS, no endereço eletrônico www.portaldecompraspublicas.com.br",2026
0094/2026,0193/2026,17/06/2026,03/07/2026,Inexigibilidade,Secretaria de Licitações e Contratos,Processo Concluído,Compras e serviços,"serviços para disponibilização de sistema digital denominado “PORTAL DE COMPRAS PUBLICAS”, através da empresa ECUSTOMIZE CONSULTORIA EM SOFTWARE S.A","R$ 1,00","R$ 1,00",,Comissão de Licitação 03,12:00,PREFEITURA DE PETROLINA,2026
0006/2026,0097/2026,06/05/2026,06/05/2026,Dispensa Eletrônica,Secretaria de Desenvolvimento Rural,Processo Concluído,Compras e serviços,"Contratação de empresas para o fornecimento de MATERIAL DE EXPEDIENTE, conforme condições e exigências estabelecidas neste instrumento. ","R$ 29.051,61",,,Comissão de Licitação 02,09:00,PREFEITURA DE PETROLINA,2026
0005/2026,0048/2026,16/03/2026,25/02/2026,Concorrência Eletrônica,"Secretaria de Educação, Cultura e Esporte",Processo Concluído,Obras e serviços de engenharia,CONCLUSÃO DA CONSTRUÇÃO DA QUADRA POLIESPORTIVA COBERTA DA ESCOLA MUNICIPAL ELIETE ARAÚJO DE SOUZA,"R$ 1.196.366,19","R$ 0,0",,Comissão de Licitação 02,09:00,Portal de Compras Públicas ,2026
0026/2026,0182/2026,23/06/2026,23/06/2026,Dispensa Eletrônica,"Secretaria de Educação, Cultura e Esporte",Em andamento,Compras e serviços, Aquisição de MOBILIÁRIO E BRINQUEDOS para o CENTRO ESPECIALIZADO EM ALIMENTAÇÃO ESCOLAR,"R$ 22.793,81",,,Comissão de Licitação 02,09:00,prefeitura de petrolina,2026
0109/2026,0216/3202,24/06/2026,19/06/2026,Inexigibilidade,"Secretaria de Desenvolvimento Econômico, Turismo e Inovação",Processo Concluído,Compras e serviços,"Contratação por Inexigibilidade da empresa SOFÁ DA SOGRA EDITORA E SERVIÇOS LTDA, regularmente inscrita no CNPJ/MF sob o nº 02.159.427/0001-62, para a prestação de serviços artístico/musical do cantor “LÉO SANTANA”","R$ 650.000,00","R$ 650.000,00",,Comissão de Licitação 02,12:00,PREFEITURA DE PETROLINA,2026
0056/2026,0074/2026,03/02/2026,19/02/2026,Inexigibilidade,"Secretaria de Desenvolvimento Econômico, Turismo e Inovação",Processo Concluído,Compras e serviços,"Contratação por Inexigibilidade da Empresária Individual VALDECIR ARISTIDES DO NASCIMENTO JUNIOR 49602411449, regularmente inscrita no CNPJ/MF sob o nº 14.289.601/0001-70","R$ 5.500,00","R$ 5.500,00",,Comissão de Licitação 01,12:00,PREFEITURA DE PETROLINA,2026
0022/2026,0177/2026,17/06/2026,25/06/2026,Dispensa Eletrônica,AUTARQUIA EDUCACIONAL DO VALE DO SÃO FRANCISCO/FACAPE,Processo Concluído,Compras e serviços,restação De Serviços Em Solução De Pabx (Private Automatic Branch Exchange – Troca Automática De Ramais Privados) EM NUVEM,"R$ 64.842,97",,,Comissão de Licitação 02,12:00,PREFEITURA DE PETROLINA,2026
0052/2026,0069/2026,13/02/2026,23/02/2026,Inexigibilidade,"Secretaria de Desenvolvimento Econômico, Turismo e Inovação",Processo Concluído,Compras e serviços,"Contratação por Inexigibilidade da Empresária Individual MICHEL RICARDO DA SILVA BORGES, regularmente inscrita no CNPJ/MF sob o nº 23.784.167/0001-96, para a prestação de serviços artístico/musical da atração “NILTON FREITAS”","R$ 8.000,00","R$ 8.000,00",,Comissão de Licitação 02,12:00,PREFEITURA DE PETROLINA,2026
0079/2026,0158/2026,20/05/2026,22/05/2026,Inexigibilidade,Secretaria de Desenvolvimento Rural,Processo Concluído,Compras e serviços," Locação de imóvel na cidade de Petrolina/PE, com fulcro no inciso V, do art. 74, da Lei 14.133/2021, para atender às necessidades da Secretaria de
Desenvolvimento Rural (SEDRU). ","R$ 66.000,00","R$ 66.000,00",,Comissão de Licitação 02,12:00,PREFEITURA DE PETROLINA,2026
0004/2026,0091/2026,05/05/2026,05/05/2026,Dispensa Eletrônica,Secretaria de Desenvolvimento Rural,Em andamento,Compras e serviços, contratação de empresas para o fornecimento de MATERIAL DE HIGIENE E LIMPEZA,"R$ 28.839,95",,,Comissão de Licitação 02,10:00,PREFIETURA DE PETROLINA,2026
0134/2026,0249/2026,26/06/2026,29/06/2026,Inexigibilidade,"Secretaria de Desenvolvimento Econômico, Turismo e Inovação",Processo Concluído,Compras e serviços,"CONTRATAÇÃO DIRETA POR INEXIGIBILIDADE, da Sociedade Empresarial CASUAL PRODUCOES ARTISTICAS LTDA, regularmente inscrita no CNPJ/MF sob o nº 64.741.371/0001-07, para a prestação de serviços artístico/musical da atração “BIA FRAZZO”","R$ 110.000,00","R$ 110.000,00",,Comissão de Licitação 03,12:00,PREFEITURA DE PETROLINA,2026
0017/2026,0026/2026,19/01/2026,03/02/2026,Inexigibilidade,"Secretaria de Educação, Cultura e Esporte",Processo Concluído,Compras e serviços,"A Liderança do Futuro é Inclusiva e Engajadora”, voltadas aos servidores da Educação do Município de Petrolina/PE","R$ 22.580,00","R$ 22.580,00",,Comissão de Licitação 02,12:00,PREFEITURA DE PETROLINA,2026
0006/2026,0063/2026,16/03/2026,26/02/2026,Pregão eletrônico,Secretaria de Saúde,Processo Concluído,Compras e serviços,Prestação de Serviços Relativos à LAVANDERIA HOSPITALAR DO CENTRO DE PARTO NORMAL MARIA DAS DORES (CPN) do município de Petrolina-PE.,"R$ 79.402,00",,,Comissão de Licitação 05,09:00,Portal de Compras Públicas.,2026
0028/2026,0200/2026,22/06/2026,22/06/2026,Dispensa Eletrônica,AUTARQUIA MUNICIPAL DE MOBILIDADE DE PETROLINA – AMMPLA,Em andamento,Compras e serviços," Aquisição de Ração animal para atender a Coordenação do Bem-estar Animal,  através da Agência Municipal de Meio Ambiente - AMMA. ","R$ 64.304,00","R$ 64.304,00",,Comissão de Licitação 02,09:00,PREFEITURA DE PETROLINA,2026
0043/2026,0166/2026,26/06/2026,10/06/2026,Pregão eletrônico,AUTARQUIA EDUCACIONAL DO VALE DO SÃO FRANCISCO/FACAPE,Revogada,Compras e serviços,"PRESTAÇÃO DE SERVIÇOS ESPECIALIZADOS PARA FORNECIMENTO DE SISTEMA DE EMISSÃO, REGISTRO E PRESERVAÇÃO DE DIPLOMAS EM FORMATO DIGITAL.","R$ 50.175,96",,,Comissão de Licitação 05,09:00,Portal de Compras Públicas.,2026
0008/2026,0068/2026,16/03/2026,02/03/2026,Pregão eletrônico,"Secretaria de Educação, Cultura e Esporte",Em andamento,Compras e serviços,"contratação de empresa (s) para a aquisição de TICKET’S DE GÁS LIQUEFEITO DE PETRÓLEO – GLP (P13 E P45) E TICKET’S DE VASILHAME (13 KG), incluindo transporte, instalação e abastecimento nas centrais de gás.","R$ 1.514.515,74","R$ 0,0",,Comissão de Licitação 04,09:00,PORTAL DE COMPRAS PÚBLICAS,2026
0025/2026,0181/2025,26/06/2026,23/06/2026,Dispensa Eletrônica,Secretaria de Receitas Municipais,Em andamento,Compras e serviços,Contratação de empresa para PRESTAÇÃO DE SERVIÇOS FORNECIMENTO DE CERTIFICADO DIGITAL A3 COM TOKEN para atender às necessidades da Secretaria Municipal de Receitas Municipais. ,"R$ 5.829,20",,,Comissão de Licitação 02,09:00,PREFEITURA DE PETROLINA,2026
0051/2026,0067/2026,11/02/2026,19/02/2026,Inexigibilidade,"Secretaria de Desenvolvimento Econômico, Turismo e Inovação",Processo Concluído,Compras e serviços,"Contratação por Inexigibilidade da Empresária Individual 58.693.794 LAIS FREIRE BEZERRIL SOARES, regularmente inscrita no CNPJ/MF sob o nº 58.693.794/0001-04,","R$ 5.000,00","R$ 5.000,00",,Comissão de Licitação 01,12:00,PREFEITURA DE PETROLINA,2026
0074/2026,0132/2026,15/04/2026,22/04/2026,Inexigibilidade,"Secretaria de Desenvolvimento Econômico, Turismo e Inovação",Processo Concluído,Compras e serviços,"Contratação por Inexigibilidade da Sociedade Empresarial J & J PRODUCOES LTDA-ME, regularmente inscrita no CNPJ/MF sob o nº 59.104.941/0001-18, para a prestação de serviços artístico/musical da atração “JUNIOR & JORGE”","R$ 80.000,00","R$ 80.000,00",,Comissão de Licitação 02,12:00,PREFEITURA DE PETROLINA,2026
0014/2026,0128/2026,22/05/2026,22/05/2026,Dispensa Eletrônica,Secretaria de Saúde,Em andamento,Compras e serviços,Aquisição de suportes para perfurocortante para atender às demandas da Secretária de Saúde no município de Petrolina – PE,"R$ 42.192,00",,,Comissão de Licitação 02,09:00,PREFEITURA DE PETROLINA,2026
0020/2026,0169/2026,10/06/2026,09/06/2026,Dispensa Eletrônica,Secretaria de Assistência Social e Combate à Fome,Em andamento,Compras e serviços,"Aquisição e Fornecimento de Extintores de Incêndio novos, destinados a adequar a segurança de todas as unidades e equipamentos","R$ 14.827,00",,,Comissão de Licitação 02,09:00,PREFEITURA DE PETROLINA,2026
0132/2026,0247/2026,25/06/2026,26/06/2026,Inexigibilidade,"Secretaria de Desenvolvimento Econômico, Turismo e Inovação",Processo Concluído,Compras e serviços,"CONTRATAÇÃO DIRETA POR INEXIGIBILIDADE, da Sociedade Empresarial LIPE LUCENA PRODUCOES ARTISTICAS LTDA, regularmente inscrita no CNPJ/MF sob o nº 61.908.736/0001-57, para a prestação de serviços artístico/musical da atração “LIPE LUCENA”,","R$ 200.000,00","R$ 200.000,00",,Comissão de Licitação 03,12:00,PREFEITURA DE PETROLINA,2026
0013/2026,0161/2026,23/06/2026,08/06/2026,Concorrência Eletrônica,Secretaria de Saúde,Em andamento,Obras e serviços de engenharia,"Contratação de empresa do ramo de engenharia civil para PRESTAÇÃO DE SERVIÇOS RELATIVOS À IMPLANTAÇÃO DE 06 UNIDADES BÁSICAS DE SAÚDE NOS BAIRROS SÃO GONÇALO, JARDIM MARAVILHA, TAPERA, PSNC N1, PSNC N3 E PSNC N11, no município de Petrolina/PE...","R$ 19.342.315,09","R$ 0,00",,Comissão de Licitação 02,09:00,"O certame será realizado por meio da plataforma: PORTAL DE COMPRAS PÚBLICAS, no endereço eletrônico www.portaldecompraspublicas.com.br.",2026
0081/2026,0160/2026,15/05/2026,18/05/2026,Inexigibilidade,"Secretaria de Desenvolvimento Econômico, Turismo e Inovação",Processo Concluído,Compras e serviços,"Contratação por Inexigibilidade da Sociedade Empresarial FT SHOWS LTDA, regularmente inscrita no CNPJ/MF sob o nº 39.998.900/0001-05, para a prestação de serviços artístico/musical da atração “FABINHO TESTADO”, ","R$ 150.000,00","R$ 150.000,00",,Comissão de Licitação 02,12:00,PREFEITURA DE PETROLINA,2026
0009/2026,0105/2026,26/05/2026,08/05/2026,Concorrência Eletrônica,"Secretaria de Educação, Cultura e Esporte",Em andamento,Obras e serviços de engenharia,"Contratação de empresa para PRESTAÇÃO DE SERVIÇOS DE ENGENHARIA PARA REFORMA E AMPLIAÇÃO DA NOSSA INFÂNCIA JOÃO DE DEUS, Rua Oito do Bairro João de Deus, zona norte deste município...","R$ 2.829.204,58","R$ 0,00",,Comissão de Licitação 02,09:00,Portal de Compras Públicas – www.portaldecompraspublicas.com.br,2026
0038/2026,0149/2026,12/06/2026,27/05/2026,Pregão eletrônico,Secretaria de Saúde,Em andamento,Compras e serviços,AQUISIÇÃO DE MEDICAMENTOS PARA ATENDER ÀS NECESSIDADES DA SECRETARIA DE SAÚDE.,"R$ 6.671.133,76","R$ 0,00",,Comissão de Licitação 01,15:30,PORTAL DE COMPRAS PÚBLICAS,2026
0102/2026,0203/2026,25/06/2026,17/06/2026,Inexigibilidade,"Secretaria de Desenvolvimento Econômico, Turismo e Inovação",Processo Concluído,Compras e serviços,"Contratação por Inexigibilidade da Sociedade Empresarial ALIC PARTICIPAÇÕES E ENTRETENIMENTOS LTDA, regularmente inscrita no CNPJ/MF sob o nº 28.791.264/0001-20, para a prestação de serviços artístico/musical da atração “BANDA XAND AVIÃO”,","R$ 800.000,00","R$ 800.000,00",,Comissão de Licitação 02,12:00,PREFEITURA DE PETROLINA,2026
0035/2026,0045/2026,26/01/2026,13/02/2026,Inexigibilidade,"Secretaria de Desenvolvimento Econômico, Turismo e Inovação",Processo Concluído,Compras e serviços,"contratação da empresa 32.754.050 DALMO NATAN DOS SANTOS PORFIRIO, inscrita no CNPJ sob o nº 32.754.050/0001-50, para a prestação de serviços artístico/musical da atração “DALMO NATAN”,  “CARNAVAL DE PETROLINA - 2026”","R$ 5.500,00","R$ 5.500,00",,Comissão de Licitação 01,12:00,PREFEITURA DE PETROLINA,2026
0028/2026,0037/2025,26/01/2026,10/02/2026,Inexigibilidade,"Secretaria de Desenvolvimento Econômico, Turismo e Inovação",Processo Concluído,Compras e serviços,"contratação por Inexigibilidade do da Microempreendedora Individual (MEI) CAMILA YASMINE DO NASCIMENTO MAGALHAES 04266303432 - ME, regularmente inscrita no CNPJ/MF sob o nº 13.307.563/0001-79","R$ 5.500,00","R$ 5.500,00",,Comissão de Licitação 01,12:00,PREFEITURA DE PETROLINA,2026
0114/2026,0221/2026,20/06/2026,19/06/2026,Inexigibilidade,"Secretaria de Desenvolvimento Econômico, Turismo e Inovação",Processo Concluído,Compras e serviços,"Contratação por Inexigibilidade da empresa AD PRODUCAO MUSICAL LTDA, regularmente inscrita no CNPJ/MF sob o nº 26.337.395/0001-06, para a prestação de serviços artístico/musical do cantor “PABLO”,","R$ 700.000,00","R$ 700.000,00",,Comissão de Licitação 02,12:00,PREFEITURA DE PETROLINA,2026
0045/2026,0058/2026,16/01/2026,13/02/2026,Inexigibilidade,"Secretaria de Desenvolvimento Econômico, Turismo e Inovação",Processo Concluído,Compras e serviços,"Contratação por Inexigibilidade da Microempreendedora Individual (MEI) 60.700.845 AGUIDA MARIA AMORIM DA SILVA - ME, regularmente inscrita no CNPJ/MF sob o nº 60.700.845/0001-11, para a prestação de serviços artístico/musical da atração “JONATHAN ARAUJO”","R$ 5.500,00","R$ 5.500,00",,Comissão de Licitação 01,12:00,PREFEITURA DE PETROLINA,2026
0097/2026,0197/2026,20/06/2026,19/06/2026,Inexigibilidade,"Secretaria de Desenvolvimento Econômico, Turismo e Inovação",Processo Concluído,Compras e serviços,"contratação por Inexigibilidade da Sociedade Empresarial BALADA EVENTOS E PRODUCOES LTDA, regularmente inscrita no CNPJ/MF sob o nº 21.363.253/0001-08, para a prestação de serviços artístico/musical da atração “GUSTTAVO LIMA e BANDA”","R$ 1.500.000,00","R$ 1.500.000,00",,Comissão de Licitação 02,12:00,PREFEITURA DE PETROLINA,2026
0015/2026,0087/2026,13/05/2026,29/04/2026,Pregão eletrônico,AUTARQUIA EDUCACIONAL DO VALE DO SÃO FRANCISCO/FACAPE,Em andamento,Compras e serviços,AQUISIÇÃO DE MOBILIÁRIOS para readequações estruturais.,"R$ 175.392,55",,,Comissão de Licitação 05,09:00,"Portal de Compras Públicas.
",2026
0009/2026,0116/2026,14/04/2026,14/04/2026,Dispensa Eletrônica,AUTARQUIA EDUCACIONAL DO VALE DO SÃO FRANCISCO/FACAPE,Em andamento,Compras e serviços,Contratação de empresa especializada no RAMO DA ENGENHARIA CIVIL para a prestação de serviços de manutenção e pequenas reformas das edificações da AEVSFFACAPE. ,"R$ 495.278,03",,,Comissão de Licitação 01,09:00,PREFEITURA DE PETROLINA,2026
0122/2026,0233/2026,22/06/2026,23/06/2026,Inexigibilidade,"Secretaria de Desenvolvimento Econômico, Turismo e Inovação",Processo Concluído,Compras e serviços,"Contratação por Inexigibilidade da Sociedade Empresarial J MUSIC EDITORA E PRODUÇÕES ARTÍSTICAS LTDA, regularmente inscrita no CNPJ/MF sob o nº 39.888.402/0001-00, para a prestação de serviços artístico/musical da atração “JOELMA”","R$ 550.000,00","R$ 550.000,00",,Comissão de Licitação 02,12:00,PREFEITURA DE PETROLINA,2026
0076/2026,0136/2026,21/04/2026,04/05/2026,Inexigibilidade,"Secretaria de Desenvolvimento Econômico, Turismo e Inovação",Processo Concluído,Compras e serviços,"Contratação por Inexigibilidade da Sociedade Empresarial PERFORMANCE MUSIC DISTRIBUIDORA LTDA, regularmente inscrita no CNPJ/MF sob o nº 07.818.772/0001-84, para a prestação de serviços artístico/musical da atração “THE FEVERS”,","R$ 95.000,00","R$ 95.000,00",,Comissão de Licitação 03,11:00,PREFEITURA DE PETROLINA,2026
0057/2026,0075/2026,03/02/2026,19/02/2026,Inexigibilidade,"Secretaria de Desenvolvimento Econômico, Turismo e Inovação",Processo Concluído,Compras e serviços,"Contratação por Inexigibilidade da empresa CAIA PRODUÇÕES LTDA, regularmente inscrita no CNPJ/MF sob o nº 11.166.400/0001-98","R$ 55.000,00","R$ 55.000,00",,Comissão de Licitação 01,12:00,PREFEITURA DE PETROLINA,2026
0059/2026,0077/2026,11/02/2026,19/02/2026,Inexigibilidade,"Secretaria de Desenvolvimento Econômico, Turismo e Inovação",Processo Concluído,Compras e serviços,"Contratação por Inexigibilidade do Empresário Individual MICHEL RICARDO DA SILVA BORGES - ME, regularmente inscrita no CNPJ/MF sob o nº 23.784.167/0001-96, para a prestação de serviços artístico/musical da atração “ORQUESTRA BANDINHA DO CHICÃO”","R$ 40.500,00","R$ 40.500,00",,Comissão de Licitação 01,12:00,PREFEITURA DE PETROLINA,2026
0048/2026,0061/2026,04/02/2026,23/02/2026,Inexigibilidade,"Secretaria de Desenvolvimento Econômico, Turismo e Inovação",Processo Concluído,Compras e serviços,"contratação da empresa 29.651.958 MADARA FONSECA BITTENCOURT, inscrita no CNPJ sob o nº 29.651.958/0001-24, para a prestação de serviços artístico/musical da atração “MÁDARA”, ","R$ 5.000,00","R$ 5.000,00",,Comissão de Licitação 02,12:00,PREFEITURA DE PETROLINA,2026
0062/2026,0088/2026,03/03/2026,05/03/2026,Inexigibilidade,"Secretaria de Educação, Cultura e Esporte",Processo Concluído,Compras e serviços,"Contratação Direta por Inexigibilidade, do Empresário Individual WLLYSSYS WOLFGANG REIS DIAS ARAUJO-ME, inscrito no CNPJ nº 27.389.426/0001-35","R$ 20.700,00","R$ 20.700,00",,Comissão de Licitação 02,12:00,PREFEITURA DE PETROLINA,2026
0119/2026,0228/2026,22/06/2026,19/06/2026,Inexigibilidade,"Secretaria de Desenvolvimento Econômico, Turismo e Inovação",Processo Concluído,Compras e serviços,"Contratação por Inexigibilidade da Sociedade Empresarial SILVÂNIA AQUINO & BERG RABELO PRODUÇÕES LTDA, regularmente inscrita no CNPJ/MF sob o nº 64.052.906/0001-32, para a prestação de serviços artístico/musical da atração “SILVÂNIA & BERG”,","R$ 400.000,00","R$ 400.000,00",,Comissão de Licitação 03,12:00,PREFEITURA DE PETROLINA,2026
0125/2026,0238/2026,22/06/2026,25/06/2026,Inexigibilidade,"Secretaria de Desenvolvimento Econômico, Turismo e Inovação",Processo Concluído,Compras e serviços,"CONTRATAÇÃO DIRETA POR INEXIGIBILIDADE, da Sociedade Empresarial FILHO DO PISEIRO PRODUÇÕES ARTÍSTICAS LTDA-ME, regularmente inscrita no CNPJ/MF sob o nº 62.153.113/0001- 84, para a prestação de serviços artístico/musical da atração “FILHO DO PISEIRO”","R$ 250.000,00","R$ 250.000,00",,Comissão de Licitação 02,09:00,PREFEITURA DE PETROLINA,2026
0008/2026,0092/2026,29/05/2026,14/05/2026,Concorrência Eletrônica,"Secretaria de Educação, Cultura e Esporte",Deserta,Compras e serviços,PRESTAÇÃO DE SERVIÇOS DE ENGENHARIA RELATIVOS À FINALIZAÇÃO DA IMPLANTAÇÃO DE SISTEMA SIMPLIFICADO DE ABASTECIMENTO DE ÁGUA EM ÁREAS RURAIS.,"R$ 5.656.617,94",,,Comissão de Licitação 01,09:00,Portal de Compras Públicas.,2026
0004/2026,0014/2026,25/02/2026,28/01/2026,Concorrência Eletrônica,"Secretaria de Desenvolvimento Econômico, Turismo e Inovação",Processo Concluído,Compras e serviços,"CONCESSÃO DE EXPLORAÇÃO DO ESPAÇO PÚBLICO “PÁTIO DE EVENTOS ANA DAS CARRANCAS”, para realização do SÃO JOÃO DE PETROLINA 2026 (de 19 a 27/06/2026 e o SÃO JOÃO DE PETROLINA 2027 (de 18 a 27/06/2027).","R$ 19.134.734,06","R$ 0,0",,Comissão de Licitação 02,09:00,PORTAL DE COMPRAS PÚBLICAS,2026
0021/2026,0107/2026,19/05/2026,04/05/2026,Pregão eletrônico,"Secretaria de Educação, Cultura e Esporte",Processo Concluído,Compras e serviços,"EVENTUAL (AIS) contratação (ões) de empresa (s) para a PRESTAÇÃO DE SERVIÇOS DE CONFECÇÃO DE MATERIAL GRÁFICO E SERIGRÁFICO, indispensável para atender às demandas da SECRETARIA DE EDUCAÇÃO CULTURA E ESPORTE.","R$ 1.166.386,10",,,Comissão de Licitação 04,09:00,Portal de Compras Públicas.,2026
0013/2026,0084/2026,22/04/2026,07/04/2026,Pregão eletrônico,Secretaria de Licitações e Contratos,Em andamento,Compras e serviços,"Contratação de empresa para a AQUISIÇÃO DE MATERIAL DE CONSUMO (PAPEL A4), destinado a atender às necessidades da Administração Pública direta e indireta, conforme solicitação expressa das respectivas Secretarias e Órgãos.","R$ 242.254,76","R$ 0,00",,Comissão de Licitação 04,09:00,"PORTAL DE COMPRAS PÚBLICAS, no endereço eletrônico www.portaldecompraspublicas.com.br",2026
0002/2026,0050/2026,27/02/2026,09/03/2026,Dispensa por outros motivos,Secretaria de Serviços Públicos e Defesa Civil,Processo Concluído,Compras e serviços,"CONTRATAÇÃO DIRETA da FUNDAÇÃO INSTITUTO DE PESQUISAS ECONÔMICAS - FIPE, para PRESTAÇÃO DE SERVIÇOS TÉCNICOS DE CONSULTORIA PARA ANÁLISE ECONÔMICO-FINANCEIRA DO CONTRATO DE CONCESSÃO Nº 440/2006","R$ 597.780,00","R$ 597.780,00",,Comissão de Licitação 01,12:00,PREFEITURA E PETROLINA,2026
0064/2026,0095/2026,27/03/2026,06/04/2026,Inexigibilidade,AGÊNCIA MUNICIPAL DE EMPREENDEDORISMO – AGE,Processo Concluído,Compras e serviços,"CONTRATAÇÃO DE 15 ESTANDES VISANDO A PARTICIPAÇÃO DE EMPREENDEDORAS FORMAIS E INFORMAIS, POR INTERMÉDIO DA AGÊNCIA MUNICIPAL DE EMPREENDEDORISMO- AGE","R$ 15.000,00","R$ 15.000,00",,Comissão de Licitação 03,12:00,PREFEITURA DE PETROLINA,2026
0010/2026,0120/2026,25/05/2026,22/05/2026,Dispensa Eletrônica,"Secretaria de Educação, Cultura e Esporte",Em andamento,Compras e serviços,Aquisição de MATERIAIS PARA AVALIAÇÃO NUTRICIONAL,"R$ 10.260,13",,,Comissão de Licitação 03,09:00,PREFEITURA DE PETROLINA,2026
0006/2026,0011/2026,14/01/2026,10/02/2026,Inexigibilidade,"Secretaria de Desenvolvimento Econômico, Turismo e Inovação",Processo Concluído,Compras e serviços,"Contratação por Inexigibilidade da empresa MELODIA PRODUÇÕES ARTÍSTICAS LTDA, regularmente inscrita no CNPJ/MF sob o nº 18.182.325/0001-06","R$ 6.000,00","R$ 6.000,00",,Comissão de Licitação 01,12:00,prefeitura de petrolina,2026
0047/2026,0060/2026,10/02/2026,23/02/2026,Inexigibilidade,"Secretaria de Desenvolvimento Econômico, Turismo e Inovação",Processo Concluído,Compras e serviços,"contratação da empresa 19.471.545 CANDYCE ROSE MENDES DUARTE, inscrita no CNPJ sob o nº 19.471.545/0001- 04, para a prestação de serviços artístico/musical da atração “RONNY 10”","R$ 5.000,00","R$ 5.000,00",,Comissão de Licitação 01,12:00,PREFEITURA DE PETROLINA,2026
0065/2026,0096/2026,21/04/2026,06/04/2026,Inexigibilidade,"Secretaria de Educação, Cultura e Esporte",Processo Concluído,Compras e serviços,"Contratação Direta, por Inexigibilidade, da Sociedade Simples Limitada COMPANHIA PRIMEIRO ATO PROMOÇÃO PRODUÇÕES DE ESPETÁCULOS E FORMAÇÃO ARTISTICA – Nome Fantasia CIA PRIMEIRO ATO","R$ 37.800,00","R$ 37.800,00",,Comissão de Licitação 03,12:00,PREFEITURA DE PETROLINA,2026
0002/2026,0053/2026,15/04/2026,01/06/2026,Dispensa Eletrônica,AUTARQUIA EDUCACIONAL DO VALE DO SÃO FRANCISCO/FACAPE,Em andamento,Compras e serviços,"Contratação de empresa para aquisição de protetor solar destinado a atender as necessidades da Autarquia Municipal de Mobilidade de Petrolina - AMMPLA.
","R$ 49.996,80","R$ 49.996,80",,Comissão de Licitação 02,09:00,PREFEUTURA DE PETROLINA,2026
0066/2026,0098/2026,03/04/2026,10/04/2026,Inexigibilidade,Secretaria de Saúde,Processo Concluído,Compras e serviços,"Contratação Direta, por INEXIGIBILIDADE, com fundamento legal no artigo 74, Inciso I, da Lei Federal n.º 14.133, de 01 de abril de 2021, da Empresa CLINICA MEDICA IBIRAPUERA S/S LTDA","R$ 9.420,00","R$ 9.420,00",,Comissão de Licitação 02,12:00,PREFEITURA DE PETROLINA,2026
0014/2026,0086/2026,01/04/2026,17/03/2026,Pregão eletrônico,"Secretaria de Desenvolvimento Urbano, Habitação e Sustentabilidade",Em andamento,Compras e serviços,Contratação de empresa de engenharia para PRESTAÇÃO DE SERVIÇOS RELATIVOS A LEVANTAMENTOS TOPOGRÁFICOS E CADASTRAIS PLANIALTIMÉTRICOS A SEREM UTILIZADOS NO MEIO URBANO E/OU EXPANSÃO URBANA.,"R$ 1.444.362,48","R$ 0,0",,Comissão de Licitação 01,09:00,"PORTAL DE COMPRAS PÚBLICAS, no endereço eletrônico www.portaldecompraspublicas.com.br",2026
0086/2026,0170/2026,15/05/2026,18/05/2026,Inexigibilidade,"Secretaria de Desenvolvimento Econômico, Turismo e Inovação",Processo Concluído,Compras e serviços,"CONTRATAÇÃO DIRETA POR INEXIGIBILIDADE, da Sociedade Empresarial DAE GRAVACOES E EDICOES MUSICAIS LTDA, regularmente inscrita no CNPJ/MF sob o nº 44.644.972/0001-94, para a prestação de serviços artístico/musical da atração “LIMÃO COM MEL”","R$ 350.000,00","R$ 350.000,00",,Comissão de Licitação 02,12:00,PREFEITURA DE PETROLINA,2026
0008/2026,0015/2026,14/01/2026,10/02/2026,Inexigibilidade,"Secretaria de Desenvolvimento Econômico, Turismo e Inovação",Processo Concluído,Compras e serviços,"Contratação por Inexigibilidade do Empresário Individual 49.213.174 DIEGO ELIAS OLIVEIRA SANTOS-ME, regularmente inscrito no CNPJ/MF sob o nº 49.213.174/0001-21, para a prestação de serviços artístico/musical da atração “BANDA PAGODANÇA”","R$ 5.500,00","R$ 5.500,00",,Comissão de Licitação 01,12:00,PREFEITURA DE PETROLINA,2026
0107/2026,0211/2026,26/06/2026,19/06/2026,Inexigibilidade,"Secretaria de Desenvolvimento Econômico, Turismo e Inovação",Processo Concluído,Compras e serviços,"Contratação por Inexigibilidade da Sociedade Empresarial SIMONE MENDES PRODUCOES MUSICAIS LTDA-EPP, regularmente inscrita no CNPJ/MF sob o nº 32.377.952/0001-15, para a prestação de serviços artístico/musical da atração “SIMONE MENDES”,","R$ 850.000,00","R$ 850.000,00",,Comissão de Licitação 02,12:00,PREFEIRURA DE PETROLINA,2026
0067/2026,0101/2026,19/03/2026,24/03/2026,Inexigibilidade,"Secretaria de Desenvolvimento Econômico, Turismo e Inovação",Processo Concluído,Compras e serviços,contratação da empresa para CONTRATAÇÃO DE EMPRESA POR INEXIGIBILIDADE PARA EXPOSIÇÃO NA FEIRA DE NEGÓCIOS FRUIT ATTRACTION 2026 EM SÃO PAULO – S,"R$ 162.250,00","R$ 162.250,00",,Comissão de Licitação 02,12:00,prefeitura de petrolina,2026
0023/2026,0110/2026,25/06/2026,09/06/2026,Pregão eletrônico,AUTARQUIA EDUCACIONAL DO VALE DO SÃO FRANCISCO/FACAPE,Deserta,Compras e serviços,"PRESTAÇÃO DE SERVIÇOS COMUNS DE ENGENHARIA RELATIVOS À CONSTRUÇÃO DE CENTRAL DE GÁS, BEM COMO À CONFECÇÃO E INSTALAÇÃO DE ESCADA METÁLICA, visando suprir as necessidades da Autarquia Educacional do Vale do São Francisco-AEVSF/FACAPE.","R$ 159.935,63","R$ 0,00",,Comissão de Licitação 02,09:00,"Contratação de empresa para PRESTAÇÃO DE SERVIÇOS COMUNS DE ENGENHARIA RELATIVOS À CONSTRUÇÃO DE CENTRAL DE GÁS, BEM COMO À CONFECÇÃO E INSTALAÇÃO DE ESCADA METÁLICA, visando suprir as necessidades ",2026
0069/2026,0111/2026,26/03/2026,13/04/2026,Inexigibilidade,"Secretaria de Desenvolvimento Econômico, Turismo e Inovação",Processo Concluído,Compras e serviços,"Contratação por Inexigibilidade da Sociedade Empresarial TULIO DUARTE SHOWS LTDA-EPP, regularmente inscrita no CNPJ/MF sob o nº 56.995.153/0001-70, para a prestação de serviços artístico/musical da atração “TULIO DUARTE”","R$ 80.000,00","R$ 80.000,00",,Comissão de Licitação 03,12:00,PREFEITURA DE PETROLINA,2026
0010/2026,0018/2026,21/01/2026,11/02/2026,Inexigibilidade,"Secretaria de Desenvolvimento Econômico, Turismo e Inovação",Processo Concluído,Compras e serviços," Contratação por Inexigibilidade da empresa EXCLUSIVE ENTRETENIMENTOS MUSICAIS LTDA, regularmente inscrita no CNPJ/MF sob o nº 24.439.539/0001-00, para a prestação de serviços artístico/musical da atração “FILIPE SANTOS”","R$ 70.000,00","R$ 70.000,00",,Comissão de Licitação 02,12:00,prefeitura de petrolina,2026
0013/2026,0126/2026,17/04/2026,28/04/2026,Dispensa Eletrônica,"Secretaria de Educação, Cultura e Esporte",Deserta,Compras e serviços,"serviço de locação de brinquedos, para viabilizar a execução de ações institucionais promovidas pela Secretaria Municipal de Educação, Cultura e Esporte de Petrolina/PE","R$ 9.351,30","R$ 9.351,30",,Comissão de Licitação 01,12:00,prefeitura de petrolina,2026
0091/2026,0189/2026,07/06/2026,09/06/2026,Inexigibilidade,"Secretaria de Desenvolvimento Econômico, Turismo e Inovação",Processo Concluído,Compras e serviços,"contratação por Inexigibilidade do empresário individual 36.090.401 MATHEUS SILVA ROQUE, regularmente inscrito no CNPJ/MF sob o nº 36.090.401/0001-27, , necessária para composição das apresentações do evento “JECANA DO CAPIM","R$ 50.000,00","R$ 50.000,00",,Comissão de Licitação 02,12:00,PREFEITURA DE PETROLINA,2026
0023/2026,0032/2026,28/01/2026,03/02/2026,Inexigibilidade,"Secretaria de Educação, Cultura e Esporte",Processo Concluído,Compras e serviços,"Contratação da empresa MONJA COEN ENSINAMENTOS ZEN LTDA, regularmente inscrita no CNPJ nº 32.545.486/0001-30,","R$ 80.000,00","R$ 80.000,00",,Comissão de Licitação 01,12:00,PREFEITURA DE PETROLINA,2026
0044/2026,0167/2026,26/06/2026,10/06/2026,Pregão eletrônico,Secretaria da Casa Civil,Em andamento,Compras e serviços,"PRESTAÇÃO DE SERVIÇOS DE CONFECÇÃO, MONTAGEM E INSTALAÇÃO DE MOBILIÁRIO PLANEJADO, destinados à Sala de Reunião da Prefeitura Municipal de Petrolina-PE.","R$ 47.617,08",,,Comissão de Licitação 03,09:00,Portal de Compras Públicas.,2026
0027/2026,0118/2026,02/06/2026,14/05/2026,Pregão eletrônico,AUTARQUIA EDUCACIONAL DO VALE DO SÃO FRANCISCO/FACAPE,Em andamento,Compras e serviços,FORNECIMENTO DE LICENÇA DE USO DO SISTEMA INFORMATIZADO DE GESTÃO PÚBLICA.,"R$ 69.977,56",,,Comissão de Licitação 01,09:00,Portal de Compras Públicas.,2026
0042/2026,0156/2026,15/06/2026,29/05/2026,Pregão eletrônico,Secretaria da Casa Civil,Em andamento,Compras e serviços,AQUISIÇÃO DE CADEIRAS COM RODÍZIO PARA INTEGRAR A MOBÍLIA DA SALA DE REUNIÕES DA PMP.,"R$ 17.869,95",,,Comissão de Licitação 03,09:00,Portal de compras públicas.,2026
0025/2026,0114/2026,28/04/2026,13/04/2026,Pregão eletrônico,"Secretaria de Educação, Cultura e Esporte",Deserta,Compras e serviços,"AQUISIÇÃO DE GÊNEROS ALIMENTÍCIOS FARINÁCEOS, para atender as necessidades das Unidades Escolares que compõem a Rede Municipal de Ensino de Petrolina/PE.","R$ 29.983,55",,,Comissão de Licitação 05,09:00,Portal de Compras Públicas.,2026
0022/2026,0108/2026,06/05/2026,17/04/2026,Pregão eletrônico,"Secretaria de Educação, Cultura e Esporte",Processo Concluído,Compras e serviços,"AQUISIÇÃO DE MATERIAL ESPORTIVO, para a realização dos eventos esportivos municipais, atendendo à programação do calendário esportivo da SECRETARIA DE EDUCAÇÃO, CULTURA E ESPORTE.","R$ 209.248,95",,,Comissão de Licitação 04,09:00,Portal de Compras Públicas.,2026
0004/2026,0008/2026,06/01/2026,26/01/2026,Inexigibilidade,"Secretaria de Desenvolvimento Econômico, Turismo e Inovação",Processo Concluído,Compras e serviços,"Contratação da empresa SANDÁLIA DE COURO PRODUÇÕES LTDA, inscrita no CNPJ sob o nº 37.862.565/0001-98, para a prestação de serviços artístico/musical da atração “JAU”","R$ 150.000,00","R$ 150.000,00",,Comissão de Licitação 02,12:00,PREFEITURA DE PETROLINA,2026
0005/2026,0039/2026,30/03/2026,13/03/2026,Pregão eletrônico,INSTITUTO DE GESTÃO PREVIDENCIÁRIA DO MUNICÍPIO DE PETROLINA - IGEPREV ,Processo Concluído,Compras e serviços,"PRESTAÇÃO FUTURA DO SERVIÇO DE BUFFET E/OU COQUETEL PARA FORNECIMENTO DE ALIMENTAÇÃO, incluindo os serviços correlatos e de suporte para eventos institucionais, promovidos pelo IGEPREV.","R$ 109.820,00",,,Comissão de Licitação 01,09:00,Portal de Compras Públicas.,2026
0002/2026,0000/0000,12/02/2026,13/05/2026,Adesão externa,"Secretaria de Educação, Cultura e Esporte",Processo Concluído,Compras e serviços,CONJUNTO DE APOIO DIÁRIO PARA OS DISCENTES (KITS ESCOLARES),"R$ 6.617.788,54","R$ 6.617.788,54",,Comissão de Licitação 02,12:00,PREFEITURA DE PETROLINA,2026
0113/2026,0220/2026,20/06/2026,19/06/2026,Inexigibilidade,"Secretaria de Desenvolvimento Econômico, Turismo e Inovação",Processo Concluído,Compras e serviços,"Contratação por Inexigibilidade da empresa A FABRICA DE SENTIMENTOS LTDA, regularmente inscrita no CNPJ/MF sob o nº 12.830.291/0001-24, para a prestação de serviços artístico/musical da banda “TOQUE DEZ”,","R$ 402.000,00","R$ 402.000,00",,Comissão de Licitação 02,12:00,PREFEITURA DE PETROLINA,2026
0106/2026,0210/2026,24/06/2026,18/06/2026,Inexigibilidade,"Secretaria de Desenvolvimento Econômico, Turismo e Inovação",Processo Concluído,Compras e serviços,"Contratação por Inexigibilidade da empresa MARI FERNANDEZ EVENTOS E PRODUÇÕES LTDA, regularmente inscrita no CNPJ/MF sob o nº 41.856.720/0001-70, para a prestação de serviços artístico/musical da cantora “MARI FERNANDEZ”","R$ 500.000,00","R$ 500.000,00",,Comissão de Licitação 03,12:00,PREFEITURA DE PETROLINA,2026
0104/2026,0208/2026,22/06/2026,16/06/2026,Inexigibilidade,"Secretaria de Desenvolvimento Econômico, Turismo e Inovação",Processo Concluído,Compras e serviços,"CONTRATAÇÃO DIRETA POR INEXIGIBILIDADE, da Sociedade Empresarial DAE GRAVACOES E EDICOES MUSICAIS LTDA, regularmente inscrita no CNPJ/MF sob o nº 44.644.972/0001-94, para a prestação de serviços artístico/musical da atração “LIMÃO COM MEL”,","R$ 350.000,00","R$ 350.000,00",,Comissão de Licitação 02,12:00,PREFEITURA DE PETROLINA,2026
0078/2026,0145/2026,13/05/2026,18/05/2026,Inexigibilidade,Procuradoria Geral do Município,Processo Concluído,Compras e serviços,"Fornecimento 25 (vinte e cinco) licenças de uso mensais para usuários nomeados, não exclusivas, revogáveis, intransferíveis, na modalidade
Software como serviço (SaaS), de Solução Tecnológica de gerenciamento e acompanhamento","R$ 503.068,00","R$ 503.068,00",,Comissão de Licitação 02,12:00,PREFEITURA DE PETROLINA,2026
0060/2026,0078/2026,10/02/2026,19/02/2026,Inexigibilidade,"Secretaria de Desenvolvimento Econômico, Turismo e Inovação",Processo Concluído,Compras e serviços,"Contratação por Inexigibilidade da Microempreendedora Individual (MEI) 16.524.547 GICIA MAZDA LOPES DE FARIASME, regularmente inscrita no CNPJ/MF sob o nº 16.524.547/0001-26, para a prestação de serviços artístico/musical da atração “GRUPO MATINGUEIROS","R$ 18.000,00","R$ 18.000,00",,Comissão de Licitação 02,12:00,PREFEITURA DE PETROLINA,2026
0117/2026,0225/2026,23/06/2026,19/06/2026,Inexigibilidade,"Secretaria de Desenvolvimento Econômico, Turismo e Inovação",Processo Concluído,Compras e serviços,"CONTRATAÇÃO DIRETA POR INEXIGIBILIDADE, da Sociedade Empresarial TA SHOWS LTDA, regularmente inscrita no CNPJ/MF sob o nº 43.202.769/0001-03, para a prestação de serviços artístico/musical da atração “TARCÍSIO DO ACORDEON”","R$ 500.000,00","R$ 500.000,00",,Comissão de Licitação 02,12:00,PREFEITURA DE PETROLINA,2026
0036/2026,0046/2026,26/01/2026,23/02/2026,Inexigibilidade,"Secretaria de Desenvolvimento Econômico, Turismo e Inovação",Processo Concluído,Compras e serviços,"Contratação por Inexigibilidade do Microempreendedor Individual 49.165.894 RUMENNIG ALVES DE CASTRO SILVAME, regularmente inscrito no CNPJ/MF sob o nº 49.165.894/0001-69, para a prestação de serviços artístico/musical da atração “PAGODE 874”","R$ 5.500,00","R$ 5.500,00",,Comissão de Licitação 01,12:00,PREFEITURA DE PETROLINA,2026
0103/2026,0206/2026,26/06/2026,17/06/2026,Inexigibilidade,"Secretaria de Desenvolvimento Econômico, Turismo e Inovação",Processo Concluído,Compras e serviços,"Contratação por Inexigibilidade da Sociedade Empresarial ZADE SHOWS GRAVAÇÕES E EDIÇÕES MUSICAIS LTDA, regularmente inscrita no CNPJ/MF sob o nº 30.244.288/0001-98, para a prestação de serviços artístico/musical da atração “ERIC LAND”","R$ 300.000,00","R$ 300.000,00",,Comissão de Licitação 03,12:00,PREFEITURA DE PETROLINA,2026
0061/2026,0083/2026,19/02/2026,10/03/2026,Inexigibilidade,"Secretaria de Educação, Cultura e Esporte",Processo Concluído,Compras e serviços,"contratar empresa Meta Cursos e Treinamentos Ltda, inscrita no CNPJ Nº 11.517.150/0001-93, para a 3ª etapa da capacitação do Curso de Gestão de Pessoal na administração pública.","R$ 5.460,00","R$ 5.460,00",,Comissão de Licitação 02,12:00,PREFEITURA DE PETROLINA,2026
0021/2026,0171/2026,11/06/2026,09/06/2026,Dispensa Eletrônica,Secretaria de Assistência Social e Combate à Fome,Em andamento,Compras e serviços,"contratação de empresa para execução de serviço de confecção e instalação de PLACA FACHADA EXTERNA, ","R$ 61.813,50",,,Comissão de Licitação 02,09:00,PREFEITURA DE PETROLINA,2026
0095/2026,0194/2026,19/06/2026,12/06/2026,Inexigibilidade,"Secretaria de Desenvolvimento Econômico, Turismo e Inovação",Processo Concluído,Compras e serviços,"Contratação por Inexigibilidade da Sociedade Empresarial SD PRODUCOES E EVENTOS LTDA-ME, regularmente inscrita no CNPJ/MFsob o nº 28.214.459/0001-07, para a prestação de serviços artístico/musical da atração “SEU DESEJO”","R$ 500.000,00","R$ 500.000,00",,Comissão de Licitação 02,12:00,"ontratação por Inexigibilidade da Sociedade Empresarial SD PRODUCOES E EVENTOS LTDA-ME, regularmente inscrita no CNPJ/MF sob o nº 28.214.459/0001-07, para a prestação de serviços artístico/musical da
",2026
0058/2026,0076/2026,05/02/2026,19/02/2026,Inexigibilidade,"Secretaria de Desenvolvimento Econômico, Turismo e Inovação",Processo Concluído,Compras e serviços,"Contratação por Inexigibilidade da Empresária Individual MICHEL RICARDO DA SILVA BORGES, regularmente inscrita
no CNPJ/MF sob o nº 23.784.167/0001-96,","R$ 4.500,00","R$ 4.500,00",,Comissão de Licitação 02,12:00,PREFEITURA DE PETROLINA,2026
0011/2026,0019/2026,27/01/2026,03/02/2026,Inexigibilidade,"Secretaria de Educação, Cultura e Esporte",Processo Concluído,Compras e serviços,Programação do evento JORNADA PEDAGÓGICA 2026: MARIA VAI À ESCOLA – PELO FIM DA VIOLÊNCIA CONTRA A MULHER,"R$ 48.000,00","R$ 48.000,00",,Comissão de Licitação 02,12:00,PREFEITURA DE PETROLINA,2026
0003/2026,0064/2026,11/05/2026,11/05/2026,Dispensa Eletrônica,Secretaria de Saúde,Em andamento,Compras e serviços,Aquisição de ticket para recarga de vasilhames de botijão de gás de cozinha P13 destinado a atender os serviços da Atenção Psicossocial (CAPS AD III e CAPSij) ,"R$ 9.581,04",,,Comissão de Licitação 04,10:00,PREFEITURA DE PETROLINA,2026
0041/2026,0054/2026,23/01/2026,13/02/2026,Inexigibilidade,"Secretaria de Desenvolvimento Econômico, Turismo e Inovação",Processo Concluído,Compras e serviços,"contratação da empresa 60.700.845 AGUIDA MARIA AMORIM DA SILVA, inscrita no CNPJ sob o nº 60.700.845/0001-11, para a prestação de serviços artístico/musical da atração “DAM ALEIXO”","R$ 5.500,00","R$ 5.500,00",,Comissão de Licitação 01,12:00,PREFEITURA D EPETROLINA,2026
0040/2026,0052/2026,02/02/2026,19/02/2026,Inexigibilidade,"Secretaria de Desenvolvimento Econômico, Turismo e Inovação",Processo Concluído,Compras e serviços,"Contratação por Inexigibilidade do Empresário Individual VALDECIR ARISTIDES DO NASCIMENTO JUNIOR 49602411449-ME, regularmente inscrita no CNPJ/MF sob o nº 14.289.601/0001- 70,","R$ 5.500,00","R$ 5.500,00",,Comissão de Licitação 01,12:00,PREFEITURA DE PETROLINA,2026
0007/2026,0012/2026,22/01/2026,10/02/2026,Inexigibilidade,"Secretaria de Desenvolvimento Econômico, Turismo e Inovação",Processo Concluído,Compras e serviços,"Contratação por Inexigibilidade da
Empresária Individual FABIANA SANTIAGO FERREIRA PRODUCOES ARTISTICASME, regularmente inscrita no CNPJ/MF sob o nº 16.541.845/0001-24, para a
prestação de serviços artístico/musical da atração “FABIANA SANTIAGO”","R$ 15.000,00","R$ 15.000,00",,Comissão de Licitação 01,12:00,PREFEITURA DE PETROLINA,2026
0054/2026,0071/2026,23/01/2026,19/02/2026,Inexigibilidade,"Secretaria de Desenvolvimento Econômico, Turismo e Inovação",Processo Concluído,Compras e serviços," Contratação por Inexigibilidade da empresa PP CAMARGO LTDA, regularmente inscrita no CNPJ/MF sob o nº 30.624.132/0001- 55, para a prestação de serviços artístico/musical da atração “BANDA MPA”,","R$ 5.500,00","R$ 5.500,00",,Comissão de Licitação 01,12:00,PREFEITURA DE PETROLINA,2026
0128/2026,0246/2026,26/06/2026,29/06/2026,Inexigibilidade,"Secretaria de Desenvolvimento Econômico, Turismo e Inovação",Processo Concluído,Compras e serviços,"Contratação por Inexigibilidade da empresa WS SHOWS LTDA, regularmente inscrita no CNPJ/MF sob o nº 09.188.896/0001-59, para a prestação de serviços artístico/musical do cantor “WESLEY SAFADÃO”,","R$ 1.500.000,00","R$ 1.500.000,00",,Comissão de Licitação 02,12:00,PREFEITURA DE PETROLINA,2026
0093/2026,0191/2026,07/06/2026,09/06/2026,Inexigibilidade,"Secretaria de Desenvolvimento Econômico, Turismo e Inovação",Processo Concluído,Compras e serviços,"CONTRATAÇÃO DIRETA POR INEXIGIBILIDADE, da Sociedade Empresarial BRASAS DO FORRÓ COMERCIO E LOCAÇÃO DE MATERIAL LTDA, regularmente inscrita no CNPJ/MF sob o nº 03.657.268/0001-99,","R$ 200.000,00","R$ 200.000,00",,Comissão de Licitação 02,12:00,PREFEITURA DE PETROLINA,2026
0020/2026,0029/2026,26/01/2026,11/02/2026,Inexigibilidade,"Secretaria de Desenvolvimento Econômico, Turismo e Inovação",Processo Concluído,Compras e serviços,"Contratação por Inexigibilidade da Empresária Individual 15.524.319 ANA NILZA COSTA DE OLIVEIRA, regularmente inscrita no CNPJ/MF sob o nº 15.524.319/0001-93, para a prestação de serviços artístico/musical da atração “ANA COSTA”","R$ 20.000,00","R$ 20.000,00",,Comissão de Licitação 01,12:00,PREFEITURA DE PETROLINA,2026
0011/2026,0155/2026,16/06/2026,26/05/2026,Concorrência Eletrônica,"Secretaria de Educação, Cultura e Esporte",Em andamento,Obras e serviços de engenharia,"Contratação de empresas especializada no ramo de engenharia civil, para IMPLANTAÇÃO DE CAMPOS DE GRAMA SINTÉTICA EM ÁREAS ESPORTIVAS DO MUNICÍPIO DE PETROLINA-PE, conforme solicitação expressa da Secretaria de Educação, Cultura e Esporte de Petrolina.","R$ 2.496.445,87","R$ 0,00",,Comissão de Licitação 02,09:00,Portal de Compras Públicas – www.portaldecompraspublicas.com.br,2026
0002/2026,0008/2026,25/02/2026,04/02/2026,Concorrência Eletrônica,"Secretaria de Desenvolvimento Econômico, Turismo e Inovação",Em andamento,Obras e serviços de engenharia,"CONSTRUÇÃO DO TERMINAL DA ORLA FLUVIAL DE PETROLINA, mediante solicitação da SECRETARIA DE DESENVOLVIMENTO ECONÔMICO, TURISMO E INOVAÇÃO.
OBSERVAÇÃO: HOUVE INCOMPATIBILIDADE DE ANEXAR ARQUIVOS ACIMA DE 30MB. MAS ESTES ESTÃP NO PNCP","R$ 2.311.775,30","R$ 0,0",,Comissão de Licitação 01,09:00,Portal de Compras Públicas,2026
0063/2026,0094/2026,19/03/2026,23/03/2026,Inexigibilidade,"Secretaria de Educação, Cultura e Esporte",Processo Concluído,Compras e serviços,"Fornecimento de CIE – CARTEIRA DE IDENTIFICAÇÃO ESTUDANTIL para os estudantes das escolas da Rede Municipal de
Ensino de Petrolina-PE, no ano de 2026","R$ 110.000,00","R$ 110.000,00",,Comissão de Licitação 02,12:00,PREFEITURA DE PETROLINA,2026
0004/2026,0021/2026,13/03/2026,13/02/2026,Pregão eletrônico,"Secretaria de Educação, Cultura e Esporte",Em andamento,Compras e serviços,"AQUISIÇÃO DE LIVROS DIDÁTICOS destinados à Educação Infantil e ao Ensino Fundamental (anos iniciais e finais), para atender as demandas dos estudantes e professores das Unidades Escolares da Rede Pública Municipal de Ensino de Petrolina/PE.","R$ 33.731.834,99",,,Comissão de Licitação 05,09:00,Portal de Compras Públicas.,2026
0003/2026,0000/0000,11/06/2026,15/06/2026,Adesão externa,Secretaria de Assistência Social e Combate à Fome,Processo Concluído,Compras e serviços," contratação consiste na locação de 02 (dois) veículos automotores, tipo Minivan, ","R$ 170.400,00","R$ 170.400,00",,Comissão de Licitação 02,12:00,PREFEITURA DE PETROLINA,2026
0001/2026,0000/0000,18/03/2026,13/05/2026,Adesão externa,AUTARQUIA EDUCACIONAL DO VALE DO SÃO FRANCISCO/FACAPE,Processo Concluído,Compras e serviços,"PRESTAÇÃO DE SERVIÇOS DE IMPLANTAÇÃO, INTERMEDIAÇÃO E ADMINISTRAÇÃO DE UM SISTEMA INFORMATIZADO E INTEGRADO","R$ 90.000,00","R$ 90.000,00",,Comissão de Licitação 02,12:00,PREFEITURA DE PETROLNA,2026
0007/2026,0099/2026,10/04/2026,10/04/2026,Dispensa Eletrônica,AUTARQUIA MUNICIPAL DE MOBILIDADE DE PETROLINA – AMMPLA,Em andamento,Compras e serviços," Aquisição de material de consumo, papel sulfite A4 (resmas), conforme condições e exigências estabelecidas neste instrumento. ","R$ 36.189,60",,,Comissão de Licitação 01,10:00,PREFEITURA DE PETROLINA,2026
0046/2026,0059/2026,31/01/2026,13/02/2026,Inexigibilidade,"Secretaria de Desenvolvimento Econômico, Turismo e Inovação",Processo Concluído,Compras e serviços,"Contratação por Inexigibilidade da Empresa CAIA PRODUCOES LTDA - ME, regularmente inscrita no CNPJ/MF sob o nº 11.166.400/0001-98, para a prestação de serviços artístico/musical da atração “NATÁLIA MAGNO”, ","R$ 5.500,00","R$ 5.500,00",,Comissão de Licitação 01,12:00,PREFEITURA DE PETROLINA,2026
0133/2026,0248/2026,25/06/2026,26/06/2026,Inexigibilidade,"Secretaria de Desenvolvimento Econômico, Turismo e Inovação",Processo Concluído,Compras e serviços,“THIAGUINHO”,"R$ 750.000,00","R$ 750.000,00",,Comissão de Licitação 06,12:00,PREFEITURA DE PETROLINA,2026
0027/2026,0036/2026,28/01/2026,19/02/2026,Inexigibilidade,"Secretaria de Desenvolvimento Econômico, Turismo e Inovação",Processo Concluído,Compras e serviços,"Contratação por Inexigibilidade da empresa BEIJA FLOR NÉCTAR LTDA, regularmente inscrita no CNPJ/MF sob o nº 47.120.168/0001-02, para a prestação de serviços artístico/musical da atração “XEXÉU EX-TIMBALADA","R$ 70.000,00","R$ 70.000,00",,Comissão de Licitação 01,12:00,PREFEITURA DE PETROLINA,2026
0121/2026,0232/2026,24/06/2026,25/06/2026,Inexigibilidade,"Secretaria de Desenvolvimento Econômico, Turismo e Inovação",Processo Concluído,Compras e serviços,"CONTRATAÇÃO DIRETA POR INEXIGIBILIDADE, da Sociedade Empresarial LS MUSIC PRODUÇÕES ARTÍSTICAS LTDA, regularmente inscrita no CNPJ/MF sob o nº 11.136.197/0001-07, para a prestação de serviços artístico/musical da atração “LUAN SANTANA”","R$ 1.300.000,00","R$ 1.300.000,00",,Comissão de Licitação 02,09:00,PREFEITURA DE PETROLINA,2026
0110/2026,0214/2026,24/06/2026,23/06/2026,Inexigibilidade,"Secretaria de Desenvolvimento Econômico, Turismo e Inovação",Processo Concluído,Compras e serviços,"Contratação por Inexigibilidade da Sociedade Empresarial IESSI PRODUÇÕES E EVENTOS LTDA, regularmente inscrita no CNPJ/MF sob o nº 00.829.821/0001-35, para a prestação de serviços artístico/musical da atração “IVETE SANGALO E BANDA”","R$ 1.000.000,00","R$ 1.000.000,00",,Comissão de Licitação 02,12:00,PREFEITURA DE PETROLINA,2026
0005/2026,0175/2026,26/05/2026,25/05/2026,Credenciamento,Secretaria de Serviços Públicos e Defesa Civil,Em andamento,Compras e serviços,PRESTAÇÃO DOS SERVIÇOS DE COVEIRO NOS CEMITÉRIOS PÚBLICOS MUNICIPAIS DE PETROLINA/PE.,"R$ 300.906,00",,,Comissão de Licitação 04,09:00,Portal de compras públicas,2026
0124/2026,0237/2026,25/06/2026,25/06/2026,Inexigibilidade,"Secretaria de Desenvolvimento Econômico, Turismo e Inovação",Processo Concluído,Compras e serviços,"Contratação por Inexigibilidade da Sociedade Empresarial FELIPE AMORIM & CIA PRODUÇÕES ARTÍSTICAS LTDA, regularmente inscrita no CNPJ/MF sob o nº 43.144.561/0001-77, para a prestação de serviços artístico/musical da atração “FELIPE AMORIM”, ","R$ 450.000,00","R$ 450.000,00",,Comissão de Licitação 02,09:00,PREFEITURA DE PETROLINA,2026
0013/2026,0022/2026,16/01/2026,03/02/2026,Inexigibilidade,"Secretaria de Educação, Cultura e Esporte",Processo Concluído,Compras e serviços,"Contratação de ALZIANA KARENIA CAVALCANTE RODRIGUES 71606378520, inscrita no CNPJ Nº 33.074.235/0001-87","R$ 1.417,50","R$ 1.417,50",,Comissão de Licitação 01,12:00,PREFEITURA DE PETROLINA,2026
0031/2026,0131/2026,01/06/2026,18/05/2026,Pregão eletrônico,"Secretaria de Educação, Cultura e Esporte",Revogada,Compras e serviços,"AQUISIÇÃO DE TABLETS, atendendo de forma ampla e estratégica às necessidades da SEDUCE, proporcionando aos profissionais da Rede de Ensino dispositivos tecnológicos modernos e eficientes para gestão.","R$ 554.704,00",,,Comissão de Licitação 02,09:00,Portal de Compras Públicas.,2026
0029/2026,0127/2026,01/06/2026,14/05/2026,Pregão eletrônico,"Secretaria de Educação, Cultura e Esporte",Em andamento,Compras e serviços,PRESTAÇÃO DE SERVIÇOS DE CONFECÇÃO DE MATERIAL GRÁFICO E SERIGRÁFICO para a realização dos eventos esportivos.,"R$ 407.199,66",,,Comissão de Licitação 01,09:00,Portal de Compras Públicas.,2026
0041/2026,0153/2026,19/06/2026,26/06/2026,Pregão eletrônico,"Secretaria de Desenvolvimento Econômico, Turismo e Inovação",Processo Concluído,Compras e serviços,"MATERIAIS DIDÁTICOS SEMIESTRUTURADOS DE LÍNGUA ESTRANGEIRA MODERNA - INGLÊS, PARA ATENDER ÀS DEMANDAS DOS ESTUDANTES E PROFESSORES DAS UNIDADES ESCOLARES DE EDUCAÇÃO EM TEMPO INTEGRAL DA REDE PÚBLICA MUNICIPAL DE ENSINO - SEDUCE.","R$ 1.729.165,13","R$ 0,00",,Comissão de Licitação 04,09:00,PORTAL DE COMPRAS PÚBLICAS,2026
0015/2026,0130/2026,24/04/2026,07/05/2026,Dispensa Eletrônica,"Secretaria de Educação, Cultura e Esporte",Em andamento,Compras e serviços,"Quisição de materiais destinados ao evento TEA PARQUE 2026, ","R$ 14.714,33",,,Comissão de Licitação 02,12:00,Prefeitura de Petrolina,2026
0034/2026,0044/2026,30/01/2026,12/02/2026,Inexigibilidade,"Secretaria de Desenvolvimento Econômico, Turismo e Inovação",Processo Concluído,Compras e serviços,"Contratação por Inexigibilidade da Empresário Individual 64.182.765 PEDRO GABRIEL FEITOSA PAIXÃO, regularmente inscrita no CNPJ/MF sob o nº 64.182.765/0001-72, para a prestação de serviços artístico/musical da atração “ORQUESTRA DE FREVO DO BOLINHA","R$ 9.000,00","R$ 9.000,00",,Comissão de Licitação 02,12:00,PREFEITURA DE PETROLINA,2026
0088/2026,0178/2026,28/05/2026,03/06/2026,Inexigibilidade,"Secretaria de Educação, Cultura e Esporte",Processo Concluído,Compras e serviços,"locação de imóvel na cidade de Petrolina/PE, com fulcro no art. 74, inciso V, da Lei Federal 14.133/2021, ","R$ 68.346,00","R$ 68.346,00",,Comissão de Licitação 03,12:00,PREFEITURA DE PETROLINA,2026
0085/2026,0168/2026,15/05/2026,18/05/2026,Inexigibilidade,"Secretaria de Educação, Cultura e Esporte",Processo Concluído,Compras e serviços,"contratação, por inexigibilidade de licitação, dos serviços da empresa URANIA PLANETARIOS E OBSERVATORIOS LTDA, inscrita no CNPJ nº 23.604.958/0001-97, ","R$ 7.900,00","R$ 7.900,00",,Comissão de Licitação 02,12:00,PREFEITURA DE PETROLINA,2026
0120/2026,0229/2026,21/06/2026,19/06/2026,Inexigibilidade,"Secretaria de Desenvolvimento Econômico, Turismo e Inovação",Processo Concluído,Compras e serviços," Contratação por Inexigibilidade da Sociedade Empresarial JG SHOWS LTDA, regularmente inscrita no CNPJ/MF sob o nº 43.099.846/0001-33, para a prestação de serviços artístico/musical da atração “JOÃO GOMES”","R$ 750.000,00","R$ 750.000,00",,Comissão de Licitação 02,12:00,PREFEITURA DE PETROL0INA,2026
0026/2026,0117/2026,29/05/2026,14/05/2026,Pregão eletrônico,"Secretaria de Educação, Cultura e Esporte",Em andamento,Compras e serviços,EVENTUAL (AIS) contratação (ões) de empresa (s) para a PRESTAÇÃO DE SERVIÇOS RELATIVOS À ORGANIZAÇÃO DE EVENTOS - SEDUCE,"R$ 1.776.909,70","R$ 0,0",,Comissão de Licitação 01,09:00,Portal de Compras Públicas,2026
0011/2026,0122/2026,21/05/2026,21/05/2026,Dispensa Eletrônica,AGÊNCIA MUNICIPAL DE MEIO AMBIENTE – AMMA,Em andamento,Compras e serviços,Aquisição de resma de papel A4 reciclado para suprir as necessidades da Agência Municipal de Meio Ambiente – AMMA,"R$ 10.668,00","R$ 10.668,00",,Comissão de Licitação 01,09:00,PREFEITURA DE PETROLINA,2026
0005/2026,0010/2026,16/01/2026,27/01/2026,Inexigibilidade,"Secretaria de Desenvolvimento Econômico, Turismo e Inovação",Processo Concluído,Compras e serviços,"Contratação por Inexigibilidade do Empresário Individual ANSELMO DE OLIVEIRA BITTENCOURT PRODUCOES-ME, regularmente inscrito no CNPJ/MF sob o nº 39.938.977/0001-90, para a prestação de serviços artístico/musical da atração “TRIO GRANAH”","R$ 30.000,00","R$ 30.000,00",,Comissão de Licitação 02,12:00,Prefeitura de petrolina,2026
0068/2026,0109/2026,09/04/2026,23/04/2026,Inexigibilidade,"Secretaria de Desenvolvimento Econômico, Turismo e Inovação",Processo Concluído,Compras e serviços,"Contratação por Inexigibilidade do Microempreendedor Individual (MEI) 22.770.006 ADAO BAGAJI DE SOUZA-ME, regularmente inscrito no CNPJ/MF sob o nº 22.770.006/0001-80, para a prestação de serviços artístico/musical da atração “ADÃOZINHO DE RAJADA”, ","R$ 12.000,00","R$ 12.000,00",,Comissão de Licitação 01,12:00,PREFEITURA DE PEROLINA,2026
0016/2026,0184/2026,26/06/2026,08/06/2026,Concorrência Eletrônica,Secretaria de Desenvolvimento Rural,Processo Concluído,Obras e serviços de engenharia,"CONTRATAÇÃO DE EMPRESA ESPECIALIZADA NO RAMO DE ENGENHARIA CIVIL PARA A PRESTAÇÃO DE SERVIÇOS RELATIVOS À CONSTRUÇÃO DE VIAS VICINAIS, na Zona Rural de Petrolina-PE.","R$ 3.981.344,17",,,Comissão de Licitação 05,09:00,Portal de Compras Públicas.,2026
0045/2026,0176/2026,11/06/2026,25/05/2026,Pregão eletrônico,"Secretaria de Desenvolvimento Econômico, Turismo e Inovação",Em andamento,Compras e serviços,"LOCAÇÃO DE ESTRUTURAS TEMPORÁRIAS TEMÁTICAS JUNINA, REALIZAÇÃO DE MONTAGEM E DESMONTAGEM DE ORNAMENTAÇÃO, INCLUINDO MANUTENÇÃO DE MATERIAIS E SERVIÇOS ELÉTRICOS.","R$ 3.795.122,60",,,Comissão de Licitação 01,09:00,Portal de Compras Públicas.,2026
0129/2026,0243/2026,23/06/2026,25/06/2026,Inexigibilidade,"Secretaria de Desenvolvimento Econômico, Turismo e Inovação",Processo Concluído,Compras e serviços,"Contratação por Inexigibilidade da Sociedade Empresarial SOL MENOR PARTICIPAÇÕES LTDA, regularmente inscrita no CNPJ/MF sobo nº 65.351.081/0001-10, para a prestação de serviços artístico/musical da atração “HUGO & GUILHERME”,","R$ 554.000,00","R$ 554.000,00",,Comissão de Licitação 02,09:00,PREFEITURA DE PETROLINA,2026
0032/2026,0138/2026,19/06/2026,20/05/2026,Pregão eletrônico,AUTARQUIA EDUCACIONAL DO VALE DO SÃO FRANCISCO/FACAPE,Processo Concluído,Compras e serviços,"LOCAÇÃO DE VEÍCULOS, destinados a atender às necessidades de transporte seguro, regular e adequado aos alunos e servidores envolvidos.","R$ 1.139.366,28",,,Comissão de Licitação 03,09:00,Portal de Compras Públicas.,2026
0089/2026,0183/2026,26/05/2026,28/05/2026,Inexigibilidade,Secretaria de Licitações e Contratos,Processo Concluído,Compras e serviços,"Contratação da empresa R.M. ALVES DA CRUZ, regularmente inscrita no CNPJ sob o nº 29.958.833/001-53","R$ 6.991,60","R$ 6.991,60",,Comissão de Licitação 02,12:00,PREFEITURA DE PETROLINA,2026
0030/2026,0040/2026,19/01/2026,11/02/2026,Inexigibilidade,"Secretaria de Desenvolvimento Econômico, Turismo e Inovação",Processo Concluído,Compras e serviços,"Contratação por Inexigibilidade do Microempreendedor Individual (MEI) 21.835.326 ALAN CLEBER VIEIRA DE SOUZAME, regularmente inscrito no CNPJ/MF sob o nº 21.835.326/0001-09, para a prestação de serviços artístico/musical da atração “ALAN CLÉBER”","R$ 18.000,00","R$ 18.000,00",,Comissão de Licitação 02,12:00,PREFEITURA DE PETROLINA,2026
0012/2026,0020/2026,20/01/2026,09/02/2026,Inexigibilidade,"Secretaria de Desenvolvimento Econômico, Turismo e Inovação",Processo Concluído,Compras e serviços,"contratação por Inexigibilidade do Empresário Individual 49.213.297 LUAN PATRICK MORGADO PINHEIRO, regularmente inscrita no CNPJ/MF sob o nº 49.213.297/0001-62","R$ 6.000,00","R$ 6.000,00",,Comissão de Licitação 01,12:00,PREFEITURA DE PETROLINA,2026
0032/2026,0042/2026,05/02/2026,19/02/2026,Inexigibilidade,"Secretaria de Desenvolvimento Econômico, Turismo e Inovação",Processo Concluído,Compras e serviços,"Contratação por Inexigibilidade da Empresário Individual VALDECIR ARISTIDES DO NASCIMENTO JUNIOR 49602411449,","R$ 4.000,00","R$ 4.000,00",,Comissão de Licitação 01,12:00,PREFEITURA DE PETROLINA,2026
0018/2026,0100/2026,30/04/2026,13/04/2026,Pregão eletrônico,Secretaria de Saúde,Em andamento,Compras e serviços,"AQUISIÇÃO DE VEÍCULOS AUTOMOTORES, QUE SERÃO ALOCADOS AO CAPS AD II E AO CAPS IJ.","R$ 180.250,48",,,Comissão de Licitação 04,09:00,Portal de Compras Públicas.,2026
0037/2026,0047/2026,23/01/2026,12/02/2026,Inexigibilidade,"Secretaria de Desenvolvimento Econômico, Turismo e Inovação",Processo Concluído,Compras e serviços,"Contratação por Inexigibilidade da Microempreendedora Individual 60.700.845 AGUIDA MARIA AMORIM DA SILVAME, regularmente inscrita no CNPJ/MF sob o nº 60.700.845/0001-11, para a prestação de serviços artístico/musical da atração “LUANA ALCÂNTARA","R$ 5.500,00","R$ 5.500,00",,Comissão de Licitação 02,12:00,prefeitura de petrolina,2026
0092/2026,0190/2026,07/06/2026,08/06/2026,Inexigibilidade,"Secretaria de Desenvolvimento Econômico, Turismo e Inovação",Processo Concluído,Compras e serviços,"Contratação por Inexigibilidade da empresa EDINALVA FERREIRA XAVIER EVENTOS LTDA, regularmente inscrita no CNPJ/MF sob o nº 22.678.145/0001-89, para a prestação de serviços artístico/musical da atração “SÉRGIO DO FORRÓ”","R$ 30.000,00","R$ 30.000,00",,Comissão de Licitação 02,12:00,PREFEITURA DE PETROLINA,2026
0021/2026,0030/2026,23/01/2026,10/02/2026,Inexigibilidade,"Secretaria de Desenvolvimento Econômico, Turismo e Inovação",Processo Concluído,Compras e serviços,"contratação da empresa 51.547.598 CARINA DA SILVA OLIVEIRA, inscrita no CNPJ sob o nº 51.547.598/0001-74, para a prestação de serviços artístico/musical da atração “GRUPO BAQUE OPARÁ”","R$ 5.000,00","R$ 5.000,00",,Comissão de Licitação 01,12:00,PREFEITURA DE PETROLINA,2026
0033/2026,0142/2026,18/06/2026,02/06/2026,Pregão eletrônico,AUTARQUIA EDUCACIONAL DO VALE DO SÃO FRANCISCO/FACAPE,Em andamento,Compras e serviços,"EVENTUAL (AIS) contratação (ões) de empresa (s) para a AQUISIÇÃO DE APARELHOS DE AR-CONDICIONADO, para atender as necessidades de diversos setores das Secretarias/Órgãos.","R$ 568.364,92",,,Comissão de Licitação 03,09:00,Portal de Compras Públicas.,2026
0018/2026,0027/2026,21/01/2026,04/02/2026,Inexigibilidade,"Secretaria de Educação, Cultura e Esporte",Processo Concluído,Compras e serviços," Contratação da empresa THOMAZ JOSE DASILVACARVALHO 00348867530, ","R$ 1.200,00","R$ 1.200,00",,Comissão de Licitação 01,12:00,PREFEITURA DE PETROLINA,2026
0018/2026,0147/2026,29/05/2026,08/06/2026,Dispensa Eletrônica,"Secretaria de Educação, Cultura e Esporte",Em andamento,Compras e serviços,"Contratação de empresa para prestação do SERVIÇO DE MANUTENÇÃO DA PLATAFORMA MAPA CULTURAL COM A ESTILIZAÇÃO, SUPORTE TÉCNICO E
HOSPEDAGEM","R$ 52.535,09",,,Comissão de Licitação 03,09:00,PREFEITURA DE PETROLIA,2026
0111/2026,0216/2026,19/06/2026,19/06/2026,Inexigibilidade,"Secretaria de Desenvolvimento Econômico, Turismo e Inovação",Processo Concluído,Compras e serviços,"Contratação por Inexigibilidade da Sociedade Empresarial TALISMÃ DIGITAL LTDA, regularmente inscrita no CNPJ/MF sob o nº 65.789.683/0001-53, para a prestação de serviços artístico/musical da atração “LEONARDO”","R$ 950.000,00","R$ 950.000,00",,Comissão de Licitação 02,12:00,PREFEITURA DE PETROLINA,2026
0070/2026,0115/2026,09/04/2026,28/04/2026,Inexigibilidade,"Secretaria de Educação, Cultura e Esporte",Processo Concluído,Compras e serviços,"Contratação Direta, por Inexigibilidade, da Sociedade Simples Limitada COMPANHIA PRIMEIRO ATO PROMOÇÃO PRODUÇÕES DE ESPETÁCULOS E FORMAÇÃO ARTISTICA – Nome Fantasia CIA PRIMEIRO ATO","R$ 44.100,00","R$ 44.100,00",,Comissão de Licitação 02,12:00,prefeitura de petrolina,2026
0135/2026,0251/2026,26/06/2026,29/06/2026,Inexigibilidade,"Secretaria de Desenvolvimento Econômico, Turismo e Inovação",Processo Concluído,Compras e serviços,"Contratação por Inexigibilidade da Sociedade Empresarial MENOS É MAIS PRODUÇÕES ARTÍSTICAS LTDA, regularmente inscrita no CNPJ/MF sob o nº 38.376.746/0001-77, para a prestação de serviços artístico/musical da atração “MENOS É MAIS”","R$ 750.000,00","R$ 750.000,00",,Comissão de Licitação 03,12:00,PREFEITURA DE PETROLINA,2026
0096/2026,0196/2026,20/06/2026,18/06/2026,Inexigibilidade,"Secretaria de Desenvolvimento Econômico, Turismo e Inovação",Processo Concluído,Compras e serviços,"Contratação por Inexigibilidade da Sociedade Empresarial JONAS ESTICADO GRAVACOES & EDICOES MUSICAIS LTDA, regularmente inscrita no CNPJ/MF sob o nº 21.939.747/0001-80, para a prestação de serviços artístico/musical da atração “JONAS ESTICADO”","R$ 300.000,00","R$ 300.000,00",,Comissão de Licitação 03,12:00,PREFEITURA DE PETROLINA,2026
0050/2026,0066/2026,05/02/2026,19/02/2026,Inexigibilidade,"Secretaria de Desenvolvimento Econômico, Turismo e Inovação",Processo Concluído,Compras e serviços,"contratação por Inexigibilidade da Empresária Individual 60.700.845 AGUIDA MARIA AMORIM DA SILVA, regularmente inscrita no CNPJ/MF sob o nº 60.700.845/0001-11, p","R$ 5.000,00","R$ 5.000,00",,Comissão de Licitação 01,12:00,PREFEITURA DE PETROLINA,2026
0003/2026,0007/2026,06/01/2026,22/01/2026,Inexigibilidade,"Secretaria de Desenvolvimento Econômico, Turismo e Inovação",Processo Concluído,Compras e serviços,Contratação por Inexigibilidade da empresa DE BANDEJA PRODUÇÕES ARTISTICAS LTDA,"R$ 200.000,00",,,Comissão de Licitação 02,12:00,PREFEITURA DE PETROLINA,2026
0022/2026,0031/2026,19/01/2026,03/02/2026,Inexigibilidade,"Secretaria de Educação, Cultura e Esporte",Processo Concluído,Compras e serviços,"Contratação da empresa VIABILIZA TECNOLOGIA EDUCACIONAL LTDA, regularmente inscrita no CNPJ nº 05.139.953/0001-59, responsável pelo grupo CIÊNCIA EM SHOW","R$ 30.000,00","R$ 30.000,00",,Comissão de Licitação 03,12:00,PREFEITURA DE PETROLINA,2026
0005/2026,0093/2026,07/05/2026,07/05/2026,Dispensa Eletrônica,Secretaria de Saúde,Em andamento,Compras e serviços,AQUISIÇÃO DE PEÇAS PARA EQUIPAMENTOS ODONTOLÓGICOS destinados atender às necessidades dos serviços de saúde bucal do município de Petrolina/PE,"R$ 60.907,65",,,Comissão de Licitação 02,09:00,PREFEITURA DE PETROLINA,2026
0004/2026,0000/0000,22/06/2026,23/06/2026,Adesão externa,Secretaria de Segurança Pública,Processo Concluído,Compras e serviços," COLETE DE PROTEÇÃO BALÍSTICO NÍVEL III-A, ","R$ 409.298,62","R$ 409.298,62",,Comissão de Licitação 03,09:00,PREFEITURA DE PETROLINA,2026
0017/2026,0141/2026,05/05/2026,05/05/2026,Dispensa Eletrônica,"Secretaria de Educação, Cultura e Esporte",Em andamento,Compras e serviços,"Serviço de locação de brinquedos, para viabilizar a execução de ações institucionais promovidas pela Secretaria Municipal de Educação, Cultura e Esporte de Petrolina/PE, conforme especificações e quantidades abaixo indicadas. ","R$ 9.351,30","R$ 9.351,30",,Comissão de Licitação 02,12:00,PREFEITURA DE PETROLINA,2026
0131/2026,0246/2026,25/06/2026,29/06/2026,Inexigibilidade,"Secretaria de Desenvolvimento Econômico, Turismo e Inovação",Processo Concluído,Compras e serviços,"Contratação por Inexigibilidade da empresa WBM ENTRETENIMENTO E EVENTOS LTDA, regularmente inscrita no CNPJ/MF sob o nº 45.385.025/0001-99, para a prestação de serviços artístico/musical da dupla “BRUNO E MARRONE”, ","R$ 850.000,00","R$ 850.000,00",,Comissão de Licitação 02,12:00,PREFEITURA DE PETROLINA ,2026
0123/2026,0235/2026,23/06/2026,25/06/2026,Inexigibilidade,"Secretaria de Desenvolvimento Econômico, Turismo e Inovação",Processo Concluído,Compras e serviços,"Contratação por Inexigibilidade da Sociedade Empresarial IL SHOWS LTDA, regularmente inscrita no CNPJ/MF sob o nº 39.942.698/0001-08, para a prestação de serviços artístico/musical da atração “IGUINHO & LULINHA”,","R$ 45.000.000.450.000,00","R$ 450.000,00",,Comissão de Licitação 03,09:00,PREFEITURA DE PETROLINA,2026
0105/2026,0209/2026,19/06/2026,19/06/2026,Inexigibilidade,"Secretaria de Desenvolvimento Econômico, Turismo e Inovação",Processo Concluído,Compras e serviços,"Contratação por Inexigibilidade da Sociedade Empresarial NL MUSIC LTDA, regularmente inscrita no CNPJ/MF sob o nº 64.258.050/0001-56, para a prestação de serviços artístico/musical da atração “NATANZINHO LIMA”, ","R$ 850.000,00","R$ 850.000,00",,Comissão de Licitação 03,12:00,PRTEFIRUTA DE PETROLINA,2026
0003/2026,0017/2026,04/03/2026,04/02/2026,Pregão eletrônico,Secretaria de Licitações e Contratos,Processo Concluído,Compras e serviços,"Contratação de empresa especializada na prestação de serviços de PUBLICAÇÃO DE ATOS OFICIAIS, AVISOS DE LICITAÇÃO E OUTROS COMUNICADOS LEGAIS, conforme exigido pela Lei Federal nº 14.133/2021 e demais normativas pertinentes, ...","R$ 602.452,14","R$ 0,00",,Comissão de Licitação 05,09:00,"O certame será realizado por meio da plataforma: PORTAL DE COMPRAS PÚBLICAS, no endereço eletrônico www.portaldecompraspublicas.com.br",2026
0083/2026,0163/2026,16/05/2026,18/05/2026,Inexigibilidade,"Secretaria de Desenvolvimento Econômico, Turismo e Inovação",Processo Concluído,Compras e serviços,"Contratação por Inexigibilidade da Sociedade Empresarial ANY EVILIN BEZERRA PRODUCAO MUSICAL LTDA, regularmente inscrita no CNPJ/MF sob o nº 41.031.297/0001-30.","R$ 60.000,00","R$ 60.000,00",,Comissão de Licitação 02,12:00,PREFEITURA DE PETROLINA,2026
0082/2026,0162/2026,16/05/2026,18/05/2026,Inexigibilidade,"Secretaria de Desenvolvimento Econômico, Turismo e Inovação",Processo Concluído,Compras e serviços,"Contratação por Inexigibilidade da Sociedade Empresarial SW ESPETACULOS ARTISTICOS LTDA, regularmente inscrita no CNPJ/MF sob o nº 12.547.466/0001-90, para a prestação de serviços artístico/musical da atração “THIAGO AQUINO”, ","R$ 250.000,00","R$ 250.000,00",,Comissão de Licitação 03,12:00,PREFEITURA DE PETROLINA,2026
0039/2026,0150/2026,16/06/2026,28/05/2026,Pregão eletrônico,"Secretaria de Educação, Cultura e Esporte",Em andamento,Compras e serviços,PRESTAÇÃO DE SERVIÇOS DE ARBITRAGEM E COORDENAÇÃO para a realização dos eventos esportivos municipais.,"R$ 676.622,30",,,Comissão de Licitação 03,09:00,Portal de Compras Públicas.,2026
0118/2026,0227/2026,27/06/2026,23/06/2026,Inexigibilidade,"Secretaria de Desenvolvimento Econômico, Turismo e Inovação",Processo Concluído,Compras e serviços,"Contratação por Inexigibilidade da Sociedade Empresarial NATTAN PRODUÇÕES ARTÍSTICAS LTDA, regularmente inscrita no CNPJ/MF
sob o nº 41.775.478/0001-70, para a prestação de serviços artístico/musical da atração “NATTAN”","R$ 900.000,00","R$ 900.000,00",,Comissão de Licitação 02,12:00,PREFEITURA DE PETROLINA,2026
0084/2026,0165/2026,16/05/2026,19/05/2026,Inexigibilidade,"Secretaria de Desenvolvimento Econômico, Turismo e Inovação",Processo Concluído,Compras e serviços,"Contratação por Inexigibilidade da Sociedade Empresarial BANDA MAGNÍFICOS PRODUÇÕES E EVENTOS ARTÍSTICOS LTDA, regularmente inscrita no CNPJ/MF sob o nº 01.509.178/0001-25, para a prestação de serviços artístico/musical da atração “BANDA MAGNÍFICOS”, ","R$ 350.000,00","R$ 350.000,00",,Comissão de Licitação 03,12:00,PREFEITURA DE PETROLINA,2026
0001/2026,0500/2026,16/04/2026,09/04/2026,Chamada pública,"Secretaria de Educação, Cultura e Esporte",Em andamento,Compras e serviços,"CHAMADA PÚBLICA P/ PESQUISA DE PREÇOS DE ALIMENTOS PROVENIENTES DA AGRICULTURA FAMILIAR, DESTINADOS AO ATENDIMENTO DO PROGRAMA NACIONAL DE ALIMENTAÇÃO ESCOLAR
– PNAE, NO ÂMBITO DA REDE MUNICIPAL DE ENSINO DE PETROLINA/PE, CONFORME TERMO DE REFERÊNCIA","R$ 0,00","R$ 0,00",,Comissão de Licitação 01,09:00,"SECRETARIA DE EDUCAÇÃO, CULTURA E ESPORTE",2026
0130/2026,0245/2026,23/06/2026,25/06/2026,Inexigibilidade,"Secretaria de Desenvolvimento Econômico, Turismo e Inovação",Processo Concluído,Compras e serviços,"Contratação por Inexigibilidade da Sociedade Empresarial HENRY FREITAS PRODUÇÕES ARTÍSTICAS LTDA, regularmente inscrita no CNPJ/MF sob o nº 30.807.771/0001-56, para a prestação de serviços artístico/musical da atração “HENRY FREITAS”,","R$ 60.000.000.600.000,00","R$ 600.000,00",,Comissão de Licitação 03,09:00,PREFEITURA DE PETROLINA,2026
0011/2026,0081/2026,16/04/2026,13/04/2026,Pregão eletrônico,AUTARQUIA EDUCACIONAL DO VALE DO SÃO FRANCISCO/FACAPE,Processo Concluído,Compras e serviços,"SRP - PRESTAÇÃO DE SERVIÇOS RELATIVOS À CONFECÇÃO DE MATERIAL GRÁFICO VISUAL para atender às demandas das Secretarias/Órgãos, mediante solicitação da AUTARQUIA EDUCACIONAL DO VALE DO SÃO FRANCISCO – AEVSF – FACAPE","R$ 2.221.777,57","R$ 0,00",,Comissão de Licitação 05,09:00,PORTAL DE COMPRAS PÚBLICAS,2026
0090/2026,0187/2026,11/06/2026,11/06/2026,Inexigibilidade,"Secretaria de Educação, Cultura e Esporte",Processo Concluído,Compras e serviços,"Contratação Direta por Inexigibilidade, da Empresa INSTITUTO DE FORMACAO CORALINA MATOS LTDA-ME","R$ 17.146,20","R$ 17.146,20",,Comissão de Licitação 02,12:00,PREFEITURA DE PETROLINA,2026
0072/2026,0123/2026,16/03/2026,22/04/2026,Inexigibilidade,"Secretaria de Educação, Cultura e Esporte",Processo Concluído,Compras e serviços,"CONTRATAÇÃO DIRETA, por INEXIGIBILIDADE, da Empresa DO RE MI ENTRETENIMENTO LTDA-ME","R$ 29.700,00","R$ 29.700,00",,Comissão de Licitação 01,12:00,PREFEITURA DE PETROLINA,2026
0030/2026,0129/2026,12/05/2026,24/04/2026,Pregão eletrônico,Secretaria de Licitações e Contratos,Em andamento,Compras e serviços,"Prestação de serviços de PUBLICAÇÃO DE ATOS OFICIAIS, AVISOS DE LICITAÇÃO E OUTROS COMUNICADOS LEGAIS, conforme exigido pela Lei Federal nº 14.133/2021 e demais normativas pertinentes, com a finalidade de assegurar...","R$ 44.188,20","R$ 0,00",,Comissão de Licitação 05,09:00,"PORTAL DE COMPRAS PÚBLICAS, no endereço eletrônico www.portaldecompraspublicas.com.br",2026
0080/2026,0159/2026,15/05/2026,18/05/2026,Inexigibilidade,"Secretaria de Desenvolvimento Econômico, Turismo e Inovação",Processo Concluído,Compras e serviços,"Contratação por Inexigibilidade da Sociedade Empresarial MEL SHOWS LTDA, regularmente inscrita no CNPJ/MF sob o nº 39.543.593/0001-78, para a prestação de serviços artístico/musical da atração “DESEJO DE MENINA”, ","R$ 220.000,00","R$ 220.000,00",,Comissão de Licitação 02,12:00,PREFEIURA DE PETROLINA,2026
0016/2026,0089/2026,13/04/2026,27/03/2026,Pregão eletrônico,AUTARQUIA EDUCACIONAL DO VALE DO SÃO FRANCISCO/FACAPE,Em andamento,Compras e serviços,"Contratação de empresa para a AQUISIÇÃO DE MATERIAIS DIVERSOS DE LABORATÓRIO para execução de readequações estruturais, destinada à Autarquia Educacional do Vale do São Francisco – AEVSF/FACAPE...","R$ 63.108,03","R$ 0,00",,Comissão de Licitação 02,09:00,"PORTAL DE COMPRAS PÚBLICAS, no endereço eletrônico www.portaldecompraspublicas.com.br",2026
0108/2026,0212/2026,19/06/2026,18/06/2026,Inexigibilidade,"Secretaria de Desenvolvimento Econômico, Turismo e Inovação",Processo Concluído,Compras e serviços,"Contratação por Inexigibilidade da empresa REY VAQUEIRO PRODUCOES ARTISTICAS LTDA, regularmente inscrita no CNPJ/MF sob o nº 21.488.092/0001-70, para a prestação de serviços artístico/musical do cantor “REY VAQUEIRO”","R$ 450.000,00","R$ 450.000,00",,Comissão de Licitação 02,12:00,PREFEITURA DE PETROLINA,2026
0001/2026,0185/2025,22/05/2026,25/05/2026,Adesão interna,Secretaria de Saúde,Processo Concluído,Compras e serviços,PRESTAÇÃO DE SERVIÇOS DE LIMPEZA E ESGOTAMENTO DE FOSSAS SÉPTICAS PARA ATENDER ÀS NECESSIDADES DOS PRÉDIOS VINCULADOS À CONTRATANTE.,"R$ 228.752,00","R$ 228.752,00",,Comissão de Licitação 02,12:00,prefeitura de petrolina,2026
0031/2026,0041/2026,03/02/2026,10/02/2026,Inexigibilidade,"Secretaria de Desenvolvimento Econômico, Turismo e Inovação",Processo Concluído,Compras e serviços,"Contratação por Inexigibilidade do Empresário Individual 64.182.765 PEDRO GABRIEL FEITOSA PAIXÃO, regularmente inscrita no CNPJ/MF sob o nº 64.182.765/0001-72,","R$ 4.500,00","R$ 4.500,00",,Comissão de Licitação 01,12:00,PREFEITURA DE PETROLINA,2026
0127/2026,0240/2026,27/06/2026,29/06/2026,Inexigibilidade,"Secretaria de Desenvolvimento Econômico, Turismo e Inovação",Processo Concluído,Compras e serviços,"Contratação por Inexigibilidade da empresa FAZMIDIA PUBLICIDADE E EVENTOS LTDA, regularmente inscrita no CNPJ/MF sob o nº 25.321.806/0001-02, para a prestação de serviços artístico/musical da banda “CALCINHA PRETA”","R$ 646.000,00","R$ 646.000,00",,Comissão de Licitação 03,12:00,PREFEITURA DE PETROLINA,2026
0009/2026,0079/2026,07/04/2026,23/03/2026,Pregão eletrônico,"Secretaria de Desenvolvimento Econômico, Turismo e Inovação",Revogada,Compras e serviços,"Contratação de empresa (s) para a aquisição de GERADORES TRIFÁSICOS, INCLUINDO A INSTALAÇÃO, E NOBREAKS PARA SUPRIMENTO ENERGÉTICO DAS SUBESTAÇÕES DO CENTRO DE CONVENÇÕES SENADOR NILO COLEHO, mediante solicitação da SEDETUR.","R$ 1.358.248,04","R$ 0,0",,Comissão de Licitação 01,15:30,"PORTAL DE COMPRAS PÚBLICAS, no endereço eletrônico www.portaldecompraspublicas.com.br",2026
0019/2026,0028/2026,16/01/2026,10/02/2026,Inexigibilidade,"Secretaria de Desenvolvimento Econômico, Turismo e Inovação",Processo Concluído,Compras e serviços,"Contratação Direta por Inexigibilidade da Empresa ELISSON CASTRO DE LIMA LTDA -ME, regularmente inscrita no CNPJ/MF sob o nº 08.074.508/0001-46, para a prestação de serviços artístico/musical da atração “ELISSON CASTRO”","R$ 35.000,00","R$ 35.000,00",,Comissão de Licitação 01,12:00,PREFEITURA DEPETROLINA,2026
0040/2026,0151/2026,10/06/2026,26/05/2026,Pregão eletrônico,Secretaria de Desenvolvimento Rural,Em andamento,Compras e serviços,AQUISIÇÃO DE CAIXAS D'ÁGUA E CISTERNAS PRA DISTRIBUIÇÃO ÀS FAMILIAS DA ZONA RURAL,"R$ 997.683,62","R$ 0,00",,Comissão de Licitação 02,09:00,PORTAL DE COMPRAS PÚBLICAS,2026
0053/2026,0070/2026,27/01/2026,19/02/2026,Inexigibilidade,"Secretaria de Desenvolvimento Econômico, Turismo e Inovação",Processo Concluído,Compras e serviços,"Contratação por Inexigibilidade da Microempreendedora Individual 19.471.545 CANDYCE ROSE MENDES DUARTE-ME, regularmente inscrito no CNPJ/MF sob o nº 19.471.545/0001-04","R$ 5.500,00","R$ 5.500,00",,Comissão de Licitação 01,12:00,PREFEITURA DE PETROLINA,2026
0014/2026,0023/2026,21/01/2026,11/02/2026,Inexigibilidade,"Secretaria de Desenvolvimento Econômico, Turismo e Inovação",Processo Concluído,Compras e serviços,"Contratação por Inexigibilidade da Empresário Individual 15.487.704 TARCISIO RODRIGO VIEIRA DOS SANTOS, regularmente inscrito no CNPJ/MF sob o nº 15.487.704/0001-08, para a prestação de serviços artístico/musical da atração “TARCÍSIO BLACK","R$ 5.500,00","R$ 5.500,00",,Comissão de Licitação 02,12:00,PREFEITURA DE PETROLINA,2026
0010/2026,0080/2026,23/03/2026,10/03/2026,Pregão eletrônico,"Secretaria de Educação, Cultura e Esporte",Processo Concluído,Compras e serviços,"AQUISIÇÃO DE CAFÉ E AÇÚCAR, bens de consumo comuns, destinados a atender às necessidades das Unidades Escolares e demais dependências sob a responsabilidade e solicitação da SECRETARIA DE EDUCAÇÃO, CULTURA E ESPORTE.","R$ 823.647,22",,,Comissão de Licitação 04,09:00,Portal de Compras Públicas.,2026
0020/2026,0103/2026,14/05/2026,28/04/2026,Pregão eletrônico,AUTARQUIA EDUCACIONAL DO VALE DO SÃO FRANCISCO/FACAPE,Em andamento,Compras e serviços,"Contratação de empresa especializada para fornecimento de plataforma de atendimento omnichannel de gerenciamento de atendimento multicanais que contemple, obrigatoriamente, os canais de WhatsApp Oficial Meta API...","R$ 42.681,20","R$ 0,00",,Comissão de Licitação 01,09:00,"PORTAL DE COMPRAS PÚBLICAS, no endereço eletrônico www.portaldecompraspublicas.com.br",2026
0112/2026,0218/2026,20/06/2026,19/06/2026,Inexigibilidade,"Secretaria de Desenvolvimento Econômico, Turismo e Inovação",Processo Concluído,Compras e serviços,"Contratação por Inexigibilidade da empresa ZE VAQUEIRO ORIGINAL MUSIC LTDA, regularmente inscrita no CNPJ/MF sob o nº 39.415.957/0001-34, para a prestação de serviços artístico/musical do cantor “ZÉ VAQUEIRO”,","R$ 600.000,00","R$ 600.000,00",,Comissão de Licitação 02,12:00,PREFEITURA DE PETROLINA,2026
0009/2026,0016/2026,20/01/2026,10/02/2026,Inexigibilidade,"Secretaria de Desenvolvimento Econômico, Turismo e Inovação",Processo Concluído,Compras e serviços,"Contratação por Inexigibilidade do Microempreendedor Individual (MEI) FERNANDO VIDAL PINHEIRO JUNIOR 02991464488-ME, regularmente inscrito no CNPJ/MF sob o nº 45.915.806/0001- 48, ","R$ 10.000,00","R$ 10.000,00",,Comissão de Licitação 01,12:00,PREFEITURA DE PETROLINA,2026
0099/2026,0199/2026,23/06/2026,16/06/2026,Inexigibilidade,"Secretaria de Desenvolvimento Econômico, Turismo e Inovação",Processo Concluído,Compras e serviços,"Contratação por Inexigibilidade da Sociedade Empresarial MUNDO PARALELO PRODUÇÕES ARTÍSTICAS LTDA, regularmente inscrita no CNPJ/MF sob o nº 18.495.289/0001-22, para a prestação de serviços artístico/musical da atração “MATHEUS & KAUAN”","R$ 700.000,00","R$ 700.000,00",,Comissão de Licitação 02,12:00,PREFEITURA DE PETROLINA,2026
0024/2026,0033/2026,27/02/2026,03/02/2026,Inexigibilidade,"Secretaria de Educação, Cultura e Esporte",Processo Concluído,Compras e serviços,"Contratação Direta por Inexigibilidade da Empresa EDUARDO HENRIQUE DE A SILVA LTDA-ME, inscrita no CNPJ nº 48.351.834/0001-78, para a prestação de serviços artístico/musical da atração “AS JANUÁRIAS”,","R$ 20.000,00","R$ 20.000,00",,Comissão de Licitação 01,12:00,PREFEITURA DE PETROLINA,2026
0027/2026,0185/2026,17/06/2026,29/06/2026,Dispensa Eletrônica,"Secretaria de Educação, Cultura e Esporte",Processo Concluído,Compras e serviços,locação de veículos destinados ao evento da Feira Nacional de Negócios do Artesanato – Fenearte,"R$ 14.400,00","R$ 14.400,00",,Comissão de Licitação 02,12:00,PREFEITURA DE PETROLINA,2026
0024/2026,0112/2026,09/06/2026,17/04/2026,Pregão eletrônico,"Secretaria de Educação, Cultura e Esporte",Em andamento,Compras e serviços,Aquisição de tablets para premiações - SEDUCE,"R$ 124.313,58","R$ 0,00",,Comissão de Licitação 04,09:00,Portal de Compras Públicas,2026
0049/2026,0062/2026,06/02/2026,19/02/2026,Inexigibilidade,"Secretaria de Desenvolvimento Econômico, Turismo e Inovação",Processo Concluído,Compras e serviços,"Contratação por Inexigibilidade do Microempreendedor Individual (MEI) VALDECIR ARISTIDES DO NASCIMENTO JUNIOR 49602411449-ME,","R$ 5.500,00","R$ 5.500,00",,Comissão de Licitação 01,12:00,PREFEITURA DE PETROLINA,2026
0007/2026,0065/2026,25/03/2026,12/03/2026,Pregão eletrônico,Secretaria de Saúde,Processo Concluído,Compras e serviços,"Contratação de empresas para EVENTUAL AQUISIÇÃO DE FRALDAS DESCARTÁVEIS a fim de atender às ORDENS JUDICIAIS impostas ao Município de Petrolina-PE, conforme solicitação expressa da Secretaria Municipal de Saúde.","R$ 347.743,44","R$ 0,00",,Comissão de Licitação 02,09:00,"PORTAL DE COMPRAS PÚBLICAS, no endereço eletrônico www.portaldecompraspublicas.com.br",2026
0029/2026,0038/2026,29/01/2026,12/02/2026,Inexigibilidade,"Secretaria de Desenvolvimento Econômico, Turismo e Inovação",Processo Concluído,Compras e serviços,"Contratação por Inexigibilidade do Empresário Individual DOMINGOS SÁVIO VENTURA BRANDÃO - ME, regularmente inscrita no CNPJ/MF sob o nº 12.596.458/0001-34, para a prestação de serviços artístico/musical da atração “FREVUCA","R$ 40.000,00","R$ 40.000,00",,Comissão de Licitação 02,12:00,PREFEITURA DE PETROLINA,2026
0019/2026,0102/2026,28/04/2026,13/04/2026,Pregão eletrônico,"Secretaria de Educação, Cultura e Esporte",Em andamento,Compras e serviços,"AQUISIÇÃO DE GARRAFAS TÉRMICAS, destinadas aos Servidores da SECRETARIA DE EDUCAÇÃO, CULTURA E ESPORTE.","R$ 317.711,68",,,Comissão de Licitação 06,09:00,Portal de Compras Públicas.,2026
0126/2026,0239/2026,24/06/2026,25/06/2026,Inexigibilidade,"Secretaria de Desenvolvimento Econômico, Turismo e Inovação",Processo Concluído,Compras e serviços,"CONTRATAÇÃO DIRETA POR INEXIGIBILIDADE, da Sociedade Empresarial VF SHOWS PRODUÇÕES LTDA, regularmente inscrita no CNPJ/MF sob o nº 39.269.483/0001-60, para a prestação de serviços artístico/musical da atração “VITOR FERNANDES”,","R$ 300.000,00","R$ 300.000,00",,Comissão de Licitação 02,09:00,PREFEITURA DE PETROLINA,2026
0026/2026,0035/2026,16/01/2026,03/02/2026,Inexigibilidade,"Secretaria de Educação, Cultura e Esporte",Processo Concluído,Compras e serviços,"voltadas aos servidores da Rede Municipal de Ensino, para atender as necessidades da Secretaria Municipal de Educação, Cultura
e Esporte","R$ 10.000,00","R$ 10.000,00",,Comissão de Licitação 02,12:00,PREFEITURA DE PETROLINA,2026
0002/2026,0005/2026,16/01/2026,23/01/2026,Inexigibilidade,AUTARQUIA EDUCACIONAL DO VALE DO SÃO FRANCISCO/FACAPE,Processo Concluído,Compras e serviços,ONTRATAÇÃO DIRETA da empresa FLAVIA GUIMARAES MENEZES SILVA GUIMESI EDUCACAO LTDA,"R$ 125.305,00",,,Comissão de Licitação 01,12:00,PREFEITURA DE PETROLINA,2026
0001/2026,0139/2026,09/06/2026,15/05/2026,Chamada pública,"Secretaria de Educação, Cultura e Esporte",Em andamento,Compras e serviços,"AQUISIÇÃO DE GÊNEROS ALIMENTÍCIOS (HORTIFRUTIGRANJEIROS) PROVENIENTES DA AGRICULTURA FAMILIAR (AGRICULTORES E/OU EMPREENDEDORES FAMILIARES RURAIS OU SUAS ORGANIZAÇÕES), DESTINADOS AO PROGRAMA DE ALIMENTAÇÃO ESCOLAR – PNAE ","R$ 6.040.819,84","R$ 0,0",,Comissão de Licitação 02,09:00,"SEDE DA PREFEITURA DE PETROLINA - AVENIDA GUARARAPES, Nº 2114, CENTRO, PETROLINA/PE - 87.3983.6419",2026
0137/2025,0429/2025,10/02/2026,27/01/2026,Pregão eletrônico,"Secretaria de Educação, Cultura e Esporte",Processo Concluído,Compras e serviços,"Contratação de empresa para a AQUISIÇÃO DE GÊNEROS ALIMENTÍCIOS, para atender as necessidades das Unidades Escolares que compõem a Rede Municipal de Ensino de Petrolina/PE.","R$ 1.449.315,91","R$ 0,00",,Comissão de Licitação 04,09:00,"O certame será realizado por meio da plataforma: PORTAL DE COMPRAS PÚBLICAS, no endereço eletrônico www.portaldecompraspublicas.com.br",2026
0002/2022,0023/2025,15/01/2026,03/02/2026,Adesão interna,Secretaria de Infraestrutura e Mobilidade,Processo Concluído,Compras e serviços,"ontrato a prestação de serviços de engenharia relativos à REQUALIFICAÇÃO DE VIAS, CICLOVIAS, PASSEIOS, CANTEIROS E DISPOSITIVOS DE DRENAGEM","R$ 1.707.007,78","R$ 1.707.007,78",,Comissão de Licitação 01,12:00,PREFEITURA DE PETROLINA,2026
0001/2026,0001/2026,25/02/2026,25/02/2026,Dispensa Eletrônica,Secretaria de Saúde,Em andamento,Compras e serviços,Aquisição de MATERIAL DE EXPEDIENTE para atender às demandas da Secretária Municipal de Saúde,"R$ 30.633,34",,,Comissão de Licitação 02,09:00,prefeitura de petrolina,2026
0025/2025,0374/2025,20/01/2026,25/11/2025,Concorrência Eletrônica,Secretaria de Infraestrutura e Mobilidade,Em andamento,Obras e serviços de engenharia,"CONSULTIVA PARA APOIO TÉCNICO-OPERACIONAL E GERENCIAL À SEINFRA, COMPREENDENDO AS ATIVIDADES DE GERENCIAMENTO, SUPERVISÃO E FISCALIZAÇÃO DE OBRAS.","R$ 5.106.325,61","R$ 0,0",,Comissão de Licitação 01,09:00,Portal de Compras Públicas,2026
0023/2025,0000/0000,19/01/2026,22/01/2026,Adesão externa,"Secretaria de Educação, Cultura e Esporte",Processo Concluído,Compras e serviços,AQUISIÇÃO DE EQUIPAMENTOS ESCOLARES (MOBILIÁRIO,"R$ 421.620,00",,,Comissão de Licitação 01,12:00,PREFEITURA DE PETROLINA,2026
0068/2025,0408/2025,12/02/2026,12/02/2026,Dispensa Eletrônica,Secretaria de Saúde,Em andamento,Compras e serviços,"Á aquisição de extintores para atender às demandas da Secretária de Saúde no Município de Petrolina - PE, conforme especificações técnicas e quantitativos definidos.","R$ 60.359,63","R$ 60.359,63",,Comissão de Licitação 01,11:00,prefeitura de petrolina,2026
0006/2024,0063/2026,16/03/2026,26/02/2026,Pregão eletrônico,Secretaria de Saúde,Em andamento,Compras e serviços,Prestação de Serviços Relativos à LAVANDERIA HOSPITALAR DO CENTRO DE PARTO NORMAL MARIA DAS DORES (CPN) do município de Petrolina-PE.,"R$ 79.402,00",,,Comissão de Licitação 05,09:00,Portal de Compras Públicas.,2026
0134/2025,0424/2025,06/02/2026,23/01/2026,Pregão eletrônico,"Secretaria de Educação, Cultura e Esporte",Em andamento,Compras e serviços,"AQUISIÇÃO DE MATERIAIS DE LIMPEZA, destinadas a suprir as necessidades das Unidades Escolares e Administrativas.","R$ 2.502.404,71",,,Comissão de Licitação 06,09:00,Portal de Compras de Públicas.,2026
0001/2026,0106/2026,15/05/2026,30/04/2026,Sorteio,AUTARQUIA EDUCACIONAL DO VALE DO SÃO FRANCISCO/FACAPE,Aberta,Compras e serviços,SORTEIO PARA SUBCOMISSÃO TÉCNICA PARA ANÁLISE E JULGAMENTO DAS PROPOSTAS TÉCNICAS ,"R$ 0,00","R$ 0,00",,Comissão de Licitação 04,09:00,"Avenida Guararapes, nº 2114, centro, Petrolina/PE",2026
0132/2025,0420/2025,12/02/2026,28/01/2026,Pregão eletrônico,Secretaria de Saúde,Em andamento,Compras e serviços,AQUISIÇÃO DE MATERIAL ODONTOLÓGICO PARA ATENDER ÀS NECESSIDADES DA SECRETARIA DE SAÚDE,"R$ 989.335,80","R$ 0,0",,Comissão de Licitação 05,09:00,PORTAL DE COMPRAS PÚBLICAS,2026
0129/2025,0411/2025,05/02/2026,23/01/2026,Pregão eletrônico,Secretaria de Saúde,Em andamento,Compras e serviços,"Contratação de empresa para o FORNECIMENTO DE GASES MEDICINAIS, para atender às demandas da Secretaria Municipal de Saúde.","R$ 405.055,66","R$ 0,00",,Comissão de Licitação 04,09:00,"O certame será realizado por meio da plataforma: PORTAL DE COMPRAS PÚBLICAS, no endereço eletrônico www.portaldecompraspublicas.com.br",2026
0030/2025,0403/2025,05/01/2026,15/12/2025,Concorrência Eletrônica,"Secretaria de Educação, Cultura e Esporte",Revogada,Obras e serviços de engenharia,Reforma e ampliação da creche (Programa Nossa Infância) localizada no bairro João de Deus. ,"R$ 2.733.888,42","R$ 0,0",,Comissão de Licitação 01,09:00,PORTAL DE COMPRAS PÚBLICAS,2026
0133/2025,0422/2025,05/02/2026,23/01/2026,Pregão eletrônico,Secretaria de Saúde,Processo Concluído,Compras e serviços,"Contratação de empresas para a AQUISIÇÃO DE MEDICAMENTOS destinados a atender a Secretaria Municipal de Saúde de Petrolina-PE, conforme solicitação expressa da mesma.","R$ 1.909.983,54","R$ 0,00",,Comissão de Licitação 02,09:00,"O certame será realizado por meio da plataforma: PORTAL DE COMPRAS PÚBLICAS, no endereço eletrônico www.portaldecompraspublicas.com.br",2026
0069/2025,0415/2025,27/01/2026,27/01/2026,Dispensa Eletrônica,Secretaria de Desenvolvimento Rural,Processo Concluído,Compras e serviços,PRESTAÇÃO  DE  SERVIÇOS  RELATIVOS  À  ELABORAÇÃO  DOS  PROJETOS  BÁSICO  E EXECUTIVO   PARA   IMPLANTAÇÃO   DE   UM   ABATEDOURO   DE   AVES   NO   MUNICÍPIO   DE PETROLINA/PE,"R$ 35.950,90",,,Comissão de Licitação 01,12:00,PREFEITURA DE PETROLINA,2026
0001/2026,0002/2026,10/02/2026,27/01/2026,Pregão eletrônico,"Secretaria de Educação, Cultura e Esporte",Processo Concluído,Compras e serviços,"AQUISIÇÃO DE EQUIPAMENTOS E ELETRODOMÉSTICOS, para atender às necessidades das Unidades Escolares que compõem a Rede Municipal de Ensino de Petrolina/PE.","R$ 3.159.080,10",,,Comissão de Licitação 02,09:00,Portal de Compras Públicas.,2026
0136/2025,0426/2025,20/03/2026,02/02/2026,Pregão eletrônico,AUTARQUIA EDUCACIONAL DO VALE DO SÃO FRANCISCO/FACAPE,Processo Concluído,Compras e serviços,"Eventual contratação de empresa para prestação de serviços de INSTALAÇÃO E DESINSTALAÇÃO, MANUTENÇÃO PREVENTIVA E CORRETIVA DE CONDICIONADORES DE AR, BEBEDOUROS E REFRIGERADORES, INCLUINDO MATERIAIS DE LIMPEZA, FORNECIMENTO E REPOSIÇÃO DE PEÇAS, ... ","R$ 355.975,00","R$ 0,00",,Comissão de Licitação 04,09:00,"Certame será realizado por meio da plataforma: PORTAL DE COMPRAS PÚBLICAS, no endereço eletrônico www.portaldecompraspublicas.com.br",2026
0001/2026,0113/2026,29/04/2026,27/04/2026,Credenciamento,AGÊNCIA MUNICIPAL DE MEIO AMBIENTE – AMMA,Em andamento,Compras e serviços,Credenciamento de MÉDICOS VETERINÁRIOS (PESSOA FÍSICA) E CLÍNICAS VETERINÁRIAS (PESSOA JURÍDICA) para prestação de serviços consistentes em atendimentos clínicos veterinários e realização de castrações de cães e gatos machos e fêmeas...,"R$ 300.000,00","R$ 0,00",,Comissão de Licitação 06,08:00,"Recebimento dos envelopes acontecerá na Agência Municipal de Meio Ambiente – AMMA (setor de Licitação e Contratos) situada à Rua Antonio Padilha, N° 55, Centro, Petrolina/PE.",2026
0027/2025,0390/2025,20/02/2026,10/12/2025,Concorrência Eletrônica,"Secretaria de Educação, Cultura e Esporte",Processo Concluído,Obras e serviços de engenharia,"REFORMA E AMPLIAÇÃO DA NOSSA INFÂNCIA IRMÃ VIANA, localizada na Avenida da Mirra (rua 26), Bairro Alto do Cocar.","R$ 2.544.774,25",,,Comissão de Licitação 01,09:00,Portal de Compras Públicas.,2026
0005/2025,0431/2025,11/02/2026,09/02/2026,Credenciamento,"Secretaria de Educação, Cultura e Esporte",Adiada,Compras e serviços,"contratação de Pessoa Física e/ou Microempreendedor Individual - MEI, para a prestação de serviços de AVALIAÇÃO TÉCNICA CULTURAL (PARECERISTAS), a fim de atuar nos editais referentes à Lei nº 14.399/2022, da Política Nacional Aldir Blanc - PNAB...","R$ 130.163,38","R$ 0,00",,Comissão de Licitação 06,09:00,exclusivamente através de formulário constante no Mapa Cultural de Petrolina (http://mapacultural.petrolina.pe.gov.br),2026
0073/2025,0124/2026,08/04/2026,23/04/2026,Inexigibilidade,"Secretaria de Desenvolvimento Econômico, Turismo e Inovação",Processo Concluído,Compras e serviços,"Contratação por Inexigibilidade da Sociedade Empresarial WILLY JUAN FAUSTINO SILVA SANTOS - ME, regularmente inscrita no CNPJ/MF sob o nº 32.009.930/0001-00, para a prestação de serviços artístico/musical da atração “WILLY VAQUEIRO”","R$ 80.000,00","R$ 80.000,00",,Comissão de Licitação 02,12:00,PREFEITURA DE PETROLINA,2026
0001/2026,0003/2026,26/02/2026,04/03/2026,Inexigibilidade,AUTARQUIA EDUCACIONAL DO VALE DO SÃO FRANCISCO/FACAPE,Processo Concluído,Compras e serviços,"contratação direta, por inexigibilidade, com fundamento legal no artigo 74, inciso I, §1° da Lei Federal nº 14.133/2021 e alterações posteriores, da Empresa LAERDAL MEDICAL IMPORTAÇÃO E COMÉRCIO DE PRODUTOS MÉDICOS LTDA, ","R$ 1.505.125,20","R$ 1.505.125,20",,Comissão de Licitação 02,12:00,PREFEITURA DE PETROLINA,2026
0130/2025,0412/2025,13/02/2026,28/01/2026,Pregão eletrônico,Secretaria de Saúde,Processo Concluído,Compras e serviços,Contratação de empresa (s) para confecção de material gráfico para atender às necessidades da Secretaria de Saúde. ,"R$ 619.258,70","R$ 0,0",,Comissão de Licitação 05,09:00,PORTAL DE COMPRAS PÚBLICAS,2026
0001/2026,0004/2026,24/02/2026,03/02/2026,Concorrência Eletrônica,Secretaria de Saúde,Em andamento,Obras e serviços de engenharia,CONSTRUÇÃO DE UNIDADE BÁSICA DE SÁUDE - UBS NO BAIRRO FERNANDO IDALINO CONFORME SOLICITAÇÃO DA SECRETARIA DE SAÚDE,"R$ 2.311.775,30","R$ 0,0",,Comissão de Licitação 02,09:00,PORTAL DE COMPRAS PÚBLICAS,2026
0073/2025,0430/2025,12/02/2026,12/02/2026,Dispensa Eletrônica,Secretaria de Saúde,Processo Concluído,Compras e serviços,Contratação de empresa especializada para a PRESTAÇÃO DE SERVIÇOS TÉCNICOS DE SAÚDE E SEGURANÇA OCUPACIONAL ,"R$ 43.000,00","R$ 43.000,00",,Comissão de Licitação 02,09:00,prefeitura de petrolina,2026
0128/2025,0410/2025,08/01/2026,19/12/2025,Pregão eletrônico,AUTARQUIA EDUCACIONAL DO VALE DO SÃO FRANCISCO/FACAPE,Processo Concluído,Compras e serviços,AQUISIÇÃO DE APARELHOS ELETRÔNICOS E ELETRODOMÉSTICOS para compor a estrutura física da ampliação da Policlínica Universitária da FACAPE.,"R$ 152.138,51",,,Comissão de Licitação 06,09:00,Portal de Compras Públicas.,2026
0072/2025,0428/2025,20/01/2026,20/01/2026,Dispensa Eletrônica,"Secretaria de Educação, Cultura e Esporte",Processo Concluído,Compras e serviços,"Contratação de serviço gráfico para a confecção e instalação de MATERIAIS VISUAIS EM ADESIVOS, destinados à Escola do Saber","R$ 17.485,11",,,Comissão de Licitação 01,12:00,PREFEITURA DE PETROLINA,2026
0135/2025,0425/2025,05/02/2026,22/01/2026,Pregão eletrônico,"Secretaria de Educação, Cultura e Esporte",Processo Concluído,Compras e serviços," aquisição de PAPEL SULFITE BRANCO, TAMANHO A4, para abastecimento das unidades escolares e administrativas.","R$ 2.232.647,90",,,Comissão de Licitação 01,09:00,Portal de Compras Públicas,2026
0131/2025,0417/2025,27/01/2026,14/01/2026,Pregão eletrônico,AUTARQUIA EDUCACIONAL DO VALE DO SÃO FRANCISCO/FACAPE,Processo Concluído,Compras e serviços,"AQUISIÇÃO DE EQUIPAMENTOS HOSPITALARES E AMBULATORIAIS visando garantir o pleno funcionamento, a segurança e a qualidade dos atendimentos prestados na ampliação da Policlínica Universitária Autarquia Educacional do Vale do São Francisco - AEVSF.","R$ 236.910,95",,,Comissão de Licitação 01,03:00,Portal de Compras Públicas,2026
0127/2025,0409/2025,07/01/2026,19/12/2025,Pregão eletrônico,AUTARQUIA EDUCACIONAL DO VALE DO SÃO FRANCISCO/FACAPE,Processo Concluído,Compras e serviços,"AQUISIÇÃO DE MOBILIÁRIO E MATERIAIS ADMINISTRATIVOS para a Policlínica FACAPE, o Hospital Simulado e os setores administrativos da FACAPE.","R$ 376.631,09",,,Comissão de Licitação 06,09:00,Portal de Compras Públicas.,2026
0074/2025,0432/2025,20/01/2026,20/01/2026,Dispensa Eletrônica,Secretaria de Receitas Municipais,Em andamento,Compras e serviços,"AQUISIÇÃO DE MATERIAL DE CONSUMO (PAPEL OFÍCIO A4), destinados a atender as necessidades da Secretaria Municipal de Receitas Municipais,","R$ 31.913,00",,,Comissão de Licitação 01,12:00,PREFEITURA DE PETROLINA,2026
0121/2025,0393/2025,04/02/2026,21/01/2026,Pregão eletrônico,Secretaria de Saúde,Em andamento,Compras e serviços,"Contratação de empresas para a AQUISIÇÃO DE MATERIAL MÉDICO HOSPITALARES, conforme solicitação expressa da Secretaria Municipal de Saúde.","R$ 638.642,86","R$ 0,00",,Comissão de Licitação 05,09:00,"PORTAL DE COMPRAS PÚBLICAS, no endereço eletrônico www.portaldecompraspublicas.com.br",2026
0069/2026,0296/2026,02/09/2026,20/08/2026,Pregão eletrônico,Secretaria de Desenvolvimento Rural,Processo Concluído,Compras e serviços,AQUISIÇÃO DE CAIXA D’ÁGUA,"R$ 752.226,00",,,Comissão de Licitação 05,09:00,Portal de Compras pública.,2026
0045/2026,0306/2026,25/09/2026,24/09/2026,Dispensa Eletrônica,Secretaria de Saúde,Em andamento,Compras e serviços,Aquisição de CAIXAS PLÁSTICAS TRANSPARENTES,"R$ 2.517,00",,,Comissão de Licitação 02,09:00,PREFEITURA DE PETROLINA,2026
0078/2026,0320/2026,20/10/2026,06/10/2026,Pregão eletrônico,Secretaria de Saúde,Em andamento,Compras e serviços,"AQUISIÇÃO DE MOBILIÁRIOS, ELETRODOMÉSTICOS E EQUIPAMENTOS DE APOIO.","R$ 1.821.033,20",,,Comissão de Licitação 06,09:00,PORTAL DE COMPRAS PÚBLICAS.,2026
0031/2026,0231/2026,15/07/2026,08/07/2026,Dispensa Eletrônica,AGÊNCIA MUNICIPAL DE EMPREENDEDORISMO – AGE,Em andamento,Compras e serviços," Contratação de EMPRESA ESPECIALIZADA NA PRESTAÇÃO DE SERVIÇOS EM INSTALAÇÃO, DESINSTALAÇÃO, MANUTENÇÃO PREVENTIVA/CORRETIVA DE ARES CONDICIONADOS ","R$ 13.427,20",,,Comissão de Licitação 02,09:00,PREFEITURA DE PETROLINA,2026
0154/2026,0310/2026,12/09/2026,10/09/2026,Inexigibilidade,"Secretaria de Desenvolvimento Econômico, Turismo e Inovação",Processo Concluído,Compras e serviços,"Contratação por Inexigibilidade da Sociedade Empresarial EL PATRON PRODUCOES LTDA-ME, regularmente inscrito no CNPJ/MF sob o nº 59.777.811/0001-46, para a prestação de serviços artístico/musical da atração “EVE SANDES”","R$ 100.000,00","R$ 100.000,00",,Comissão de Licitação 02,09:00,PREFEITURA DE PETROLINA,2026
0049/2026,0205/2026,03/07/2026,19/06/2026,Pregão eletrônico,"Secretaria de Educação, Cultura e Esporte",Processo Concluído,Compras e serviços,AQUISIÇÃO DE GÊNEROS ALIMENTÍCIOS PERECÍVEIS - PROTEÍNAS PARA ALIMENTAÇÃO ESCOLAR - REDE MUNICIPAL DE ENSINO - SEDUCE,"R$ 13.837.983,60","R$ 0,0",,Comissão de Licitação 06,09:00,PORTAL DE COMPRAS PÚBLICAS,2026
0021/2026,0266/2026,11/08/2026,23/07/2026,Concorrência Eletrônica,Secretaria de Infraestrutura e Mobilidade,Processo Concluído,Obras e serviços de engenharia,"IMPLANTAÇÃO DE PRAÇAS NOS BAIRROS JARDIM SÃO PAULO E QUATI, NO DISTRITO DE NOVA DESCOBERTA E NO POVOADO DE PEDRINHAS - SECRETARIA DE INFRAESTRUTURA E MOBILIDADE","R$ 7.437.930,84","R$ 7.363.551,52",,Comissão de Licitação 01,09:00,PORTAL DE COMPRAS PÚBLICAS,2026
0039/2026,0279/2026,27/07/2026,27/07/2026,Dispensa Eletrônica,Secretaria da Casa Civil,Em andamento,Compras e serviços,"Contratação de empresa especializada para a prestação de serviços de fundição, estamparia, acabamento e montagem de medalhas e pins institucionais!","R$ 46.654,00",,,Comissão de Licitação 03,09:00,PREFEITURA DE PETROLINA,2026
0162/2026,0328/2026,24/09/2026,23/09/2026,Inexigibilidade,"Secretaria de Educação, Cultura e Esporte",Processo Concluído,Compras e serviços,"Contratação por Inexigibilidade da ASSOCIACAO CULTURAL CIA BIRUTA DE TEATRO, regularmente inscrita no CNPJ sob o n° 10.567.286/0001-45, representante exclusivo do GRUPO TEATRAL CIA BIRUTA DE TEATRO","R$ 30.000,00","R$ 30.000,00",,Comissão de Licitação 03,12:00,PREFEITURA DE PETROLINA,2026
0046/2026,0313/2026,24/09/2026,24/09/2026,Dispensa Presencial,AGÊNCIA MUNICIPAL DE EMPREENDEDORISMO – AGE,Em andamento,Compras e serviços,"A contratação de empresa especializada na prestação de serviços continuados de manutenção preventiva e corretiva de impressoras e scanners, com fornecimento dos materiais necessários à execução dos serviços, incluindo recarga","R$ 13.347,06",,,Comissão de Licitação 03,09:04,PREFEITURA DE PETROLINA,2026
0158/2026,0318/2026,26/09/2026,25/09/2026,Inexigibilidade,"Secretaria de Educação, Cultura e Esporte",Processo Concluído,Compras e serviços,"contratação por Inexigibilidade da Sociedade Empresarial GLOBAL MUSIC LTDA, regularmente inscrita no CNPJ/MF sob o nº 58.133.689/0001-02, para a prestação de serviços artístico/musical da atração “ANA CAROLINA” (“ARTISTA”)","R$ 395.000,00","R$ 395.000,00",,Comissão de Licitação 03,09:00,PREFEITURA DE PETROLINA,2026
0005/2026,0000/0000,03/07/2026,09/07/2026,Adesão externa,"Secretaria de Educação, Cultura e Esporte",Processo Concluído,Compras e serviços,"contratação de Locação de veículos, sem motorista, com rastreamento veicular, com quilometragem livre, seguro total, manutenção e sem combustível","R$ 341.640,00","R$ 341.640,00",,Comissão de Licitação 02,12:00,PREFEITURA DE PETROLINA,2026
0028/2026,0327/2026,07/10/2026,15/09/2026,Concorrência Eletrônica,Secretaria de Desenvolvimento Rural,Em andamento,Obras e serviços de engenharia,PREST. DE SERV. PARA CONSTRUÇÃO DO NOVO MERCADO PÚBLICO DO DISTRITO DE IZACOLÂNDIA.,"R$ 2.983.836,07",,,Comissão de Licitação 01,09:00,Portal de Compras Públicas.,2026
0136/2026,0252/2026,16/07/2026,16/07/2026,Inexigibilidade,Secretaria de Segurança Pública,Processo Concluído,Compras e serviços,Aquisição de 638 (seiscentos e trinta e oito) SPRAYS INCAPACITANTES NÃO LETAIS DE EMPREGO MULTIAMBIENTE destinados ao uso diário pelos integrantes da Guarda Civil Municipal de Petrolina-PE,"R$ 199.798,28","R$ 199.798,28",,Comissão de Licitação 03,12:00,PREFEITURA DE PETROLINA,2026
0025/2026,0304/2026,13/10/2026,02/09/2026,Concorrência Eletrônica,AUTARQUIA MUNICIPAL DE MOBILIDADE DE PETROLINA – AMMPLA,Em andamento,Compras e serviços,"CONCESSÃO COMUM, DE SERVIÇO PÚBLICO DE TRANSPORTE COLETIVO URBANO DE PASSAGEIROS, POR ÔNIBUS, NO MUNICÍPIO DE PETROLINA/PE – AMMPLA","R$ 371.200.000,00","R$ 0,00",,Comissão de Licitação 01,09:00,PORTAL DE COMPRAS PÚBLICAS,2026
0138/2026,0257/2026,05/07/2026,03/07/2026,Inexigibilidade,"Secretaria de Desenvolvimento Econômico, Turismo e Inovação",Processo Concluído,Compras e serviços,"Contratação por Inexigibilidade do Microempreendedor Individual (MEI) 22.770.006 ADAO BAGAJI DE SOUZA-ME, regularmente inscrita no CNPJ/MF sob o nº 22.770.006/0001-80, para a prestação de serviços artístico/musical da atração “ADÃOZINHO DE RAJADA”","R$ 12.000,00","R$ 12.000,00",,Comissão de Licitação 02,12:00,PREFEITURA DE PETROLINA,2026
0040/2026,0284/2026,07/08/2026,05/08/2026,Dispensa Eletrônica,"Secretaria de Educação, Cultura e Esporte",Deserta,Compras e serviços,"Contratação de empresa especializada na locação de espaço climatizado destinado à realização de eventos, para atender às necessidades da Secretaria de
Educação, Cultura e Esporte de Petrolina/PE","R$ 21.252,00",,,Comissão de Licitação 03,09:00,PREFEITURA DE PETROLINA,2026
0024/2026,0180/2026,30/09/2026,29/09/2026,Dispensa Eletrônica,INSTITUTO DE GESTÃO PREVIDENCIÁRIA DO MUNICÍPIO DE PETROLINA - IGEPREV ,Em andamento,Compras e serviços,Contratação de empresa especializada para prestação de serviços gráficos,"R$ 34.179,33",,,Comissão de Licitação 03,09:00,PREFEITURA DE PETROLINA,2026
0137/2026,0256/2026,04/07/2026,03/07/2026,Inexigibilidade,"Secretaria de Desenvolvimento Econômico, Turismo e Inovação",Processo Concluído,Compras e serviços,"Contratação por Inexigibilidade da empresa RN DOS SANTOS PRODUÇÕES MUSICAIS, regularmente inscrita no CNPJ/MF sob o nº 96.852.264/0001-42, para a prestação de serviços artístico/musical do artista “RAIMUNDINHO DO ACORDEON”","R$ 30.000,00","R$ 30.000,00",,Comissão de Licitação 04,12:00,PREFEITURA DE PETROLINA,2026
0074/2026,0303/2026,18/09/2026,01/09/2026,Pregão eletrônico,Secretaria de Saúde,Paralisada,Compras e serviços,"Contratação de empresa (s) para prestação de serviços de instalação, desinstalação e manutenção preventiva/corretiva de ares condicionados para Secretaria de Saúde","R$ 398.479,61","R$ 0,00",,Comissão de Licitação 06,09:00,PORTAL DE COMPRAS PÚBLICAS,2026
0062/2026,0275/2026,15/09/2026,27/08/2026,Pregão eletrônico,"Secretaria de Educação, Cultura e Esporte",Em andamento,Compras e serviços,Contratação de empresa para prestação de serviços de segurança e bombeiro civil para atendimento aos eventos de diversas secretarias/órgão,"R$ 539.836,45","R$ 0,00",,Comissão de Licitação 01,09:00,Portal de Compras Públicas,2026
0063/2026,0278/2026,26/08/2026,12/08/2026,Pregão eletrônico,Secretaria de Desenvolvimento Rural,Em andamento,Compras e serviços,AQUISIÇÃO DE MATERIAL(IS) PARA PATRULHA MECANIZADA.,"R$ 208.410,90",,,Comissão de Licitação 02,09:00,Portal de Compras Públicas.,2026
0044/2026,0301/2026,31/08/2026,28/08/2026,Dispensa Eletrônica,Secretaria de Comunicação,Em andamento,Compras e serviços,AQUISIÇÃO DE EQUIPAMENTOS destinados ao SETOR DE CERIMONIAL,"R$ 38.581,81",,,Comissão de Licitação 02,09:00,PREFEITURA DE PETROLINA,2026
0004/2026,0117/2026,28/08/2026,31/08/2026,Adesão interna,Secretaria da Casa Civil,Processo Concluído,Compras e serviços,PRESTAÇÃO DE SERVIÇOS RELATIVOS À ORGANIZAÇÃO DE EVENTOS PARA ATENDER ÀS DEMANDAS DA CONTRATANTE,"R$ 300.000,30","R$ 300.000,30",,Comissão de Licitação 02,12:00,PREFEITURA DE PETROLINA,2026
0149/2026,0291/2026,17/08/2026,10/08/2026,Inexigibilidade,"Secretaria de Desenvolvimento Econômico, Turismo e Inovação",Processo Concluído,Compras e serviços,"Contratação por Inexigibilidade da Sociedade Empresarial LL VILAS EVENTOS LTDA, regularmente inscrita no CNPJ/MF sob o nº 27.673.878/0001-44, para a prestação de serviços artístico/musical da atração “ISADORA POMPEO”","R$ 280.000,00","R$ 280.000,00",,Comissão de Licitação 04,09:00,PREFEITURA DE PETROLINA,2026
0067/2026,0294/2026,14/09/2026,31/08/2026,Pregão eletrônico,AGÊNCIA MUNICIPAL DE MEIO AMBIENTE – AMMA,Em andamento,Compras e serviços,AQUISIÇÃO DE MATERIAL E INSUMOS PARA O BEM-ESTAR ANIMAL.,"R$ 82.014,49",,,Comissão de Licitação 05,09:00,Portal de Compras.,2026
0019/2026,0263/2026,28/07/2026,13/07/2026,Concorrência Eletrônica,Secretaria de Serviços Públicos e Defesa Civil,Em andamento,Obras e serviços de engenharia,"PRESTAÇÃO DE SERVIÇOS DE MANUTENÇÃO PREVENTIVA E CORRETIVA, CONSERVAÇÃO E READEQUAÇÃO PAISAGÍSTICA DA CONCHA ACÚSTICA, do monumento do cruzeiro e de seus entornos, visando atender às necessidades da Secretaria de Serviços Públicos e Defesa Civil.","R$ 616.657,16","R$ 0,00",,Comissão de Licitação 01,09:00,Portal de Compras Públicas: www.portaldecompraspublicas.com.br,2026
0023/2026,0289/2026,25/08/2026,10/08/2026,Concorrência Eletrônica,Secretaria de Infraestrutura e Mobilidade,Em andamento,Obras e serviços de engenharia,PREST. DE SERV. DE ENGENHARIA RELATIVOS À EXEC. DE IMPLANTAÇÃO E REVITALIZAÇÃO DE PAVIMENTAÇÃO EM DIVERSAS RUAS NO MUNICÍPIO DE PETROLINA/PE.,"R$ 51.484.495,17",,,Comissão de Licitação 01,09:00,Portal de Compras Públicas.,2026
0020/2026,0264/2026,20/08/2026,05/08/2026,Concorrência Eletrônica,Secretaria de Saúde,Em andamento,Obras e serviços de engenharia,"Contratação de empresa do ramo de engenharia civil para PRESTAÇÃO DE SERVIÇOS RELATIVOS À IMPLANTAÇÃO DE 01 UNIDADE BÁSICA DE SAÚDE PORTE II NO BAIRRO PEDRO RAIMUNDO no município de Petrolina/PE, para atender às necessidades da SESAU.","R$ 3.243.003,32","R$ 0,00",,Comissão de Licitação 02,09:00,Portal de Compras Públicas – www.portaldecompraspublicas.com.br,2026
0068/2026,0295/2026,08/10/2026,25/09/2026,Pregão eletrônico,Agência Municipal de Vigilância Sanitária,Em andamento,Compras e serviços,"FORNECIMENTO DE RAÇÕES SECAS E ÚMIDAS DESTINADAS A CÃES E GATOS, FENO DE GRAMÍNEA COAST-CROSS E FARELO DE SOJA.","R$ 136.196,90",,,Comissão de Licitação 03,09:00,Portal de Compras Públicas.,2026
0153/2026,0309/2026,05/09/2026,03/09/2026,Inexigibilidade,"Secretaria de Desenvolvimento Econômico, Turismo e Inovação",Processo Concluído,Compras e serviços,"Contratação por Inexigibilidade da Sociedade Empresarial J & J PRODUÇÕES LTDA, regularmente inscrito no CNPJ/MF sob o nº 59.104.941/0001-18, para a prestação de
serviços artístico/musical da atração “JUNIOR & JORGE”,","R$ 80.000,00","R$ 80.000,00",,Comissão de Licitação 01,12:00,PREFEITURA DE PETROLINA,2026
0051/2026,0217/2026,28/07/2026,15/07/2026,Pregão eletrônico,Secretaria de Serviços Públicos e Defesa Civil,Processo Concluído,Compras e serviços,AQUISIÇÃO DE MESAS E CADEIRAS ERGONÔMICAS PARA SEDE DA SESPU.,"R$ 8.759,19",,,Comissão de Licitação 05,09:00,Portal de Compras Públicas.,2026
0071/2026,0298/2026,10/10/2026,25/09/2026,Pregão eletrônico,AUTARQUIA EDUCACIONAL DO VALE DO SÃO FRANCISCO/FACAPE,Em andamento,Compras e serviços,"EVENTUAL (AIS) contratação(ões) de empresa(s) para a AQUISIÇÃO DE EQUIPAMENTOS HOSPITALARES E AMBULATORIAIS, para Policlínica.","R$ 1.253.382,44",,,Comissão de Licitação 02,09:00,Portal de Compras Públicas.,2026
0146/2026,0281/2026,14/08/2026,18/08/2026,Inexigibilidade,"Secretaria de Educação, Cultura e Esporte",Processo Concluído,Compras e serviços,"Contratação da empresa META CURSOS E TREINAMENTOS LTDA, regularmente inscrita no CNPJ/MF sob o nº 11.517.150/0001-93, para inscrições de dois servidores no curso “Gestão de Pessoal na Administração Pública”","R$ 5.600,00","R$ 5.600,00",,Comissão de Licitação 02,09:00,PREFEITURA DE PETROLINA,2026
0145/2026,0277/2026,05/08/2026,06/08/2026,Inexigibilidade,Secretaria de Receitas Municipais,Processo Concluído,Compras e serviços,"Contratação por Inexigibilidade da empresa MANGIERI &CIA CURSOS E EDITORA LTDA, regularmente inscrita no CNPJ/MF sob o nº14.744.004/0001-99   ","R$ 36.000,00","R$ 36.000,00",,Comissão de Licitação 03,09:00,PREFEITURA DE PETROLINA,2026
0081/2026,,19/10/2026,05/10/2026,Pregão eletrônico,Secretaria de Saúde,Em andamento,Compras e serviços,"Aquisição de seringas de insulina de 1ml (descartável, com agulha 13 x 0,45mm) para atender às necessidades da Assistência Farmacêutica - Secretaria de Saúde ","R$ 85.260,00","R$ 0,0",,Comissão de Licitação 06,09:00,PORTAL DE COMPRAS PÚBLICAS,2026
0024/2026,0292/2026,10/09/2026,14/08/2026,Concorrência Eletrônica,Secretaria de Infraestrutura e Mobilidade,Fracassada,Obras e serviços de engenharia,"Construção de ECOPONTOS nos bairros QUATI e DOM AVELAR - Solicitação da SEINFRA
Observação: Não houve qualquer alteração nos Anexos VI (Projetos) e VII (Especificações) ","R$ 941.338,40","R$ 0,0",,Comissão de Licitação 02,09:00,Portal de Compras Públicas,2026
0143/2026,0272/2026,25/07/2026,24/07/2026,Inexigibilidade,"Secretaria de Desenvolvimento Econômico, Turismo e Inovação",Processo Concluído,Compras e serviços,"Contratação por Inexigibilidade do Empresário Individual MATHEUS SILVA ROQUE-ME, regularmente inscrito no CNPJ/MF sob o nº 36.090.401/0001-27, para a prestação de serviços artístico/musical da atração “MATHEUS DO ACORDEON”","R$ 50.000,00","R$ 50.000,00",,Comissão de Licitação 03,09:00,PREFEITURA DE PETROLINA,2026
0155/2026,0311/2026,12/09/2026,09/09/2026,Inexigibilidade,"Secretaria de Desenvolvimento Econômico, Turismo e Inovação",Processo Concluído,Compras e serviços,"Contratação por Inexigibilidade da Sociedade Empresarial FERNANDO VIDAL PINHEIRO JUNIOR 02991464488, regularmente inscrita no CNPJ/MF sob o nº 45.915.806/0001-48, para a prestação de serviços artístico/musical da atração “FERNANDO JUNIOR”","R$ 10.000,00","R$ 10.000,00",,Comissão de Licitação 03,09:00,PEFEITURA DE PETROLINA,2026
0053/2026,0226/2026,17/07/2026,06/07/2026,Pregão eletrônico,Secretaria de Saúde,Fracassada,Compras e serviços,AQUISIÇÃO DE 1 (UM) VEÍCULO AUTOMOTOR (NOVO E ZERO KM) PARA ATENDER ÀS NECESSIDADES DA POLICLÍNICA MUNICIPAL - SECRETARIA DE SAÚDE.,"R$ 83.960,00","R$ 0,00",,Comissão de Licitação 06,09:00,PORTAL DE COMPRAS PÚBLICAS,2026
0161/2026,0324/2026,25/09/2026,23/09/2026,Inexigibilidade,"Secretaria de Educação, Cultura e Esporte",Processo Concluído,Compras e serviços,"Contratação por Inexigibilidade da Sociedade Empresarial RAINHA DOS RAIOS PRODUCOES E EDICOES MUSICAIS LTDA, regularmente inscrita no CNPJ/MF sob o nº 30.318.095/0001-57","R$ 63.000,00","R$ 63.000,00",,Comissão de Licitação 02,12:00,PREFEITURA DE PETROLINA,2026
0008/2026,0104/2026,20/07/2026,16/07/2026,Dispensa Eletrônica,AUTARQUIA MUNICIPAL DE MOBILIDADE DE PETROLINA – AMMPLA,Em andamento,Compras e serviços,Aquisição de MATERIAIS DE LIMPEZA E HIGIENE,"R$ 25.669,21",,,Comissão de Licitação 03,12:00,PREFEITURA DE PETROLINA,2026
0009/2026,0000/0000,11/09/2026,14/09/2026,Adesão externa,"Secretaria de Educação, Cultura e Esporte",Processo Concluído,Compras e serviços,"AQUISIÇÃO DE EQUIPAMENTOS ESCOLARES, COM FORNECIMENTO E INSTALAÇÃO (MÃO DE OBRA) QUANDO NECESSÁRIO,","R$ 2.002.460,00","R$ 2.002.460,00",,Comissão de Licitação 03,12:00,PREFEITURA DE PETROLINA,2026
0141/2026,0267/2026,16/07/2026,24/07/2026,Inexigibilidade,Procuradoria Geral do Município,Processo Concluído,Compras e serviços,"Contratação da empresa R.M. ALVES DA CRUZ (LICITANDO COM SUCESSO), inscrita no CNPJ/MF sob o nº 26.958.833/0001-53, para realização do Curso completo de Licitações e Contrato com foco na aplicação prática da Lei nº 14.133/2021","R$ 94.250,00","R$ 94.250,00",,Comissão de Licitação 02,12:00,PREFEITURA DE PETROLINA,2026
0042/2026,0228/2026,26/08/2026,26/08/2026,Dispensa Eletrônica,Secretaria de Saúde,Em andamento,Compras e serviços,Contratação de empresa para PRESTAÇÃO DE SERVIÇOS RELATIVOS À MATERIAL GRÁFICO.,"R$ 1.980,06","R$ 1.980,06",,Comissão de Licitação 03,09:00,PREFEITURA DE PETROLINA,2026
0026/2026,0325/2026,21/10/2026,05/10/2026,Concorrência Eletrônica,"Secretaria de Educação, Cultura e Esporte",Em andamento,Compras e serviços,"Contratação de empresa especializada para PRESTAÇÃO DE SERVIÇOS NO RAMO DE ENGENHARIA CIVIL PARA A EXECUÇÃO DA REFORMA E AMPLIAÇÃO DA ESCOLA ESTEVÃO RODRIGUES COELHO, neste município, conforme solicitação expressa da SEDUCE.","R$ 3.549.572,94","R$ 0,00",,Comissão de Licitação 04,09:00,Portal de Compras Públicas – www.portaldecompraspublicas.com.br,2026
0080/2026,0323/2026,22/10/2026,07/10/2026,Pregão eletrônico,"Secretaria de Educação, Cultura e Esporte",Em andamento,Compras e serviços,EVENTUAL (AIS) contratação (ões) de empresa (s) para a AQUISIÇÃO DE APARELHOS DE AR-CONDICIONADO.,"R$ 4.107.154,26",,,Comissão de Licitação 06,09:00,Portal de Compras Públicas.,2026
0035/2026,0262/2026,22/07/2026,22/07/2026,Dispensa Eletrônica,"Secretaria de Educação, Cultura e Esporte",Processo Concluído,Compras e serviços,Aquisição de Dieta de Nutrição Enteral destinada ao atendimento de estudante regularmente matriculada na Rede Municipal de Ensino,"R$ 5.821,20",,,Comissão de Licitação 02,09:00,PREFEITURA DE PETROLINA,2026
0060/2026,0270/2026,11/08/2026,29/07/2026,Pregão eletrônico,Secretaria de Desenvolvimento Rural,Em andamento,Compras e serviços,AQUISIÇÃO DE TUBOS PARA SISTEMA DE ADUÇÃO.,"R$ 216.954,80",,,Comissão de Licitação 02,09:00,Portal de Compras Públicas.,2026
0072/2026,0299/2026,20/10/2026,06/10/2026,Pregão eletrônico,AUTARQUIA EDUCACIONAL DO VALE DO SÃO FRANCISCO/FACAPE,Em andamento,Compras e serviços,AQUISIÇÃO DE MATERIAIS HOSPITALARES E AMBULATORIAIS.,"R$ 2.451.183,30",,,Comissão de Licitação 02,09:00,PORTAL DE COMPRAS PÚBLICAS.,2026
0036/2026,0146/2026,16/07/2026,03/07/2026,Pregão eletrônico,Secretaria de Saúde,Processo Concluído,Compras e serviços,"Contratação de empresas para AQUISIÇÃO DE EQUIPAMENTOS MÉDICO-HOSPITALARES com o objetivo de atender às determinações judiciais impostas ao município de Petrolina, conforme solicitação expressa da Secretaria Municipal de Saúde.","R$ 115.925,60","R$ 0,00",,Comissão de Licitação 02,09:00,"PORTAL DE COMPRAS PÚBLICAS, no endereço eletrônico www.portaldecompraspublicas.com.br",2026
0036/2026,0226/9202,19/08/2026,17/08/2026,Dispensa Eletrônica,AGÊNCIA MUNICIPAL DE EMPREENDEDORISMO – AGE,Em andamento,Compras e serviços,"Contratação de empresa especializada na prestação de serviços de refeição, lanches e coffee break,","R$ 43.142,50",,,Comissão de Licitação 03,09:00,PREFEITURA DE PETROLINA,2026
0017/2026,0241/2026,27/08/2026,11/08/2026,Concorrência Eletrônica,AUTARQUIA EDUCACIONAL DO VALE DO SÃO FRANCISCO/FACAPE,Em andamento,Obras e serviços de engenharia,"ELABORAÇÃO DE PROJETOS BÁSICOS, EXECUTIVOS E COMPLEMENTARES, para atender às necessidades da FACAPE/AEVSF.","R$ 235.731,14",,,Comissão de Licitação 01,09:00,Portal de Compras Pública.,2026
0022/2026,0285/2026,01/09/2026,10/08/2026,Concorrência Eletrônica,Secretaria de Infraestrutura e Mobilidade,Em andamento,Obras e serviços de engenharia,"Contratação de empresa do ramo de engenharia civil para PRESTAÇÃO DE SERVIÇOS RELATIVOS À IMPLANTAÇÃO DE PRAÇAS NA ZONA RURAL NO MUNICÍPIO DE PETROLINA/PE, para atender às necessidades da Secretaria de Infraestrutura e Mobilidade – SEINFRA.","R$ 2.099.468,72","R$ 0,00",,Comissão de Licitação 02,09:00,Portal de Compras Públicas – www.portaldecompraspublicas.com.br,2026
0159/2026,0319/2026,24/09/2026,15/09/2026,Inexigibilidade,"Secretaria de Educação, Cultura e Esporte",Processo Concluído,Compras e serviços,"Contratação por Inexigibilidade da Sociedade Empresarial ATOS PRODUÇÕES ARTISTICAS LTDA, regularmente inscrita no CNPJ/MF sob o nº 03.290.395/0001-00, para a prestação de serviços artístico/musical da atração “ALMÉRIO”","R$ 40.000,00","R$ 40.000,00",,Comissão de Licitação 02,12:00,PREFEITURA DE PETROLINA,2026
0037/2026,0273/2026,18/08/2026,17/08/2026,Dispensa Eletrônica,Secretaria de Receitas Municipais,Fracassada,Compras e serviços,AQUISIÇÃO DE BEBEDOUROS DE COLUNA PARA 20 LITROS ÁGUA MINERAL.,"R$ 3.752,10",,,Comissão de Licitação 02,09:00, AQUISIÇÃO DE BEBEDOUROS DE COLUNA PARA 20 LITROS ÁGUA MINERAL. ,2026
0032/2026,0236/2026,01/07/2026,01/07/2026,Dispensa Eletrônica,Secretaria de Assistência Social e Combate à Fome,Em andamento,Compras e serviços,A contratação de empresa especializada para a execução dos serviços de decoração do Casamento Comunitário,"R$ 64.723,85",,,Comissão de Licitação 02,12:00,PREFEITURA DE PETROLINA,2026
0139/2026,0258/2026,04/07/2026,03/07/2026,Inexigibilidade,"Secretaria de Desenvolvimento Econômico, Turismo e Inovação",Processo Concluído,Compras e serviços,"Contratação por Inexigibilidade da Sociedade Empresarial EDINALVA FERREIRA XAVIER EVENTOS LTDA, regularmente inscrita no CNPJ/MF sob o nº 22.678.145/0001-89, para a prestação de serviços artístico/musical da atração “SÉRGIO DO FORRÓ”","R$ 30.000,00","R$ 30.000,00",,Comissão de Licitação 03,12:00,PREFEITURA DE PETROLINA,2026
0046/2026,0186/2026,01/07/2026,17/06/2026,Pregão eletrônico,AUTARQUIA EDUCACIONAL DO VALE DO SÃO FRANCISCO/FACAPE,Revogada,Compras e serviços,"contratação de empresa para a AQUISIÇÃO DE MATERIAIS DIVERSOS DE LABORATÓRIO para execução de readequações estruturais previstas no Plano de Trabalho vinculado à Emenda Parlamentar nº 75/2024 – LOA 2025, destinada à AEVSF/FACAPE...","R$ 63.514,60","R$ 0,00",,Comissão de Licitação 04,09:00,"O certame será realizado por meio da plataforma: PORTAL DE COMPRAS PÚBLICAS, no endereço eletrônico www.portaldecompraspublicas.com.br",2026
0070/2026,0297/2026,09/10/2026,28/09/2026,Pregão eletrônico,Secretaria de Saúde,Em andamento,Compras e serviços,"Contratação de empresa para a AQUISIÇÃO DE ELETRODOMÉSTICOS, visando suprir as necessidades dos serviços da atenção especializada no município de Petrolina-PE, conforme solicitação expressa da Secretaria Municipal de Saúde.","R$ 207.414,83","R$ 0,00",,Comissão de Licitação 03,09:00,"PORTAL DE COMPRAS PÚBLICAS, no endereço eletrônico www.portaldecompraspublicas.com.br",2026
0010/2026,0000/0000,11/09/2026,14/09/2026,Adesão externa,"Secretaria de Educação, Cultura e Esporte",Processo Concluído,Compras e serviços,"AQUISIÇÃO DE EQUIPAMENTOS ESCOLARES, COM FORNECIMENTO E INSTALAÇÃO (MÃO DE OBRA) QUANDO
NECESSÁRIO","R$ 1.517.825,00","R$ 1.517.825,00",,Comissão de Licitação 03,12:00,PREFEITURA DE PETROLINA,2026
0033/2026,0244/2026,17/08/2026,17/08/2026,Dispensa Eletrônica,AGÊNCIA MUNICIPAL DE EMPREENDEDORISMO – AGE,Em andamento,Compras e serviços,"Contratação de empresa especializada para prestação de serviços de dedetização, descupinização e desratização","R$ 14.965,00",,,Comissão de Licitação 02,09:00,Prefeitura de Petrolina,2026
0064/2026,0280/2026,28/08/2026,14/08/2026,Pregão eletrônico,"Secretaria de Desenvolvimento Econômico, Turismo e Inovação",Em andamento,Compras e serviços,FORNECIMENTO DE EQUIPAMENTOS PARA SUPRIMENTO ENERGÉTICO DAS SUBESTAÇÕES DO CENTRO DE CONVENÇÕES SENADOR NILO COELHO PETROLINA/PE.,"R$ 1.344.845,87",,,Comissão de Licitação 02,09:00,Portal de Compras Públicas.,2026
0147/2026,0287/2026,05/08/2026,07/08/2026,Inexigibilidade,Secretaria de Licitações e Contratos,Processo Concluído,Compras e serviços,"contratação da sociedade empresarial LICITO GURU TECNOLOGIA E EDUCAÇÃO LTDA, inscrita no CNPJ nº 59.743.095/0001-86 e com sede na Rua Osvaldo Rodrigues Cabral, 1570, bairro Centro, Florianópolis, Estado de Santa Catarina, mediante INEXIGIBILIDADE ","R$ 59.796,00","R$ 59.796,00",,Comissão de Licitação 03,09:00,PREFEITURA DE PETROLINA,2026
0034/2026,0254/2026,21/07/2026,16/07/2026,Dispensa Eletrônica,Secretaria de Comunicação,Em andamento,Compras e serviços,"AQUISIÇÃO DE EQUIPAMENTOS destinados ao SETOR DE CERIMONIAL, visando atender às necessidades operacionais da Secretaria Municipal de Comunicação de Petrolina/PE. ","R$ 38.581,81",,,Comissão de Licitação 02,09:00,PREFEITURA DE PETROLINA,2026
0163/2026,0348/2026,30/09/2026,30/09/2026,Inexigibilidade,Secretaria de Saúde,Processo Concluído,Compras e serviços,"locação de imóvel situado no endereço Rua E, n° 67, Projeto Senador Nilo Coelho C2, Zona Rural, PetrolinaPE, para abrigar as instalações da Unidade Básica de Saúde do PSNC C2 (UBS)","R$ 30.000,00","R$ 30.000,00",,Comissão de Licitação 03,12:00,PREFEITURA DE PETROLINA,2026
0075/2026,0305/2026,20/10/2026,06/10/2026,Pregão eletrônico,AUTARQUIA EDUCACIONAL DO VALE DO SÃO FRANCISCO/FACAPE,Em andamento,Compras e serviços,AQUISIÇÃO DE TELEVISORES PARA EXECUÇÃO DE READEQUAÇÕES ESTRUTURAIS.,"R$ 29.251,50",,,Comissão de Licitação 03,09:00,PORTAL DE COMPRAS PÚBLICAS.,2026
0052/2026,0224/2026,22/07/2026,09/07/2026,Pregão eletrônico,"Secretaria de Educação, Cultura e Esporte",Em andamento,Compras e serviços,"contratação (ões) de empresa (s) para a AQUISIÇÃO DE MATERIAIS DE LIMPEZA, destinados a atender às necessidades das
Unidades Escolares e Administrativas da SECRETARIA DE EDUCAÇÃO, CULTURA E ESPORTE","R$ 1.495.372,23",,,Comissão de Licitação 01,09:00,PORTAL DE COMPRAS PÚBLICAS,2026
0029/2026,0215/2026,09/07/2026,07/07/2026,Dispensa Presencial,INSTITUTO DE GESTÃO PREVIDENCIÁRIA DO MUNICÍPIO DE PETROLINA - IGEPREV ,Em andamento,Compras e serviços,Aquisição de material de expediente para supri a demanda administrativa das unidades deste Instituto de Previdência,"R$ 22.612,84","R$ 22.612,84",,Comissão de Licitação 01,09:00,PREFEITURA DEPETROLINA,2026
0023/2026,0179/2026,07/07/2026,06/07/2026,Dispensa Eletrônica,INSTITUTO DE GESTÃO PREVIDENCIÁRIA DO MUNICÍPIO DE PETROLINA - IGEPREV ,Em andamento,Compras e serviços,Contratação de empresa especializada para aquisição de gêneros alimentícios (consumo),"R$ 7.055,50",,,Comissão de Licitação 03,09:00,PREFEITURA DE PETROLINA,2026
0150/2026,0302/2026,11/09/2026,09/09/2026,Inexigibilidade,AUTARQUIA EDUCACIONAL DO VALE DO SÃO FRANCISCO/FACAPE,Processo Concluído,Compras e serviços,"Contratação Direta da sociedade empresarial EMR EU MÉDICO RESIDENTE ENSINO LTDA, inscrita no CNPJ nº 34.730.954/0001-71","R$ 249.900,00","R$ 249.900,00",,Comissão de Licitação 03,09:00,PREFEITURA DE PETROLINA,2026
0050/2026,0207/2026,21/07/2026,08/07/2026,Pregão eletrônico,Secretaria de Assistência Social e Combate à Fome,Em andamento,Compras e serviços,"Aquisição de tickets para para o fornecimento de botijões de 45kg (P-45), para atender as necessidades do Restaurante Popular.","R$ 84.422,70",,,Comissão de Licitação 02,09:00,Portal de Compras Públicas.,2026
0041/2026,0286/2026,18/08/2026,17/08/2026,Dispensa Eletrônica,Secretaria de Governo,Em andamento,Compras e serviços,AQUISIÇÃO DE MESAS E CADEIRAS,"R$ 17.203,50",,,Comissão de Licitação 03,09:00,PREFEITURA DE PETROLINA,2026
0148/2026,0290/2026,18/08/2026,10/08/2026,Inexigibilidade,"Secretaria de Desenvolvimento Econômico, Turismo e Inovação",Processo Concluído,Compras e serviços,"Contratação por Inexigibilidade da Sociedade Empresarial IVAN JUNIOR PRODUÇÕES ARTÍSTICAS LTDA, regularmente inscrita no CNPJ/MF sob o nº 19.297.782/0001-09, para a prestação de serviços artístico/musical da atração “Pe ALESSANDRO CAMPOS”","R$ 320.000,00","R$ 320.000,00",,Comissão de Licitação 02,12:00,PREFEITURA DE PETROLINA,2026
0047/2026,0195/2026,07/07/2026,22/06/2026,Pregão eletrônico,Secretaria de Desenvolvimento Rural,Revogada,Compras e serviços,AQUISIÇÃO DE TUBOS PARA SISTEMA DE ADUÇÃO.,"R$ 292.367,30",,,Comissão de Licitação 01,09:00,Portal de Compras Públicas.,2026
0004/2026,0172/2026,06/07/2026,02/07/2026,Credenciamento,Secretaria de Saúde,Em andamento,Compras e serviços,"PRESTAÇÃO DE SERVIÇOS DE DIAGNÓSTICO POR IMAGEM, ESPECIFICAMENTE EXAMES DE MAMOGRAFIA BILATERAL PARA RASTREAMENTO DO CÂNCER DE MAMA, utilizando unidades móveis devidamente equipadas com fornecimento de todos os recursos necessários...","R$ 828.630,00","R$ 0,00",,Comissão de Licitação 02,08:00,"Secretaria M. de Licitações e Contratos, sito na Av. Guararapes, nº 2114, Centro, Petrolina/PE (2º Andar do Anexo)",2026
0156/2026,0312/2026,19/09/2026,10/09/2026,Inexigibilidade,"Secretaria de Desenvolvimento Econômico, Turismo e Inovação",Processo Concluído,Compras e serviços,"Contratação por Inexigibilidade da Sociedade Empresarial HENRY FREITAS PRODUCOES ARTISTICAS LTDA, regularmente inscrita no CNPJ/MF sob o nº 30.807.771/0001-56, para a prestação de serviços artístico/musical da atração “HENRY FREITAS”","R$ 600.000,00","R$ 600.000,00",,Comissão de Licitação 03,09:00,PREFEITURA DE PETROLINA,2026
0115/2026,0222/2026,10/07/2026,06/07/2026,Inexigibilidade,"Secretaria de Desenvolvimento Econômico, Turismo e Inovação",Processo Concluído,Compras e serviços,"CONTRATAÇÃO DIRETA POR INEXIGIBILIDADE, da Sociedade Empresarial FORRÓ CORE PRODUÇÕES LTDA-ME, regularmente inscrita no CNPJ/MF sob o nº 54.966.545/0001-86, para a prestação de serviços artístico/musical da atração “RAIMUNDOS” - “MOTOCHICO 2026”","R$ 150.000,00","R$ 150.000,00",,Comissão de Licitação 02,12:00,PREFEITURA DE PETROLINA,2026
0152/2026,0308/2026,12/09/2026,04/09/2026,Inexigibilidade,"Secretaria de Desenvolvimento Econômico, Turismo e Inovação",Processo Concluído,Compras e serviços,"Contratação por Inexigibilidade da Sociedade Empresarial THIGMA CONSULTORIA E TREINAMENTOS LTDA, regularmente inscrito no CNPJ/MF sob o nº 15.392.396/0001-37, para a prestação de serviços artístico/musical da atração “SERESTEIROS DO VALE”,","R$ 40.000,00","R$ 40.000,00",,Comissão de Licitação 03,12:00,PREFEITURA DE PETROLINA,2026
0077/2026,0316/2026,07/10/2026,23/09/2026,Pregão eletrônico,Secretaria de Saúde,Em andamento,Compras e serviços,AQUISIÇÃO DE MATERIAL MÉDICO-HOSPITALAR,"R$ 1.866.978,99",,,Comissão de Licitação 05,09:00,Portal de Compras,2026
0030/2026,0230/2026,08/07/2026,07/07/2026,Dispensa Eletrônica,Secretaria de Saúde,Em andamento,Compras e serviços,AQUISIÇÃO DE ELETROELETRÔNICOS para atender as necessidades da ASSISTÊNCIA FARMACÊUTICA,"R$ 58.603,32",,,Comissão de Licitação 02,09:00,PREFEITURA DE PETROLINA,2026
0006/2026,0219/2026,15/07/2026,14/07/2026,Credenciamento,AUTARQUIA EDUCACIONAL DO VALE DO SÃO FRANCISCO/FACAPE,Em andamento,Compras e serviços,"CREDENCIAMENTO de PESSOAS FÍSICAS E/OU PESSOAS JURÍDICAS para PRESTAÇÃO DOS SERVIÇOS DE ASSESSORAMENTO TÉCNICO-ACADÊMICO, - - CURSO DE MEDICINA","R$ 340.123,78","R$ 0,00",,Comissão de Licitação 01,09:00,FACAPE,2026
0058/2026,0260/2026,01/09/2026,17/08/2026,Pregão eletrônico,Secretaria de Saúde,Processo Concluído,Compras e serviços,PREST. DE SERV. RELATIVOS À CONFECÇÃO DE FARDAMENTOS PARA OS FUNCIONÁRIOS DO SERVIÇO DE ATENDIMENTO MÓVEL DE URGÊNCIA (SAMU) DE PETROLINA-PE.,"R$ 76.919,00",,,Comissão de Licitação 05,09:00,Portal de Compras Públicas.,2026
0055/2026,0253/2026,28/08/2026,17/08/2026,Pregão,Secretaria de Desenvolvimento Rural,Em andamento,Compras e serviços,"Contratação de empresa(s) para o FORNECIMENTO DE MATERIAL PARA EXTENSÃO DE TERREIROS PRODUTIVOS, conforme solicitação expressa da Secretaria de Desenvolvimento Rural.","R$ 86.886,47","R$ 0,00",,Comissão de Licitação 01,09:00,"PORTAL DE COMPRAS PÚBLICAS, no endereço eletrônico www.portaldecompraspublicas.com.br",2026
0002/2026,0000/2026,19/08/2026,20/08/2026,Chamada pública,"Secretaria de Educação, Cultura e Esporte",Em andamento,Compras e serviços,"Chamamento Público para CONVOCAÇÃO DE EDITORAS E DISTRIBUIDORAS, visando à seleção de ACERVOS LITERÁRIOS destinados aos estudantes da Educação Infantil, do Ensino Fundamental (Anos Iniciais e Anos Finais) e da Educação de Jovens e Adultos – EJA...",,"R$ 0,00",,Comissão de Licitação 06,08:00,"SECRETARIA MUNICIPAL DE EDUCAÇÃO, CULTURA E ESPORTE DE PETROLINA/PE, localizada na Avenida Coronel Clementino Coelho, nº 714, Bairro Parque Bandeirantes, Petrolina/PE.",2026
0056/2026,0255/2026,06/08/2026,21/07/2026,Pregão eletrônico,Secretaria de Saúde,Em andamento,Compras e serviços,PRESTAÇÃO DE SERVIÇOS RELATIVOS À FORNECIMENTO DE ALIMENTAÇÃO.,"R$ 1.087.926,88",,,Comissão de Licitação 01,09:00,Portal de Compras Públicas.,2026
0006/2026,0000/0000,03/07/2026,06/07/2026,Adesão externa,"Secretaria de Educação, Cultura e Esporte",Processo Concluído,Compras e serviços,Aquisição de equipamentos Interativos com software embarcado do tipo Lousa Digital para a implementação de salas de aula Hibridas com lousa digital e curso de capacitação profissional.,"R$ 2.322.600,00","R$ 2.322.600,00",,Comissão de Licitação 03,12:00,PREFEITURA DE PETROLINA,2026
0142/2026,0268/2026,27/07/2026,29/07/2026,Inexigibilidade,"Secretaria de Desenvolvimento Econômico, Turismo e Inovação",Processo Concluído,Compras e serviços,"Contratação por Inexigibilidade da empresa RANILSON VIANA BARBOSA ESCULTURAS E MONUMENTOS LTDA, ","R$ 2.000.000,00","R$ 2.000.000,00",,Comissão de Licitação 03,09:00,PREFEITURA DE PETROLINA,2026
0066/2026,0283/2026,26/08/2026,11/08/2026,Pregão eletrônico,AUTARQUIA EDUCACIONAL DO VALE DO SÃO FRANCISCO/FACAPE,Processo Concluído,Compras e serviços,"Contratação de empresa especializada na PRESTAÇÃO DE SERVIÇOS DE BUFFET, VISANDO A REALIZAÇÃO DO EVENTO INSTITUCIONAL COMEMORATIVO AOS 50 (CINQUENTA) ANOS DA AUTARQUIA EDUCACIONAL DO VALE DO SÃO FRANCISCO – AEVSF/FACAPE...","R$ 153.798,00","R$ 0,00",,Comissão de Licitação 01,09:00,"PORTAL DE COMPRAS PÚBLICAS, no endereço eletrônico www.portaldecompraspublicas.com.br",2026
0057/2026,0259/2026,04/08/2026,22/07/2026,Pregão eletrônico,AUTARQUIA EDUCACIONAL DO VALE DO SÃO FRANCISCO/FACAPE,Em andamento,Compras e serviços,"AQUISIÇÃO DE EQUIPAMENTOS DE REDE wireless, access points, com suporte, manutenção e solução de gerenciamento.","R$ 520.045,95",,,Comissão de Licitação 04,09:00,Portal de Compras Públicas.,2026
0048/2026,0204/2026,13/08/2026,29/07/2026,Pregão eletrônico,AUTARQUIA EDUCACIONAL DO VALE DO SÃO FRANCISCO/FACAPE,Em andamento,Compras e serviços,"Contratação de empresa prestação de serviços especializados de Outsourcing de Impressão, compreendendo a locação de 10 (dez) equipamentos multifuncionais novos, com assistência técnica integral (manutenção preventiva e corretiva)...","R$ 66.344,64","R$ 0,00",,Comissão de Licitação 05,09:00,"PORTAL DE COMPRAS PÚBLICAS, no endereço eletrônico www.portaldecompraspublicas.com.br.",2026
0043/2026,0293/2026,08/09/2026,08/09/2026,Dispensa Eletrônica,Secretaria de Assistência Social e Combate à Fome,Em andamento,Compras e serviços, Contratação de empresa especializada para o fornecimento de Kit Natalidade. ,"R$ 61.751,00",,,Comissão de Licitação 02,09:00,PREFEITURA DE PETROLINA,2026
0059/2026,0265/2026,17/08/2026,31/07/2026,Pregão eletrônico,AUTARQUIA EDUCACIONAL DO VALE DO SÃO FRANCISCO/FACAPE,Em andamento,Compras e serviços,"PREST. DE SERV. ESPECIALIZADOS PARA FORNECIMENTO DE SISTEMA DE EMISSÃO, REGISTRO E PRESERVAÇÃO DE DIPLOMAS EM FORMATO DIGITAL.","R$ 50.175,96",,,Comissão de Licitação 05,03:00,Portal de Compras Públicas.,2026
0076/2026,0314/2026,29/09/2026,11/09/2026,Pregão eletrônico,Secretaria de Licitações e Contratos,Em andamento,Compras e serviços,"a contratação de empresa especializada na prestação de serviços de publicação de atos oficiais, avisos de licitação e outros comunicados legais, bem como demais publicações previstas nas normas pertinentes...","R$ 456.660,00","R$ 0,00",,Comissão de Licitação 01,09:00,"PORTAL DE COMPRAS PÚBLICAS, no endereço eletrônico www.portaldecompraspublicas.com.br.",2026
0065/2026,0282/2026,11/09/2026,26/08/2026,Pregão eletrônico,AUTARQUIA EDUCACIONAL DO VALE DO SÃO FRANCISCO/FACAPE,Em andamento,Compras e serviços,"contratação de empresa especializada para a PRESTAÇÃO DE SERVIÇOS NO LICENCIAMENTO DE USO DE PLATAFORMA INTEGRADA DE GESTÃO PÚBLICA, contemplando sistema de gestão patrimonial, almoxarifado, licitação e contratos administrativos...","R$ 110.520,23","R$ 0,00",,Comissão de Licitação 02,09:00,"PORTAL DE COMPRAS PÚBLICAS, no endereço eletrônico www.portaldecompraspublicas.com.br",2026
0140/2026,0261/2026,05/07/2026,06/07/2026,Inexigibilidade,"Secretaria de Desenvolvimento Econômico, Turismo e Inovação",Processo Concluído,Compras e serviços,"Contratação por Inexigibilidade da empresa 24.471.838 LUIS MARIO RODRIGUES DA SILVA, regularmente inscrita no CNPJ/MF sobo nº 24.471.838/0001-21, para a prestação de serviços artístico/musical do artista “CORAL DE ABOIOS”","R$ 15.000,00","R$ 15.000,00",,Comissão de Licitação 03,12:00,PREFEITURA DE PETROLINA,2026
0018/2026,0250/2026,06/08/2026,08/07/2026,Concorrência Eletrônica,"Secretaria de Educação, Cultura e Esporte",Processo Concluído,Obras e serviços de engenharia,Construção de creche (Programa Nossa Infância) na localidade de Porto da Ilha - Petrolina/PE - ,"R$ 1.874.708,27","R$ 1.480.519,53",,Comissão de Licitação 01,11:00,Portal de Compras Públicas,2026
0054/2026,0234/2026,22/07/2026,09/07/2026,Pregão eletrônico,"Secretaria de Educação, Cultura e Esporte",Em andamento,Compras e serviços,"Contratação de empresa(s) para a AQUISIÇÃO DE MATERIAIS DE EXPEDIENTE, para atender as necessidades das unidades escolares que compõem a Rede Municipal de Ensino de Petrolina/PE.","R$ 4.666.220,72","R$ 0,00",,Comissão de Licitação 04,09:00,"PORTAL DE COMPRAS PÚBLICAS, no endereço eletrônico www.portaldecompraspublicas.com.br.",2026
0061/2026,0271/2026,14/08/2026,31/07/2026,Pregão eletrônico,Secretaria da Casa Civil,Em andamento,Compras e serviços,"AQUISIÇÃO E INSTALAÇÃO DE SISTEMA MULTIMÍDIA INTEGRADO (composto por subsistemas de visualização em videowall, videoconferência e sonorização).","R$ 69.917,21",,,Comissão de Licitação 05,09:00,Portal de Compras Públicas.,2026
0038/2026,0276/2026,06/08/2026,05/08/2026,Dispensa Eletrônica,AUTARQUIA EDUCACIONAL DO VALE DO SÃO FRANCISCO/FACAPE,Em julgamento,Compras e serviços,SERVIÇOS DE LOCAÇÃO DE ESPAÇO FÍSICO COM CAPACIDADE MÍNIMA PARA 600 PESSOAS COM A DISPONIBILIZAÇÃO DE INFRAESTRUTURA E SERVIÇOS DE ORNAMENTAÇÃO.,"R$ 63.211,05",,,Comissão de Licitação 02,09:00,PREFEITURA DE PETROLINA,2026
0144/2026,0274/2026,28/07/2026,31/07/2026,Inexigibilidade,Secretaria de Assistência Social e Combate à Fome,Processo Concluído,Compras e serviços," locação de imóvel na cidade de Petrolina/PE, com fulcro no art. 74, inciso V, da Lei Federal 14.133/2021,","R$ 60.600,00","R$ 60.600,00",,Comissão de Licitação 02,10:00,PREFEITURA DE PETROLINA,2026
0151/2026,0307/2026,12/09/2026,04/09/2026,Inexigibilidade,"Secretaria de Desenvolvimento Econômico, Turismo e Inovação",Processo Concluído,Compras e serviços,"Contratação por Inexigibilidade da Sociedade Empresarial PP CAMARGO LTDA, regularmente inscrita no CNPJ/MF sob o nº 30.624.132/0001-55, para a prestação de serviços artístico/musical da atração “BANDA MPA”","R$ 11.765,00","R$ 11.765,00",,Comissão de Licitação 02,09:00,PREFEITURA DE PETROLINA,2026
0157/2026,0315/2026,19/09/2026,09/09/2026,Inexigibilidade,"Secretaria de Desenvolvimento Econômico, Turismo e Inovação",Processo Concluído,Compras e serviços,"Contratação por Inexigibilidade da Sociedade Empresarial A5 ENTRETENIMENTO PUBLICIDADE E PROPAGANDA LTDA, regularmente inscrita no CNPJ/MF sob o nº
07.229.759/0001-90","R$ 280.000,00","R$ 280.000,00",,Comissão de Licitação 03,09:00,PREFEITURA DE PETROLINA,2026
0015/2026,0217/2026,07/07/2026,18/06/2026,Concorrência Eletrônica,"Secretaria de Educação, Cultura e Esporte",Em andamento,Obras e serviços de engenharia,FORNECIMENTO E INSTALAÇÃO DE SUBESTAÇÕES AÉREAS DE ENERGIA EM UNIDADES LIGADAS À SEDUCE.,"R$ 982.467,08","R$ 912.986,55",,Comissão de Licitação 04,09:00,Portal de Compras Públicas,2026
