{"type":"FeatureCollection","features":[{"type":"Feature","properties":{"CD_SETOR":"261110105000005","SITUACAO":"Rural","NM_BAIRRO":null,"NM_DIST":"Petrolina","v0001":332,"v0007":103,"densidade":21.5899,"taxa_alfab":0.8755,"pct_60m":0.0934,"pop_10_14":39.0,"pop_15_19":23.0,"renda_media":1213.28,"renda_mediana":1212.0,"infra":null,"pavimentacao":null,"iluminacao":null,"calcada":null,"onibus":null,"local_id":"83-1643","regiao":"Zona rural da sede"},"geometry":{"type":"Polygon","coordinates":[[[-40.73129,-9.43428],[-40.73352,-9.43463],[-40.73897,-9.43469],[-40.74114,-9.43436],[-40.74365,-9.43473],[-40.74752,-9.43575],[-40.76076,-9.44097],[-40.76315,-9.4412],[-40.76562,-9.44194],[-40.76063,-9.43224],[-40.7596,-9.42908],[-40.76008,-9.42577],[-40.76479,-9.41595],[-40.76498,-9.41322],[-40.76323,-9.41142],[-40.76079,-9.41055],[-40.7567,-9.41035],[-40.7506,-9.40646],[-40.74743,-9.40587],[-40.74523,-9.40462],[-40.74309,-9.40295],[-40.74267,-9.40071],[-40.74349,-9.39828],[-40.72578,-9.39806],[-40.72578,-9.40423],[-40.72553,-9.40469],[-40.72511,-9.40786],[-40.72577,-9.41023],[-40.72627,-9.41323],[-40.72879,-9.43348],[-40.72908,-9.43479],[-40.73129,-9.43428]],[[-40.73829,-9.42357],[-40.73812,-9.42446],[-40.7384,-9.42443],[-40.73861,-9.42506],[-40.73897,-9.42503],[-40.73901,-9.42553],[-40.73877,-9.42576],[-40.73882,-9.42604],[-40.73837,-9.42613],[-40.73836,-9.42635],[-40.73913,-9.42624],[-40.73935,-9.4273],[-40.73909,-9.42752],[-40.73932,-9.42928],[-40.73877,-9.42947],[-40.73884,-9.43135],[-40.73569,-9.43147],[-40.73453,-9.42227],[-40.73785,-9.42224],[-40.73787,-9.42273],[-40.73833,-9.42269],[-40.7384,-9.4233],[-40.73858,-9.42327],[-40.7386,-9.42351],[-40.73829,-9.42357]]]}},{"type":"Feature","properties":{"CD_SETOR":"261110105000006","SITUACAO":"Rural","NM_BAIRRO":null,"NM_DIST":"Petrolina","v0001":421,"v0007":132,"densidade":15.554,"taxa_alfab":0.8576,"pct_60m":0.0641,"pop_10_14":54.0,"pop_15_19":40.0,"renda_media":1277.36,"renda_mediana":1212.0,"infra":null,"pavimentacao":null,"iluminacao":null,"calcada":null,"onibus":null,"local_id":"145-2089","regiao":"Projetos irrigados (Nilo Coelho / Maria Tereza)"},"geometry":{"type":"Polygon","coordinates":[[[-40.48329,-9.29305],[-40.48491,-9.2968],[-40.48491,-9.29751],[-40.48402,-9.30114],[-40.47318,-9.29854],[-40.47144,-9.2976],[-40.47067,-9.29745],[-40.47214,-9.29842],[-40.47222,-9.29887],[-40.47219,-9.30252],[-40.47071,-9.30662],[-40.47082,-9.3085],[-40.47114,-9.30935],[-40.4715,-9.30966],[-40.47391,-9.31038],[-40.47426,-9.31066],[-40.4722,-9.3184],[-40.47242,-9.3185],[-40.4722,-9.31916],[-40.50251,-9.33455],[-40.50298,-9.33378],[-40.50251,-9.33351],[-40.50334,-9.33215],[-40.50354,-9.33226],[-40.50381,-9.33182],[-40.50376,-9.33149],[-40.50305,-9.331],[-40.50387,-9.32936],[-40.50768,-9.32822],[-40.50812,-9.32916],[-40.50802,-9.33161],[-40.50948,-9.33189],[-40.51053,-9.33329],[-40.51123,-9.3329],[-40.51275,-9.33632],[-40.51231,-9.33654],[-40.51245,-9.33694],[-40.5123,-9.3371],[-40.51269,-9.33797],[-40.52189,-9.34043],[-40.52429,-9.32884],[-40.52539,-9.32679],[-40.52582,-9.32427],[-40.52725,-9.32005],[-40.53415,-9.29466],[-40.53459,-9.29468],[-40.53442,-9.29412],[-40.53499,-9.29189],[-40.52547,-9.28933],[-40.52492,-9.2907],[-40.52522,-9.29128],[-40.52516,-9.29175],[-40.52362,-9.29082],[-40.52382,-9.28939],[-40.52297,-9.28817],[-40.52263,-9.28804],[-40.5212,-9.28907],[-40.51947,-9.28696],[-40.51784,-9.28819],[-40.51611,-9.28587],[-40.51379,-9.28767],[-40.51269,-9.28825],[-40.50412,-9.29504],[-40.49932,-9.29723],[-40.49811,-9.29403],[-40.49784,-9.29412],[-40.49777,-9.29389],[-40.49925,-9.29345],[-40.49912,-9.29304],[-40.49948,-9.29291],[-40.4986,-9.28979],[-40.50079,-9.28898],[-40.50188,-9.28888],[-40.50258,-9.28413],[-40.50296,-9.28383],[-40.50385,-9.28179],[-40.50383,-9.28164],[-40.50254,-9.28187],[-40.50187,-9.28146],[-40.5015,-9.28089],[-40.49717,-9.28165],[-40.49373,-9.28296],[-40.49458,-9.28566],[-40.49075,-9.28732],[-40.49087,-9.28771],[-40.48921,-9.28864],[-40.48981,-9.29048],[-40.48329,-9.29305]],[[-40.48684,-9.30796],[-40.48605,-9.30728],[-40.48584,-9.30666],[-40.48693,-9.30206],[-40.48724,-9.30193],[-40.48913,-9.30224],[-40.49043,-9.30589],[-40.48684,-9.30796]]]}},{"type":"Feature","properties":{"CD_SETOR":"261110105000007","SITUACAO":"Urbana","NM_BAIRRO":null,"NM_DIST":"Petrolina","v0001":395,"v0007":124,"densidade":2621.3445,"taxa_alfab":0.85,"pct_60m":0.0658,"pop_10_14":37.0,"pop_15_19":35.0,"renda_media":1278.66,"renda_mediana":1212.0,"infra":0.7097,"pavimentacao":0.9194,"iluminacao":0.9194,"calcada":1.0,"onibus":0.1855,"local_id":"145-1546","regiao":"Zona Norte"},"geometry":{"type":"Polygon","coordinates":[[[-40.50389,-9.33521],[-40.50801,-9.33734],[-40.50772,-9.33671],[-40.50896,-9.33566],[-40.50811,-9.33495],[-40.50718,-9.33453],[-40.50766,-9.3329],[-40.50666,-9.33274],[-40.50535,-9.33278],[-40.5043,-9.33307],[-40.50485,-9.33464],[-40.50389,-9.33521]]]}},{"type":"Feature","properties":{"CD_SETOR":"261110105000008","SITUACAO":"Urbana","NM_BAIRRO":null,"NM_DIST":"Petrolina","v0001":423,"v0007":132,"densidade":3151.9745,"taxa_alfab":0.8758,"pct_60m":0.0733,"pop_10_14":38.0,"pop_15_19":35.0,"renda_media":1678.76,"renda_mediana":1212.0,"infra":0.7462,"pavimentacao":0.9924,"iluminacao":1.0,"calcada":0.9924,"onibus":0.2348,"local_id":"145-1546","regiao":"Zona Norte"},"geometry":{"type":"Polygon","coordinates":[[[-40.50564,-9.33108],[-40.50376,-9.33149],[-40.50381,-9.33182],[-40.50354,-9.33226],[-40.50334,-9.33215],[-40.50251,-9.33351],[-40.50298,-9.33378],[-40.50251,-9.33455],[-40.50389,-9.33521],[-40.50485,-9.33464],[-40.5043,-9.33307],[-40.50619,-9.33272],[-40.50766,-9.3329],[-40.50807,-9.33131],[-40.50564,-9.33108]]]}},{"type":"Feature","properties":{"CD_SETOR":"261110105000012","SITUACAO":"Urbana","NM_BAIRRO":null,"NM_DIST":"Petrolina","v0001":709,"v0007":226,"densidade":3200.2567,"taxa_alfab":0.8131,"pct_60m":0.1185,"pop_10_14":57.0,"pop_15_19":55.0,"renda_media":1172.76,"renda_mediana":1212.0,"infra":0.5973,"pavimentacao":0.7566,"iluminacao":0.854,"calcada":0.7788,"onibus":0.4646,"local_id":"145-2089","regiao":"Projetos irrigados (Nilo Coelho / Maria Tereza)"},"geometry":{"type":"Polygon","coordinates":[[[-40.50616,-9.28765],[-40.50704,-9.29049],[-40.50562,-9.29093],[-40.50627,-9.29336],[-40.50974,-9.29069],[-40.50823,-9.28667],[-40.50862,-9.28294],[-40.50907,-9.28271],[-40.50886,-9.28239],[-40.50787,-9.28224],[-40.50735,-9.28625],[-40.50756,-9.28718],[-40.50616,-9.28765]]]}},{"type":"Feature","properties":{"CD_SETOR":"261110105000015","SITUACAO":"Urbana","NM_BAIRRO":null,"NM_DIST":"Petrolina","v0001":623,"v0007":190,"densidade":2123.9609,"taxa_alfab":0.9109,"pct_60m":0.0738,"pop_10_14":57.0,"pop_15_19":57.0,"renda_media":1132.87,"renda_mediana":1212.0,"infra":0.6276,"pavimentacao":0.8,"iluminacao":0.9158,"calcada":0.7947,"onibus":0.0684,"local_id":"145-1309","regiao":"Projetos irrigados (Nilo Coelho / Maria Tereza)"},"geometry":{"type":"Polygon","coordinates":[[[-40.53291,-9.27934],[-40.53341,-9.27864],[-40.53469,-9.27526],[-40.52964,-9.27335],[-40.52803,-9.27757],[-40.53291,-9.27934]]]}},{"type":"Feature","properties":{"CD_SETOR":"261110105000016","SITUACAO":"Urbana","NM_BAIRRO":null,"NM_DIST":"Petrolina","v0001":558,"v0007":182,"densidade":1910.1376,"taxa_alfab":0.878,"pct_60m":0.0627,"pop_10_14":46.0,"pop_15_19":59.0,"renda_media":1308.41,"renda_mediana":1212.0,"infra":null,"pavimentacao":null,"iluminacao":null,"calcada":null,"onibus":null,"local_id":"145-1538","regiao":"Projetos irrigados (Nilo Coelho / Maria Tereza)"},"geometry":{"type":"Polygon","coordinates":[[[-40.46092,-9.28166],[-40.46245,-9.2829],[-40.46166,-9.28423],[-40.46293,-9.28493],[-40.46236,-9.28617],[-40.46245,-9.28694],[-40.46684,-9.28687],[-40.4679,-9.28707],[-40.46823,-9.2864],[-40.46815,-9.28613],[-40.46563,-9.28252],[-40.46384,-9.28176],[-40.46215,-9.2815],[-40.46092,-9.28166]]]}},{"type":"Feature","properties":{"CD_SETOR":"261110105000018","SITUACAO":"Rural","NM_BAIRRO":null,"NM_DIST":"Petrolina","v0001":540,"v0007":183,"densidade":13.9062,"taxa_alfab":0.8342,"pct_60m":0.0222,"pop_10_14":55.0,"pop_15_19":43.0,"renda_media":1379.79,"renda_mediana":1212.0,"infra":null,"pavimentacao":null,"iluminacao":null,"calcada":null,"onibus":null,"local_id":"144-1384","regiao":"Projetos irrigados (Nilo Coelho / Maria Tereza)"},"geometry":{"type":"Polygon","coordinates":[[[-40.39091,-9.31829],[-40.39593,-9.32527],[-40.39903,-9.3311],[-40.40012,-9.32996],[-40.40455,-9.32818],[-40.42586,-9.3241],[-40.42392,-9.32137],[-40.42678,-9.32062],[-40.42819,-9.31963],[-40.43073,-9.323],[-40.43215,-9.32401],[-40.43446,-9.32694],[-40.43612,-9.32866],[-40.4387,-9.33047],[-40.44553,-9.3339],[-40.44579,-9.32703],[-40.44269,-9.32791],[-40.44265,-9.31967],[-40.44334,-9.31804],[-40.45023,-9.30873],[-40.45101,-9.30649],[-40.45346,-9.30824],[-40.454,-9.30889],[-40.45421,-9.30884],[-40.42521,-9.25228],[-40.42475,-9.2519],[-40.42438,-9.25073],[-40.42222,-9.24649],[-40.42024,-9.2473],[-40.41644,-9.24825],[-40.41436,-9.24827],[-40.41269,-9.24871],[-40.40854,-9.25314],[-40.40679,-9.25298],[-40.40443,-9.25449],[-40.4001,-9.25574],[-40.3994,-9.25522],[-40.39782,-9.25741],[-40.39462,-9.25897],[-40.39383,-9.25979],[-40.39257,-9.26033],[-40.38634,-9.26515],[-40.40408,-9.28793],[-40.3953,-9.29914],[-40.40265,-9.31157],[-40.40236,-9.31536],[-40.40256,-9.31614],[-40.39751,-9.31924],[-40.39386,-9.31811],[-40.39091,-9.31829]],[[-40.4268,-9.29644],[-40.42659,-9.29489],[-40.42681,-9.29463],[-40.42548,-9.29195],[-40.42605,-9.29178],[-40.42604,-9.29074],[-40.42628,-9.29078],[-40.42647,-9.29009],[-40.42675,-9.29015],[-40.42692,-9.28967],[-40.42426,-9.28835],[-40.42444,-9.28794],[-40.42549,-9.28848],[-40.42559,-9.28811],[-40.42487,-9.28766],[-40.42538,-9.28656],[-40.42629,-9.28533],[-40.42709,-9.2857],[-40.42942,-9.28553],[-40.43046,-9.2865],[-40.43236,-9.28666],[-40.43311,-9.28657],[-40.43421,-9.2858],[-40.43557,-9.28547],[-40.43589,-9.28576],[-40.43601,-9.28736],[-40.43736,-9.28771],[-40.43679,-9.28977],[-40.43486,-9.28933],[-40.435,-9.29022],[-40.4357,-9.29163],[-40.43456,-9.29204],[-40.42707,-9.29772],[-40.42663,-9.29657],[-40.4268,-9.29644]],[[-40.41771,-9.2627],[-40.41627,-9.26156],[-40.41635,-9.26141],[-40.41654,-9.26129],[-40.4184,-9.26212],[-40.42041,-9.26252],[-40.42213,-9.26033],[-40.42262,-9.25845],[-40.42509,-9.25867],[-40.42689,-9.26209],[-40.4238,-9.26369],[-40.42369,-9.26602],[-40.42325,-9.26643],[-40.42106,-9.26644],[-40.41732,-9.26539],[-40.41771,-9.2627]]]}},{"type":"Feature","properties":{"CD_SETOR":"261110105000025","SITUACAO":"Rural","NM_BAIRRO":null,"NM_DIST":"Petrolina","v0001":525,"v0007":158,"densidade":283.9585,"taxa_alfab":0.9114,"pct_60m":0.1257,"pop_10_14":46.0,"pop_15_19":47.0,"renda_media":1388.21,"renda_mediana":1212.0,"infra":null,"pavimentacao":null,"iluminacao":null,"calcada":null,"onibus":null,"local_id":"144-1341","regiao":"Zona rural da sede"},"geometry":{"type":"Polygon","coordinates":[[[-40.32937,-9.27174],[-40.32839,-9.27197],[-40.32815,-9.27245],[-40.32572,-9.27324],[-40.32531,-9.27249],[-40.32347,-9.27332],[-40.3252,-9.27838],[-40.32726,-9.28309],[-40.32704,-9.28704],[-40.33733,-9.28484],[-40.33738,-9.28554],[-40.33852,-9.28527],[-40.33865,-9.28599],[-40.3418,-9.28523],[-40.34149,-9.28321],[-40.34115,-9.2827],[-40.33991,-9.28176],[-40.33969,-9.28118],[-40.33926,-9.28079],[-40.3387,-9.27973],[-40.33867,-9.27943],[-40.33903,-9.27892],[-40.33832,-9.27767],[-40.33805,-9.27738],[-40.33691,-9.27716],[-40.33562,-9.27657],[-40.33373,-9.27638],[-40.33299,-9.27726],[-40.33105,-9.27677],[-40.3307,-9.27652],[-40.33089,-9.27481],[-40.33039,-9.27319],[-40.3304,-9.27179],[-40.32937,-9.27174]]]}},{"type":"Feature","properties":{"CD_SETOR":"261110105000029","SITUACAO":"Urbana","NM_BAIRRO":null,"NM_DIST":"Petrolina","v0001":404,"v0007":129,"densidade":6588.1235,"taxa_alfab":0.859,"pct_60m":0.1015,"pop_10_14":27.0,"pop_15_19":37.0,"renda_media":1340.95,"renda_mediana":1212.0,"infra":0.709,"pavimentacao":0.9219,"iluminacao":1.0,"calcada":0.9141,"onibus":0.0,"local_id":"144-1554","regiao":"Zona rural da sede"},"geometry":{"type":"Polygon","coordinates":[[[-40.32372,-9.14013],[-40.32245,-9.14182],[-40.32378,-9.14267],[-40.32426,-9.14229],[-40.32455,-9.14269],[-40.32551,-9.14227],[-40.32482,-9.1398],[-40.32426,-9.14056],[-40.32372,-9.14013]]]}},{"type":"Feature","properties":{"CD_SETOR":"261110105000032","SITUACAO":"Rural","NM_BAIRRO":null,"NM_DIST":"Petrolina","v0001":632,"v0007":190,"densidade":30.7464,"taxa_alfab":0.8174,"pct_60m":0.0934,"pop_10_14":66.0,"pop_15_19":53.0,"renda_media":1388.29,"renda_mediana":1212.0,"infra":null,"pavimentacao":null,"iluminacao":null,"calcada":null,"onibus":null,"local_id":"144-1457","regiao":"Bebedouro / Massangano"},"geometry":{"type":"Polygon","coordinates":[[[-40.2748,-9.07676],[-40.27852,-9.08242],[-40.28086,-9.08821],[-40.28197,-9.09153],[-40.28341,-9.09709],[-40.28475,-9.10414],[-40.28492,-9.10472],[-40.28542,-9.10532],[-40.28546,-9.10589],[-40.28527,-9.10605],[-40.28686,-9.10909],[-40.28979,-9.11349],[-40.29048,-9.11523],[-40.29094,-9.11688],[-40.29096,-9.11803],[-40.29213,-9.12163],[-40.29261,-9.12606],[-40.29316,-9.12682],[-40.29326,-9.12779],[-40.29355,-9.1281],[-40.29351,-9.12858],[-40.29477,-9.12851],[-40.29906,-9.1318],[-40.30031,-9.13203],[-40.30112,-9.13178],[-40.31035,-9.12337],[-40.30944,-9.12024],[-40.31164,-9.11891],[-40.31219,-9.11342],[-40.31817,-9.1027],[-40.31859,-9.10237],[-40.32902,-9.09997],[-40.31716,-9.0799],[-40.31657,-9.08026],[-40.31438,-9.08089],[-40.31318,-9.08062],[-40.30424,-9.07706],[-40.29872,-9.07297],[-40.2897,-9.07563],[-40.28875,-9.07542],[-40.28163,-9.07261],[-40.28111,-9.07262],[-40.2748,-9.07676]],[[-40.30378,-9.0839],[-40.30577,-9.08439],[-40.30576,-9.0855],[-40.3063,-9.08531],[-40.30715,-9.08795],[-40.30663,-9.08826],[-40.30657,-9.08909],[-40.30497,-9.08983],[-40.30363,-9.09001],[-40.30297,-9.08517],[-40.30322,-9.08432],[-40.30378,-9.0839]],[[-40.2968,-9.07767],[-40.29817,-9.08232],[-40.29917,-9.0858],[-40.29865,-9.08592],[-40.29781,-9.0832],[-40.29642,-9.07828],[-40.2968,-9.07767]]]}},{"type":"Feature","properties":{"CD_SETOR":"261110105000033","SITUACAO":"Rural","NM_BAIRRO":null,"NM_DIST":"Petrolina","v0001":170,"v0007":56,"densidade":656.1077,"taxa_alfab":0.9149,"pct_60m":0.2353,"pop_10_14":8.0,"pop_15_19":5.0,"renda_media":2954.04,"renda_mediana":2500.0,"infra":0.4152,"pavimentacao":0.0,"iluminacao":0.9286,"calcada":0.7321,"onibus":0.0,"local_id":"144-1350","regiao":"Bebedouro / Massangano"},"geometry":{"type":"Polygon","coordinates":[[[-40.31037,-9.12336],[-40.31186,-9.12851],[-40.31302,-9.12767],[-40.31298,-9.12736],[-40.31435,-9.12594],[-40.31639,-9.12437],[-40.31445,-9.12246],[-40.31344,-9.12192],[-40.31247,-9.12199],[-40.31037,-9.12336]]]}},{"type":"Feature","properties":{"CD_SETOR":"261110105000034","SITUACAO":"Rural","NM_BAIRRO":null,"NM_DIST":"Petrolina","v0001":362,"v0007":119,"densidade":1675.89,"taxa_alfab":0.8942,"pct_60m":0.2072,"pop_10_14":23.0,"pop_15_19":28.0,"renda_media":1836.63,"renda_mediana":1212.0,"infra":null,"pavimentacao":null,"iluminacao":null,"calcada":null,"onibus":null,"local_id":"144-1457","regiao":"Bebedouro / Massangano"},"geometry":{"type":"Polygon","coordinates":[[[-40.30297,-9.08517],[-40.30363,-9.09001],[-40.30497,-9.08983],[-40.30657,-9.08909],[-40.30663,-9.08826],[-40.30715,-9.08795],[-40.3063,-9.08531],[-40.30576,-9.0855],[-40.30577,-9.08439],[-40.30389,-9.08382],[-40.30322,-9.08432],[-40.30297,-9.08517]]]}},{"type":"Feature","properties":{"CD_SETOR":"261110105000036","SITUACAO":"Rural","NM_BAIRRO":null,"NM_DIST":"Petrolina","v0001":347,"v0007":110,"densidade":1639.3615,"taxa_alfab":0.8188,"pct_60m":0.2046,"pop_10_14":26.0,"pop_15_19":47.0,"renda_media":981.38,"renda_mediana":1212.0,"infra":0.375,"pavimentacao":0.0,"iluminacao":1.0,"calcada":0.5,"onibus":0.0,"local_id":"144-1392","regiao":"Zona rural da sede"},"geometry":{"type":"Polygon","coordinates":[[[-40.24249,-9.01753],[-40.24359,-9.02083],[-40.24712,-9.01972],[-40.24837,-9.01596],[-40.24615,-9.01637],[-40.24249,-9.01753]]]}},{"type":"Feature","properties":{"CD_SETOR":"261110105000037","SITUACAO":"Urbana","NM_BAIRRO":null,"NM_DIST":"Petrolina","v0001":373,"v0007":130,"densidade":6623.4882,"taxa_alfab":0.8562,"pct_60m":0.118,"pop_10_14":25.0,"pop_15_19":44.0,"renda_media":1224.05,"renda_mediana":1212.0,"infra":0.6192,"pavimentacao":0.3385,"iluminacao":1.0,"calcada":1.0,"onibus":0.0769,"local_id":"144-1376","regiao":"Zona rural da sede"},"geometry":{"type":"Polygon","coordinates":[[[-40.27023,-9.00512],[-40.27165,-9.00675],[-40.27263,-9.00614],[-40.27286,-9.00653],[-40.27356,-9.00612],[-40.27243,-9.00421],[-40.27172,-9.00463],[-40.27154,-9.00435],[-40.27023,-9.00512]]]}},{"type":"Feature","properties":{"CD_SETOR":"261110105000038","SITUACAO":"Urbana","NM_BAIRRO":null,"NM_DIST":"Petrolina","v0001":509,"v0007":172,"densidade":4566.5111,"taxa_alfab":0.8157,"pct_60m":0.1002,"pop_10_14":47.0,"pop_15_19":43.0,"renda_media":1286.93,"renda_mediana":1212.0,"infra":0.6464,"pavimentacao":0.5917,"iluminacao":1.0,"calcada":0.9941,"onibus":0.0473,"local_id":"144-1376","regiao":"Zona rural da sede"},"geometry":{"type":"Polygon","coordinates":[[[-40.26859,-9.00326],[-40.27023,-9.00512],[-40.27154,-9.00435],[-40.27172,-9.00463],[-40.27243,-9.00421],[-40.27219,-9.00188],[-40.27119,-9.00145],[-40.27109,-9.00056],[-40.27024,-9.00179],[-40.26859,-9.00326]]]}},{"type":"Feature","properties":{"CD_SETOR":"261110105000039","SITUACAO":"Urbana","NM_BAIRRO":null,"NM_DIST":"Petrolina","v0001":475,"v0007":151,"densidade":6167.807,"taxa_alfab":0.7718,"pct_60m":0.0632,"pop_10_14":45.0,"pop_15_19":38.0,"renda_media":1038.79,"renda_mediana":1212.0,"infra":0.5414,"pavimentacao":0.1656,"iluminacao":1.0,"calcada":1.0,"onibus":0.0,"local_id":"144-1392","regiao":"Zona rural da sede"},"geometry":{"type":"Polygon","coordinates":[[[-40.26634,-9.00412],[-40.26691,-9.0048],[-40.26721,-9.00591],[-40.26924,-9.00397],[-40.26744,-9.00193],[-40.266,-9.00284],[-40.2668,-9.00367],[-40.26634,-9.00412]]]}},{"type":"Feature","properties":{"CD_SETOR":"261110105000040","SITUACAO":"Urbana","NM_BAIRRO":null,"NM_DIST":"Petrolina","v0001":580,"v0007":186,"densidade":6709.3313,"taxa_alfab":0.7835,"pct_60m":0.081,"pop_10_14":65.0,"pop_15_19":58.0,"renda_media":1004.74,"renda_mediana":1100.0,"infra":0.504,"pavimentacao":0.0161,"iluminacao":1.0,"calcada":1.0,"onibus":0.0,"local_id":"144-1392","regiao":"Zona rural da sede"},"geometry":{"type":"Polygon","coordinates":[[[-40.26781,-9.00741],[-40.26777,-9.00771],[-40.2685,-9.0093],[-40.27171,-9.00683],[-40.2705,-9.00544],[-40.26781,-9.00741]]]}},{"type":"Feature","properties":{"CD_SETOR":"261110105000041","SITUACAO":"Urbana","NM_BAIRRO":null,"NM_DIST":"Petrolina","v0001":1171,"v0007":351,"densidade":2774.1524,"taxa_alfab":0.6868,"pct_60m":0.0675,"pop_10_14":133.0,"pop_15_19":107.0,"renda_media":932.84,"renda_mediana":1212.0,"infra":0.5021,"pavimentacao":0.1168,"iluminacao":0.9858,"calcada":0.906,"onibus":0.0,"local_id":"144-1392","regiao":"Zona rural da sede"},"geometry":{"type":"Polygon","coordinates":[[[-40.26528,-9.01171],[-40.2685,-9.0093],[-40.26777,-9.00771],[-40.26691,-9.0048],[-40.26634,-9.00412],[-40.26095,-9.00871],[-40.26102,-9.01026],[-40.26249,-9.01208],[-40.26342,-9.01151],[-40.26528,-9.01171]]]}},{"type":"Feature","properties":{"CD_SETOR":"261110105000042","SITUACAO":"Urbana","NM_BAIRRO":null,"NM_DIST":"Petrolina","v0001":313,"v0007":111,"densidade":5792.0467,"taxa_alfab":0.8283,"pct_60m":0.147,"pop_10_14":31.0,"pop_15_19":32.0,"renda_media":1195.12,"renda_mediana":1212.0,"infra":0.5968,"pavimentacao":0.3784,"iluminacao":1.0,"calcada":1.0,"onibus":0.0,"local_id":"144-1392","regiao":"Zona rural da sede"},"geometry":{"type":"Polygon","coordinates":[[[-40.27263,-9.00614],[-40.27171,-9.00683],[-40.2688,-9.00909],[-40.27013,-9.00904],[-40.27309,-9.00693],[-40.27345,-9.00762],[-40.27417,-9.00718],[-40.27356,-9.00612],[-40.27286,-9.00653],[-40.27263,-9.00614]]]}},{"type":"Feature","properties":{"CD_SETOR":"261110105000043","SITUACAO":"Urbana","NM_BAIRRO":null,"NM_DIST":"Petrolina","v0001":165,"v0007":54,"densidade":1140.986,"taxa_alfab":0.5648,"pct_60m":0.0727,"pop_10_14":10.0,"pop_15_19":19.0,"renda_media":807.64,"renda_mediana":600.0,"infra":0.412,"pavimentacao":0.0,"iluminacao":1.0,"calcada":0.6481,"onibus":0.0,"local_id":"144-1376","regiao":"Zona rural da sede"},"geometry":{"type":"Polygon","coordinates":[[[-40.27243,-9.00421],[-40.27535,-9.00915],[-40.27565,-9.00904],[-40.27587,-9.00819],[-40.2755,-9.00713],[-40.27617,-9.00675],[-40.27672,-9.00581],[-40.2748,-9.00463],[-40.27219,-9.00188],[-40.27243,-9.00421]]]}},{"type":"Feature","properties":{"CD_SETOR":"261110105000044","SITUACAO":"Rural","NM_BAIRRO":null,"NM_DIST":"Petrolina","v0001":313,"v0007":107,"densidade":3.4974,"taxa_alfab":0.7815,"pct_60m":0.131,"pop_10_14":28.0,"pop_15_19":31.0,"renda_media":1268.71,"renda_mediana":1212.0,"infra":null,"pavimentacao":null,"iluminacao":null,"calcada":null,"onibus":null,"local_id":"144-1457","regiao":"Bebedouro / Massangano"},"geometry":{"type":"Polygon","coordinates":[[[-40.37479,-8.99941],[-40.37167,-9.00046],[-40.36995,-9.00041],[-40.36884,-9.00009],[-40.36872,-9.00193],[-40.36806,-9.00318],[-40.36867,-9.05219],[-40.35842,-9.05536],[-40.35936,-9.06896],[-40.3398,-9.07399],[-40.35937,-9.10693],[-40.35966,-9.10675],[-40.36066,-9.10768],[-40.36556,-9.11446],[-40.36597,-9.11569],[-40.36607,-9.11733],[-40.36708,-9.1174],[-40.36767,-9.11808],[-40.36797,-9.11886],[-40.36799,-9.11997],[-40.36667,-9.12138],[-40.36622,-9.12318],[-40.37052,-9.12117],[-40.37408,-9.11299],[-40.37417,-9.11231],[-40.37307,-9.11129],[-40.37291,-9.11046],[-40.37531,-9.097],[-40.37668,-9.09482],[-40.37773,-9.09449],[-40.38423,-9.09368],[-40.38676,-9.09235],[-40.39184,-9.09242],[-40.39605,-9.09165],[-40.3965,-9.09191],[-40.40141,-9.09944],[-40.40195,-9.09969],[-40.4044,-9.09947],[-40.405,-9.09899],[-40.40665,-9.09471],[-40.41181,-9.08719],[-40.41236,-9.08667],[-40.41302,-9.08643],[-40.41422,-9.0866],[-40.41974,-9.08986],[-40.42027,-9.09043],[-40.42107,-9.09319],[-40.42107,-9.09607],[-40.42314,-9.10599],[-40.4238,-9.10702],[-40.42467,-9.10733],[-40.42783,-9.10756],[-40.42887,-9.10867],[-40.42946,-9.10879],[-40.43536,-9.10892],[-40.43608,-9.10882],[-40.43768,-9.10801],[-40.43909,-9.10844],[-40.44529,-9.1078],[-40.44616,-9.10381],[-40.44386,-9.09184],[-40.4439,-9.08659],[-40.44283,-9.07694],[-40.44265,-9.07652],[-40.43919,-9.07303],[-40.43865,-9.07176],[-40.4376,-9.07042],[-40.43622,-9.06687],[-40.43466,-9.06508],[-40.43462,-9.06477],[-40.43161,-9.06151],[-40.42986,-9.05699],[-40.42977,-9.05432],[-40.43365,-9.05216],[-40.43459,-9.05052],[-40.43554,-9.04965],[-40.43085,-9.02733],[-40.4265,-9.01059],[-40.42772,-9.01067],[-40.42606,-9.00871],[-40.4255,-9.00768],[-40.42506,-9.00675],[-40.42487,-9.00504],[-40.42327,-9.00369],[-40.42111,-9.00262],[-40.41979,-9.0022],[-40.4182,-9.00256],[-40.41482,-9.00448],[-40.41385,-9.00527],[-40.41276,-9.00671],[-40.41088,-9.00787],[-40.40716,-9.00952],[-40.40536,-9.00981],[-40.40483,-9.00964],[-40.40403,-9.00887],[-40.40325,-9.00785],[-40.40305,-9.00717],[-40.40237,-9.00673],[-40.40174,-9.00595],[-40.40121,-9.00426],[-40.3972,-9.00047],[-40.39651,-9.00003],[-40.39538,-8.99989],[-40.39448,-9.00034],[-40.39294,-9.00039],[-40.39092,-9.00005],[-40.38945,-9.00015],[-40.38155,-8.99747],[-40.37903,-8.99739],[-40.37663,-8.99816],[-40.37479,-8.99941]]]}},{"type":"Feature","properties":{"CD_SETOR":"261110105000045","SITUACAO":"Rural","NM_BAIRRO":null,"NM_DIST":"Petrolina","v0001":318,"v0007":112,"densidade":2.9826,"taxa_alfab":0.7379,"pct_60m":0.1541,"pop_10_14":29.0,"pop_15_19":14.0,"renda_media":1313.08,"renda_mediana":1212.0,"infra":null,"pavimentacao":null,"iluminacao":null,"calcada":null,"onibus":null,"local_id":"145-2097","regiao":"Projetos irrigados (Nilo Coelho / Maria Tereza)"},"geometry":{"type":"Polygon","coordinates":[[[-40.42882,-9.01091],[-40.4265,-9.01059],[-40.43085,-9.02733],[-40.43554,-9.04965],[-40.43459,-9.05052],[-40.43365,-9.05216],[-40.42977,-9.05432],[-40.42986,-9.05699],[-40.43161,-9.06151],[-40.43462,-9.06477],[-40.43466,-9.06508],[-40.43622,-9.06687],[-40.4376,-9.07042],[-40.43865,-9.07176],[-40.43919,-9.07303],[-40.44265,-9.07652],[-40.44283,-9.07694],[-40.4439,-9.08659],[-40.44386,-9.09184],[-40.44616,-9.10381],[-40.44529,-9.1078],[-40.45323,-9.10691],[-40.45692,-9.10078],[-40.45754,-9.10043],[-40.45924,-9.1006],[-40.45972,-9.10085],[-40.46329,-9.10653],[-40.46614,-9.10803],[-40.4665,-9.10796],[-40.46798,-9.10669],[-40.46965,-9.10621],[-40.4713,-9.10468],[-40.47279,-9.10396],[-40.47331,-9.10321],[-40.47298,-9.10164],[-40.47309,-9.10096],[-40.47597,-9.09906],[-40.47916,-9.0922],[-40.48,-9.08569],[-40.48044,-9.08481],[-40.48586,-9.08036],[-40.48626,-9.08024],[-40.4914,-9.08163],[-40.49223,-9.08166],[-40.49312,-9.08129],[-40.49495,-9.07929],[-40.49517,-9.07826],[-40.49293,-9.07296],[-40.49296,-9.07231],[-40.49355,-9.07174],[-40.49593,-9.07076],[-40.49871,-9.08067],[-40.50092,-9.0876],[-40.51689,-9.08472],[-40.518,-9.08643],[-40.52832,-9.07877],[-40.53872,-9.07049],[-40.53869,-9.07027],[-40.53389,-9.06752],[-40.53393,-9.06735],[-40.5373,-9.06483],[-40.53785,-9.06466],[-40.54045,-9.06247],[-40.54129,-9.06209],[-40.54303,-9.06177],[-40.54498,-9.06066],[-40.54906,-9.05785],[-40.5515,-9.05766],[-40.55231,-9.05717],[-40.55426,-9.05651],[-40.55386,-9.05508],[-40.55377,-9.04985],[-40.55311,-9.04887],[-40.55052,-9.04755],[-40.54861,-9.0437],[-40.54857,-9.04247],[-40.54638,-9.0299],[-40.53452,-9.00612],[-40.53372,-9.00179],[-40.53283,-8.99853],[-40.53301,-8.99725],[-40.53284,-8.99352],[-40.53242,-8.99246],[-40.5316,-8.99135],[-40.53121,-8.99022],[-40.53092,-8.99285],[-40.53035,-8.99513],[-40.53072,-8.99762],[-40.53234,-9.0038],[-40.53192,-9.00534],[-40.53029,-9.00657],[-40.52891,-9.00722],[-40.52706,-9.00768],[-40.52622,-9.00812],[-40.52297,-9.00851],[-40.51983,-9.00797],[-40.51629,-9.00701],[-40.51472,-9.00765],[-40.51381,-9.00853],[-40.51313,-9.0106],[-40.51257,-9.0116],[-40.51175,-9.01242],[-40.51051,-9.01293],[-40.50917,-9.01247],[-40.5074,-9.01023],[-40.50666,-9.00963],[-40.50438,-9.00849],[-40.50369,-9.00851],[-40.50295,-9.01032],[-40.50206,-9.01095],[-40.50099,-9.01213],[-40.49794,-9.01354],[-40.49666,-9.01357],[-40.49667,-9.01379],[-40.496,-9.01384],[-40.4927,-9.01291],[-40.49193,-9.0124],[-40.49062,-9.01238],[-40.48954,-9.01208],[-40.48797,-9.01084],[-40.48651,-9.01007],[-40.4863,-9.00941],[-40.4854,-9.00873],[-40.48458,-9.00844],[-40.4842,-9.00791],[-40.48262,-9.00724],[-40.48187,-9.00722],[-40.48069,-9.00789],[-40.48004,-9.00916],[-40.47707,-9.01247],[-40.47665,-9.01325],[-40.47326,-9.01548],[-40.47131,-9.01615],[-40.47018,-9.01599],[-40.46928,-9.0152],[-40.46807,-9.01484],[-40.46596,-9.01345],[-40.4615,-9.00996],[-40.45962,-9.00718],[-40.45772,-9.00736],[-40.45299,-9.00832],[-40.45094,-9.0094],[-40.44927,-9.01144],[-40.44821,-9.01217],[-40.44696,-9.01247],[-40.44443,-9.01215],[-40.44341,-9.01159],[-40.44326,-9.00939],[-40.44365,-9.00757],[-40.44538,-9.00381],[-40.44535,-9.0024],[-40.44478,-9.00175],[-40.44286,-9.00117],[-40.44091,-9.0018],[-40.43937,-9.00309],[-40.43794,-9.00381],[-40.43543,-9.0043],[-40.43455,-9.00478],[-40.4341,-9.00633],[-40.43394,-9.00838],[-40.43269,-9.00984],[-40.43118,-9.01092],[-40.42882,-9.01091]]]}},{"type":"Feature","properties":{"CD_SETOR":"261110105000047","SITUACAO":"Rural","NM_BAIRRO":null,"NM_DIST":"Petrolina","v0001":252,"v0007":78,"densidade":665.9748,"taxa_alfab":0.8478,"pct_60m":0.123,"pop_10_14":24.0,"pop_15_19":25.0,"renda_media":1229.22,"renda_mediana":1200.0,"infra":null,"pavimentacao":null,"iluminacao":null,"calcada":null,"onibus":null,"local_id":"145-1040","regiao":"Zona rural da sede"},"geometry":{"type":"Polygon","coordinates":[[[-40.57524,-8.93757],[-40.57462,-8.93914],[-40.57382,-8.93901],[-40.57367,-8.93781],[-40.57208,-8.93802],[-40.57169,-8.93931],[-40.57048,-8.94154],[-40.57147,-8.94222],[-40.57314,-8.94265],[-40.57362,-8.94302],[-40.57359,-8.94353],[-40.57539,-8.94392],[-40.57528,-8.94512],[-40.57614,-8.9453],[-40.57668,-8.94269],[-40.57692,-8.94279],[-40.57779,-8.94025],[-40.57683,-8.93973],[-40.57623,-8.93902],[-40.57715,-8.93844],[-40.57741,-8.93754],[-40.57524,-8.93757]]]}},{"type":"Feature","properties":{"CD_SETOR":"261110105000048","SITUACAO":"Rural","NM_BAIRRO":null,"NM_DIST":"Petrolina","v0001":363,"v0007":106,"densidade":3373.202,"taxa_alfab":0.8494,"pct_60m":0.1212,"pop_10_14":37.0,"pop_15_19":46.0,"renda_media":1409.11,"renda_mediana":1220.0,"infra":null,"pavimentacao":null,"iluminacao":null,"calcada":null,"onibus":null,"local_id":"144-1392","regiao":"Zona rural da sede"},"geometry":{"type":"Polygon","coordinates":[[[-40.29334,-9.03957],[-40.29182,-9.03703],[-40.28923,-9.03858],[-40.29064,-9.04111],[-40.29334,-9.03957]]]}},{"type":"Feature","properties":{"CD_SETOR":"261110105000050","SITUACAO":"Rural","NM_BAIRRO":null,"NM_DIST":"Petrolina","v0001":345,"v0007":108,"densidade":22.6889,"taxa_alfab":0.8672,"pct_60m":0.1275,"pop_10_14":30.0,"pop_15_19":30.0,"renda_media":1451.45,"renda_mediana":1200.0,"infra":null,"pavimentacao":null,"iluminacao":null,"calcada":null,"onibus":null,"local_id":"144-1350","regiao":"Bebedouro / Massangano"},"geometry":{"type":"Polygon","coordinates":[[[-40.29351,-9.12858],[-40.29408,-9.13339],[-40.29496,-9.13728],[-40.29599,-9.14067],[-40.29587,-9.14649],[-40.29798,-9.15384],[-40.29788,-9.15423],[-40.29832,-9.15484],[-40.2982,-9.1557],[-40.30329,-9.15565],[-40.30327,-9.15261],[-40.30355,-9.15192],[-40.30431,-9.15124],[-40.31625,-9.14958],[-40.31718,-9.14903],[-40.33923,-9.11925],[-40.33965,-9.11866],[-40.33964,-9.1179],[-40.32902,-9.09997],[-40.31859,-9.10237],[-40.31771,-9.10333],[-40.31219,-9.11342],[-40.31164,-9.11891],[-40.30944,-9.12024],[-40.31035,-9.12337],[-40.30412,-9.12923],[-40.3013,-9.13166],[-40.30065,-9.13198],[-40.29885,-9.1317],[-40.29477,-9.12851],[-40.29351,-9.12858]],[[-40.31199,-9.12846],[-40.31037,-9.12336],[-40.31247,-9.12199],[-40.31344,-9.12192],[-40.31409,-9.12218],[-40.31639,-9.12437],[-40.31435,-9.12594],[-40.31298,-9.12736],[-40.31302,-9.12767],[-40.31199,-9.12846]]]}},{"type":"Feature","properties":{"CD_SETOR":"261110105000051","SITUACAO":"Rural","NM_BAIRRO":null,"NM_DIST":"Petrolina","v0001":504,"v0007":165,"densidade":12.7831,"taxa_alfab":0.8612,"pct_60m":0.0873,"pop_10_14":51.0,"pop_15_19":50.0,"renda_media":1515.14,"renda_mediana":1240.0,"infra":null,"pavimentacao":null,"iluminacao":null,"calcada":null,"onibus":null,"local_id":"145-2097","regiao":"Projetos irrigados (Nilo Coelho / Maria Tereza)"},"geometry":{"type":"Polygon","coordinates":[[[-40.5515,-9.05766],[-40.54906,-9.05785],[-40.54498,-9.06066],[-40.54303,-9.06177],[-40.54064,-9.06235],[-40.53909,-9.06345],[-40.53785,-9.06466],[-40.5373,-9.06483],[-40.53393,-9.06735],[-40.53389,-9.06752],[-40.53869,-9.07027],[-40.53872,-9.07049],[-40.52832,-9.07877],[-40.51814,-9.08635],[-40.51786,-9.08642],[-40.51689,-9.08472],[-40.50092,-9.0876],[-40.50494,-9.09322],[-40.50826,-9.09397],[-40.51339,-9.09671],[-40.51532,-9.09809],[-40.51713,-9.09906],[-40.51854,-9.09945],[-40.52195,-9.10126],[-40.52241,-9.10129],[-40.52394,-9.09996],[-40.52572,-9.10166],[-40.52778,-9.09959],[-40.52815,-9.09979],[-40.53176,-9.09699],[-40.53504,-9.09962],[-40.53497,-9.09986],[-40.53571,-9.09991],[-40.535,-9.10336],[-40.53466,-9.10373],[-40.53451,-9.10435],[-40.53457,-9.10911],[-40.5371,-9.11313],[-40.53826,-9.11388],[-40.54579,-9.11557],[-40.55687,-9.12592],[-40.55717,-9.12683],[-40.55711,-9.14076],[-40.55651,-9.14315],[-40.5565,-9.15017],[-40.55632,-9.15084],[-40.55437,-9.15285],[-40.55366,-9.15919],[-40.55191,-9.16474],[-40.55185,-9.1678],[-40.55238,-9.16861],[-40.55766,-9.1706],[-40.55978,-9.17346],[-40.56054,-9.17367],[-40.56306,-9.1731],[-40.56412,-9.16548],[-40.5646,-9.16437],[-40.5645,-9.16294],[-40.5653,-9.15788],[-40.57598,-9.11933],[-40.57876,-9.1193],[-40.57896,-9.11627],[-40.58187,-9.11398],[-40.58184,-9.11318],[-40.58251,-9.11283],[-40.58236,-9.11237],[-40.58172,-9.11225],[-40.58059,-9.1116],[-40.57969,-9.10839],[-40.57798,-9.10768],[-40.57758,-9.10543],[-40.57681,-9.10286],[-40.57711,-9.10068],[-40.57529,-9.09771],[-40.57527,-9.09679],[-40.57555,-9.09566],[-40.57806,-9.09456],[-40.57849,-9.09298],[-40.57819,-9.09271],[-40.57664,-9.0927],[-40.57411,-9.09228],[-40.57354,-9.09099],[-40.57394,-9.09042],[-40.57331,-9.08988],[-40.57163,-9.08938],[-40.57046,-9.08846],[-40.56946,-9.08712],[-40.56856,-9.08447],[-40.56826,-9.08416],[-40.56525,-9.08326],[-40.56463,-9.08187],[-40.56492,-9.07988],[-40.56542,-9.07954],[-40.56564,-9.07774],[-40.56555,-9.07588],[-40.56616,-9.07361],[-40.56613,-9.07244],[-40.56566,-9.07118],[-40.5643,-9.0688],[-40.55956,-9.0647],[-40.55837,-9.06191],[-40.55734,-9.06134],[-40.5552,-9.05927],[-40.55426,-9.05651],[-40.55231,-9.05717],[-40.5515,-9.05766]],[[-40.56744,-9.13937],[-40.56996,-9.13995],[-40.56848,-9.14547],[-40.56354,-9.14455],[-40.56322,-9.14362],[-40.56721,-9.14],[-40.56744,-9.13937]]]}},{"type":"Feature","properties":{"CD_SETOR":"261110105000055","SITUACAO":"Urbana","NM_BAIRRO":null,"NM_DIST":"Petrolina","v0001":503,"v0007":156,"densidade":2357.3631,"taxa_alfab":0.8678,"pct_60m":0.0497,"pop_10_14":45.0,"pop_15_19":59.0,"renda_media":1232.73,"renda_mediana":1212.0,"infra":0.6699,"pavimentacao":0.8397,"iluminacao":0.9744,"calcada":0.8654,"onibus":0.0,"local_id":"83-1643","regiao":"Zona rural da sede"},"geometry":{"type":"Polygon","coordinates":[[[-40.73776,-9.43134],[-40.73706,-9.42813],[-40.73645,-9.42225],[-40.73453,-9.42227],[-40.73569,-9.43147],[-40.73776,-9.43134]]]}},{"type":"Feature","properties":{"CD_SETOR":"261110105000056","SITUACAO":"Urbana","NM_BAIRRO":null,"NM_DIST":"Petrolina","v0001":679,"v0007":210,"densidade":2367.4459,"taxa_alfab":0.8969,"pct_60m":0.0943,"pop_10_14":53.0,"pop_15_19":59.0,"renda_media":1407.46,"renda_mediana":1212.0,"infra":0.7405,"pavimentacao":0.9143,"iluminacao":0.9905,"calcada":0.9095,"onibus":0.1,"local_id":"145-1546","regiao":"Zona Norte"},"geometry":{"type":"Polygon","coordinates":[[[-40.50802,-9.33161],[-40.50718,-9.33453],[-40.50811,-9.33495],[-40.50896,-9.33566],[-40.50772,-9.33671],[-40.50801,-9.33734],[-40.50986,-9.3382],[-40.51269,-9.33797],[-40.5123,-9.3371],[-40.51245,-9.33694],[-40.51231,-9.33654],[-40.51275,-9.33632],[-40.51123,-9.3329],[-40.51053,-9.33329],[-40.50948,-9.33189],[-40.50802,-9.33161]]]}},{"type":"Feature","properties":{"CD_SETOR":"261110105000057","SITUACAO":"Urbana","NM_BAIRRO":null,"NM_DIST":"Petrolina","v0001":776,"v0007":244,"densidade":10359.4778,"taxa_alfab":0.8539,"pct_60m":0.0773,"pop_10_14":75.0,"pop_15_19":77.0,"renda_media":1182.1,"renda_mediana":1212.0,"infra":0.6352,"pavimentacao":0.5943,"iluminacao":1.0,"calcada":0.9467,"onibus":0.0,"local_id":"145-1546","regiao":"Zona Norte"},"geometry":{"type":"Polygon","coordinates":[[[-40.50578,-9.32882],[-40.50564,-9.33108],[-40.50807,-9.33131],[-40.50812,-9.32916],[-40.50768,-9.32822],[-40.50578,-9.32882]]]}},{"type":"Feature","properties":{"CD_SETOR":"261110105000058","SITUACAO":"Urbana","NM_BAIRRO":null,"NM_DIST":"Petrolina","v0001":818,"v0007":246,"densidade":13917.2738,"taxa_alfab":0.8331,"pct_60m":0.0697,"pop_10_14":69.0,"pop_15_19":88.0,"renda_media":1053.66,"renda_mediana":1212.0,"infra":0.5081,"pavimentacao":0.0732,"iluminacao":0.9919,"calcada":0.9675,"onibus":0.0,"local_id":"145-1546","regiao":"Zona Norte"},"geometry":{"type":"Polygon","coordinates":[[[-40.50376,-9.33149],[-40.50564,-9.33108],[-40.50578,-9.32882],[-40.50387,-9.32936],[-40.50305,-9.331],[-40.50376,-9.33149]]]}},{"type":"Feature","properties":{"CD_SETOR":"261110105000061","SITUACAO":"Urbana","NM_BAIRRO":null,"NM_DIST":"Petrolina","v0001":556,"v0007":169,"densidade":3220.9026,"taxa_alfab":0.9138,"pct_60m":0.0809,"pop_10_14":51.0,"pop_15_19":67.0,"renda_media":1338.56,"renda_mediana":1212.0,"infra":0.6893,"pavimentacao":0.8876,"iluminacao":0.9704,"calcada":0.8994,"onibus":0.5621,"local_id":"145-1538","regiao":"Projetos irrigados (Nilo Coelho / Maria Tereza)"},"geometry":{"type":"Polygon","coordinates":[[[-40.46051,-9.2891],[-40.46124,-9.28894],[-40.46118,-9.28844],[-40.46269,-9.28843],[-40.46236,-9.28617],[-40.46293,-9.28493],[-40.46166,-9.28423],[-40.46245,-9.2829],[-40.46113,-9.28183],[-40.46058,-9.28223],[-40.45994,-9.28328],[-40.46042,-9.28329],[-40.46003,-9.28625],[-40.46051,-9.2891]]]}},{"type":"Feature","properties":{"CD_SETOR":"261110105000062","SITUACAO":"Urbana","NM_BAIRRO":null,"NM_DIST":"Petrolina","v0001":574,"v0007":175,"densidade":3135.9341,"taxa_alfab":0.8939,"pct_60m":0.0801,"pop_10_14":44.0,"pop_15_19":48.0,"renda_media":1592.91,"renda_mediana":1212.0,"infra":0.59,"pavimentacao":0.6857,"iluminacao":0.9886,"calcada":0.6857,"onibus":0.6857,"local_id":"145-1538","regiao":"Projetos irrigados (Nilo Coelho / Maria Tereza)"},"geometry":{"type":"Polygon","coordinates":[[[-40.46245,-9.28694],[-40.46269,-9.28843],[-40.46118,-9.28844],[-40.46124,-9.28894],[-40.46051,-9.2891],[-40.46052,-9.28928],[-40.46469,-9.28932],[-40.46483,-9.29019],[-40.46559,-9.29022],[-40.46559,-9.29087],[-40.46673,-9.29008],[-40.46721,-9.28827],[-40.46747,-9.28789],[-40.4678,-9.2878],[-40.46806,-9.2872],[-40.46684,-9.28687],[-40.46245,-9.28694]]]}},{"type":"Feature","properties":{"CD_SETOR":"261110105000068","SITUACAO":"Rural","NM_BAIRRO":null,"NM_DIST":"Petrolina","v0001":211,"v0007":61,"densidade":3734.5658,"taxa_alfab":0.7194,"pct_60m":0.0427,"pop_10_14":27.0,"pop_15_19":24.0,"renda_media":1196.07,"renda_mediana":1212.0,"infra":null,"pavimentacao":null,"iluminacao":null,"calcada":null,"onibus":null,"local_id":"144-1457","regiao":"Bebedouro / Massangano"},"geometry":{"type":"Polygon","coordinates":[[[-40.29642,-9.07828],[-40.29865,-9.08592],[-40.29917,-9.0858],[-40.2968,-9.07767],[-40.29642,-9.07828]]]}},{"type":"Feature","properties":{"CD_SETOR":"261110105000069","SITUACAO":"Urbana","NM_BAIRRO":null,"NM_DIST":"Petrolina","v0001":177,"v0007":57,"densidade":2740.3876,"taxa_alfab":0.7778,"pct_60m":0.0734,"pop_10_14":16.0,"pop_15_19":19.0,"renda_media":970.27,"renda_mediana":1200.0,"infra":null,"pavimentacao":null,"iluminacao":null,"calcada":null,"onibus":null,"local_id":"144-1392","regiao":"Zona rural da sede"},"geometry":{"type":"Polygon","coordinates":[[[-40.26721,-9.00591],[-40.26781,-9.00741],[-40.2705,-9.00544],[-40.26924,-9.00397],[-40.26721,-9.00591]]]}},{"type":"Feature","properties":{"CD_SETOR":"261110105000070","SITUACAO":"Urbana","NM_BAIRRO":null,"NM_DIST":"Petrolina","v0001":690,"v0007":215,"densidade":2969.3079,"taxa_alfab":0.8099,"pct_60m":0.1101,"pop_10_14":66.0,"pop_15_19":58.0,"renda_media":1270.15,"renda_mediana":1212.0,"infra":0.4907,"pavimentacao":0.0791,"iluminacao":0.9581,"calcada":0.9256,"onibus":0.0,"local_id":"144-1392","regiao":"Zona rural da sede"},"geometry":{"type":"Polygon","coordinates":[[[-40.275,-9.01051],[-40.27579,-9.00991],[-40.27417,-9.00718],[-40.27345,-9.00762],[-40.27309,-9.00693],[-40.27013,-9.00904],[-40.2688,-9.00909],[-40.26522,-9.01176],[-40.26584,-9.01201],[-40.27018,-9.00961],[-40.2707,-9.00998],[-40.27157,-9.00926],[-40.27238,-9.00966],[-40.27305,-9.01091],[-40.27319,-9.01224],[-40.27542,-9.01127],[-40.275,-9.01051]]]}},{"type":"Feature","properties":{"CD_SETOR":"261110105000071","SITUACAO":"Urbana","NM_BAIRRO":null,"NM_DIST":"Petrolina","v0001":566,"v0007":168,"densidade":4803.2619,"taxa_alfab":0.8554,"pct_60m":0.0601,"pop_10_14":66.0,"pop_15_19":70.0,"renda_media":1009.72,"renda_mediana":1212.0,"infra":0.6994,"pavimentacao":0.8571,"iluminacao":1.0,"calcada":0.9405,"onibus":0.0,"local_id":"145-2100","regiao":"Projetos irrigados (Nilo Coelho / Maria Tereza)"},"geometry":{"type":"Polygon","coordinates":[[[-40.5586,-9.18556],[-40.56122,-9.18552],[-40.56185,-9.18002],[-40.56143,-9.18],[-40.56135,-9.18123],[-40.56067,-9.18124],[-40.56067,-9.18151],[-40.55896,-9.18155],[-40.5602,-9.18313],[-40.55828,-9.18458],[-40.5587,-9.18525],[-40.55844,-9.18536],[-40.5586,-9.18556]]]}},{"type":"Feature","properties":{"CD_SETOR":"261110105000074","SITUACAO":"Rural","NM_BAIRRO":null,"NM_DIST":"Petrolina","v0001":268,"v0007":95,"densidade":2.336,"taxa_alfab":0.7721,"pct_60m":0.2351,"pop_10_14":19.0,"pop_15_19":23.0,"renda_media":1128.57,"renda_mediana":1200.0,"infra":null,"pavimentacao":null,"iluminacao":null,"calcada":null,"onibus":null,"local_id":"145-1082","regiao":"Zona rural da sede"},"geometry":{"type":"Polygon","coordinates":[[[-40.4044,-9.09947],[-40.40195,-9.09969],[-40.40141,-9.09944],[-40.3965,-9.09191],[-40.39605,-9.09165],[-40.39184,-9.09242],[-40.38676,-9.09235],[-40.38423,-9.09368],[-40.37684,-9.0947],[-40.37531,-9.097],[-40.37291,-9.11046],[-40.37291,-9.11105],[-40.37406,-9.11208],[-40.37414,-9.11279],[-40.37072,-9.12091],[-40.36974,-9.12164],[-40.36016,-9.12568],[-40.3577,-9.12706],[-40.3546,-9.1293],[-40.35407,-9.12996],[-40.35233,-9.13341],[-40.34981,-9.13511],[-40.38058,-9.18728],[-40.40267,-9.21357],[-40.40665,-9.21892],[-40.40893,-9.22242],[-40.41588,-9.23426],[-40.42222,-9.24649],[-40.4224,-9.24651],[-40.4229,-9.24637],[-40.42322,-9.24557],[-40.43097,-9.23404],[-40.43238,-9.2323],[-40.43507,-9.22987],[-40.43897,-9.22697],[-40.444,-9.2251],[-40.4465,-9.22273],[-40.45023,-9.2209],[-40.45095,-9.22017],[-40.45116,-9.21935],[-40.45113,-9.21403],[-40.4516,-9.21098],[-40.4519,-9.21011],[-40.45489,-9.20507],[-40.45609,-9.19605],[-40.45542,-9.19178],[-40.45487,-9.19196],[-40.45449,-9.19127],[-40.45357,-9.19162],[-40.45299,-9.18982],[-40.45393,-9.1897],[-40.45411,-9.1873],[-40.45268,-9.18641],[-40.45276,-9.18606],[-40.45526,-9.18479],[-40.45585,-9.18479],[-40.45446,-9.17985],[-40.45287,-9.17694],[-40.4513,-9.16994],[-40.44911,-9.16553],[-40.44831,-9.16474],[-40.4458,-9.16366],[-40.44413,-9.16071],[-40.4427,-9.15581],[-40.44131,-9.15241],[-40.44079,-9.14913],[-40.44003,-9.148],[-40.43966,-9.1465],[-40.43994,-9.14401],[-40.44056,-9.14248],[-40.44103,-9.13929],[-40.44044,-9.13785],[-40.44013,-9.13572],[-40.43945,-9.13423],[-40.43916,-9.13286],[-40.43971,-9.13201],[-40.43973,-9.13134],[-40.43905,-9.12762],[-40.43929,-9.12571],[-40.43871,-9.1224],[-40.43935,-9.12085],[-40.44081,-9.11886],[-40.44237,-9.1147],[-40.44385,-9.11237],[-40.44529,-9.1078],[-40.43909,-9.10844],[-40.43768,-9.10801],[-40.43608,-9.10882],[-40.43536,-9.10892],[-40.42946,-9.10879],[-40.42887,-9.10867],[-40.42783,-9.10756],[-40.42467,-9.10733],[-40.4238,-9.10702],[-40.42314,-9.10599],[-40.42107,-9.09607],[-40.42107,-9.09319],[-40.42027,-9.09043],[-40.41953,-9.08972],[-40.41393,-9.08646],[-40.41265,-9.08654],[-40.41181,-9.08719],[-40.40665,-9.09471],[-40.40489,-9.09914],[-40.4044,-9.09947]],[[-40.41473,-9.21687],[-40.41225,-9.21791],[-40.4107,-9.2144],[-40.41299,-9.21299],[-40.41443,-9.21535],[-40.41473,-9.21687]]]}},{"type":"Feature","properties":{"CD_SETOR":"261110105000075","SITUACAO":"Rural","NM_BAIRRO":null,"NM_DIST":"Petrolina","v0001":293,"v0007":90,"densidade":2069.557,"taxa_alfab":0.7476,"pct_60m":0.0922,"pop_10_14":34.0,"pop_15_19":25.0,"renda_media":1129.66,"renda_mediana":1212.0,"infra":null,"pavimentacao":null,"iluminacao":null,"calcada":null,"onibus":null,"local_id":"145-2160","regiao":"Zona rural da sede"},"geometry":{"type":"Polygon","coordinates":[[[-40.4107,-9.2144],[-40.41225,-9.21791],[-40.41473,-9.21687],[-40.41443,-9.21535],[-40.41299,-9.21299],[-40.4107,-9.2144]]]}},{"type":"Feature","properties":{"CD_SETOR":"261110105000077","SITUACAO":"Rural","NM_BAIRRO":null,"NM_DIST":"Petrolina","v0001":218,"v0007":71,"densidade":2292.4748,"taxa_alfab":0.7882,"pct_60m":0.1284,"pop_10_14":21.0,"pop_15_19":22.0,"renda_media":1025.39,"renda_mediana":1212.0,"infra":null,"pavimentacao":null,"iluminacao":null,"calcada":null,"onibus":null,"local_id":"144-1392","regiao":"Zona rural da sede"},"geometry":{"type":"Polygon","coordinates":[[[-40.25458,-9.0262],[-40.25861,-9.02686],[-40.25912,-9.0252],[-40.25464,-9.02434],[-40.25434,-9.02549],[-40.25474,-9.02558],[-40.25458,-9.0262]]]}},{"type":"Feature","properties":{"CD_SETOR":"261110105000078","SITUACAO":"Rural","NM_BAIRRO":null,"NM_DIST":"Petrolina","v0001":251,"v0007":70,"densidade":1706.9373,"taxa_alfab":0.8641,"pct_60m":0.1155,"pop_10_14":26.0,"pop_15_19":27.0,"renda_media":1169.43,"renda_mediana":1212.0,"infra":null,"pavimentacao":null,"iluminacao":null,"calcada":null,"onibus":null,"local_id":"144-1392","regiao":"Zona rural da sede"},"geometry":{"type":"Polygon","coordinates":[[[-40.23624,-9.03302],[-40.23983,-9.03351],[-40.24031,-9.03019],[-40.23671,-9.02973],[-40.23624,-9.03302]]]}},{"type":"Feature","properties":{"CD_SETOR":"261110105000082","SITUACAO":"Rural","NM_BAIRRO":null,"NM_DIST":"Petrolina","v0001":541,"v0007":182,"densidade":4871.6574,"taxa_alfab":0.8571,"pct_60m":0.0277,"pop_10_14":53.0,"pop_15_19":70.0,"renda_media":1034.69,"renda_mediana":1212.0,"infra":null,"pavimentacao":null,"iluminacao":null,"calcada":null,"onibus":null,"local_id":"145-2097","regiao":"Projetos irrigados (Nilo Coelho / Maria Tereza)"},"geometry":{"type":"Polygon","coordinates":[[[-40.53009,-9.14592],[-40.52992,-9.14874],[-40.53323,-9.14875],[-40.53327,-9.14595],[-40.53009,-9.14592]]]}},{"type":"Feature","properties":{"CD_SETOR":"261110105000083","SITUACAO":"Rural","NM_BAIRRO":null,"NM_DIST":"Petrolina","v0001":234,"v0007":72,"densidade":2121.1066,"taxa_alfab":0.8225,"pct_60m":0.0769,"pop_10_14":22.0,"pop_15_19":22.0,"renda_media":1545.5,"renda_mediana":1212.0,"infra":0.75,"pavimentacao":1.0,"iluminacao":1.0,"calcada":1.0,"onibus":0.0,"local_id":"145-2151","regiao":"Projetos irrigados (Nilo Coelho / Maria Tereza)"},"geometry":{"type":"Polygon","coordinates":[[[-40.55795,-9.2089],[-40.55941,-9.19784],[-40.55857,-9.19762],[-40.55738,-9.20702],[-40.55759,-9.20727],[-40.55739,-9.20885],[-40.55795,-9.2089]]]}},{"type":"Feature","properties":{"CD_SETOR":"261110105000088","SITUACAO":"Rural","NM_BAIRRO":null,"NM_DIST":"Petrolina","v0001":411,"v0007":122,"densidade":8.3412,"taxa_alfab":0.7748,"pct_60m":0.0827,"pop_10_14":40.0,"pop_15_19":48.0,"renda_media":1279.0,"renda_mediana":1212.0,"infra":null,"pavimentacao":null,"iluminacao":null,"calcada":null,"onibus":null,"local_id":"145-2160","regiao":"Zona rural da sede"},"geometry":{"type":"Polygon","coordinates":[[[-40.4669,-9.31234],[-40.47067,-9.30988],[-40.47114,-9.30935],[-40.47077,-9.30824],[-40.47071,-9.30662],[-40.47219,-9.30252],[-40.47221,-9.29852],[-40.47067,-9.29745],[-40.47144,-9.2976],[-40.47318,-9.29854],[-40.48402,-9.30114],[-40.48491,-9.29751],[-40.48491,-9.2968],[-40.46469,-9.24838],[-40.46335,-9.24513],[-40.46342,-9.24484],[-40.46358,-9.24465],[-40.46588,-9.24431],[-40.47474,-9.23918],[-40.48527,-9.23819],[-40.48756,-9.23685],[-40.48891,-9.23642],[-40.48972,-9.23556],[-40.49541,-9.23222],[-40.49531,-9.23041],[-40.49573,-9.23051],[-40.49575,-9.22941],[-40.49618,-9.22922],[-40.49621,-9.22807],[-40.49708,-9.22804],[-40.49731,-9.22591],[-40.49857,-9.22481],[-40.49613,-9.2227],[-40.49696,-9.22209],[-40.49804,-9.22051],[-40.48805,-9.22045],[-40.48746,-9.21625],[-40.48699,-9.21563],[-40.48791,-9.21579],[-40.49057,-9.21219],[-40.49706,-9.20588],[-40.49718,-9.202],[-40.49473,-9.20038],[-40.47336,-9.20491],[-40.47294,-9.20533],[-40.47194,-9.20577],[-40.47113,-9.20671],[-40.47092,-9.20731],[-40.47042,-9.20768],[-40.46979,-9.2092],[-40.46975,-9.21087],[-40.47037,-9.21254],[-40.46995,-9.21365],[-40.46779,-9.21579],[-40.46586,-9.21608],[-40.46631,-9.21645],[-40.46566,-9.21649],[-40.46537,-9.21612],[-40.46419,-9.21604],[-40.46386,-9.21673],[-40.46313,-9.21637],[-40.46133,-9.21665],[-40.46019,-9.21657],[-40.45961,-9.21579],[-40.45949,-9.214],[-40.45818,-9.21449],[-40.45794,-9.21481],[-40.45769,-9.21461],[-40.45713,-9.21506],[-40.45663,-9.21502],[-40.45631,-9.21539],[-40.45479,-9.21543],[-40.45455,-9.21567],[-40.45353,-9.21592],[-40.45373,-9.21763],[-40.45279,-9.21755],[-40.45115,-9.21838],[-40.45109,-9.21975],[-40.45045,-9.22075],[-40.4465,-9.22273],[-40.444,-9.2251],[-40.43897,-9.22697],[-40.43507,-9.22987],[-40.43217,-9.2325],[-40.42413,-9.24419],[-40.4229,-9.24637],[-40.42222,-9.24649],[-40.42438,-9.25073],[-40.42475,-9.2519],[-40.42521,-9.25228],[-40.45407,-9.30853],[-40.45473,-9.30825],[-40.46104,-9.316],[-40.46157,-9.31322],[-40.46237,-9.31336],[-40.46364,-9.31272],[-40.46461,-9.3113],[-40.46547,-9.31048],[-40.4664,-9.30996],[-40.46628,-9.31145],[-40.46657,-9.31221],[-40.4669,-9.31234]],[[-40.46249,-9.28155],[-40.46429,-9.28185],[-40.46563,-9.28252],[-40.46815,-9.28613],[-40.46823,-9.2864],[-40.4679,-9.28707],[-40.46804,-9.28731],[-40.4678,-9.2878],[-40.46747,-9.28789],[-40.46721,-9.28827],[-40.46673,-9.29008],[-40.46581,-9.29087],[-40.46559,-9.29087],[-40.46559,-9.29022],[-40.46483,-9.29019],[-40.46469,-9.28932],[-40.46052,-9.28928],[-40.46003,-9.28625],[-40.46042,-9.28329],[-40.45994,-9.28328],[-40.46058,-9.28223],[-40.46113,-9.28183],[-40.46066,-9.28147],[-40.45973,-9.28176],[-40.45826,-9.28162],[-40.4556,-9.28215],[-40.45513,-9.28255],[-40.45441,-9.27995],[-40.45797,-9.28008],[-40.45763,-9.27793],[-40.45776,-9.27689],[-40.45913,-9.27629],[-40.45951,-9.27534],[-40.46047,-9.27502],[-40.46317,-9.27544],[-40.46337,-9.27563],[-40.46299,-9.27701],[-40.46221,-9.27756],[-40.4622,-9.28066],[-40.46249,-9.28155]],[[-40.42701,-9.25455],[-40.42547,-9.2516],[-40.42386,-9.24845],[-40.42533,-9.24844],[-40.42745,-9.25007],[-40.42918,-9.25057],[-40.42853,-9.25404],[-40.42701,-9.25455]]]}},{"type":"Feature","properties":{"CD_SETOR":"261110105000089","SITUACAO":"Urbana","NM_BAIRRO":null,"NM_DIST":"Petrolina","v0001":589,"v0007":185,"densidade":5596.6671,"taxa_alfab":0.8786,"pct_60m":0.0357,"pop_10_14":64.0,"pop_15_19":73.0,"renda_media":1036.59,"renda_mediana":1112.0,"infra":0.6973,"pavimentacao":0.9081,"iluminacao":0.9405,"calcada":0.9405,"onibus":0.0,"local_id":"144-1384","regiao":"Projetos irrigados (Nilo Coelho / Maria Tereza)"},"geometry":{"type":"Polygon","coordinates":[[[-40.4268,-9.29644],[-40.43086,-9.29334],[-40.43036,-9.29271],[-40.42796,-9.29453],[-40.4269,-9.2926],[-40.42678,-9.29122],[-40.42714,-9.28976],[-40.42692,-9.28967],[-40.42675,-9.29015],[-40.42647,-9.29009],[-40.42628,-9.29078],[-40.42604,-9.29074],[-40.42605,-9.29178],[-40.42548,-9.29195],[-40.42681,-9.29463],[-40.42659,-9.29489],[-40.4268,-9.29644]]]}},{"type":"Feature","properties":{"CD_SETOR":"261110105000090","SITUACAO":"Urbana","NM_BAIRRO":null,"NM_DIST":"Petrolina","v0001":395,"v0007":113,"densidade":2699.1367,"taxa_alfab":0.8314,"pct_60m":0.0532,"pop_10_14":47.0,"pop_15_19":30.0,"renda_media":1215.83,"renda_mediana":1200.0,"infra":0.2478,"pavimentacao":0.0,"iluminacao":0.9292,"calcada":0.0619,"onibus":0.0,"local_id":"144-1554","regiao":"Zona rural da sede"},"geometry":{"type":"Polygon","coordinates":[[[-40.32616,-9.13925],[-40.32598,-9.14003],[-40.32699,-9.14271],[-40.32759,-9.14229],[-40.32809,-9.14142],[-40.32863,-9.13933],[-40.33001,-9.13888],[-40.32903,-9.13607],[-40.32616,-9.13925]]]}},{"type":"Feature","properties":{"CD_SETOR":"261110105000091","SITUACAO":"Urbana","NM_BAIRRO":null,"NM_DIST":"Petrolina","v0001":481,"v0007":159,"densidade":6989.433,"taxa_alfab":0.7756,"pct_60m":0.0832,"pop_10_14":47.0,"pop_15_19":55.0,"renda_media":1217.65,"renda_mediana":1212.0,"infra":0.5629,"pavimentacao":0.6478,"iluminacao":1.0,"calcada":0.6038,"onibus":0.0,"local_id":"144-1554","regiao":"Zona rural da sede"},"geometry":{"type":"Polygon","coordinates":[[[-40.32459,-9.13899],[-40.32372,-9.14013],[-40.32426,-9.14056],[-40.32482,-9.1398],[-40.32601,-9.14345],[-40.32699,-9.14271],[-40.32598,-9.14003],[-40.32616,-9.13925],[-40.32547,-9.13882],[-40.32513,-9.13928],[-40.32459,-9.13899]]]}},{"type":"Feature","properties":{"CD_SETOR":"261110105000092","SITUACAO":"Urbana","NM_BAIRRO":null,"NM_DIST":"Petrolina","v0001":427,"v0007":147,"densidade":4074.215,"taxa_alfab":0.794,"pct_60m":0.0515,"pop_10_14":38.0,"pop_15_19":35.0,"renda_media":1027.58,"renda_mediana":1200.0,"infra":0.5646,"pavimentacao":0.6667,"iluminacao":0.8707,"calcada":0.7211,"onibus":0.0,"local_id":"144-1554","regiao":"Zona rural da sede"},"geometry":{"type":"Polygon","coordinates":[[[-40.32459,-9.13899],[-40.32513,-9.13928],[-40.32547,-9.13882],[-40.32616,-9.13925],[-40.32903,-9.13607],[-40.32827,-9.13394],[-40.32459,-9.13899]]]}},{"type":"Feature","properties":{"CD_SETOR":"261110105000093","SITUACAO":"Urbana","NM_BAIRRO":null,"NM_DIST":"Petrolina","v0001":292,"v0007":89,"densidade":2907.8705,"taxa_alfab":0.9183,"pct_60m":0.0925,"pop_10_14":32.0,"pop_15_19":36.0,"renda_media":1477.17,"renda_mediana":1212.0,"infra":0.4382,"pavimentacao":0.7528,"iluminacao":0.8876,"calcada":0.1124,"onibus":0.0,"local_id":"83-1724","regiao":"Zona rural da sede"},"geometry":{"type":"Polygon","coordinates":[[[-40.58958,-9.45646],[-40.58926,-9.45729],[-40.59071,-9.45822],[-40.5957,-9.45987],[-40.59582,-9.45921],[-40.59552,-9.45916],[-40.59568,-9.45866],[-40.59434,-9.45823],[-40.5942,-9.45872],[-40.59336,-9.45851],[-40.59349,-9.45807],[-40.59278,-9.45779],[-40.59268,-9.45802],[-40.59212,-9.45784],[-40.59238,-9.45721],[-40.59169,-9.45689],[-40.59197,-9.45614],[-40.59153,-9.45591],[-40.5912,-9.45673],[-40.59029,-9.45638],[-40.59015,-9.45672],[-40.58958,-9.45646]]]}},{"type":"Feature","properties":{"CD_SETOR":"261110105000094","SITUACAO":"Rural","NM_BAIRRO":null,"NM_DIST":"Petrolina","v0001":561,"v0007":170,"densidade":9.1584,"taxa_alfab":0.8829,"pct_60m":0.1212,"pop_10_14":56.0,"pop_15_19":51.0,"renda_media":1379.77,"renda_mediana":1212.0,"infra":null,"pavimentacao":null,"iluminacao":null,"calcada":null,"onibus":null,"local_id":"83-1724","regiao":"Zona rural da sede"},"geometry":{"type":"Polygon","coordinates":[[[-40.54679,-9.41999],[-40.54813,-9.42193],[-40.54932,-9.42479],[-40.55072,-9.427],[-40.55213,-9.43056],[-40.55514,-9.43691],[-40.55781,-9.44004],[-40.5586,-9.44069],[-40.55978,-9.44134],[-40.56393,-9.44281],[-40.56423,-9.44192],[-40.56454,-9.44192],[-40.56532,-9.43955],[-40.56637,-9.43984],[-40.56736,-9.43747],[-40.56794,-9.43751],[-40.57137,-9.43907],[-40.56913,-9.44472],[-40.57301,-9.44803],[-40.57747,-9.45048],[-40.57919,-9.45091],[-40.58054,-9.45152],[-40.58494,-9.45444],[-40.58571,-9.45325],[-40.58697,-9.45385],[-40.58867,-9.45099],[-40.59127,-9.4521],[-40.58958,-9.45646],[-40.59015,-9.45672],[-40.59029,-9.45638],[-40.5912,-9.45673],[-40.59153,-9.45591],[-40.59197,-9.45614],[-40.59169,-9.45689],[-40.59238,-9.45721],[-40.59212,-9.45784],[-40.59268,-9.45802],[-40.59278,-9.45779],[-40.59349,-9.45807],[-40.59336,-9.45851],[-40.5942,-9.45872],[-40.59434,-9.45823],[-40.59568,-9.45866],[-40.59552,-9.45916],[-40.59582,-9.45921],[-40.5957,-9.45987],[-40.60104,-9.4613],[-40.60534,-9.46302],[-40.60936,-9.46416],[-40.61383,-9.46722],[-40.61612,-9.46847],[-40.62379,-9.47009],[-40.62746,-9.47064],[-40.62986,-9.47166],[-40.63044,-9.47171],[-40.63339,-9.47065],[-40.63643,-9.47012],[-40.64023,-9.46798],[-40.64356,-9.46706],[-40.65369,-9.46185],[-40.6549,-9.46165],[-40.65744,-9.4622],[-40.65961,-9.46211],[-40.65451,-9.44775],[-40.65263,-9.4485],[-40.6455,-9.42971],[-40.6411,-9.4317],[-40.64052,-9.43168],[-40.63762,-9.41176],[-40.63172,-9.40344],[-40.63174,-9.40069],[-40.63054,-9.40067],[-40.62972,-9.39605],[-40.5818,-9.3949],[-40.58233,-9.39622],[-40.58249,-9.39786],[-40.58376,-9.40334],[-40.58371,-9.40425],[-40.58255,-9.40739],[-40.58116,-9.41017],[-40.57856,-9.41223],[-40.57683,-9.41312],[-40.57646,-9.41348],[-40.57635,-9.4144],[-40.57575,-9.4151],[-40.57561,-9.41614],[-40.57514,-9.41647],[-40.57427,-9.41654],[-40.57408,-9.41697],[-40.57281,-9.41785],[-40.57289,-9.41836],[-40.57127,-9.4195],[-40.57123,-9.41974],[-40.57065,-9.41991],[-40.56895,-9.42107],[-40.56785,-9.42138],[-40.5643,-9.42027],[-40.5629,-9.41947],[-40.56195,-9.41954],[-40.56126,-9.41976],[-40.55827,-9.42264],[-40.557,-9.42266],[-40.55577,-9.42209],[-40.55355,-9.42034],[-40.55244,-9.41932],[-40.5504,-9.41689],[-40.54954,-9.4168],[-40.54852,-9.41709],[-40.5473,-9.41987],[-40.54679,-9.41999]]]}},{"type":"Feature","properties":{"CD_SETOR":"261110105000095","SITUACAO":"Rural","NM_BAIRRO":null,"NM_DIST":"Petrolina","v0001":161,"v0007":59,"densidade":972.8871,"taxa_alfab":0.8017,"pct_60m":0.0807,"pop_10_14":15.0,"pop_15_19":14.0,"renda_media":1117.81,"renda_mediana":1212.0,"infra":null,"pavimentacao":null,"iluminacao":null,"calcada":null,"onibus":null,"local_id":"145-1864","regiao":"Zona rural da sede"},"geometry":{"type":"Polygon","coordinates":[[[-40.58453,-9.04947],[-40.58544,-9.0514],[-40.58407,-9.05205],[-40.58468,-9.05284],[-40.58476,-9.05418],[-40.58687,-9.05264],[-40.58678,-9.05236],[-40.58873,-9.05183],[-40.58865,-9.05085],[-40.58805,-9.05096],[-40.58775,-9.04954],[-40.58655,-9.04877],[-40.58521,-9.04868],[-40.58462,-9.04893],[-40.58479,-9.04918],[-40.58453,-9.04947]]]}},{"type":"Feature","properties":{"CD_SETOR":"261110105000096","SITUACAO":"Rural","NM_BAIRRO":null,"NM_DIST":"Petrolina","v0001":346,"v0007":122,"densidade":2.876,"taxa_alfab":0.7757,"pct_60m":0.1821,"pop_10_14":35.0,"pop_15_19":21.0,"renda_media":1074.67,"renda_mediana":1212.0,"infra":null,"pavimentacao":null,"iluminacao":null,"calcada":null,"onibus":null,"local_id":"145-1864","regiao":"Zona rural da sede"},"geometry":{"type":"Polygon","coordinates":[[[-40.5746,-8.93065],[-40.574,-8.93094],[-40.57144,-8.93088],[-40.57071,-8.93116],[-40.56933,-8.93235],[-40.56904,-8.93318],[-40.56881,-8.93596],[-40.56873,-8.94114],[-40.56889,-8.94288],[-40.56852,-8.94535],[-40.5666,-8.94718],[-40.5648,-8.94832],[-40.56348,-8.94962],[-40.56266,-8.95138],[-40.56196,-8.95555],[-40.5615,-8.95634],[-40.55955,-8.95828],[-40.55812,-8.95923],[-40.55663,-8.96091],[-40.55548,-8.96166],[-40.55508,-8.96286],[-40.55481,-8.96637],[-40.55444,-8.968],[-40.55415,-8.97236],[-40.55306,-8.97698],[-40.55293,-8.979],[-40.55323,-8.98093],[-40.55643,-8.98716],[-40.5566,-8.98848],[-40.55531,-8.99084],[-40.55466,-8.99127],[-40.55299,-8.99152],[-40.55266,-8.99246],[-40.5527,-8.99299],[-40.55074,-8.99314],[-40.54718,-8.99383],[-40.54604,-8.99339],[-40.54494,-8.99244],[-40.54362,-8.99176],[-40.54037,-8.99083],[-40.53698,-8.9907],[-40.53459,-8.99172],[-40.5341,-8.99214],[-40.53326,-8.9935],[-40.53287,-8.99372],[-40.53301,-8.99725],[-40.53283,-8.99853],[-40.53372,-9.00179],[-40.53452,-9.00612],[-40.54658,-9.03046],[-40.54857,-9.04247],[-40.54861,-9.0437],[-40.54891,-9.04458],[-40.55052,-9.04755],[-40.55311,-9.04887],[-40.55377,-9.04985],[-40.5539,-9.0554],[-40.55503,-9.05896],[-40.5555,-9.05965],[-40.55734,-9.06134],[-40.55837,-9.06191],[-40.55908,-9.06391],[-40.55979,-9.06495],[-40.5643,-9.0688],[-40.56595,-9.07177],[-40.56616,-9.07361],[-40.56555,-9.07588],[-40.56564,-9.07774],[-40.56542,-9.07954],[-40.56485,-9.08011],[-40.56463,-9.08187],[-40.56479,-9.08237],[-40.56525,-9.08326],[-40.56566,-9.08349],[-40.56772,-9.08388],[-40.56856,-9.08447],[-40.56946,-9.08712],[-40.57046,-9.08846],[-40.57163,-9.08938],[-40.57331,-9.08988],[-40.57394,-9.09042],[-40.57354,-9.09099],[-40.57411,-9.09228],[-40.57664,-9.0927],[-40.57819,-9.09271],[-40.57849,-9.09298],[-40.57806,-9.09456],[-40.57555,-9.09566],[-40.57527,-9.09679],[-40.57543,-9.09807],[-40.57711,-9.10068],[-40.57681,-9.10286],[-40.57758,-9.10543],[-40.57798,-9.10768],[-40.57969,-9.10839],[-40.58059,-9.1116],[-40.58172,-9.11225],[-40.58483,-9.11241],[-40.58653,-9.11351],[-40.58863,-9.11526],[-40.59125,-9.11507],[-40.59146,-9.11536],[-40.592,-9.11547],[-40.5944,-9.11505],[-40.5949,-9.11536],[-40.59558,-9.11639],[-40.59608,-9.11638],[-40.59715,-9.11574],[-40.59902,-9.11294],[-40.59846,-9.11151],[-40.59889,-9.11113],[-40.6003,-9.11072],[-40.60086,-9.11032],[-40.60088,-9.1098],[-40.60021,-9.10903],[-40.60013,-9.10793],[-40.60146,-9.10698],[-40.60141,-9.10566],[-40.60298,-9.10502],[-40.60322,-9.1045],[-40.60311,-9.10379],[-40.60366,-9.10376],[-40.60552,-9.10189],[-40.60751,-9.09939],[-40.60922,-9.09868],[-40.6119,-9.0965],[-40.61055,-8.92855],[-40.60816,-8.92829],[-40.60759,-8.92785],[-40.60705,-8.92685],[-40.60536,-8.9257],[-40.60431,-8.92435],[-40.60436,-8.9241],[-40.60476,-8.92395],[-40.60469,-8.92369],[-40.60385,-8.92321],[-40.60208,-8.92281],[-40.60148,-8.9229],[-40.60062,-8.92355],[-40.60003,-8.92431],[-40.59989,-8.92759],[-40.59876,-8.92856],[-40.59654,-8.92874],[-40.59635,-8.92819],[-40.59454,-8.92574],[-40.59179,-8.92827],[-40.5914,-8.92829],[-40.5905,-8.92778],[-40.58973,-8.92649],[-40.58854,-8.92742],[-40.58555,-8.92827],[-40.58396,-8.92769],[-40.58172,-8.92776],[-40.58089,-8.92834],[-40.57926,-8.93067],[-40.57867,-8.93101],[-40.57832,-8.93098],[-40.57773,-8.93047],[-40.57647,-8.93082],[-40.5746,-8.93065]],[[-40.57524,-8.93757],[-40.57741,-8.93754],[-40.57715,-8.93844],[-40.57623,-8.93902],[-40.57683,-8.93973],[-40.57779,-8.94025],[-40.57692,-8.94279],[-40.57668,-8.94269],[-40.57614,-8.9453],[-40.57528,-8.94512],[-40.57539,-8.94392],[-40.57359,-8.94353],[-40.57362,-8.94302],[-40.57314,-8.94265],[-40.57147,-8.94222],[-40.57048,-8.94154],[-40.57169,-8.93931],[-40.57208,-8.93802],[-40.57367,-8.93781],[-40.57382,-8.93901],[-40.57462,-8.93914],[-40.57524,-8.93757]],[[-40.58544,-9.0514],[-40.58453,-9.04947],[-40.58479,-9.04918],[-40.58462,-9.04893],[-40.58521,-9.04868],[-40.58655,-9.04877],[-40.58775,-9.04954],[-40.58805,-9.05096],[-40.58865,-9.05085],[-40.58873,-9.05183],[-40.58678,-9.05236],[-40.58687,-9.05264],[-40.58476,-9.05418],[-40.58468,-9.05284],[-40.58407,-9.05205],[-40.58544,-9.0514]]]}},{"type":"Feature","properties":{"CD_SETOR":"261110105000097","SITUACAO":"Rural","NM_BAIRRO":null,"NM_DIST":"Petrolina","v0001":501,"v0007":177,"densidade":31.0307,"taxa_alfab":0.8128,"pct_60m":0.1178,"pop_10_14":50.0,"pop_15_19":32.0,"renda_media":1176.48,"renda_mediana":1200.0,"infra":null,"pavimentacao":null,"iluminacao":null,"calcada":null,"onibus":null,"local_id":"83-1643","regiao":"Zona rural da sede"},"geometry":{"type":"Polygon","coordinates":[[[-40.69054,-9.45041],[-40.70233,-9.44648],[-40.70427,-9.44538],[-40.70488,-9.44431],[-40.70523,-9.44408],[-40.71165,-9.44113],[-40.713,-9.44006],[-40.71437,-9.43989],[-40.71486,-9.43941],[-40.71537,-9.43944],[-40.71574,-9.43898],[-40.71768,-9.43842],[-40.71831,-9.43803],[-40.71862,-9.43808],[-40.71945,-9.43757],[-40.72461,-9.43645],[-40.72908,-9.43479],[-40.7285,-9.43155],[-40.72621,-9.4128],[-40.72511,-9.40786],[-40.72553,-9.40469],[-40.72578,-9.40423],[-40.72578,-9.39806],[-40.69433,-9.39748],[-40.69356,-9.41668],[-40.70031,-9.43355],[-40.70269,-9.43249],[-40.70443,-9.43705],[-40.70177,-9.43739],[-40.69943,-9.43856],[-40.70034,-9.44022],[-40.6998,-9.44169],[-40.69872,-9.44299],[-40.69656,-9.44456],[-40.69587,-9.44556],[-40.69465,-9.44644],[-40.69362,-9.44784],[-40.69023,-9.44981],[-40.69054,-9.45041]]]}},{"type":"Feature","properties":{"CD_SETOR":"261110105000098","SITUACAO":"Rural","NM_BAIRRO":null,"NM_DIST":"Petrolina","v0001":316,"v0007":93,"densidade":2279.5805,"taxa_alfab":0.8578,"pct_60m":0.0886,"pop_10_14":39.0,"pop_15_19":26.0,"renda_media":1185.33,"renda_mediana":1212.0,"infra":null,"pavimentacao":null,"iluminacao":null,"calcada":null,"onibus":null,"local_id":"83-1651","regiao":"Zona rural da sede"},"geometry":{"type":"Polygon","coordinates":[[[-40.70031,-9.43355],[-40.70183,-9.43711],[-40.70177,-9.43739],[-40.70443,-9.43705],[-40.70269,-9.43249],[-40.70031,-9.43355]]]}},{"type":"Feature","properties":{"CD_SETOR":"261110105000099","SITUACAO":"Rural","NM_BAIRRO":null,"NM_DIST":"Petrolina","v0001":368,"v0007":119,"densidade":3657.3399,"taxa_alfab":0.8378,"pct_60m":0.0924,"pop_10_14":37.0,"pop_15_19":31.0,"renda_media":1048.33,"renda_mediana":1100.0,"infra":null,"pavimentacao":null,"iluminacao":null,"calcada":null,"onibus":null,"local_id":"144-1570","regiao":"Zona rural da sede"},"geometry":{"type":"Polygon","coordinates":[[[-40.34662,-9.3408],[-40.34729,-9.34275],[-40.35078,-9.3409],[-40.35039,-9.34016],[-40.3518,-9.33939],[-40.35155,-9.33887],[-40.34948,-9.33974],[-40.34934,-9.33951],[-40.34662,-9.3408]]]}},{"type":"Feature","properties":{"CD_SETOR":"261110105000101","SITUACAO":"Rural","NM_BAIRRO":null,"NM_DIST":"Petrolina","v0001":61,"v0007":30,"densidade":215.5775,"taxa_alfab":0.8,"pct_60m":0.5082,"pop_10_14":0.0,"pop_15_19":4.0,"renda_media":1360.41,"renda_mediana":1212.0,"infra":null,"pavimentacao":null,"iluminacao":null,"calcada":null,"onibus":null,"local_id":"145-1082","regiao":"Zona rural da sede"},"geometry":{"type":"Polygon","coordinates":[[[-40.45713,-9.18457],[-40.45526,-9.18479],[-40.45276,-9.18606],[-40.45268,-9.18641],[-40.45411,-9.1873],[-40.45393,-9.1897],[-40.45299,-9.18982],[-40.45357,-9.19162],[-40.45449,-9.19127],[-40.45487,-9.19196],[-40.45542,-9.19178],[-40.45552,-9.19247],[-40.4569,-9.19196],[-40.45626,-9.18914],[-40.45697,-9.18875],[-40.45711,-9.18841],[-40.45689,-9.18703],[-40.45761,-9.18624],[-40.45713,-9.18457]]]}},{"type":"Feature","properties":{"CD_SETOR":"261110105000103","SITUACAO":"Rural","NM_BAIRRO":null,"NM_DIST":"Petrolina","v0001":214,"v0007":65,"densidade":1578.337,"taxa_alfab":0.8704,"pct_60m":0.1075,"pop_10_14":14.0,"pop_15_19":24.0,"renda_media":1280.9,"renda_mediana":1212.0,"infra":null,"pavimentacao":null,"iluminacao":null,"calcada":null,"onibus":null,"local_id":"83-1651","regiao":"Zona rural da sede"},"geometry":{"type":"Polygon","coordinates":[[[-40.70121,-9.43579],[-40.69753,-9.42666],[-40.69612,-9.42287],[-40.69533,-9.42321],[-40.70051,-9.43614],[-40.70121,-9.43579]]]}},{"type":"Feature","properties":{"CD_SETOR":"261110105000104","SITUACAO":"Rural","NM_BAIRRO":null,"NM_DIST":"Petrolina","v0001":136,"v0007":44,"densidade":1684.8928,"taxa_alfab":0.7611,"pct_60m":0.125,"pop_10_14":11.0,"pop_15_19":16.0,"renda_media":1208.0,"renda_mediana":1212.0,"infra":null,"pavimentacao":null,"iluminacao":null,"calcada":null,"onibus":null,"local_id":"83-1651","regiao":"Zona rural da sede"},"geometry":{"type":"Polygon","coordinates":[[[-40.67556,-9.45636],[-40.67601,-9.45691],[-40.67779,-9.45487],[-40.67695,-9.45266],[-40.67481,-9.45386],[-40.67592,-9.45608],[-40.67556,-9.45636]]]}},{"type":"Feature","properties":{"CD_SETOR":"261110105000105","SITUACAO":"Rural","NM_BAIRRO":null,"NM_DIST":"Petrolina","v0001":570,"v0007":190,"densidade":13.9105,"taxa_alfab":0.8664,"pct_60m":0.1579,"pop_10_14":55.0,"pop_15_19":64.0,"renda_media":1336.57,"renda_mediana":1212.0,"infra":null,"pavimentacao":null,"iluminacao":null,"calcada":null,"onibus":null,"local_id":"83-1651","regiao":"Zona rural da sede"},"geometry":{"type":"Polygon","coordinates":[[[-40.66375,-9.46591],[-40.66466,-9.46538],[-40.66505,-9.46547],[-40.66561,-9.46514],[-40.66628,-9.46508],[-40.66691,-9.46455],[-40.66787,-9.46434],[-40.66855,-9.46391],[-40.66875,-9.46353],[-40.67046,-9.46286],[-40.6708,-9.46248],[-40.67177,-9.46207],[-40.67195,-9.46178],[-40.67252,-9.46158],[-40.67282,-9.4617],[-40.67324,-9.46115],[-40.67506,-9.45989],[-40.67588,-9.45973],[-40.6762,-9.4594],[-40.67877,-9.45832],[-40.68074,-9.45777],[-40.68222,-9.45709],[-40.68337,-9.45618],[-40.6838,-9.45546],[-40.68481,-9.45448],[-40.68641,-9.45344],[-40.68857,-9.45152],[-40.6892,-9.45158],[-40.68944,-9.4511],[-40.69054,-9.45041],[-40.69023,-9.44981],[-40.69362,-9.44784],[-40.69439,-9.44671],[-40.69587,-9.44556],[-40.69656,-9.44456],[-40.69872,-9.44299],[-40.6998,-9.44169],[-40.70034,-9.44022],[-40.69943,-9.43856],[-40.70187,-9.43732],[-40.70121,-9.43579],[-40.70051,-9.43614],[-40.69858,-9.43132],[-40.69533,-9.42321],[-40.69612,-9.42287],[-40.69353,-9.41654],[-40.69433,-9.39748],[-40.62972,-9.39605],[-40.63054,-9.40067],[-40.63174,-9.40069],[-40.63172,-9.40344],[-40.63762,-9.41176],[-40.64052,-9.43168],[-40.6411,-9.4317],[-40.6455,-9.42971],[-40.65263,-9.4485],[-40.65451,-9.44775],[-40.66115,-9.4663],[-40.66375,-9.46591]],[[-40.67556,-9.45636],[-40.67592,-9.45608],[-40.67481,-9.45386],[-40.67695,-9.45266],[-40.67779,-9.45487],[-40.67601,-9.45691],[-40.67556,-9.45636]]]}},{"type":"Feature","properties":{"CD_SETOR":"261110105000106","SITUACAO":"Urbana","NM_BAIRRO":null,"NM_DIST":"Petrolina","v0001":671,"v0007":200,"densidade":1677.327,"taxa_alfab":0.8619,"pct_60m":0.0581,"pop_10_14":67.0,"pop_15_19":74.0,"renda_media":1121.89,"renda_mediana":1212.0,"infra":0.4313,"pavimentacao":0.275,"iluminacao":0.91,"calcada":0.54,"onibus":0.22,"local_id":"145-1309","regiao":"Projetos irrigados (Nilo Coelho / Maria Tereza)"},"geometry":{"type":"Polygon","coordinates":[[[-40.52964,-9.27335],[-40.53469,-9.27526],[-40.53547,-9.27303],[-40.53968,-9.27447],[-40.54034,-9.27313],[-40.53696,-9.27213],[-40.53728,-9.27119],[-40.53487,-9.27058],[-40.53413,-9.27129],[-40.53111,-9.27035],[-40.53167,-9.26932],[-40.53151,-9.26912],[-40.52842,-9.27026],[-40.52964,-9.27335]]]}},{"type":"Feature","properties":{"CD_SETOR":"261110105000110","SITUACAO":"Urbana","NM_BAIRRO":null,"NM_DIST":"Petrolina","v0001":603,"v0007":186,"densidade":6697.7421,"taxa_alfab":0.7995,"pct_60m":0.0531,"pop_10_14":57.0,"pop_15_19":66.0,"renda_media":923.2,"renda_mediana":1000.0,"infra":0.7083,"pavimentacao":1.0,"iluminacao":0.9946,"calcada":0.8387,"onibus":0.0323,"local_id":"145-2089","regiao":"Projetos irrigados (Nilo Coelho / Maria Tereza)"},"geometry":{"type":"Polygon","coordinates":[[[-40.49912,-9.29154],[-40.50305,-9.29047],[-40.50277,-9.28986],[-40.50188,-9.28888],[-40.50079,-9.28898],[-40.4986,-9.28979],[-40.49916,-9.29181],[-40.49912,-9.29154]]]}},{"type":"Feature","properties":{"CD_SETOR":"261110105000112","SITUACAO":"Urbana","NM_BAIRRO":null,"NM_DIST":"Petrolina","v0001":152,"v0007":46,"densidade":2872.801,"taxa_alfab":0.7327,"pct_60m":0.0263,"pop_10_14":16.0,"pop_15_19":19.0,"renda_media":938.84,"renda_mediana":800.0,"infra":0.1522,"pavimentacao":0.0217,"iluminacao":0.587,"calcada":0.0,"onibus":0.0,"local_id":"145-1309","regiao":"Projetos irrigados (Nilo Coelho / Maria Tereza)"},"geometry":{"type":"Polygon","coordinates":[[[-40.5321,-9.27906],[-40.53112,-9.2798],[-40.53361,-9.2814],[-40.53424,-9.28073],[-40.53511,-9.28028],[-40.5321,-9.27906]]]}},{"type":"Feature","properties":{"CD_SETOR":"261110105000114","SITUACAO":"Rural","NM_BAIRRO":null,"NM_DIST":"Petrolina","v0001":282,"v0007":89,"densidade":10.3437,"taxa_alfab":0.7198,"pct_60m":0.0567,"pop_10_14":21.0,"pop_15_19":21.0,"renda_media":1681.87,"renda_mediana":1212.0,"infra":null,"pavimentacao":null,"iluminacao":null,"calcada":null,"onibus":null,"local_id":"145-1520","regiao":"Projetos irrigados (Nilo Coelho / Maria Tereza)"},"geometry":{"type":"Polygon","coordinates":[[[-40.52803,-9.27757],[-40.52729,-9.27758],[-40.52667,-9.27801],[-40.52562,-9.2767],[-40.52026,-9.27452],[-40.51802,-9.26485],[-40.51768,-9.26454],[-40.51124,-9.2619],[-40.51044,-9.2609],[-40.51058,-9.2601],[-40.50938,-9.24996],[-40.50901,-9.24929],[-40.50084,-9.24746],[-40.50026,-9.24702],[-40.4998,-9.24502],[-40.49992,-9.24444],[-40.50348,-9.24074],[-40.50416,-9.23973],[-40.50378,-9.23493],[-40.50318,-9.2343],[-40.49713,-9.23189],[-40.496,-9.23187],[-40.48972,-9.23556],[-40.48891,-9.23642],[-40.48756,-9.23685],[-40.48527,-9.23819],[-40.47474,-9.23918],[-40.46588,-9.24431],[-40.46358,-9.24465],[-40.46342,-9.24484],[-40.46335,-9.24513],[-40.46403,-9.24679],[-40.48329,-9.29305],[-40.48981,-9.29048],[-40.48921,-9.28864],[-40.49087,-9.28771],[-40.49075,-9.28732],[-40.49458,-9.28566],[-40.49373,-9.28296],[-40.49717,-9.28165],[-40.50131,-9.2809],[-40.50166,-9.2809],[-40.50187,-9.28146],[-40.50254,-9.28187],[-40.50383,-9.28164],[-40.50369,-9.28057],[-40.5062,-9.27878],[-40.50672,-9.2787],[-40.50702,-9.27945],[-40.50681,-9.28027],[-40.50755,-9.28025],[-40.50865,-9.28179],[-40.50856,-9.28231],[-40.50907,-9.28271],[-40.50862,-9.28294],[-40.50823,-9.28667],[-40.50974,-9.29069],[-40.51269,-9.28825],[-40.51379,-9.28767],[-40.51611,-9.28587],[-40.51784,-9.28819],[-40.51947,-9.28696],[-40.5212,-9.28907],[-40.52263,-9.28804],[-40.52297,-9.28817],[-40.52382,-9.28939],[-40.52362,-9.29082],[-40.52516,-9.29175],[-40.52522,-9.29128],[-40.52492,-9.2907],[-40.52547,-9.28933],[-40.53499,-9.29189],[-40.53779,-9.28116],[-40.53509,-9.28013],[-40.53361,-9.2814],[-40.53112,-9.2798],[-40.5321,-9.27906],[-40.52803,-9.27757]]]}},{"type":"Feature","properties":{"CD_SETOR":"261110105000115","SITUACAO":"Rural","NM_BAIRRO":null,"NM_DIST":"Petrolina","v0001":343,"v0007":112,"densidade":23.2426,"taxa_alfab":0.7541,"pct_60m":0.0787,"pop_10_14":33.0,"pop_15_19":38.0,"renda_media":1069.1,"renda_mediana":1212.0,"infra":null,"pavimentacao":null,"iluminacao":null,"calcada":null,"onibus":null,"local_id":"144-1457","regiao":"Bebedouro / Massangano"},"geometry":{"type":"Polygon","coordinates":[[[-40.26004,-9.06108],[-40.26243,-9.06309],[-40.26259,-9.06367],[-40.26346,-9.06423],[-40.26427,-9.06529],[-40.26734,-9.06763],[-40.26742,-9.06791],[-40.27074,-9.07094],[-40.27288,-9.07361],[-40.2748,-9.07676],[-40.28111,-9.07262],[-40.28163,-9.07261],[-40.28875,-9.07542],[-40.2897,-9.07563],[-40.29872,-9.07297],[-40.30424,-9.07706],[-40.31318,-9.08062],[-40.31438,-9.08089],[-40.31657,-9.08026],[-40.31716,-9.0799],[-40.29334,-9.03957],[-40.29064,-9.04111],[-40.28944,-9.03896],[-40.28507,-9.04105],[-40.28348,-9.04108],[-40.27636,-9.04612],[-40.27285,-9.04824],[-40.2697,-9.05372],[-40.2668,-9.05674],[-40.26571,-9.05575],[-40.26004,-9.06108]]]}},{"type":"Feature","properties":{"CD_SETOR":"261110105000117","SITUACAO":"Rural","NM_BAIRRO":null,"NM_DIST":"Petrolina","v0001":481,"v0007":128,"densidade":441.3568,"taxa_alfab":0.8991,"pct_60m":0.1019,"pop_10_14":47.0,"pop_15_19":39.0,"renda_media":1296.15,"renda_mediana":1212.0,"infra":null,"pavimentacao":null,"iluminacao":null,"calcada":null,"onibus":null,"local_id":"83-1694","regiao":"Bebedouro / Massangano"},"geometry":{"type":"Polygon","coordinates":[[[-40.56742,-9.45423],[-40.56659,-9.45801],[-40.56598,-9.45935],[-40.56569,-9.46061],[-40.56516,-9.4615],[-40.56655,-9.46227],[-40.56858,-9.46301],[-40.57195,-9.46292],[-40.57625,-9.46153],[-40.58004,-9.46167],[-40.58114,-9.46105],[-40.58109,-9.46058],[-40.58041,-9.45957],[-40.57894,-9.45845],[-40.57539,-9.45654],[-40.5742,-9.45569],[-40.57203,-9.45479],[-40.57123,-9.45468],[-40.57115,-9.45434],[-40.57073,-9.45436],[-40.57093,-9.4547],[-40.57009,-9.45466],[-40.56977,-9.45454],[-40.56985,-9.45424],[-40.56959,-9.45417],[-40.56941,-9.45449],[-40.56959,-9.45466],[-40.56939,-9.45468],[-40.56742,-9.45423]]]}},{"type":"Feature","properties":{"CD_SETOR":"261110105000118","SITUACAO":"Rural","NM_BAIRRO":null,"NM_DIST":"Petrolina","v0001":213,"v0007":61,"densidade":180.3485,"taxa_alfab":0.8954,"pct_60m":0.0845,"pop_10_14":21.0,"pop_15_19":25.0,"renda_media":1465.83,"renda_mediana":1212.0,"infra":null,"pavimentacao":null,"iluminacao":null,"calcada":null,"onibus":null,"local_id":"83-1694","regiao":"Bebedouro / Massangano"},"geometry":{"type":"Polygon","coordinates":[[[-40.55042,-9.44887],[-40.55176,-9.45067],[-40.55227,-9.45206],[-40.55319,-9.45294],[-40.55472,-9.45497],[-40.55656,-9.45617],[-40.55758,-9.45714],[-40.55998,-9.45834],[-40.56313,-9.46051],[-40.56516,-9.4615],[-40.56569,-9.46061],[-40.56598,-9.45935],[-40.56659,-9.45801],[-40.56742,-9.45423],[-40.56533,-9.45347],[-40.56491,-9.45323],[-40.56466,-9.45278],[-40.56448,-9.45301],[-40.56364,-9.45271],[-40.56374,-9.45244],[-40.56341,-9.4522],[-40.56362,-9.4517],[-40.56138,-9.45155],[-40.56171,-9.45202],[-40.56329,-9.45225],[-40.56298,-9.45242],[-40.56348,-9.45284],[-40.56183,-9.4524],[-40.56072,-9.45199],[-40.56054,-9.45156],[-40.55973,-9.45165],[-40.55536,-9.45011],[-40.55191,-9.4483],[-40.5505,-9.44717],[-40.55042,-9.44887]]]}},{"type":"Feature","properties":{"CD_SETOR":"261110105000119","SITUACAO":"Rural","NM_BAIRRO":null,"NM_DIST":"Petrolina","v0001":269,"v0007":81,"densidade":16.2046,"taxa_alfab":0.7225,"pct_60m":0.1004,"pop_10_14":26.0,"pop_15_19":20.0,"renda_media":1443.99,"renda_mediana":1200.0,"infra":null,"pavimentacao":null,"iluminacao":null,"calcada":null,"onibus":null,"local_id":"145-1309","regiao":"Projetos irrigados (Nilo Coelho / Maria Tereza)"},"geometry":{"type":"Polygon","coordinates":[[[-40.50386,-9.23563],[-40.50416,-9.23973],[-40.50348,-9.24074],[-40.49992,-9.24444],[-40.4998,-9.24502],[-40.50013,-9.24676],[-40.50084,-9.24746],[-40.5087,-9.24916],[-40.50922,-9.24953],[-40.51058,-9.2601],[-40.51044,-9.2609],[-40.51124,-9.2619],[-40.51768,-9.26454],[-40.51802,-9.26485],[-40.51999,-9.27383],[-40.52046,-9.27468],[-40.52562,-9.2767],[-40.52667,-9.27801],[-40.52729,-9.27758],[-40.52803,-9.27757],[-40.52964,-9.27335],[-40.52842,-9.27026],[-40.53151,-9.26912],[-40.53167,-9.26932],[-40.53111,-9.27035],[-40.53413,-9.27129],[-40.53487,-9.27058],[-40.53728,-9.27119],[-40.53696,-9.27213],[-40.54034,-9.27313],[-40.54221,-9.27104],[-40.54424,-9.26947],[-40.54565,-9.26775],[-40.54642,-9.26493],[-40.54716,-9.24999],[-40.55067,-9.24357],[-40.55198,-9.24189],[-40.55334,-9.23941],[-40.55364,-9.23821],[-40.5535,-9.23781],[-40.54588,-9.23516],[-40.54322,-9.2371],[-40.53916,-9.2371],[-40.53418,-9.23342],[-40.53351,-9.23375],[-40.53137,-9.23566],[-40.52725,-9.23573],[-40.52545,-9.23772],[-40.52489,-9.238],[-40.519,-9.23798],[-40.51673,-9.23762],[-40.51225,-9.23753],[-40.51208,-9.23541],[-40.50386,-9.23563]],[[-40.53148,-9.25846],[-40.53431,-9.2568],[-40.53552,-9.25912],[-40.53679,-9.26058],[-40.5344,-9.26281],[-40.53598,-9.26511],[-40.53339,-9.26608],[-40.53226,-9.26543],[-40.53148,-9.25846]]]}},{"type":"Feature","properties":{"CD_SETOR":"261110105000120","SITUACAO":"Rural","NM_BAIRRO":null,"NM_DIST":"Petrolina","v0001":192,"v0007":64,"densidade":542.1731,"taxa_alfab":0.7552,"pct_60m":0.0729,"pop_10_14":9.0,"pop_15_19":18.0,"renda_media":965.76,"renda_mediana":1200.0,"infra":null,"pavimentacao":null,"iluminacao":null,"calcada":null,"onibus":null,"local_id":"145-1309","regiao":"Projetos irrigados (Nilo Coelho / Maria Tereza)"},"geometry":{"type":"Polygon","coordinates":[[[-40.53148,-9.25846],[-40.53226,-9.26543],[-40.53339,-9.26608],[-40.53598,-9.26511],[-40.5344,-9.26281],[-40.53679,-9.26058],[-40.53552,-9.25912],[-40.53431,-9.2568],[-40.53148,-9.25846]]]}},{"type":"Feature","properties":{"CD_SETOR":"261110105000122","SITUACAO":"Rural","NM_BAIRRO":null,"NM_DIST":"Petrolina","v0001":21,"v0007":7,"densidade":59.8128,"taxa_alfab":0.6667,"pct_60m":0.0,"pop_10_14":0.0,"pop_15_19":0.0,"renda_media":1019.43,"renda_mediana":1212.0,"infra":null,"pavimentacao":null,"iluminacao":null,"calcada":null,"onibus":null,"local_id":"83-1694","regiao":"Bebedouro / Massangano"},"geometry":{"type":"Polygon","coordinates":[[[-40.58658,-9.46552],[-40.58625,-9.46499],[-40.58218,-9.46409],[-40.57958,-9.46379],[-40.57217,-9.46533],[-40.57831,-9.4673],[-40.5802,-9.46738],[-40.58108,-9.46725],[-40.58448,-9.46558],[-40.58613,-9.46588],[-40.58658,-9.46552]]]}},{"type":"Feature","properties":{"CD_SETOR":"261110105000123","SITUACAO":"Rural","NM_BAIRRO":null,"NM_DIST":"Petrolina","v0001":214,"v0007":71,"densidade":1909.5885,"taxa_alfab":0.7958,"pct_60m":0.0654,"pop_10_14":19.0,"pop_15_19":21.0,"renda_media":1059.88,"renda_mediana":1212.0,"infra":null,"pavimentacao":null,"iluminacao":null,"calcada":null,"onibus":null,"local_id":"145-2097","regiao":"Projetos irrigados (Nilo Coelho / Maria Tereza)"},"geometry":{"type":"Polygon","coordinates":[[[-40.55077,-9.12652],[-40.55265,-9.12649],[-40.55314,-9.12684],[-40.55488,-9.12682],[-40.55488,-9.12562],[-40.55591,-9.12501],[-40.55399,-9.12323],[-40.55077,-9.12652]]]}},{"type":"Feature","properties":{"CD_SETOR":"261110105000124","SITUACAO":"Rural","NM_BAIRRO":null,"NM_DIST":"Petrolina","v0001":392,"v0007":120,"densidade":4680.3261,"taxa_alfab":0.8577,"pct_60m":0.023,"pop_10_14":38.0,"pop_15_19":33.0,"renda_media":1100.14,"renda_mediana":1212.0,"infra":null,"pavimentacao":null,"iluminacao":null,"calcada":null,"onibus":null,"local_id":"145-2097","regiao":"Projetos irrigados (Nilo Coelho / Maria Tereza)"},"geometry":{"type":"Polygon","coordinates":[[[-40.55314,-9.12684],[-40.55265,-9.12649],[-40.55066,-9.12662],[-40.55065,-9.12962],[-40.55279,-9.12975],[-40.55281,-9.12708],[-40.55315,-9.12708],[-40.55314,-9.12684]]]}},{"type":"Feature","properties":{"CD_SETOR":"261110105000125","SITUACAO":"Rural","NM_BAIRRO":null,"NM_DIST":"Petrolina","v0001":432,"v0007":133,"densidade":3.0041,"taxa_alfab":0.8902,"pct_60m":0.0694,"pop_10_14":34.0,"pop_15_19":26.0,"renda_media":1438.04,"renda_mediana":1212.0,"infra":null,"pavimentacao":null,"iluminacao":null,"calcada":null,"onibus":null,"local_id":"145-1082","regiao":"Zona rural da sede"},"geometry":{"type":"Polygon","coordinates":[[[-40.52992,-9.14874],[-40.52906,-9.14901],[-40.52595,-9.1476],[-40.52595,-9.14235],[-40.52491,-9.14228],[-40.51949,-9.12855],[-40.51813,-9.11528],[-40.51682,-9.11065],[-40.51079,-9.11243],[-40.51136,-9.11471],[-40.50943,-9.1153],[-40.50913,-9.11521],[-40.50889,-9.11439],[-40.5069,-9.11485],[-40.5062,-9.11271],[-40.50587,-9.11262],[-40.50537,-9.1107],[-40.50757,-9.11002],[-40.50755,-9.10984],[-40.5014,-9.08951],[-40.50108,-9.0879],[-40.49871,-9.08067],[-40.49593,-9.07076],[-40.49355,-9.07174],[-40.4929,-9.07252],[-40.49293,-9.07296],[-40.4947,-9.07687],[-40.49519,-9.07864],[-40.49483,-9.07945],[-40.49312,-9.08129],[-40.49223,-9.08166],[-40.4914,-9.08163],[-40.48612,-9.08026],[-40.48023,-9.0851],[-40.47916,-9.0922],[-40.47597,-9.09906],[-40.47309,-9.10096],[-40.47298,-9.10164],[-40.47331,-9.10321],[-40.47279,-9.10396],[-40.4713,-9.10468],[-40.46965,-9.10621],[-40.46798,-9.10669],[-40.4665,-9.10796],[-40.46614,-9.10803],[-40.46329,-9.10653],[-40.45972,-9.10085],[-40.45924,-9.1006],[-40.45754,-9.10043],[-40.45692,-9.10078],[-40.45323,-9.10691],[-40.44529,-9.1078],[-40.44385,-9.11237],[-40.44237,-9.1147],[-40.44081,-9.11886],[-40.43935,-9.12085],[-40.43871,-9.1224],[-40.43929,-9.12571],[-40.43905,-9.12762],[-40.43973,-9.13134],[-40.43971,-9.13201],[-40.43916,-9.13286],[-40.43945,-9.13423],[-40.44013,-9.13572],[-40.44044,-9.13785],[-40.44103,-9.13929],[-40.44056,-9.14248],[-40.43994,-9.14401],[-40.43966,-9.1465],[-40.44003,-9.148],[-40.44079,-9.14913],[-40.44131,-9.15241],[-40.4427,-9.15581],[-40.44413,-9.16071],[-40.4458,-9.16366],[-40.44831,-9.16474],[-40.44911,-9.16553],[-40.44975,-9.16661],[-40.4513,-9.16994],[-40.45287,-9.17694],[-40.45446,-9.17985],[-40.45585,-9.18479],[-40.45713,-9.18457],[-40.45761,-9.18624],[-40.45689,-9.18703],[-40.45711,-9.18841],[-40.45697,-9.18875],[-40.45626,-9.18914],[-40.4569,-9.19196],[-40.45552,-9.19247],[-40.45609,-9.19605],[-40.45494,-9.20482],[-40.45478,-9.2054],[-40.4517,-9.21059],[-40.45113,-9.21403],[-40.45115,-9.21838],[-40.45279,-9.21755],[-40.45373,-9.21763],[-40.45353,-9.21592],[-40.45455,-9.21567],[-40.45479,-9.21543],[-40.45631,-9.21539],[-40.45663,-9.21502],[-40.45713,-9.21506],[-40.45769,-9.21461],[-40.45794,-9.21481],[-40.45818,-9.21449],[-40.45949,-9.214],[-40.45961,-9.21579],[-40.46019,-9.21657],[-40.46133,-9.21665],[-40.46313,-9.21637],[-40.46386,-9.21673],[-40.46419,-9.21604],[-40.46537,-9.21612],[-40.46566,-9.21649],[-40.46631,-9.21645],[-40.46586,-9.21608],[-40.46779,-9.21579],[-40.46995,-9.21365],[-40.47037,-9.21254],[-40.46975,-9.21087],[-40.46979,-9.2092],[-40.47042,-9.20768],[-40.47092,-9.20731],[-40.47113,-9.20671],[-40.47194,-9.20577],[-40.47294,-9.20533],[-40.47336,-9.20491],[-40.49473,-9.20038],[-40.49718,-9.202],[-40.49706,-9.20588],[-40.49057,-9.21219],[-40.48791,-9.21579],[-40.48699,-9.21563],[-40.48746,-9.21625],[-40.48805,-9.22045],[-40.49804,-9.22051],[-40.49696,-9.22209],[-40.49613,-9.2227],[-40.49857,-9.22481],[-40.49731,-9.22591],[-40.49708,-9.22804],[-40.49621,-9.22807],[-40.49618,-9.22922],[-40.49575,-9.22941],[-40.49573,-9.23051],[-40.49531,-9.23041],[-40.49541,-9.23222],[-40.49633,-9.23179],[-40.49713,-9.23189],[-40.50268,-9.2341],[-40.50357,-9.23459],[-40.50386,-9.23563],[-40.51218,-9.23544],[-40.51225,-9.23753],[-40.51673,-9.23762],[-40.519,-9.23798],[-40.52519,-9.23796],[-40.52725,-9.23573],[-40.53137,-9.23566],[-40.53351,-9.23375],[-40.53418,-9.23342],[-40.53916,-9.2371],[-40.54322,-9.2371],[-40.54588,-9.23516],[-40.55329,-9.23767],[-40.5536,-9.23799],[-40.55441,-9.23355],[-40.55795,-9.2089],[-40.55739,-9.20885],[-40.55759,-9.20727],[-40.55738,-9.20702],[-40.55857,-9.19762],[-40.55941,-9.19784],[-40.5606,-9.19004],[-40.55955,-9.19036],[-40.55874,-9.19178],[-40.55807,-9.19102],[-40.55748,-9.19146],[-40.55681,-9.19062],[-40.56003,-9.18798],[-40.55935,-9.18684],[-40.5595,-9.18672],[-40.55844,-9.18536],[-40.5587,-9.18525],[-40.55828,-9.18458],[-40.5602,-9.18313],[-40.55896,-9.18155],[-40.56067,-9.18151],[-40.56067,-9.18124],[-40.56135,-9.18123],[-40.56143,-9.18],[-40.56186,-9.18003],[-40.56236,-9.17616],[-40.56307,-9.17375],[-40.56306,-9.1731],[-40.56054,-9.17367],[-40.55998,-9.1736],[-40.55766,-9.1706],[-40.55223,-9.16851],[-40.55187,-9.16799],[-40.55186,-9.16563],[-40.55157,-9.16516],[-40.55026,-9.16431],[-40.54759,-9.16157],[-40.54709,-9.16074],[-40.54676,-9.15946],[-40.54473,-9.15865],[-40.54289,-9.15867],[-40.54291,-9.15665],[-40.5333,-9.15653],[-40.53323,-9.14875],[-40.52992,-9.14874]]]}},{"type":"Feature","properties":{"CD_SETOR":"261110105000126","SITUACAO":"Rural","NM_BAIRRO":null,"NM_DIST":"Petrolina","v0001":353,"v0007":112,"densidade":16.2395,"taxa_alfab":0.8577,"pct_60m":0.0765,"pop_10_14":20.0,"pop_15_19":42.0,"renda_media":1235.86,"renda_mediana":1212.0,"infra":null,"pavimentacao":null,"iluminacao":null,"calcada":null,"onibus":null,"local_id":"145-2097","regiao":"Projetos irrigados (Nilo Coelho / Maria Tereza)"},"geometry":{"type":"Polygon","coordinates":[[[-40.50108,-9.0879],[-40.5014,-9.08951],[-40.50755,-9.10984],[-40.50757,-9.11002],[-40.50533,-9.11082],[-40.50587,-9.11262],[-40.5062,-9.11271],[-40.50683,-9.11476],[-40.50711,-9.11485],[-40.50889,-9.11439],[-40.50923,-9.11531],[-40.51136,-9.11471],[-40.51079,-9.11243],[-40.51682,-9.11065],[-40.51813,-9.11528],[-40.51949,-9.12855],[-40.52491,-9.14228],[-40.52595,-9.14235],[-40.52595,-9.1476],[-40.52906,-9.14901],[-40.52992,-9.14874],[-40.53009,-9.14592],[-40.53327,-9.14595],[-40.5333,-9.15653],[-40.54291,-9.15665],[-40.54289,-9.15867],[-40.54473,-9.15865],[-40.54676,-9.15946],[-40.54709,-9.16074],[-40.54759,-9.16157],[-40.55026,-9.16431],[-40.55157,-9.16516],[-40.55186,-9.16563],[-40.55197,-9.16453],[-40.55366,-9.15919],[-40.55437,-9.15285],[-40.55632,-9.15084],[-40.55646,-9.15042],[-40.55653,-9.14287],[-40.55711,-9.14076],[-40.55717,-9.12683],[-40.55699,-9.12609],[-40.55591,-9.12501],[-40.5555,-9.12519],[-40.55488,-9.12562],[-40.55488,-9.12682],[-40.55314,-9.12684],[-40.55315,-9.12708],[-40.55281,-9.12708],[-40.55279,-9.12975],[-40.55065,-9.12962],[-40.55066,-9.12662],[-40.55399,-9.12323],[-40.54579,-9.11557],[-40.53826,-9.11388],[-40.53726,-9.1133],[-40.53464,-9.10935],[-40.53451,-9.10435],[-40.53423,-9.1036],[-40.52954,-9.10156],[-40.52697,-9.1024],[-40.52648,-9.10237],[-40.52394,-9.09996],[-40.52241,-9.10129],[-40.52214,-9.10131],[-40.51854,-9.09945],[-40.51713,-9.09906],[-40.51532,-9.09809],[-40.51339,-9.09671],[-40.50877,-9.09421],[-40.50786,-9.09382],[-40.50494,-9.09322],[-40.50108,-9.0879]]]}},{"type":"Feature","properties":{"CD_SETOR":"261110105000127","SITUACAO":"Rural","NM_BAIRRO":null,"NM_DIST":"Petrolina","v0001":111,"v0007":39,"densidade":1.4137,"taxa_alfab":0.6585,"pct_60m":0.0721,"pop_10_14":12.0,"pop_15_19":7.0,"renda_media":2590.86,"renda_mediana":1212.0,"infra":null,"pavimentacao":null,"iluminacao":null,"calcada":null,"onibus":null,"local_id":"144-1457","regiao":"Bebedouro / Massangano"},"geometry":{"type":"Polygon","coordinates":[[[-40.28044,-9.00988],[-40.28138,-9.0107],[-40.28106,-9.01142],[-40.28016,-9.01078],[-40.27842,-9.01179],[-40.28,-9.01455],[-40.27891,-9.01517],[-40.33916,-9.11707],[-40.34724,-9.13119],[-40.34981,-9.13511],[-40.35027,-9.13486],[-40.35053,-9.13447],[-40.35233,-9.13341],[-40.35407,-9.12996],[-40.35497,-9.12899],[-40.35939,-9.12604],[-40.36622,-9.12318],[-40.36667,-9.12138],[-40.36799,-9.11997],[-40.36797,-9.11886],[-40.36739,-9.11759],[-40.36607,-9.11733],[-40.36597,-9.11569],[-40.36556,-9.11446],[-40.36066,-9.10768],[-40.35966,-9.10675],[-40.35937,-9.10693],[-40.3398,-9.07399],[-40.35936,-9.06896],[-40.35842,-9.05536],[-40.36867,-9.05219],[-40.36806,-9.00318],[-40.36872,-9.00193],[-40.36884,-9.00009],[-40.36333,-9.00016],[-40.36104,-9.00073],[-40.35796,-9.00202],[-40.35223,-9.00273],[-40.35069,-9.00257],[-40.34677,-9.00166],[-40.34281,-9.00114],[-40.34008,-9.00198],[-40.33837,-9.0027],[-40.33678,-9.00374],[-40.33624,-9.00596],[-40.33517,-9.00665],[-40.33325,-9.00885],[-40.33157,-9.01347],[-40.33084,-9.01432],[-40.32799,-9.01586],[-40.32565,-9.01631],[-40.32487,-9.01618],[-40.32127,-9.01271],[-40.31787,-9.01032],[-40.31729,-9.00872],[-40.31677,-9.00633],[-40.31618,-9.00565],[-40.31459,-9.00452],[-40.31401,-9.00416],[-40.31327,-9.00414],[-40.31251,-9.00379],[-40.31183,-9.00316],[-40.30991,-9.00077],[-40.30898,-8.99905],[-40.30798,-8.9979],[-40.3055,-8.99649],[-40.30449,-8.99559],[-40.30173,-8.99501],[-40.29668,-8.99495],[-40.29264,-8.99712],[-40.29155,-8.99992],[-40.28781,-9.0011],[-40.28351,-9.00832],[-40.28153,-9.00879],[-40.28044,-9.00988]]]}},{"type":"Feature","properties":{"CD_SETOR":"261110105000128","SITUACAO":"Urbana","NM_BAIRRO":null,"NM_DIST":"Petrolina","v0001":118,"v0007":38,"densidade":355.7161,"taxa_alfab":0.7209,"pct_60m":0.1356,"pop_10_14":12.0,"pop_15_19":15.0,"renda_media":1489.4,"renda_mediana":1212.0,"infra":null,"pavimentacao":null,"iluminacao":null,"calcada":null,"onibus":null,"local_id":"144-1392","regiao":"Zona rural da sede"},"geometry":{"type":"Polygon","coordinates":[[[-40.27842,-9.01179],[-40.28016,-9.01078],[-40.28106,-9.01142],[-40.28138,-9.0107],[-40.28044,-9.00988],[-40.28153,-9.00879],[-40.27671,-9.00582],[-40.27617,-9.00675],[-40.2755,-9.00713],[-40.27587,-9.00819],[-40.27565,-9.00904],[-40.27535,-9.00915],[-40.27891,-9.01517],[-40.28,-9.01455],[-40.27842,-9.01179]]]}},{"type":"Feature","properties":{"CD_SETOR":"261110105000129","SITUACAO":"Rural","NM_BAIRRO":null,"NM_DIST":"Petrolina","v0001":414,"v0007":134,"densidade":16.1562,"taxa_alfab":0.8194,"pct_60m":0.1377,"pop_10_14":35.0,"pop_15_19":33.0,"renda_media":1368.43,"renda_mediana":1212.0,"infra":null,"pavimentacao":null,"iluminacao":null,"calcada":null,"onibus":null,"local_id":"144-1449","regiao":"Zona rural da sede"},"geometry":{"type":"Polygon","coordinates":[[[-40.36054,-9.15324],[-40.35933,-9.15367],[-40.33737,-9.15541],[-40.33792,-9.16208],[-40.33755,-9.16658],[-40.3303,-9.16814],[-40.33085,-9.17155],[-40.33151,-9.17133],[-40.33312,-9.17635],[-40.33452,-9.17655],[-40.33512,-9.17796],[-40.33516,-9.17964],[-40.33138,-9.1806],[-40.33146,-9.183],[-40.33298,-9.18246],[-40.33341,-9.18396],[-40.33256,-9.18429],[-40.3327,-9.18663],[-40.33242,-9.18668],[-40.33238,-9.18701],[-40.33276,-9.18806],[-40.33094,-9.18874],[-40.33107,-9.18959],[-40.33055,-9.19021],[-40.3304,-9.19079],[-40.33165,-9.19247],[-40.33159,-9.19364],[-40.33296,-9.19524],[-40.33347,-9.19689],[-40.32877,-9.20005],[-40.32706,-9.20046],[-40.32523,-9.19826],[-40.32,-9.19954],[-40.32067,-9.20853],[-40.32057,-9.20944],[-40.32023,-9.21014],[-40.3201,-9.2117],[-40.32224,-9.21165],[-40.32052,-9.21396],[-40.32119,-9.2142],[-40.322,-9.21413],[-40.32678,-9.21106],[-40.32815,-9.20965],[-40.32829,-9.20888],[-40.32783,-9.20814],[-40.3279,-9.20781],[-40.32864,-9.20735],[-40.3294,-9.20646],[-40.33029,-9.20597],[-40.33297,-9.20535],[-40.33458,-9.20532],[-40.33481,-9.20655],[-40.3358,-9.20748],[-40.3364,-9.20875],[-40.33682,-9.20888],[-40.33697,-9.20945],[-40.33805,-9.21016],[-40.33885,-9.2111],[-40.34019,-9.21312],[-40.34255,-9.2104],[-40.3433,-9.21001],[-40.34519,-9.20831],[-40.34878,-9.20695],[-40.35386,-9.20585],[-40.36042,-9.20344],[-40.36165,-9.20222],[-40.36348,-9.20169],[-40.36596,-9.20018],[-40.36692,-9.19912],[-40.36732,-9.19894],[-40.36763,-9.19816],[-40.36813,-9.19826],[-40.37054,-9.19719],[-40.37598,-9.19366],[-40.37785,-9.19196],[-40.3784,-9.19172],[-40.38186,-9.19136],[-40.3831,-9.1916],[-40.384,-9.19273],[-40.38469,-9.19413],[-40.3859,-9.1948],[-40.38765,-9.19669],[-40.38839,-9.19669],[-40.38058,-9.18728],[-40.36054,-9.15324]]]}},{"type":"Feature","properties":{"CD_SETOR":"261110105000130","SITUACAO":"Rural","NM_BAIRRO":null,"NM_DIST":"Petrolina","v0001":299,"v0007":101,"densidade":12.0946,"taxa_alfab":0.8063,"pct_60m":0.1204,"pop_10_14":24.0,"pop_15_19":34.0,"renda_media":1008.87,"renda_mediana":1212.0,"infra":null,"pavimentacao":null,"iluminacao":null,"calcada":null,"onibus":null,"local_id":"144-1490","regiao":"Zona rural da sede"},"geometry":{"type":"Polygon","coordinates":[[[-40.29785,-9.15589],[-40.29768,-9.15749],[-40.29793,-9.15763],[-40.29803,-9.15923],[-40.29783,-9.16],[-40.29774,-9.1644],[-40.29793,-9.16609],[-40.29763,-9.16781],[-40.29663,-9.1704],[-40.29669,-9.17122],[-40.29633,-9.17223],[-40.29603,-9.17489],[-40.29613,-9.17603],[-40.29819,-9.17562],[-40.29836,-9.17706],[-40.30789,-9.17599],[-40.30834,-9.17762],[-40.30475,-9.17887],[-40.3055,-9.18099],[-40.30123,-9.18233],[-40.29725,-9.18304],[-40.29798,-9.18961],[-40.29932,-9.19366],[-40.29946,-9.19472],[-40.29975,-9.19545],[-40.30005,-9.19559],[-40.31811,-9.18891],[-40.31422,-9.18211],[-40.32144,-9.17816],[-40.32348,-9.17819],[-40.33312,-9.17635],[-40.33151,-9.17133],[-40.33085,-9.17155],[-40.3303,-9.16814],[-40.33755,-9.16658],[-40.33792,-9.16208],[-40.33737,-9.15541],[-40.35933,-9.15367],[-40.36054,-9.15324],[-40.34919,-9.13406],[-40.34724,-9.13119],[-40.33964,-9.1179],[-40.33965,-9.11866],[-40.32827,-9.13394],[-40.33002,-9.13882],[-40.32863,-9.13933],[-40.32809,-9.14142],[-40.32917,-9.14294],[-40.32917,-9.14332],[-40.33007,-9.14369],[-40.33064,-9.14429],[-40.32899,-9.14493],[-40.32794,-9.14574],[-40.32743,-9.14623],[-40.32769,-9.14639],[-40.32707,-9.14716],[-40.31995,-9.14884],[-40.31786,-9.14957],[-40.31718,-9.14903],[-40.31625,-9.14958],[-40.30431,-9.15124],[-40.30355,-9.15192],[-40.30327,-9.15261],[-40.30329,-9.15565],[-40.29807,-9.15569],[-40.29785,-9.15589]]]}},{"type":"Feature","properties":{"CD_SETOR":"261110105000131","SITUACAO":"Rural","NM_BAIRRO":null,"NM_DIST":"Petrolina","v0001":121,"v0007":44,"densidade":7.8518,"taxa_alfab":0.7234,"pct_60m":0.1157,"pop_10_14":10.0,"pop_15_19":11.0,"renda_media":1180.05,"renda_mediana":1000.0,"infra":null,"pavimentacao":null,"iluminacao":null,"calcada":null,"onibus":null,"local_id":"144-1449","regiao":"Zona rural da sede"},"geometry":{"type":"Polygon","coordinates":[[[-40.29328,-9.19723],[-40.29371,-9.19728],[-40.29378,-9.19712],[-40.29316,-9.19517],[-40.2924,-9.1937],[-40.29161,-9.19321],[-40.29214,-9.19564],[-40.29328,-9.19723]]]}},{"type":"Feature","properties":{"CD_SETOR":"261110105000132","SITUACAO":"Rural","NM_BAIRRO":null,"NM_DIST":"Petrolina","v0001":346,"v0007":118,"densidade":24.8986,"taxa_alfab":0.8277,"pct_60m":0.1272,"pop_10_14":35.0,"pop_15_19":22.0,"renda_media":2403.15,"renda_mediana":1212.0,"infra":null,"pavimentacao":null,"iluminacao":null,"calcada":null,"onibus":null,"local_id":"144-1570","regiao":"Zona rural da sede"},"geometry":{"type":"Polygon","coordinates":[[[-40.3374,-9.32812],[-40.33687,-9.32986],[-40.33757,-9.33168],[-40.33753,-9.3303],[-40.33787,-9.33019],[-40.33727,-9.32917],[-40.3375,-9.32843],[-40.3374,-9.32812]]]}},{"type":"Feature","properties":{"CD_SETOR":"261110105000133","SITUACAO":"Rural","NM_BAIRRO":null,"NM_DIST":"Petrolina","v0001":177,"v0007":57,"densidade":1691.6668,"taxa_alfab":0.814,"pct_60m":0.096,"pop_10_14":22.0,"pop_15_19":17.0,"renda_media":1381.45,"renda_mediana":1212.0,"infra":null,"pavimentacao":null,"iluminacao":null,"calcada":null,"onibus":null,"local_id":"144-1481","regiao":"Zona rural da sede"},"geometry":{"type":"Polygon","coordinates":[[[-40.37851,-9.35542],[-40.37888,-9.35654],[-40.37945,-9.35709],[-40.38014,-9.3569],[-40.38107,-9.35603],[-40.38194,-9.35428],[-40.38143,-9.35317],[-40.38048,-9.35268],[-40.37851,-9.35542]]]}},{"type":"Feature","properties":{"CD_SETOR":"261110105000134","SITUACAO":"Rural","NM_BAIRRO":null,"NM_DIST":"Petrolina","v0001":334,"v0007":111,"densidade":10.5148,"taxa_alfab":0.9141,"pct_60m":0.0958,"pop_10_14":31.0,"pop_15_19":29.0,"renda_media":1877.81,"renda_mediana":1212.0,"infra":null,"pavimentacao":null,"iluminacao":null,"calcada":null,"onibus":null,"local_id":"144-1481","regiao":"Zona rural da sede"},"geometry":{"type":"Polygon","coordinates":[[[-40.34393,-9.33316],[-40.35279,-9.33119],[-40.35316,-9.33233],[-40.34613,-9.33405],[-40.34628,-9.33491],[-40.34448,-9.33524],[-40.34662,-9.3408],[-40.34934,-9.33951],[-40.34948,-9.33974],[-40.35155,-9.33887],[-40.3518,-9.33939],[-40.35039,-9.34016],[-40.35078,-9.3409],[-40.34729,-9.34275],[-40.3483,-9.34659],[-40.34897,-9.34786],[-40.35184,-9.35145],[-40.35361,-9.35302],[-40.3613,-9.35823],[-40.36316,-9.35906],[-40.36719,-9.3594],[-40.37181,-9.36082],[-40.37257,-9.36056],[-40.37515,-9.35894],[-40.37893,-9.35497],[-40.38082,-9.35229],[-40.38288,-9.35029],[-40.38092,-9.34793],[-40.3818,-9.34734],[-40.37913,-9.34281],[-40.38001,-9.34238],[-40.38369,-9.34745],[-40.38541,-9.34617],[-40.38507,-9.34564],[-40.38613,-9.345],[-40.3869,-9.34639],[-40.38891,-9.34454],[-40.39124,-9.34418],[-40.39654,-9.34215],[-40.39968,-9.34199],[-40.40288,-9.34043],[-40.40643,-9.33987],[-40.40373,-9.3285],[-40.40012,-9.32996],[-40.39903,-9.3311],[-40.39593,-9.32527],[-40.39091,-9.31829],[-40.39074,-9.31775],[-40.39085,-9.3163],[-40.39016,-9.31464],[-40.38934,-9.31383],[-40.38882,-9.31177],[-40.38818,-9.31063],[-40.38501,-9.30824],[-40.36805,-9.29187],[-40.35543,-9.30229],[-40.35399,-9.3022],[-40.34358,-9.30554],[-40.34525,-9.31161],[-40.34505,-9.3126],[-40.34253,-9.31629],[-40.34225,-9.31701],[-40.34306,-9.32364],[-40.343,-9.32777],[-40.34393,-9.33316]]]}},{"type":"Feature","properties":{"CD_SETOR":"261110105000135","SITUACAO":"Rural","NM_BAIRRO":null,"NM_DIST":"Petrolina","v0001":133,"v0007":41,"densidade":824.5767,"taxa_alfab":0.8454,"pct_60m":0.0752,"pop_10_14":9.0,"pop_15_19":15.0,"renda_media":975.54,"renda_mediana":1200.0,"infra":null,"pavimentacao":null,"iluminacao":null,"calcada":null,"onibus":null,"local_id":"144-1570","regiao":"Zona rural da sede"},"geometry":{"type":"Polygon","coordinates":[[[-40.34448,-9.33524],[-40.34628,-9.33491],[-40.34613,-9.33405],[-40.35316,-9.33233],[-40.35279,-9.33119],[-40.34393,-9.33316],[-40.34448,-9.33524]]]}},{"type":"Feature","properties":{"CD_SETOR":"261110105000136","SITUACAO":"Rural","NM_BAIRRO":null,"NM_DIST":"Petrolina","v0001":112,"v0007":34,"densidade":499.7475,"taxa_alfab":0.6849,"pct_60m":0.0982,"pop_10_14":14.0,"pop_15_19":14.0,"renda_media":953.46,"renda_mediana":1206.0,"infra":null,"pavimentacao":null,"iluminacao":null,"calcada":null,"onibus":null,"local_id":"144-1449","regiao":"Zona rural da sede"},"geometry":{"type":"Polygon","coordinates":[[[-40.32959,-9.21516],[-40.32789,-9.21365],[-40.32712,-9.21418],[-40.32676,-9.21366],[-40.32503,-9.21541],[-40.32483,-9.21749],[-40.32648,-9.21724],[-40.32809,-9.21873],[-40.33069,-9.21774],[-40.32959,-9.21516]]]}},{"type":"Feature","properties":{"CD_SETOR":"261110105000137","SITUACAO":"Rural","NM_BAIRRO":null,"NM_DIST":"Petrolina","v0001":219,"v0007":70,"densidade":332.703,"taxa_alfab":0.8199,"pct_60m":0.1142,"pop_10_14":24.0,"pop_15_19":18.0,"renda_media":1357.44,"renda_mediana":1212.0,"infra":null,"pavimentacao":null,"iluminacao":null,"calcada":null,"onibus":null,"local_id":"144-1449","regiao":"Zona rural da sede"},"geometry":{"type":"Polygon","coordinates":[[[-40.29725,-9.18304],[-40.30123,-9.18233],[-40.3055,-9.18099],[-40.30475,-9.17887],[-40.30834,-9.17762],[-40.30789,-9.17599],[-40.29836,-9.17706],[-40.29819,-9.17562],[-40.29613,-9.17603],[-40.29613,-9.17675],[-40.29698,-9.17998],[-40.29725,-9.18304]]]}},{"type":"Feature","properties":{"CD_SETOR":"261110105000138","SITUACAO":"Rural","NM_BAIRRO":null,"NM_DIST":"Petrolina","v0001":417,"v0007":127,"densidade":6965.9392,"taxa_alfab":0.8063,"pct_60m":0.0576,"pop_10_14":47.0,"pop_15_19":44.0,"renda_media":1089.13,"renda_mediana":1212.0,"infra":null,"pavimentacao":null,"iluminacao":null,"calcada":null,"onibus":null,"local_id":"144-1481","regiao":"Zona rural da sede"},"geometry":{"type":"Polygon","coordinates":[[[-40.37942,-9.34331],[-40.37954,-9.34323],[-40.38017,-9.34427],[-40.38051,-9.34406],[-40.38334,-9.34822],[-40.38396,-9.3478],[-40.38001,-9.34238],[-40.37913,-9.34281],[-40.37942,-9.34331]]]}},{"type":"Feature","properties":{"CD_SETOR":"261110105000139","SITUACAO":"Rural","NM_BAIRRO":null,"NM_DIST":"Petrolina","v0001":212,"v0007":67,"densidade":1657.7231,"taxa_alfab":0.8533,"pct_60m":0.0566,"pop_10_14":23.0,"pop_15_19":27.0,"renda_media":1300.95,"renda_mediana":1212.0,"infra":null,"pavimentacao":null,"iluminacao":null,"calcada":null,"onibus":null,"local_id":"144-1481","regiao":"Zona rural da sede"},"geometry":{"type":"Polygon","coordinates":[[[-40.38837,-9.35034],[-40.3861,-9.34714],[-40.38457,-9.34856],[-40.38396,-9.3478],[-40.38334,-9.34822],[-40.38447,-9.34964],[-40.38681,-9.35179],[-40.38837,-9.35034]]]}},{"type":"Feature","properties":{"CD_SETOR":"261110105000140","SITUACAO":"Rural","NM_BAIRRO":null,"NM_DIST":"Petrolina","v0001":447,"v0007":142,"densidade":5106.9221,"taxa_alfab":0.8738,"pct_60m":0.0805,"pop_10_14":41.0,"pop_15_19":41.0,"renda_media":1298.98,"renda_mediana":1212.0,"infra":null,"pavimentacao":null,"iluminacao":null,"calcada":null,"onibus":null,"local_id":"144-1481","regiao":"Zona rural da sede"},"geometry":{"type":"Polygon","coordinates":[[[-40.38369,-9.34745],[-40.38457,-9.34856],[-40.3861,-9.34714],[-40.3869,-9.3483],[-40.3875,-9.34797],[-40.38802,-9.34731],[-40.38726,-9.34603],[-40.3869,-9.34639],[-40.38613,-9.345],[-40.38507,-9.34564],[-40.38541,-9.34617],[-40.38369,-9.34745]]]}},{"type":"Feature","properties":{"CD_SETOR":"261110105000141","SITUACAO":"Urbana","NM_BAIRRO":null,"NM_DIST":"Petrolina","v0001":287,"v0007":104,"densidade":2750.6053,"taxa_alfab":0.87,"pct_60m":0.122,"pop_10_14":29.0,"pop_15_19":37.0,"renda_media":1382.07,"renda_mediana":1212.0,"infra":0.5601,"pavimentacao":0.7308,"iluminacao":0.9423,"calcada":0.5673,"onibus":0.0,"local_id":"144-1490","regiao":"Zona rural da sede"},"geometry":{"type":"Polygon","coordinates":[[[-40.3188,-9.14681],[-40.31976,-9.1475],[-40.32062,-9.1464],[-40.32094,-9.14661],[-40.32013,-9.14775],[-40.32051,-9.14802],[-40.32201,-9.1465],[-40.3231,-9.14585],[-40.32251,-9.14533],[-40.3225,-9.14422],[-40.32106,-9.14375],[-40.3188,-9.14681]]]}},{"type":"Feature","properties":{"CD_SETOR":"261110105000142","SITUACAO":"Urbana","NM_BAIRRO":null,"NM_DIST":"Petrolina","v0001":299,"v0007":112,"densidade":4589.3478,"taxa_alfab":0.8628,"pct_60m":0.1171,"pop_10_14":33.0,"pop_15_19":33.0,"renda_media":1431.58,"renda_mediana":1212.0,"infra":0.6205,"pavimentacao":0.6964,"iluminacao":0.9375,"calcada":0.8482,"onibus":0.0,"local_id":"144-1490","regiao":"Zona rural da sede"},"geometry":{"type":"Polygon","coordinates":[[[-40.32051,-9.14802],[-40.32013,-9.14775],[-40.32094,-9.14661],[-40.32062,-9.1464],[-40.31976,-9.1475],[-40.3188,-9.14681],[-40.31718,-9.14903],[-40.31786,-9.14957],[-40.31995,-9.14884],[-40.32051,-9.14802]]]}},{"type":"Feature","properties":{"CD_SETOR":"261110105000143","SITUACAO":"Urbana","NM_BAIRRO":null,"NM_DIST":"Petrolina","v0001":497,"v0007":162,"densidade":3908.2182,"taxa_alfab":0.7765,"pct_60m":0.0523,"pop_10_14":45.0,"pop_15_19":47.0,"renda_media":1067.63,"renda_mediana":1212.0,"infra":0.3441,"pavimentacao":0.321,"iluminacao":0.7778,"calcada":0.2778,"onibus":0.0,"local_id":"144-1490","regiao":"Zona rural da sede"},"geometry":{"type":"Polygon","coordinates":[[[-40.3257,-9.14542],[-40.32462,-9.14715],[-40.3231,-9.14585],[-40.3226,-9.14605],[-40.32072,-9.1477],[-40.31995,-9.14884],[-40.32707,-9.14716],[-40.32769,-9.14639],[-40.3257,-9.14542]]]}},{"type":"Feature","properties":{"CD_SETOR":"261110105000144","SITUACAO":"Urbana","NM_BAIRRO":null,"NM_DIST":"Petrolina","v0001":560,"v0007":183,"densidade":9389.0644,"taxa_alfab":0.82,"pct_60m":0.075,"pop_10_14":49.0,"pop_15_19":54.0,"renda_media":1198.46,"renda_mediana":1212.0,"infra":0.5123,"pavimentacao":0.3279,"iluminacao":0.9508,"calcada":0.7705,"onibus":0.0,"local_id":"144-1554","regiao":"Zona rural da sede"},"geometry":{"type":"Polygon","coordinates":[[[-40.32251,-9.14533],[-40.32462,-9.14715],[-40.3257,-9.14542],[-40.3225,-9.14422],[-40.32251,-9.14533]]]}},{"type":"Feature","properties":{"CD_SETOR":"261110105000145","SITUACAO":"Urbana","NM_BAIRRO":null,"NM_DIST":"Petrolina","v0001":433,"v0007":134,"densidade":2897.9634,"taxa_alfab":0.7774,"pct_60m":0.0508,"pop_10_14":46.0,"pop_15_19":36.0,"renda_media":1020.73,"renda_mediana":1212.0,"infra":0.1604,"pavimentacao":0.0522,"iluminacao":0.4627,"calcada":0.1269,"onibus":0.0,"local_id":"144-1554","regiao":"Zona rural da sede"},"geometry":{"type":"Polygon","coordinates":[[[-40.32601,-9.14345],[-40.32512,-9.14369],[-40.3254,-9.1441],[-40.32509,-9.14443],[-40.32615,-9.14519],[-40.32632,-9.14568],[-40.32743,-9.14623],[-40.32899,-9.14493],[-40.33064,-9.14429],[-40.33007,-9.14369],[-40.32917,-9.14332],[-40.32917,-9.14294],[-40.32809,-9.14142],[-40.32759,-9.14229],[-40.32601,-9.14345]]]}},{"type":"Feature","properties":{"CD_SETOR":"261110105000146","SITUACAO":"Urbana","NM_BAIRRO":null,"NM_DIST":"Petrolina","v0001":441,"v0007":141,"densidade":3951.3661,"taxa_alfab":0.8778,"pct_60m":0.1519,"pop_10_14":32.0,"pop_15_19":42.0,"renda_media":1375.71,"renda_mediana":1212.0,"infra":0.6383,"pavimentacao":0.7589,"iluminacao":0.9362,"calcada":0.8582,"onibus":0.0,"local_id":"144-1490","regiao":"Zona rural da sede"},"geometry":{"type":"Polygon","coordinates":[[[-40.32632,-9.14568],[-40.32615,-9.14519],[-40.32509,-9.14443],[-40.3254,-9.1441],[-40.32512,-9.14369],[-40.32601,-9.14345],[-40.32551,-9.14227],[-40.32455,-9.14269],[-40.32426,-9.14229],[-40.32378,-9.14267],[-40.32245,-9.14182],[-40.32106,-9.14375],[-40.32632,-9.14568]]]}},{"type":"Feature","properties":{"CD_SETOR":"261110105000147","SITUACAO":"Rural","NM_BAIRRO":null,"NM_DIST":"Petrolina","v0001":236,"v0007":88,"densidade":7.1616,"taxa_alfab":0.768,"pct_60m":0.1822,"pop_10_14":13.0,"pop_15_19":15.0,"renda_media":1107.74,"renda_mediana":1200.0,"infra":null,"pavimentacao":null,"iluminacao":null,"calcada":null,"onibus":null,"local_id":"144-1449","regiao":"Zona rural da sede"},"geometry":{"type":"Polygon","coordinates":[[[-40.30936,-9.2453],[-40.30933,-9.2417],[-40.30891,-9.24063],[-40.30898,-9.23988],[-40.30823,-9.23723],[-40.30636,-9.23396],[-40.30488,-9.23193],[-40.30549,-9.23732],[-40.30661,-9.24028],[-40.30629,-9.24008],[-40.306,-9.23889],[-40.30521,-9.23752],[-40.3055,-9.23989],[-40.30591,-9.24094],[-40.3069,-9.24125],[-40.30742,-9.24205],[-40.30838,-9.24403],[-40.30818,-9.24424],[-40.30907,-9.24642],[-40.30932,-9.24654],[-40.3094,-9.24619],[-40.30972,-9.2463],[-40.30948,-9.24591],[-40.30962,-9.24532],[-40.30948,-9.24548],[-40.30936,-9.2453]]]}},{"type":"Feature","properties":{"CD_SETOR":"261110105000148","SITUACAO":"Rural","NM_BAIRRO":null,"NM_DIST":"Petrolina","v0001":193,"v0007":61,"densidade":9.4186,"taxa_alfab":0.8043,"pct_60m":0.1192,"pop_10_14":24.0,"pop_15_19":20.0,"renda_media":945.88,"renda_mediana":1000.0,"infra":null,"pavimentacao":null,"iluminacao":null,"calcada":null,"onibus":null,"local_id":"144-1341","regiao":"Zona rural da sede"},"geometry":{"type":"Polygon","coordinates":[[[-40.30604,-9.25916],[-40.30638,-9.2608],[-40.30672,-9.26099],[-40.30687,-9.26082],[-40.3067,-9.2599],[-40.30604,-9.25916]]]}},{"type":"Feature","properties":{"CD_SETOR":"261110105000149","SITUACAO":"Rural","NM_BAIRRO":null,"NM_DIST":"Petrolina","v0001":256,"v0007":91,"densidade":7.8227,"taxa_alfab":0.7629,"pct_60m":0.1562,"pop_10_14":19.0,"pop_15_19":19.0,"renda_media":988.29,"renda_mediana":1200.0,"infra":null,"pavimentacao":null,"iluminacao":null,"calcada":null,"onibus":null,"local_id":"145-2160","regiao":"Zona rural da sede"},"geometry":{"type":"Polygon","coordinates":[[[-40.35728,-9.21565],[-40.36522,-9.23531],[-40.36344,-9.23531],[-40.37202,-9.24079],[-40.37567,-9.24416],[-40.3754,-9.24493],[-40.37179,-9.2465],[-40.38634,-9.26515],[-40.39257,-9.26033],[-40.39383,-9.25979],[-40.39462,-9.25897],[-40.39782,-9.25741],[-40.3994,-9.25522],[-40.4001,-9.25574],[-40.40443,-9.25449],[-40.40679,-9.25298],[-40.40854,-9.25314],[-40.41269,-9.24871],[-40.41436,-9.24827],[-40.41644,-9.24825],[-40.42024,-9.2473],[-40.42222,-9.24649],[-40.41588,-9.23426],[-40.40893,-9.22242],[-40.40665,-9.21892],[-40.40267,-9.21357],[-40.38873,-9.19705],[-40.38839,-9.19669],[-40.38765,-9.19669],[-40.3859,-9.1948],[-40.38469,-9.19413],[-40.384,-9.19273],[-40.3831,-9.1916],[-40.38186,-9.19136],[-40.38032,-9.19142],[-40.37785,-9.19196],[-40.37598,-9.19366],[-40.37054,-9.19719],[-40.36813,-9.19826],[-40.36763,-9.19816],[-40.36732,-9.19894],[-40.36692,-9.19912],[-40.36596,-9.20018],[-40.36348,-9.20169],[-40.36165,-9.20222],[-40.36025,-9.20351],[-40.35329,-9.20602],[-40.35539,-9.2111],[-40.35676,-9.21514],[-40.35728,-9.21565]]]}},{"type":"Feature","properties":{"CD_SETOR":"261110105000150","SITUACAO":"Rural","NM_BAIRRO":null,"NM_DIST":"Petrolina","v0001":253,"v0007":89,"densidade":15.52,"taxa_alfab":0.8021,"pct_60m":0.1067,"pop_10_14":28.0,"pop_15_19":23.0,"renda_media":1027.68,"renda_mediana":1212.0,"infra":null,"pavimentacao":null,"iluminacao":null,"calcada":null,"onibus":null,"local_id":"144-1449","regiao":"Zona rural da sede"},"geometry":{"type":"Polygon","coordinates":[[[-40.35728,-9.21565],[-40.35676,-9.21514],[-40.35539,-9.2111],[-40.35329,-9.20602],[-40.34878,-9.20695],[-40.34519,-9.20831],[-40.3433,-9.21001],[-40.34255,-9.2104],[-40.34019,-9.21312],[-40.33786,-9.21507],[-40.33553,-9.21855],[-40.33355,-9.22004],[-40.33219,-9.22231],[-40.32941,-9.22422],[-40.32697,-9.22456],[-40.32581,-9.22495],[-40.32459,-9.22647],[-40.32194,-9.22907],[-40.31887,-9.2305],[-40.31778,-9.2319],[-40.32017,-9.23909],[-40.32047,-9.24054],[-40.32301,-9.24585],[-40.32458,-9.24784],[-40.32578,-9.25078],[-40.32743,-9.25015],[-40.32987,-9.25031],[-40.33058,-9.25005],[-40.33179,-9.24902],[-40.33443,-9.24801],[-40.33505,-9.24734],[-40.33709,-9.24684],[-40.3403,-9.24482],[-40.34203,-9.24497],[-40.34336,-9.24547],[-40.34923,-9.24326],[-40.3526,-9.24546],[-40.35442,-9.24578],[-40.35519,-9.24531],[-40.35695,-9.24474],[-40.35906,-9.2458],[-40.35954,-9.24575],[-40.36007,-9.24531],[-40.36301,-9.24511],[-40.36536,-9.2456],[-40.36949,-9.24561],[-40.37106,-9.24608],[-40.37127,-9.24586],[-40.37179,-9.2465],[-40.3754,-9.24493],[-40.37567,-9.24416],[-40.37202,-9.24079],[-40.36344,-9.23531],[-40.36522,-9.23531],[-40.35728,-9.21565]]]}},{"type":"Feature","properties":{"CD_SETOR":"261110105000151","SITUACAO":"Urbana","NM_BAIRRO":null,"NM_DIST":"Petrolina","v0001":500,"v0007":164,"densidade":5190.6693,"taxa_alfab":0.8851,"pct_60m":0.078,"pop_10_14":34.0,"pop_15_19":41.0,"renda_media":1275.95,"renda_mediana":1212.0,"infra":0.6006,"pavimentacao":0.5854,"iluminacao":0.9085,"calcada":0.9085,"onibus":0.0,"local_id":"144-1503","regiao":"Projetos irrigados (Nilo Coelho / Maria Tereza)"},"geometry":{"type":"Polygon","coordinates":[[[-40.41804,-9.26558],[-40.41839,-9.26451],[-40.41967,-9.26489],[-40.42213,-9.26491],[-40.42212,-9.26342],[-40.41987,-9.26341],[-40.41771,-9.2627],[-40.41732,-9.26539],[-40.41804,-9.26558]]]}},{"type":"Feature","properties":{"CD_SETOR":"261110105000152","SITUACAO":"Urbana","NM_BAIRRO":null,"NM_DIST":"Petrolina","v0001":550,"v0007":174,"densidade":8554.1181,"taxa_alfab":0.8166,"pct_60m":0.0709,"pop_10_14":45.0,"pop_15_19":60.0,"renda_media":1145.64,"renda_mediana":1212.0,"infra":0.4353,"pavimentacao":0.3736,"iluminacao":0.7241,"calcada":0.6437,"onibus":0.0,"local_id":"144-1503","regiao":"Projetos irrigados (Nilo Coelho / Maria Tereza)"},"geometry":{"type":"Polygon","coordinates":[[[-40.42213,-9.26491],[-40.41967,-9.26489],[-40.41839,-9.26451],[-40.41804,-9.26558],[-40.4208,-9.26639],[-40.42224,-9.26645],[-40.42213,-9.26491]]]}},{"type":"Feature","properties":{"CD_SETOR":"261110105000153","SITUACAO":"Urbana","NM_BAIRRO":null,"NM_DIST":"Petrolina","v0001":568,"v0007":182,"densidade":7321.0265,"taxa_alfab":0.8417,"pct_60m":0.0704,"pop_10_14":45.0,"pop_15_19":58.0,"renda_media":1265.75,"renda_mediana":1212.0,"infra":0.5989,"pavimentacao":0.5824,"iluminacao":1.0,"calcada":0.8132,"onibus":0.0,"local_id":"144-1503","regiao":"Projetos irrigados (Nilo Coelho / Maria Tereza)"},"geometry":{"type":"Polygon","coordinates":[[[-40.4246,-9.26316],[-40.42416,-9.26233],[-40.42327,-9.26277],[-40.42214,-9.26297],[-40.42224,-9.26645],[-40.42325,-9.26643],[-40.42363,-9.26616],[-40.42372,-9.26385],[-40.4246,-9.26316]]]}},{"type":"Feature","properties":{"CD_SETOR":"261110105000154","SITUACAO":"Urbana","NM_BAIRRO":null,"NM_DIST":"Petrolina","v0001":246,"v0007":75,"densidade":7991.1452,"taxa_alfab":0.8941,"pct_60m":0.0447,"pop_10_14":22.0,"pop_15_19":21.0,"renda_media":1148.91,"renda_mediana":1212.0,"infra":0.64,"pavimentacao":0.8533,"iluminacao":0.8533,"calcada":0.8533,"onibus":0.0,"local_id":"144-1503","regiao":"Projetos irrigados (Nilo Coelho / Maria Tereza)"},"geometry":{"type":"Polygon","coordinates":[[[-40.42416,-9.26233],[-40.4246,-9.26316],[-40.42689,-9.26209],[-40.42639,-9.26119],[-40.42416,-9.26233]]]}},{"type":"Feature","properties":{"CD_SETOR":"261110105000155","SITUACAO":"Urbana","NM_BAIRRO":null,"NM_DIST":"Petrolina","v0001":402,"v0007":123,"densidade":2605.1067,"taxa_alfab":0.9208,"pct_60m":0.0796,"pop_10_14":39.0,"pop_15_19":40.0,"renda_media":1393.83,"renda_mediana":1212.0,"infra":0.75,"pavimentacao":1.0,"iluminacao":1.0,"calcada":1.0,"onibus":0.0,"local_id":"144-1503","regiao":"Projetos irrigados (Nilo Coelho / Maria Tereza)"},"geometry":{"type":"Polygon","coordinates":[[[-40.42551,-9.26164],[-40.42438,-9.25955],[-40.42263,-9.26055],[-40.42211,-9.26199],[-40.42097,-9.2619],[-40.42041,-9.26252],[-40.4184,-9.26212],[-40.41654,-9.26129],[-40.41627,-9.26156],[-40.41752,-9.26261],[-40.42003,-9.26343],[-40.42212,-9.26342],[-40.42222,-9.26289],[-40.42327,-9.26277],[-40.42551,-9.26164]]]}},{"type":"Feature","properties":{"CD_SETOR":"261110105000156","SITUACAO":"Urbana","NM_BAIRRO":null,"NM_DIST":"Petrolina","v0001":507,"v0007":158,"densidade":5489.8104,"taxa_alfab":0.9059,"pct_60m":0.0907,"pop_10_14":54.0,"pop_15_19":70.0,"renda_media":1487.38,"renda_mediana":1212.0,"infra":0.7073,"pavimentacao":0.8354,"iluminacao":0.9937,"calcada":1.0,"onibus":0.0,"local_id":"144-1503","regiao":"Projetos irrigados (Nilo Coelho / Maria Tereza)"},"geometry":{"type":"Polygon","coordinates":[[[-40.42097,-9.2619],[-40.42211,-9.26199],[-40.42263,-9.26055],[-40.42438,-9.25955],[-40.42551,-9.26164],[-40.42639,-9.26119],[-40.42509,-9.25867],[-40.42262,-9.25845],[-40.42213,-9.26033],[-40.42097,-9.2619]]]}},{"type":"Feature","properties":{"CD_SETOR":"261110105000157","SITUACAO":"Urbana","NM_BAIRRO":null,"NM_DIST":"Petrolina","v0001":456,"v0007":132,"densidade":11704.6798,"taxa_alfab":0.7665,"pct_60m":0.057,"pop_10_14":32.0,"pop_15_19":54.0,"renda_media":1245.26,"renda_mediana":1212.0,"infra":0.7159,"pavimentacao":0.9697,"iluminacao":0.9621,"calcada":0.9318,"onibus":0.0,"local_id":"144-1384","regiao":"Projetos irrigados (Nilo Coelho / Maria Tereza)"},"geometry":{"type":"Polygon","coordinates":[[[-40.42857,-9.29509],[-40.42926,-9.29597],[-40.43131,-9.29443],[-40.43141,-9.29405],[-40.43086,-9.29334],[-40.42857,-9.29509]]]}},{"type":"Feature","properties":{"CD_SETOR":"261110105000158","SITUACAO":"Urbana","NM_BAIRRO":null,"NM_DIST":"Petrolina","v0001":319,"v0007":100,"densidade":8782.3055,"taxa_alfab":0.7982,"pct_60m":0.0188,"pop_10_14":44.0,"pop_15_19":35.0,"renda_media":1200.86,"renda_mediana":1212.0,"infra":0.685,"pavimentacao":0.93,"iluminacao":0.91,"calcada":0.9,"onibus":0.0,"local_id":"144-1384","regiao":"Projetos irrigados (Nilo Coelho / Maria Tereza)"},"geometry":{"type":"Polygon","coordinates":[[[-40.42926,-9.29597],[-40.42857,-9.29509],[-40.42663,-9.29657],[-40.42707,-9.29772],[-40.42926,-9.29597]]]}},{"type":"Feature","properties":{"CD_SETOR":"261110105000159","SITUACAO":"Urbana","NM_BAIRRO":null,"NM_DIST":"Petrolina","v0001":481,"v0007":153,"densidade":8029.3807,"taxa_alfab":0.8309,"pct_60m":0.0624,"pop_10_14":46.0,"pop_15_19":52.0,"renda_media":1074.48,"renda_mediana":1200.0,"infra":0.433,"pavimentacao":0.4837,"iluminacao":0.5621,"calcada":0.6863,"onibus":0.0,"local_id":"144-1384","regiao":"Projetos irrigados (Nilo Coelho / Maria Tereza)"},"geometry":{"type":"Polygon","coordinates":[[[-40.42919,-9.29363],[-40.42838,-9.29226],[-40.42831,-9.29117],[-40.42681,-9.29098],[-40.42696,-9.2928],[-40.42796,-9.29453],[-40.42919,-9.29363]]]}},{"type":"Feature","properties":{"CD_SETOR":"261110105000160","SITUACAO":"Urbana","NM_BAIRRO":null,"NM_DIST":"Petrolina","v0001":191,"v0007":61,"densidade":4951.7741,"taxa_alfab":0.8261,"pct_60m":0.0366,"pop_10_14":21.0,"pop_15_19":20.0,"renda_media":1072.93,"renda_mediana":1200.0,"infra":0.75,"pavimentacao":1.0,"iluminacao":1.0,"calcada":1.0,"onibus":0.0,"local_id":"144-1384","regiao":"Projetos irrigados (Nilo Coelho / Maria Tereza)"},"geometry":{"type":"Polygon","coordinates":[[[-40.42831,-9.29117],[-40.42838,-9.29226],[-40.42919,-9.29363],[-40.43036,-9.29271],[-40.42987,-9.29196],[-40.4298,-9.29135],[-40.42831,-9.29117]]]}},{"type":"Feature","properties":{"CD_SETOR":"261110105000161","SITUACAO":"Urbana","NM_BAIRRO":null,"NM_DIST":"Petrolina","v0001":272,"v0007":82,"densidade":3257.29,"taxa_alfab":0.9505,"pct_60m":0.0478,"pop_10_14":21.0,"pop_15_19":21.0,"renda_media":1701.92,"renda_mediana":1212.0,"infra":0.7409,"pavimentacao":0.9634,"iluminacao":1.0,"calcada":1.0,"onibus":0.0,"local_id":"144-1384","regiao":"Projetos irrigados (Nilo Coelho / Maria Tereza)"},"geometry":{"type":"Polygon","coordinates":[[[-40.43077,-9.2901],[-40.43005,-9.29068],[-40.42979,-9.29153],[-40.42997,-9.29217],[-40.43141,-9.29405],[-40.43131,-9.29443],[-40.4331,-9.29311],[-40.43077,-9.2901]]]}},{"type":"Feature","properties":{"CD_SETOR":"261110105000162","SITUACAO":"Urbana","NM_BAIRRO":null,"NM_DIST":"Petrolina","v0001":513,"v0007":165,"densidade":3687.4891,"taxa_alfab":0.8507,"pct_60m":0.0175,"pop_10_14":56.0,"pop_15_19":54.0,"renda_media":1196.17,"renda_mediana":1212.0,"infra":0.2788,"pavimentacao":0.0848,"iluminacao":0.1636,"calcada":0.8667,"onibus":0.0,"local_id":"144-1384","regiao":"Projetos irrigados (Nilo Coelho / Maria Tereza)"},"geometry":{"type":"Polygon","coordinates":[[[-40.42714,-9.28976],[-40.42805,-9.2885],[-40.42746,-9.288],[-40.42847,-9.28665],[-40.42954,-9.28628],[-40.42917,-9.28558],[-40.42709,-9.2857],[-40.42629,-9.28533],[-40.42538,-9.28656],[-40.42487,-9.28766],[-40.42559,-9.28811],[-40.42549,-9.28848],[-40.42444,-9.28794],[-40.42434,-9.28854],[-40.42714,-9.28976]]]}},{"type":"Feature","properties":{"CD_SETOR":"261110105000163","SITUACAO":"Urbana","NM_BAIRRO":null,"NM_DIST":"Petrolina","v0001":531,"v0007":175,"densidade":4035.8851,"taxa_alfab":0.88,"pct_60m":0.0678,"pop_10_14":54.0,"pop_15_19":58.0,"renda_media":1398.47,"renda_mediana":1212.0,"infra":0.5876,"pavimentacao":0.7011,"iluminacao":0.8103,"calcada":0.8161,"onibus":0.0,"local_id":"144-1384","regiao":"Projetos irrigados (Nilo Coelho / Maria Tereza)"},"geometry":{"type":"Polygon","coordinates":[[[-40.42954,-9.28628],[-40.42847,-9.28665],[-40.42746,-9.288],[-40.42805,-9.2885],[-40.42714,-9.28976],[-40.42681,-9.29098],[-40.4298,-9.29135],[-40.43005,-9.29068],[-40.43077,-9.2901],[-40.42893,-9.28774],[-40.42992,-9.28701],[-40.42954,-9.28628]]]}},{"type":"Feature","properties":{"CD_SETOR":"261110105000164","SITUACAO":"Urbana","NM_BAIRRO":null,"NM_DIST":"Petrolina","v0001":458,"v0007":153,"densidade":2733.7288,"taxa_alfab":0.9167,"pct_60m":0.0786,"pop_10_14":35.0,"pop_15_19":45.0,"renda_media":1161.9,"renda_mediana":1200.0,"infra":0.6325,"pavimentacao":0.7682,"iluminacao":0.8808,"calcada":0.8808,"onibus":0.0,"local_id":"144-1384","regiao":"Projetos irrigados (Nilo Coelho / Maria Tereza)"},"geometry":{"type":"Polygon","coordinates":[[[-40.42917,-9.28558],[-40.42992,-9.28701],[-40.42893,-9.28774],[-40.42982,-9.28892],[-40.43201,-9.28778],[-40.43255,-9.28913],[-40.4349,-9.28755],[-40.43532,-9.2881],[-40.43624,-9.28742],[-40.43601,-9.28736],[-40.43593,-9.28704],[-40.43589,-9.28576],[-40.43557,-9.28547],[-40.43421,-9.2858],[-40.43278,-9.28666],[-40.43046,-9.2865],[-40.42942,-9.28553],[-40.42917,-9.28558]]]}},{"type":"Feature","properties":{"CD_SETOR":"261110105000165","SITUACAO":"Urbana","NM_BAIRRO":null,"NM_DIST":"Petrolina","v0001":526,"v0007":154,"densidade":5589.5544,"taxa_alfab":0.9213,"pct_60m":0.0684,"pop_10_14":51.0,"pop_15_19":56.0,"renda_media":1195.59,"renda_mediana":1200.0,"infra":0.7089,"pavimentacao":0.9276,"iluminacao":0.9539,"calcada":0.9539,"onibus":0.0,"local_id":"144-1384","regiao":"Projetos irrigados (Nilo Coelho / Maria Tereza)"},"geometry":{"type":"Polygon","coordinates":[[[-40.42982,-9.28892],[-40.43142,-9.29097],[-40.43317,-9.28975],[-40.43346,-9.28966],[-40.43364,-9.28991],[-40.43532,-9.2881],[-40.4349,-9.28755],[-40.43255,-9.28913],[-40.43201,-9.28778],[-40.42982,-9.28892]]]}},{"type":"Feature","properties":{"CD_SETOR":"261110105000166","SITUACAO":"Urbana","NM_BAIRRO":null,"NM_DIST":"Petrolina","v0001":423,"v0007":145,"densidade":4171.8372,"taxa_alfab":0.8103,"pct_60m":0.0733,"pop_10_14":37.0,"pop_15_19":47.0,"renda_media":1044.49,"renda_mediana":1212.0,"infra":0.5672,"pavimentacao":0.5655,"iluminacao":0.7724,"calcada":0.931,"onibus":0.0,"local_id":"144-1384","regiao":"Projetos irrigados (Nilo Coelho / Maria Tereza)"},"geometry":{"type":"Polygon","coordinates":[[[-40.43619,-9.28751],[-40.43461,-9.28868],[-40.43364,-9.28991],[-40.43346,-9.28966],[-40.43288,-9.28989],[-40.43456,-9.29204],[-40.4357,-9.29163],[-40.435,-9.29022],[-40.43486,-9.28933],[-40.43679,-9.28977],[-40.43695,-9.28938],[-40.43736,-9.28771],[-40.43619,-9.28751]]]}},{"type":"Feature","properties":{"CD_SETOR":"261110105000167","SITUACAO":"Urbana","NM_BAIRRO":null,"NM_DIST":"Petrolina","v0001":484,"v0007":159,"densidade":8107.7318,"taxa_alfab":0.9088,"pct_60m":0.0868,"pop_10_14":34.0,"pop_15_19":42.0,"renda_media":1135.54,"renda_mediana":1212.0,"infra":0.75,"pavimentacao":1.0,"iluminacao":1.0,"calcada":1.0,"onibus":0.1195,"local_id":"144-1384","regiao":"Projetos irrigados (Nilo Coelho / Maria Tereza)"},"geometry":{"type":"Polygon","coordinates":[[[-40.43456,-9.29204],[-40.43288,-9.28989],[-40.43142,-9.29097],[-40.4331,-9.29311],[-40.43456,-9.29204]]]}},{"type":"Feature","properties":{"CD_SETOR":"261110105000168","SITUACAO":"Rural","NM_BAIRRO":null,"NM_DIST":"Petrolina","v0001":416,"v0007":129,"densidade":4463.2035,"taxa_alfab":0.8197,"pct_60m":0.0601,"pop_10_14":50.0,"pop_15_19":44.0,"renda_media":1207.32,"renda_mediana":1212.0,"infra":null,"pavimentacao":null,"iluminacao":null,"calcada":null,"onibus":null,"local_id":"144-1481","regiao":"Zona rural da sede"},"geometry":{"type":"Polygon","coordinates":[[[-40.38405,-9.34913],[-40.38051,-9.34406],[-40.38017,-9.34427],[-40.37954,-9.34323],[-40.37942,-9.34331],[-40.3818,-9.34734],[-40.38092,-9.34793],[-40.38288,-9.35029],[-40.38405,-9.34913]]]}},{"type":"Feature","properties":{"CD_SETOR":"261110105000169","SITUACAO":"Urbana","NM_BAIRRO":null,"NM_DIST":"Petrolina","v0001":534,"v0007":168,"densidade":2967.5033,"taxa_alfab":0.8451,"pct_60m":0.0468,"pop_10_14":46.0,"pop_15_19":47.0,"renda_media":1033.06,"renda_mediana":1212.0,"infra":null,"pavimentacao":null,"iluminacao":null,"calcada":null,"onibus":null,"local_id":"145-2097","regiao":"Projetos irrigados (Nilo Coelho / Maria Tereza)"},"geometry":{"type":"Polygon","coordinates":[[[-40.53522,-9.1023],[-40.53419,-9.10159],[-40.53394,-9.10116],[-40.52913,-9.09993],[-40.52922,-9.10029],[-40.52572,-9.10166],[-40.52669,-9.10242],[-40.52924,-9.10158],[-40.52992,-9.10166],[-40.53401,-9.10343],[-40.53451,-9.10435],[-40.53466,-9.10373],[-40.535,-9.10336],[-40.53522,-9.1023]]]}},{"type":"Feature","properties":{"CD_SETOR":"261110105000170","SITUACAO":"Urbana","NM_BAIRRO":null,"NM_DIST":"Petrolina","v0001":405,"v0007":135,"densidade":3256.043,"taxa_alfab":0.8448,"pct_60m":0.0568,"pop_10_14":40.0,"pop_15_19":50.0,"renda_media":1074.9,"renda_mediana":1212.0,"infra":null,"pavimentacao":null,"iluminacao":null,"calcada":null,"onibus":null,"local_id":"145-2097","regiao":"Projetos irrigados (Nilo Coelho / Maria Tereza)"},"geometry":{"type":"Polygon","coordinates":[[[-40.53222,-9.09739],[-40.53127,-9.10047],[-40.53394,-9.10116],[-40.53419,-9.10159],[-40.53522,-9.1023],[-40.53571,-9.09991],[-40.53497,-9.09986],[-40.53504,-9.09962],[-40.53222,-9.09739]]]}},{"type":"Feature","properties":{"CD_SETOR":"261110105000171","SITUACAO":"Urbana","NM_BAIRRO":null,"NM_DIST":"Petrolina","v0001":486,"v0007":148,"densidade":4638.0379,"taxa_alfab":0.9169,"pct_60m":0.035,"pop_10_14":51.0,"pop_15_19":49.0,"renda_media":1173.99,"renda_mediana":1212.0,"infra":null,"pavimentacao":null,"iluminacao":null,"calcada":null,"onibus":null,"local_id":"145-2097","regiao":"Projetos irrigados (Nilo Coelho / Maria Tereza)"},"geometry":{"type":"Polygon","coordinates":[[[-40.53127,-9.10047],[-40.53222,-9.09739],[-40.53176,-9.09699],[-40.52815,-9.09979],[-40.52778,-9.09959],[-40.52585,-9.10154],[-40.52922,-9.10029],[-40.52913,-9.09993],[-40.53127,-9.10047]]]}},{"type":"Feature","properties":{"CD_SETOR":"261110105000172","SITUACAO":"Rural","NM_BAIRRO":null,"NM_DIST":"Petrolina","v0001":405,"v0007":137,"densidade":2443.4844,"taxa_alfab":0.8143,"pct_60m":0.0296,"pop_10_14":44.0,"pop_15_19":48.0,"renda_media":1135.87,"renda_mediana":1212.0,"infra":null,"pavimentacao":null,"iluminacao":null,"calcada":null,"onibus":null,"local_id":"145-1325","regiao":"Projetos irrigados (Nilo Coelho / Maria Tereza)"},"geometry":{"type":"Polygon","coordinates":[[[-40.56562,-9.14144],[-40.56553,-9.14192],[-40.56648,-9.14297],[-40.56655,-9.14372],[-40.56876,-9.14446],[-40.56996,-9.13995],[-40.56744,-9.13937],[-40.56721,-9.14],[-40.56562,-9.14144]]]}},{"type":"Feature","properties":{"CD_SETOR":"261110105000173","SITUACAO":"Rural","NM_BAIRRO":null,"NM_DIST":"Petrolina","v0001":391,"v0007":120,"densidade":3227.7169,"taxa_alfab":0.7854,"pct_60m":0.0077,"pop_10_14":50.0,"pop_15_19":52.0,"renda_media":1154.15,"renda_mediana":1212.0,"infra":null,"pavimentacao":null,"iluminacao":null,"calcada":null,"onibus":null,"local_id":"145-2100","regiao":"Projetos irrigados (Nilo Coelho / Maria Tereza)"},"geometry":{"type":"Polygon","coordinates":[[[-40.56876,-9.14446],[-40.56655,-9.14372],[-40.56648,-9.14297],[-40.56553,-9.14192],[-40.56562,-9.14144],[-40.56322,-9.14362],[-40.56354,-9.14455],[-40.56848,-9.14547],[-40.56876,-9.14446]]]}},{"type":"Feature","properties":{"CD_SETOR":"261110105000174","SITUACAO":"Urbana","NM_BAIRRO":null,"NM_DIST":"Petrolina","v0001":520,"v0007":172,"densidade":11022.5342,"taxa_alfab":0.8932,"pct_60m":0.0538,"pop_10_14":47.0,"pop_15_19":55.0,"renda_media":1385.76,"renda_mediana":1200.0,"infra":0.657,"pavimentacao":0.6337,"iluminacao":1.0,"calcada":0.9942,"onibus":0.0,"local_id":"145-2151","regiao":"Projetos irrigados (Nilo Coelho / Maria Tereza)"},"geometry":{"type":"Polygon","coordinates":[[[-40.5586,-9.18556],[-40.56084,-9.18839],[-40.56122,-9.18552],[-40.5586,-9.18556]]]}},{"type":"Feature","properties":{"CD_SETOR":"261110105000175","SITUACAO":"Urbana","NM_BAIRRO":null,"NM_DIST":"Petrolina","v0001":421,"v0007":134,"densidade":8842.6443,"taxa_alfab":0.8817,"pct_60m":0.0143,"pop_10_14":38.0,"pop_15_19":38.0,"renda_media":1353.86,"renda_mediana":1200.0,"infra":0.4832,"pavimentacao":0.0,"iluminacao":0.9627,"calcada":0.9701,"onibus":0.0,"local_id":"145-2151","regiao":"Projetos irrigados (Nilo Coelho / Maria Tereza)"},"geometry":{"type":"Polygon","coordinates":[[[-40.56053,-9.18804],[-40.5595,-9.18672],[-40.55935,-9.18684],[-40.56003,-9.18798],[-40.55681,-9.19062],[-40.55748,-9.19146],[-40.55807,-9.19102],[-40.55874,-9.19178],[-40.55925,-9.19088],[-40.55831,-9.18971],[-40.56053,-9.18804]]]}},{"type":"Feature","properties":{"CD_SETOR":"261110105000176","SITUACAO":"Urbana","NM_BAIRRO":null,"NM_DIST":"Petrolina","v0001":356,"v0007":118,"densidade":8241.699,"taxa_alfab":0.9218,"pct_60m":0.0169,"pop_10_14":22.0,"pop_15_19":26.0,"renda_media":1282.55,"renda_mediana":1200.0,"infra":0.4831,"pavimentacao":0.0085,"iluminacao":0.9237,"calcada":1.0,"onibus":0.0,"local_id":"145-2151","regiao":"Projetos irrigados (Nilo Coelho / Maria Tereza)"},"geometry":{"type":"Polygon","coordinates":[[[-40.56053,-9.18804],[-40.55831,-9.18971],[-40.55925,-9.19088],[-40.55955,-9.19036],[-40.5606,-9.19004],[-40.56084,-9.18839],[-40.56053,-9.18804]]]}},{"type":"Feature","properties":{"CD_SETOR":"261110105000177","SITUACAO":"Urbana","NM_BAIRRO":null,"NM_DIST":"Petrolina","v0001":451,"v0007":149,"densidade":1578.5048,"taxa_alfab":0.8401,"pct_60m":0.0909,"pop_10_14":43.0,"pop_15_19":40.0,"renda_media":1438.58,"renda_mediana":1212.0,"infra":0.693,"pavimentacao":0.8859,"iluminacao":1.0,"calcada":0.8859,"onibus":0.4765,"local_id":"145-1520","regiao":"Projetos irrigados (Nilo Coelho / Maria Tereza)"},"geometry":{"type":"Polygon","coordinates":[[[-40.50288,-9.29008],[-40.50512,-9.28939],[-40.50433,-9.28649],[-40.50488,-9.28184],[-40.50642,-9.28202],[-40.50702,-9.27945],[-40.50672,-9.2787],[-40.5062,-9.27878],[-40.50369,-9.28057],[-40.50385,-9.28179],[-40.50296,-9.28383],[-40.50258,-9.28413],[-40.50207,-9.28799],[-40.50184,-9.28848],[-40.50188,-9.28888],[-40.50288,-9.29008]]]}},{"type":"Feature","properties":{"CD_SETOR":"261110105000178","SITUACAO":"Urbana","NM_BAIRRO":null,"NM_DIST":"Petrolina","v0001":368,"v0007":118,"densidade":2000.6695,"taxa_alfab":0.8464,"pct_60m":0.1005,"pop_10_14":29.0,"pop_15_19":37.0,"renda_media":1394.99,"renda_mediana":1212.0,"infra":0.6356,"pavimentacao":0.8475,"iluminacao":0.9492,"calcada":0.7458,"onibus":0.1441,"local_id":"145-2089","regiao":"Projetos irrigados (Nilo Coelho / Maria Tereza)"},"geometry":{"type":"Polygon","coordinates":[[[-40.50471,-9.28807],[-40.50512,-9.28939],[-40.50288,-9.29008],[-40.50435,-9.29325],[-40.50337,-9.29509],[-40.50287,-9.2954],[-40.50319,-9.29553],[-40.50442,-9.29483],[-40.50627,-9.29336],[-40.50562,-9.29093],[-40.50704,-9.29049],[-40.50616,-9.28765],[-40.50471,-9.28807]]]}},{"type":"Feature","properties":{"CD_SETOR":"261110105000179","SITUACAO":"Urbana","NM_BAIRRO":null,"NM_DIST":"Petrolina","v0001":384,"v0007":116,"densidade":2289.2107,"taxa_alfab":0.9048,"pct_60m":0.1042,"pop_10_14":32.0,"pop_15_19":31.0,"renda_media":1200.63,"renda_mediana":1200.0,"infra":0.722,"pavimentacao":0.931,"iluminacao":1.0,"calcada":0.9569,"onibus":0.1552,"local_id":"145-1520","regiao":"Projetos irrigados (Nilo Coelho / Maria Tereza)"},"geometry":{"type":"Polygon","coordinates":[[[-40.50636,-9.28202],[-40.50583,-9.2862],[-40.50435,-9.28619],[-40.50471,-9.28807],[-40.50756,-9.28718],[-40.50735,-9.28625],[-40.50787,-9.28224],[-40.50856,-9.28231],[-40.50865,-9.28179],[-40.50755,-9.28025],[-40.50681,-9.28027],[-40.50636,-9.28202]]]}},{"type":"Feature","properties":{"CD_SETOR":"261110105000180","SITUACAO":"Urbana","NM_BAIRRO":null,"NM_DIST":"Petrolina","v0001":316,"v0007":95,"densidade":4045.5705,"taxa_alfab":0.8729,"pct_60m":0.0759,"pop_10_14":28.0,"pop_15_19":35.0,"renda_media":1223.09,"renda_mediana":1212.0,"infra":0.75,"pavimentacao":1.0,"iluminacao":1.0,"calcada":1.0,"onibus":0.3789,"local_id":"145-1520","regiao":"Projetos irrigados (Nilo Coelho / Maria Tereza)"},"geometry":{"type":"Polygon","coordinates":[[[-40.50435,-9.28619],[-40.50583,-9.2862],[-40.50636,-9.28202],[-40.50488,-9.28184],[-40.50435,-9.28619]]]}},{"type":"Feature","properties":{"CD_SETOR":"261110105000181","SITUACAO":"Urbana","NM_BAIRRO":null,"NM_DIST":"Petrolina","v0001":474,"v0007":144,"densidade":3112.0056,"taxa_alfab":0.868,"pct_60m":0.0401,"pop_10_14":48.0,"pop_15_19":37.0,"renda_media":1501.36,"renda_mediana":1212.0,"infra":0.5747,"pavimentacao":0.3681,"iluminacao":1.0,"calcada":0.9306,"onibus":0.0,"local_id":"145-2070","regiao":"Zona Norte"},"geometry":{"type":"Polygon","coordinates":[[[-40.48766,-9.30735],[-40.48848,-9.30395],[-40.48989,-9.30423],[-40.48913,-9.30224],[-40.48724,-9.30193],[-40.48693,-9.30206],[-40.48586,-9.30692],[-40.48684,-9.30796],[-40.48766,-9.30735]]]}},{"type":"Feature","properties":{"CD_SETOR":"261110105000182","SITUACAO":"Urbana","NM_BAIRRO":null,"NM_DIST":"Petrolina","v0001":436,"v0007":135,"densidade":6768.4809,"taxa_alfab":0.8663,"pct_60m":0.0963,"pop_10_14":45.0,"pop_15_19":40.0,"renda_media":1465.87,"renda_mediana":1212.0,"infra":0.6852,"pavimentacao":0.8889,"iluminacao":0.9259,"calcada":0.9259,"onibus":0.1926,"local_id":"145-2070","regiao":"Zona Norte"},"geometry":{"type":"Polygon","coordinates":[[[-40.48989,-9.30423],[-40.48848,-9.30395],[-40.48766,-9.30735],[-40.49043,-9.30589],[-40.48989,-9.30423]]]}},{"type":"Feature","properties":{"CD_SETOR":"261110105000183","SITUACAO":"Urbana","NM_BAIRRO":null,"NM_DIST":"Petrolina","v0001":562,"v0007":169,"densidade":7474.3317,"taxa_alfab":0.8959,"pct_60m":0.0587,"pop_10_14":52.0,"pop_15_19":53.0,"renda_media":1052.19,"renda_mediana":1100.0,"infra":0.7456,"pavimentacao":0.9941,"iluminacao":0.9941,"calcada":0.9941,"onibus":0.142,"local_id":"145-2089","regiao":"Projetos irrigados (Nilo Coelho / Maria Tereza)"},"geometry":{"type":"Polygon","coordinates":[[[-40.50085,-9.29595],[-40.49963,-9.29333],[-40.49777,-9.29389],[-40.49784,-9.29412],[-40.49811,-9.29403],[-40.49932,-9.29723],[-40.50063,-9.29662],[-40.50046,-9.29632],[-40.50085,-9.29595]]]}},{"type":"Feature","properties":{"CD_SETOR":"261110105000184","SITUACAO":"Urbana","NM_BAIRRO":null,"NM_DIST":"Petrolina","v0001":602,"v0007":188,"densidade":9382.2195,"taxa_alfab":0.8078,"pct_60m":0.0631,"pop_10_14":60.0,"pop_15_19":77.0,"renda_media":883.79,"renda_mediana":1200.0,"infra":0.75,"pavimentacao":1.0,"iluminacao":1.0,"calcada":1.0,"onibus":0.2287,"local_id":"145-2089","regiao":"Projetos irrigados (Nilo Coelho / Maria Tereza)"},"geometry":{"type":"Polygon","coordinates":[[[-40.49925,-9.29345],[-40.49963,-9.29333],[-40.50028,-9.29475],[-40.50132,-9.29429],[-40.50082,-9.29106],[-40.49912,-9.29154],[-40.49948,-9.29291],[-40.49912,-9.29304],[-40.49925,-9.29345]]]}},{"type":"Feature","properties":{"CD_SETOR":"261110105000185","SITUACAO":"Urbana","NM_BAIRRO":null,"NM_DIST":"Petrolina","v0001":434,"v0007":126,"densidade":4869.9724,"taxa_alfab":0.8486,"pct_60m":0.023,"pop_10_14":50.0,"pop_15_19":48.0,"renda_media":843.1,"renda_mediana":600.0,"infra":0.4841,"pavimentacao":0.6429,"iluminacao":0.8571,"calcada":0.4365,"onibus":0.0,"local_id":"145-2089","regiao":"Projetos irrigados (Nilo Coelho / Maria Tereza)"},"geometry":{"type":"Polygon","coordinates":[[[-40.50132,-9.29429],[-40.50244,-9.29379],[-40.5022,-9.29301],[-40.50263,-9.29286],[-40.5028,-9.29319],[-40.50417,-9.29285],[-40.50305,-9.29047],[-40.50082,-9.29106],[-40.50132,-9.29429]]]}},{"type":"Feature","properties":{"CD_SETOR":"261110105000186","SITUACAO":"Urbana","NM_BAIRRO":null,"NM_DIST":"Petrolina","v0001":400,"v0007":118,"densidade":4472.2291,"taxa_alfab":0.8701,"pct_60m":0.035,"pop_10_14":43.0,"pop_15_19":34.0,"renda_media":1018.03,"renda_mediana":1200.0,"infra":0.3575,"pavimentacao":0.2632,"iluminacao":0.6667,"calcada":0.5,"onibus":0.0,"local_id":"145-2089","regiao":"Projetos irrigados (Nilo Coelho / Maria Tereza)"},"geometry":{"type":"Polygon","coordinates":[[[-40.50417,-9.29285],[-40.5028,-9.29319],[-40.50263,-9.29286],[-40.5022,-9.29301],[-40.50244,-9.29379],[-40.50028,-9.29475],[-40.50085,-9.29595],[-40.50046,-9.29632],[-40.50063,-9.29662],[-40.50319,-9.29553],[-40.50287,-9.2954],[-40.50337,-9.29509],[-40.50435,-9.29325],[-40.50417,-9.29285]]]}},{"type":"Feature","properties":{"CD_SETOR":"261110105000187","SITUACAO":"Rural","NM_BAIRRO":null,"NM_DIST":"Petrolina","v0001":350,"v0007":103,"densidade":2230.0689,"taxa_alfab":0.8155,"pct_60m":0.04,"pop_10_14":36.0,"pop_15_19":33.0,"renda_media":861.18,"renda_mediana":1200.0,"infra":0.5194,"pavimentacao":0.3495,"iluminacao":0.9126,"calcada":0.8155,"onibus":0.0,"local_id":"145-2160","regiao":"Zona rural da sede"},"geometry":{"type":"Polygon","coordinates":[[[-40.42609,-9.2528],[-40.4288,-9.25279],[-40.42918,-9.25057],[-40.42745,-9.25007],[-40.42533,-9.24844],[-40.42386,-9.24845],[-40.42609,-9.2528]]]}},{"type":"Feature","properties":{"CD_SETOR":"261110105000188","SITUACAO":"Rural","NM_BAIRRO":null,"NM_DIST":"Petrolina","v0001":380,"v0007":117,"densidade":9436.8628,"taxa_alfab":0.7581,"pct_60m":0.0632,"pop_10_14":40.0,"pop_15_19":44.0,"renda_media":863.55,"renda_mediana":1000.0,"infra":0.6731,"pavimentacao":0.812,"iluminacao":0.9658,"calcada":0.9145,"onibus":0.0,"local_id":"145-2160","regiao":"Zona rural da sede"},"geometry":{"type":"Polygon","coordinates":[[[-40.4288,-9.25279],[-40.42839,-9.25277],[-40.42609,-9.2528],[-40.42701,-9.25455],[-40.42853,-9.25404],[-40.4288,-9.25279]]]}},{"type":"Feature","properties":{"CD_SETOR":"261110105000189","SITUACAO":"Urbana","NM_BAIRRO":null,"NM_DIST":"Petrolina","v0001":558,"v0007":173,"densidade":4333.173,"taxa_alfab":0.801,"pct_60m":0.0556,"pop_10_14":42.0,"pop_15_19":65.0,"renda_media":891.15,"renda_mediana":1000.0,"infra":0.4162,"pavimentacao":0.0578,"iluminacao":0.7977,"calcada":0.8092,"onibus":0.0116,"local_id":"145-1538","regiao":"Projetos irrigados (Nilo Coelho / Maria Tereza)"},"geometry":{"type":"Polygon","coordinates":[[[-40.45998,-9.27969],[-40.46176,-9.27938],[-40.46142,-9.27733],[-40.46201,-9.27722],[-40.46285,-9.27663],[-40.46304,-9.27681],[-40.46337,-9.27563],[-40.46317,-9.27544],[-40.46047,-9.27502],[-40.45997,-9.27519],[-40.45958,-9.2773],[-40.45998,-9.27969]]]}},{"type":"Feature","properties":{"CD_SETOR":"261110105000190","SITUACAO":"Urbana","NM_BAIRRO":null,"NM_DIST":"Petrolina","v0001":478,"v0007":144,"densidade":6600.862,"taxa_alfab":0.8302,"pct_60m":0.0397,"pop_10_14":57.0,"pop_15_19":44.0,"renda_media":1042.4,"renda_mediana":1150.0,"infra":0.3889,"pavimentacao":0.0069,"iluminacao":0.9653,"calcada":0.5833,"onibus":0.0,"local_id":"145-1538","regiao":"Projetos irrigados (Nilo Coelho / Maria Tereza)"},"geometry":{"type":"Polygon","coordinates":[[[-40.46304,-9.27681],[-40.46285,-9.27663],[-40.46201,-9.27722],[-40.46142,-9.27733],[-40.46176,-9.27938],[-40.45998,-9.27969],[-40.46023,-9.28111],[-40.46092,-9.28166],[-40.46249,-9.28155],[-40.4622,-9.28066],[-40.46221,-9.27756],[-40.46304,-9.27681]]]}},{"type":"Feature","properties":{"CD_SETOR":"261110105000191","SITUACAO":"Urbana","NM_BAIRRO":null,"NM_DIST":"Petrolina","v0001":483,"v0007":138,"densidade":4343.9885,"taxa_alfab":0.8042,"pct_60m":0.0435,"pop_10_14":49.0,"pop_15_19":51.0,"renda_media":1041.1,"renda_mediana":1100.0,"infra":0.2737,"pavimentacao":0.0,"iluminacao":0.8467,"calcada":0.2482,"onibus":0.0,"local_id":"145-1538","regiao":"Projetos irrigados (Nilo Coelho / Maria Tereza)"},"geometry":{"type":"Polygon","coordinates":[[[-40.45763,-9.27793],[-40.45805,-9.28067],[-40.45948,-9.28072],[-40.45983,-9.28106],[-40.46023,-9.28111],[-40.45958,-9.2773],[-40.45997,-9.27519],[-40.45951,-9.27534],[-40.45913,-9.27629],[-40.45776,-9.27689],[-40.45763,-9.27793]]]}},{"type":"Feature","properties":{"CD_SETOR":"261110105000192","SITUACAO":"Urbana","NM_BAIRRO":null,"NM_DIST":"Petrolina","v0001":354,"v0007":116,"densidade":3420.7619,"taxa_alfab":0.8714,"pct_60m":0.0254,"pop_10_14":37.0,"pop_15_19":34.0,"renda_media":1003.62,"renda_mediana":1200.0,"infra":0.1789,"pavimentacao":0.0,"iluminacao":0.5,"calcada":0.2155,"onibus":0.0,"local_id":"145-1538","regiao":"Projetos irrigados (Nilo Coelho / Maria Tereza)"},"geometry":{"type":"Polygon","coordinates":[[[-40.46066,-9.28147],[-40.45983,-9.28106],[-40.45948,-9.28072],[-40.45805,-9.28067],[-40.45797,-9.28007],[-40.45441,-9.27995],[-40.45513,-9.28255],[-40.4556,-9.28215],[-40.45713,-9.28177],[-40.45864,-9.28161],[-40.45973,-9.28176],[-40.46066,-9.28147]]]}},{"type":"Feature","properties":{"CD_SETOR":"261110105000193","SITUACAO":"Urbana","NM_BAIRRO":null,"NM_DIST":"Petrolina","v0001":475,"v0007":151,"densidade":4822.6345,"taxa_alfab":0.9088,"pct_60m":0.1053,"pop_10_14":48.0,"pop_15_19":52.0,"renda_media":1258.9,"renda_mediana":1212.0,"infra":0.5265,"pavimentacao":0.6821,"iluminacao":0.8609,"calcada":0.5629,"onibus":0.0,"local_id":"83-1643","regiao":"Zona rural da sede"},"geometry":{"type":"Polygon","coordinates":[[[-40.73927,-9.42665],[-40.73759,-9.42698],[-40.73753,-9.42644],[-40.73697,-9.42651],[-40.73706,-9.42813],[-40.73776,-9.43134],[-40.73884,-9.43135],[-40.73877,-9.42947],[-40.73932,-9.42928],[-40.73909,-9.42752],[-40.73935,-9.4273],[-40.73927,-9.42665]]]}},{"type":"Feature","properties":{"CD_SETOR":"261110105000194","SITUACAO":"Urbana","NM_BAIRRO":null,"NM_DIST":"Petrolina","v0001":569,"v0007":178,"densidade":5849.1566,"taxa_alfab":0.875,"pct_60m":0.0457,"pop_10_14":53.0,"pop_15_19":60.0,"renda_media":1186.59,"renda_mediana":1212.0,"infra":0.4421,"pavimentacao":0.4859,"iluminacao":0.9661,"calcada":0.3164,"onibus":0.0,"local_id":"83-1643","regiao":"Zona rural da sede"},"geometry":{"type":"Polygon","coordinates":[[[-40.73697,-9.42651],[-40.73753,-9.42644],[-40.73759,-9.42698],[-40.73927,-9.42665],[-40.73913,-9.42624],[-40.73836,-9.42635],[-40.73837,-9.42613],[-40.73882,-9.42604],[-40.73897,-9.42503],[-40.73861,-9.42506],[-40.7384,-9.42443],[-40.73812,-9.42446],[-40.73829,-9.42357],[-40.7386,-9.42351],[-40.73858,-9.42327],[-40.7384,-9.4233],[-40.73833,-9.42269],[-40.73787,-9.42273],[-40.73785,-9.42224],[-40.73645,-9.42225],[-40.73697,-9.42651]]]}},{"type":"Feature","properties":{"CD_SETOR":"261110105000195","SITUACAO":"Urbana","NM_BAIRRO":null,"NM_DIST":"Petrolina","v0001":319,"v0007":96,"densidade":2441.9763,"taxa_alfab":0.8378,"pct_60m":0.0502,"pop_10_14":43.0,"pop_15_19":30.0,"renda_media":1127.18,"renda_mediana":1212.0,"infra":0.5365,"pavimentacao":0.1667,"iluminacao":1.0,"calcada":0.9792,"onibus":0.0,"local_id":"145-1309","regiao":"Projetos irrigados (Nilo Coelho / Maria Tereza)"},"geometry":{"type":"Polygon","coordinates":[[[-40.53835,-9.27915],[-40.53767,-9.27851],[-40.53827,-9.27685],[-40.53694,-9.27641],[-40.53643,-9.2778],[-40.5355,-9.27749],[-40.5345,-9.2799],[-40.53779,-9.28116],[-40.53835,-9.27915]]]}},{"type":"Feature","properties":{"CD_SETOR":"261110105000196","SITUACAO":"Urbana","NM_BAIRRO":null,"NM_DIST":"Petrolina","v0001":338,"v0007":107,"densidade":4340.2337,"taxa_alfab":0.8377,"pct_60m":0.0414,"pop_10_14":34.0,"pop_15_19":47.0,"renda_media":1082.55,"renda_mediana":1200.0,"infra":0.535,"pavimentacao":0.2523,"iluminacao":0.972,"calcada":0.9159,"onibus":0.1495,"local_id":"145-1309","regiao":"Projetos irrigados (Nilo Coelho / Maria Tereza)"},"geometry":{"type":"Polygon","coordinates":[[[-40.53694,-9.27641],[-40.53827,-9.27685],[-40.53767,-9.27851],[-40.53835,-9.27915],[-40.53968,-9.27447],[-40.53831,-9.27404],[-40.53803,-9.27482],[-40.5376,-9.27468],[-40.53694,-9.27641]]]}},{"type":"Feature","properties":{"CD_SETOR":"261110105000197","SITUACAO":"Urbana","NM_BAIRRO":null,"NM_DIST":"Petrolina","v0001":385,"v0007":126,"densidade":3737.8319,"taxa_alfab":0.8508,"pct_60m":0.0909,"pop_10_14":35.0,"pop_15_19":36.0,"renda_media":1202.71,"renda_mediana":1212.0,"infra":0.631,"pavimentacao":0.8095,"iluminacao":0.8571,"calcada":0.8571,"onibus":0.246,"local_id":"145-1309","regiao":"Projetos irrigados (Nilo Coelho / Maria Tereza)"},"geometry":{"type":"Polygon","coordinates":[[[-40.53699,-9.2763],[-40.53471,-9.27521],[-40.53341,-9.27864],[-40.53291,-9.27934],[-40.5345,-9.2799],[-40.5355,-9.27749],[-40.53643,-9.2778],[-40.53699,-9.2763]]]}},{"type":"Feature","properties":{"CD_SETOR":"261110105000198","SITUACAO":"Urbana","NM_BAIRRO":null,"NM_DIST":"Petrolina","v0001":331,"v0007":97,"densidade":4153.2736,"taxa_alfab":0.8967,"pct_60m":0.0906,"pop_10_14":31.0,"pop_15_19":27.0,"renda_media":1245.14,"renda_mediana":1212.0,"infra":0.6933,"pavimentacao":0.8969,"iluminacao":0.9381,"calcada":0.9381,"onibus":0.0,"local_id":"145-1309","regiao":"Projetos irrigados (Nilo Coelho / Maria Tereza)"},"geometry":{"type":"Polygon","coordinates":[[[-40.53471,-9.27521],[-40.53699,-9.2763],[-40.5376,-9.27468],[-40.53803,-9.27482],[-40.53831,-9.27404],[-40.53547,-9.27303],[-40.53471,-9.27521]]]}},{"type":"Feature","properties":{"CD_SETOR":"261110105000199","SITUACAO":"Urbana","NM_BAIRRO":null,"NM_DIST":"Petrolina","v0001":356,"v0007":104,"densidade":2900.8458,"taxa_alfab":0.9198,"pct_60m":0.0449,"pop_10_14":42.0,"pop_15_19":28.0,"renda_media":1321.93,"renda_mediana":1212.0,"infra":0.4062,"pavimentacao":0.3942,"iluminacao":0.8942,"calcada":0.3365,"onibus":0.0,"local_id":"83-1724","regiao":"Zona rural da sede"},"geometry":{"type":"Polygon","coordinates":[[[-40.58803,-9.45648],[-40.58951,-9.45359],[-40.58873,-9.45325],[-40.58929,-9.45186],[-40.58822,-9.45181],[-40.58697,-9.45385],[-40.58571,-9.45325],[-40.58494,-9.45444],[-40.58803,-9.45648]]]}},{"type":"Feature","properties":{"CD_SETOR":"261110105000200","SITUACAO":"Urbana","NM_BAIRRO":null,"NM_DIST":"Petrolina","v0001":380,"v0007":117,"densidade":3480.5544,"taxa_alfab":0.8945,"pct_60m":0.1,"pop_10_14":37.0,"pop_15_19":34.0,"renda_media":1256.75,"renda_mediana":1212.0,"infra":0.4786,"pavimentacao":0.5983,"iluminacao":0.9487,"calcada":0.3675,"onibus":0.0,"local_id":"83-1724","regiao":"Zona rural da sede"},"geometry":{"type":"Polygon","coordinates":[[[-40.58822,-9.45181],[-40.58929,-9.45186],[-40.58873,-9.45325],[-40.58951,-9.45359],[-40.58803,-9.45648],[-40.58926,-9.45729],[-40.59127,-9.4521],[-40.58867,-9.45099],[-40.58822,-9.45181]]]}},{"type":"Feature","properties":{"CD_SETOR":"261110105000201","SITUACAO":"Urbana","NM_BAIRRO":null,"NM_DIST":"Petrolina","v0001":288,"v0007":90,"densidade":4389.2425,"taxa_alfab":0.8235,"pct_60m":0.1007,"pop_10_14":24.0,"pop_15_19":26.0,"renda_media":1203.27,"renda_mediana":1212.0,"infra":0.7361,"pavimentacao":1.0,"iluminacao":1.0,"calcada":0.9444,"onibus":0.0556,"local_id":"83-1520","regiao":"Bebedouro / Massangano"},"geometry":{"type":"Polygon","coordinates":[[[-40.56948,-9.44386],[-40.56762,-9.44306],[-40.56835,-9.44147],[-40.567,-9.44088],[-40.56593,-9.44346],[-40.56807,-9.44408],[-40.56913,-9.44472],[-40.56948,-9.44386]]]}},{"type":"Feature","properties":{"CD_SETOR":"261110105000202","SITUACAO":"Urbana","NM_BAIRRO":null,"NM_DIST":"Petrolina","v0001":453,"v0007":147,"densidade":10709.2881,"taxa_alfab":0.8266,"pct_60m":0.0927,"pop_10_14":34.0,"pop_15_19":33.0,"renda_media":1223.51,"renda_mediana":1212.0,"infra":0.6939,"pavimentacao":0.898,"iluminacao":1.0,"calcada":0.8776,"onibus":0.0,"local_id":"83-1520","regiao":"Bebedouro / Massangano"},"geometry":{"type":"Polygon","coordinates":[[[-40.56835,-9.44147],[-40.56762,-9.44306],[-40.56948,-9.44386],[-40.57014,-9.44229],[-40.56835,-9.44147]]]}},{"type":"Feature","properties":{"CD_SETOR":"261110105000203","SITUACAO":"Urbana","NM_BAIRRO":null,"NM_DIST":"Petrolina","v0001":302,"v0007":89,"densidade":1969.5202,"taxa_alfab":0.9144,"pct_60m":0.0662,"pop_10_14":32.0,"pop_15_19":35.0,"renda_media":1437.76,"renda_mediana":1212.0,"infra":0.6461,"pavimentacao":0.8315,"iluminacao":1.0,"calcada":0.7528,"onibus":0.0,"local_id":"83-1520","regiao":"Bebedouro / Massangano"},"geometry":{"type":"Polygon","coordinates":[[[-40.56736,-9.43747],[-40.56626,-9.44006],[-40.57036,-9.44172],[-40.57137,-9.43907],[-40.56794,-9.43751],[-40.56736,-9.43747]]]}},{"type":"Feature","properties":{"CD_SETOR":"261110105000204","SITUACAO":"Urbana","NM_BAIRRO":null,"NM_DIST":"Petrolina","v0001":417,"v0007":127,"densidade":3765.7495,"taxa_alfab":0.9299,"pct_60m":0.0791,"pop_10_14":33.0,"pop_15_19":44.0,"renda_media":1503.95,"renda_mediana":1212.0,"infra":0.5276,"pavimentacao":0.5591,"iluminacao":1.0,"calcada":0.5512,"onibus":0.0,"local_id":"83-1520","regiao":"Bebedouro / Massangano"},"geometry":{"type":"Polygon","coordinates":[[[-40.57036,-9.44172],[-40.56626,-9.44006],[-40.56637,-9.43984],[-40.56532,-9.43955],[-40.56454,-9.44192],[-40.56423,-9.44192],[-40.56393,-9.44281],[-40.56593,-9.44346],[-40.567,-9.44088],[-40.57014,-9.44229],[-40.57036,-9.44172]]]}},{"type":"Feature","properties":{"CD_SETOR":"261110105000205","SITUACAO":"Rural","NM_BAIRRO":null,"NM_DIST":"Petrolina","v0001":261,"v0007":87,"densidade":7.8851,"taxa_alfab":0.7842,"pct_60m":0.0958,"pop_10_14":26.0,"pop_15_19":19.0,"renda_media":968.48,"renda_mediana":800.0,"infra":null,"pavimentacao":null,"iluminacao":null,"calcada":null,"onibus":null,"local_id":"144-1392","regiao":"Zona rural da sede"},"geometry":{"type":"Polygon","coordinates":[[[-40.20831,-9.06061],[-40.21255,-9.0581],[-40.21657,-9.0562],[-40.22069,-9.0532],[-40.22165,-9.05282],[-40.22232,-9.05295],[-40.22314,-9.0527],[-40.22598,-9.05098],[-40.22696,-9.05075],[-40.22853,-9.04994],[-40.23156,-9.04927],[-40.23349,-9.04906],[-40.23443,-9.04929],[-40.23487,-9.04895],[-40.23734,-9.04872],[-40.24016,-9.04929],[-40.2447,-9.05066],[-40.24761,-9.05204],[-40.2483,-9.05269],[-40.25081,-9.05425],[-40.25488,-9.05768],[-40.25534,-9.05777],[-40.26004,-9.06108],[-40.26571,-9.05575],[-40.2668,-9.05674],[-40.2697,-9.05372],[-40.27285,-9.04824],[-40.27636,-9.04612],[-40.28348,-9.04108],[-40.28507,-9.04105],[-40.28735,-9.0401],[-40.28944,-9.03896],[-40.28923,-9.03858],[-40.29182,-9.03703],[-40.27579,-9.00991],[-40.275,-9.01051],[-40.27542,-9.01127],[-40.27319,-9.01224],[-40.27305,-9.01091],[-40.27238,-9.00966],[-40.27157,-9.00926],[-40.2707,-9.00998],[-40.27018,-9.00961],[-40.26584,-9.01201],[-40.26528,-9.01171],[-40.26342,-9.01151],[-40.26249,-9.01208],[-40.26102,-9.01026],[-40.26095,-9.00871],[-40.2668,-9.00367],[-40.266,-9.00284],[-40.26744,-9.00193],[-40.26859,-9.00326],[-40.27024,-9.00179],[-40.27109,-9.00056],[-40.27015,-8.9987],[-40.26893,-8.99786],[-40.26706,-8.99562],[-40.26509,-8.99388],[-40.26458,-8.99287],[-40.26381,-8.99221],[-40.26364,-8.9917],[-40.26021,-8.9905],[-40.25613,-8.99209],[-40.25108,-8.99513],[-40.24601,-9.00064],[-40.24285,-9.00168],[-40.2383,-9.00885],[-40.23451,-9.01343],[-40.23233,-9.0172],[-40.23098,-9.02311],[-40.2313,-9.02614],[-40.23301,-9.02874],[-40.23283,-9.03092],[-40.23044,-9.03357],[-40.22271,-9.03852],[-40.22106,-9.04284],[-40.21992,-9.04818],[-40.2166,-9.05064],[-40.21325,-9.05399],[-40.20946,-9.05567],[-40.20831,-9.06061]],[[-40.23624,-9.03302],[-40.23671,-9.02973],[-40.24031,-9.03019],[-40.23983,-9.03351],[-40.23624,-9.03302]],[[-40.25458,-9.0262],[-40.25474,-9.02558],[-40.25434,-9.02549],[-40.25464,-9.02434],[-40.25912,-9.0252],[-40.25861,-9.02686],[-40.25458,-9.0262]],[[-40.24249,-9.01753],[-40.24615,-9.01637],[-40.24837,-9.01596],[-40.24712,-9.01972],[-40.24359,-9.02083],[-40.24249,-9.01753]]]}},{"type":"Feature","properties":{"CD_SETOR":"261110105000206","SITUACAO":null,"NM_BAIRRO":null,"NM_DIST":"Petrolina","v0001":0,"v0007":0,"densidade":0.0,"taxa_alfab":null,"pct_60m":null,"pop_10_14":null,"pop_15_19":null,"renda_media":null,"renda_mediana":null,"infra":null,"pavimentacao":null,"iluminacao":null,"calcada":null,"onibus":null,"local_id":"144-1449","regiao":"Zona rural da sede"},"geometry":{"type":"Polygon","coordinates":[[[-40.33773,-9.35811],[-40.33864,-9.3574],[-40.339,-9.35755],[-40.33928,-9.35785],[-40.33955,-9.35922],[-40.34024,-9.36011],[-40.34014,-9.36102],[-40.34871,-9.36866],[-40.3542,-9.37504],[-40.3564,-9.37699],[-40.35903,-9.37813],[-40.3637,-9.37928],[-40.37142,-9.37872],[-40.39128,-9.37217],[-40.40199,-9.36519],[-40.40473,-9.36291],[-40.40984,-9.35568],[-40.41165,-9.35417],[-40.4142,-9.35295],[-40.41815,-9.35205],[-40.42089,-9.35257],[-40.42103,-9.34705],[-40.41976,-9.34759],[-40.41915,-9.34762],[-40.4161,-9.34924],[-40.41224,-9.34988],[-40.41084,-9.3504],[-40.40881,-9.35051],[-40.40597,-9.34981],[-40.40209,-9.34951],[-40.4002,-9.34985],[-40.39705,-9.35004],[-40.39485,-9.35048],[-40.393,-9.35168],[-40.39135,-9.35343],[-40.39113,-9.35342],[-40.38955,-9.35638],[-40.3895,-9.35684],[-40.38878,-9.35743],[-40.38837,-9.35819],[-40.38803,-9.36005],[-40.38846,-9.36097],[-40.38819,-9.36116],[-40.38816,-9.36174],[-40.38786,-9.3619],[-40.38786,-9.36236],[-40.38748,-9.3628],[-40.38676,-9.36472],[-40.38452,-9.3662],[-40.38126,-9.36677],[-40.37975,-9.36812],[-40.37942,-9.36819],[-40.37574,-9.36797],[-40.37357,-9.36761],[-40.37123,-9.36703],[-40.36906,-9.36603],[-40.36676,-9.36541],[-40.36666,-9.36554],[-40.3671,-9.366],[-40.36675,-9.36622],[-40.36653,-9.36564],[-40.36232,-9.36575],[-40.36129,-9.36544],[-40.36092,-9.36508],[-40.35817,-9.36425],[-40.35755,-9.36421],[-40.35623,-9.36458],[-40.35565,-9.3654],[-40.35389,-9.36519],[-40.35114,-9.36326],[-40.34942,-9.36234],[-40.34891,-9.36156],[-40.34882,-9.361],[-40.34933,-9.36101],[-40.35019,-9.3615],[-40.35221,-9.36344],[-40.35315,-9.36384],[-40.35363,-9.36442],[-40.35422,-9.36438],[-40.35178,-9.36269],[-40.34994,-9.3611],[-40.34878,-9.36058],[-40.34804,-9.35984],[-40.34751,-9.35882],[-40.34466,-9.35563],[-40.34432,-9.35454],[-40.34286,-9.35239],[-40.34245,-9.35125],[-40.34253,-9.35078],[-40.34205,-9.34876],[-40.34138,-9.34716],[-40.34064,-9.34603],[-40.33915,-9.34094],[-40.33893,-9.33894],[-40.33923,-9.33564],[-40.33897,-9.33486],[-40.33905,-9.33407],[-40.33883,-9.33431],[-40.33851,-9.33403],[-40.33873,-9.3337],[-40.33915,-9.33373],[-40.33895,-9.33289],[-40.33908,-9.3297],[-40.33879,-9.32734],[-40.33855,-9.31984],[-40.33799,-9.31723],[-40.33554,-9.31308],[-40.33406,-9.3122],[-40.33396,-9.31255],[-40.33347,-9.31289],[-40.33263,-9.31239],[-40.33257,-9.31182],[-40.33178,-9.31133],[-40.33146,-9.31047],[-40.33071,-9.30954],[-40.33056,-9.30887],[-40.33019,-9.30854],[-40.32916,-9.30658],[-40.3287,-9.3062],[-40.32686,-9.30245],[-40.32642,-9.30141],[-40.32575,-9.29621],[-40.32557,-9.29623],[-40.32557,-9.29694],[-40.32508,-9.29651],[-40.3249,-9.29546],[-40.32557,-9.29282],[-40.32593,-9.29265],[-40.32629,-9.28942],[-40.32704,-9.28704],[-40.32733,-9.28352],[-40.3252,-9.27838],[-40.32362,-9.27384],[-40.32262,-9.26767],[-40.32183,-9.26634],[-40.32182,-9.26528],[-40.32039,-9.2609],[-40.32035,-9.25966],[-40.31959,-9.25759],[-40.31924,-9.25508],[-40.31858,-9.25426],[-40.3187,-9.25388],[-40.3179,-9.25221],[-40.31587,-9.24988],[-40.31538,-9.25002],[-40.31529,-9.2496],[-40.31378,-9.24804],[-40.31136,-9.24427],[-40.31051,-9.24211],[-40.3106,-9.23917],[-40.30978,-9.23608],[-40.30785,-9.23247],[-40.30592,-9.23014],[-40.30578,-9.22971],[-40.30538,-9.2295],[-40.30495,-9.22821],[-40.30366,-9.22131],[-40.3037,-9.21407],[-40.30403,-9.20805],[-40.30354,-9.20381],[-40.30178,-9.1981],[-40.30055,-9.19553],[-40.29975,-9.19545],[-40.29932,-9.19366],[-40.29833,-9.19105],[-40.29798,-9.18961],[-40.29698,-9.17998],[-40.29613,-9.17675],[-40.29603,-9.17489],[-40.29633,-9.17223],[-40.29669,-9.17122],[-40.29663,-9.1704],[-40.29763,-9.16781],[-40.29793,-9.16609],[-40.29774,-9.1644],[-40.29783,-9.16],[-40.29803,-9.15923],[-40.29793,-9.15763],[-40.29766,-9.1572],[-40.29785,-9.15707],[-40.29771,-9.15653],[-40.29785,-9.15589],[-40.2982,-9.1557],[-40.29833,-9.15502],[-40.29788,-9.15423],[-40.29798,-9.15384],[-40.29587,-9.14649],[-40.29599,-9.14067],[-40.29496,-9.13728],[-40.29408,-9.13339],[-40.29355,-9.1281],[-40.29326,-9.12779],[-40.29316,-9.12682],[-40.29261,-9.12606],[-40.29213,-9.12163],[-40.29096,-9.11803],[-40.29094,-9.11688],[-40.29048,-9.11523],[-40.28979,-9.11349],[-40.28686,-9.10909],[-40.28527,-9.10605],[-40.28546,-9.10589],[-40.28542,-9.10532],[-40.28492,-9.10472],[-40.28475,-9.10414],[-40.28341,-9.09709],[-40.28197,-9.09153],[-40.28086,-9.08821],[-40.27852,-9.08242],[-40.27364,-9.0747],[-40.27074,-9.07094],[-40.26742,-9.06791],[-40.26734,-9.06763],[-40.26427,-9.06529],[-40.26346,-9.06423],[-40.26259,-9.06367],[-40.26243,-9.06309],[-40.26173,-9.06245],[-40.2566,-9.0586],[-40.25622,-9.05852],[-40.25534,-9.05777],[-40.25488,-9.05768],[-40.24938,-9.05321],[-40.2483,-9.05269],[-40.24761,-9.05204],[-40.2447,-9.05066],[-40.24016,-9.04929],[-40.23734,-9.04872],[-40.23487,-9.04895],[-40.23443,-9.04929],[-40.23349,-9.04906],[-40.23156,-9.04927],[-40.22853,-9.04994],[-40.22696,-9.05075],[-40.22598,-9.05098],[-40.22314,-9.0527],[-40.22232,-9.05295],[-40.22165,-9.05282],[-40.22069,-9.0532],[-40.21657,-9.0562],[-40.21255,-9.0581],[-40.20831,-9.06061],[-40.20811,-9.06148],[-40.20883,-9.06378],[-40.21344,-9.06098],[-40.2236,-9.05667],[-40.23157,-9.05472],[-40.23898,-9.05437],[-40.2434,-9.05557],[-40.24786,-9.05774],[-40.25579,-9.06322],[-40.26421,-9.07096],[-40.2663,-9.07322],[-40.26995,-9.07785],[-40.27319,-9.08242],[-40.27667,-9.08911],[-40.27885,-9.09454],[-40.28292,-9.10778],[-40.28671,-9.11735],[-40.28927,-9.1304],[-40.29333,-9.14674],[-40.29401,-9.15207],[-40.29375,-9.15524],[-40.29283,-9.15794],[-40.28947,-9.1652],[-40.28732,-9.17108],[-40.28698,-9.17353],[-40.28866,-9.16857],[-40.29103,-9.1632],[-40.29072,-9.17079],[-40.28956,-9.18223],[-40.28895,-9.1846],[-40.28803,-9.18587],[-40.28746,-9.1862],[-40.28716,-9.18568],[-40.28709,-9.1846],[-40.28655,-9.183],[-40.28626,-9.17867],[-40.28582,-9.18181],[-40.28617,-9.18561],[-40.29022,-9.19596],[-40.29573,-9.21357],[-40.29686,-9.21923],[-40.29708,-9.21881],[-40.29686,-9.21893],[-40.29695,-9.21813],[-40.2965,-9.21646],[-40.29674,-9.21557],[-40.29867,-9.21877],[-40.29847,-9.2218],[-40.29822,-9.22204],[-40.29769,-9.22173],[-40.29718,-9.22079],[-40.29785,-9.22415],[-40.30051,-9.23121],[-40.30137,-9.23492],[-40.30232,-9.24294],[-40.30221,-9.2517],[-40.30528,-9.25776],[-40.30529,-9.25903],[-40.30577,-9.26063],[-40.30531,-9.26211],[-40.30531,-9.26289],[-40.30779,-9.27132],[-40.30954,-9.27551],[-40.31184,-9.27903],[-40.31425,-9.2824],[-40.31903,-9.28727],[-40.32561,-9.30586],[-40.33253,-9.31757],[-40.33612,-9.32717],[-40.33712,-9.3314],[-40.33729,-9.33432],[-40.33769,-9.33539],[-40.3375,-9.33587],[-40.33737,-9.33596],[-40.33726,-9.33576],[-40.33659,-9.34181],[-40.33429,-9.34712],[-40.33375,-9.35054],[-40.33504,-9.3539],[-40.33773,-9.35811]],[[-40.33741,-9.33321],[-40.33772,-9.33362],[-40.33775,-9.33418],[-40.33738,-9.33363],[-40.33741,-9.33321]],[[-40.37813,-9.36906],[-40.37862,-9.3693],[-40.37851,-9.36955],[-40.37709,-9.36969],[-40.37679,-9.36943],[-40.37727,-9.36903],[-40.37813,-9.36906]],[[-40.37334,-9.37471],[-40.37276,-9.37503],[-40.37163,-9.37511],[-40.37212,-9.37442],[-40.37303,-9.37409],[-40.37227,-9.37327],[-40.37165,-9.37338],[-40.37187,-9.37255],[-40.37276,-9.37245],[-40.37246,-9.37187],[-40.37605,-9.37209],[-40.37534,-9.3714],[-40.37562,-9.3714],[-40.37645,-9.37158],[-40.37718,-9.37212],[-40.37666,-9.37264],[-40.37493,-9.37253],[-40.37344,-9.3721],[-40.3734,-9.3724],[-40.37283,-9.37213],[-40.37316,-9.37282],[-40.37256,-9.37293],[-40.37254,-9.37311],[-40.3736,-9.37431],[-40.37334,-9.37471]],[[-40.38802,-9.36505],[-40.38742,-9.36542],[-40.38716,-9.36533],[-40.38802,-9.36372],[-40.3877,-9.36351],[-40.38775,-9.36334],[-40.38803,-9.36344],[-40.38785,-9.36304],[-40.38868,-9.36292],[-40.3888,-9.36265],[-40.38841,-9.36209],[-40.38887,-9.36223],[-40.38937,-9.36209],[-40.38938,-9.36232],[-40.38902,-9.36235],[-40.38909,-9.36267],[-40.38883,-9.36297],[-40.38893,-9.3638],[-40.38802,-9.36505]],[[-40.38038,-9.36792],[-40.38154,-9.36694],[-40.38209,-9.36698],[-40.3821,-9.36723],[-40.38239,-9.36731],[-40.3837,-9.36693],[-40.38404,-9.36741],[-40.38298,-9.3684],[-40.38311,-9.36861],[-40.38232,-9.3688],[-40.3805,-9.36869],[-40.38186,-9.36789],[-40.38223,-9.36736],[-40.38102,-9.36791],[-40.38038,-9.36792]],[[-40.36451,-9.36665],[-40.36608,-9.36714],[-40.36615,-9.36688],[-40.3663,-9.36707],[-40.366,-9.36729],[-40.36469,-9.3675],[-40.36472,-9.36719],[-40.36445,-9.3672],[-40.36462,-9.36702],[-40.36427,-9.36696],[-40.36451,-9.36665]],[[-40.33954,-9.34698],[-40.34051,-9.34867],[-40.34037,-9.34913],[-40.34013,-9.34893],[-40.34022,-9.34869],[-40.33975,-9.34844],[-40.34005,-9.34847],[-40.33975,-9.34816],[-40.33954,-9.34698]],[[-40.33878,-9.34213],[-40.33932,-9.34313],[-40.33985,-9.34564],[-40.33976,-9.34596],[-40.33927,-9.34564],[-40.33904,-9.34503],[-40.33878,-9.34213]],[[-40.3374,-9.32812],[-40.3375,-9.32843],[-40.33727,-9.32917],[-40.33787,-9.33019],[-40.33753,-9.3303],[-40.33757,-9.33168],[-40.33687,-9.32986],[-40.3374,-9.32812]],[[-40.33225,-9.31447],[-40.33184,-9.31432],[-40.33163,-9.31403],[-40.33204,-9.31418],[-40.33225,-9.31447]],[[-40.33506,-9.3141],[-40.33509,-9.3148],[-40.3349,-9.31484],[-40.33388,-9.31409],[-40.33325,-9.31409],[-40.33353,-9.31391],[-40.33387,-9.314],[-40.33367,-9.3138],[-40.33399,-9.31381],[-40.33384,-9.31354],[-40.3343,-9.31367],[-40.33431,-9.31349],[-40.33464,-9.31391],[-40.3349,-9.31383],[-40.33471,-9.31397],[-40.33506,-9.3141]],[[-40.33479,-9.35207],[-40.33386,-9.35053],[-40.33427,-9.34831],[-40.33498,-9.35026],[-40.33511,-9.35148],[-40.33479,-9.35207]],[[-40.35038,-9.36729],[-40.34864,-9.3663],[-40.34702,-9.36485],[-40.34721,-9.36469],[-40.3478,-9.36497],[-40.34804,-9.36446],[-40.34684,-9.36313],[-40.34683,-9.36297],[-40.34722,-9.36328],[-40.34731,-9.36316],[-40.34702,-9.36258],[-40.34743,-9.36271],[-40.3479,-9.36393],[-40.34833,-9.36409],[-40.34843,-9.36436],[-40.348,-9.36505],[-40.34954,-9.36596],[-40.35031,-9.36683],[-40.35038,-9.36729]],[[-40.36283,-9.37221],[-40.36274,-9.37203],[-40.36424,-9.37199],[-40.36957,-9.37254],[-40.37001,-9.3723],[-40.37041,-9.37243],[-40.36943,-9.37174],[-40.36854,-9.37174],[-40.36844,-9.37148],[-40.36953,-9.3714],[-40.37063,-9.37215],[-40.37087,-9.37292],[-40.3706,-9.37349],[-40.37007,-9.37392],[-40.36935,-9.37412],[-40.36283,-9.37221]],[[-40.36375,-9.3684],[-40.36211,-9.36878],[-40.36173,-9.36854],[-40.36177,-9.36881],[-40.36106,-9.36901],[-40.35952,-9.36838],[-40.35965,-9.36881],[-40.35951,-9.36892],[-40.35647,-9.36802],[-40.35563,-9.36802],[-40.35637,-9.36852],[-40.35825,-9.36879],[-40.35907,-9.36953],[-40.35966,-9.3695],[-40.35984,-9.36969],[-40.35906,-9.3699],[-40.3583,-9.36938],[-40.35801,-9.36967],[-40.35774,-9.36942],[-40.35617,-9.36921],[-40.35436,-9.36819],[-40.35406,-9.36767],[-40.3545,-9.36726],[-40.35616,-9.36739],[-40.35746,-9.36769],[-40.35818,-9.36821],[-40.35906,-9.36843],[-40.35816,-9.36748],[-40.35706,-9.36699],[-40.35848,-9.36647],[-40.35934,-9.36639],[-40.36194,-9.36755],[-40.36238,-9.36794],[-40.36375,-9.3684]],[[-40.37039,-9.37641],[-40.36957,-9.37737],[-40.36623,-9.37794],[-40.36194,-9.37777],[-40.35985,-9.37726],[-40.35566,-9.37523],[-40.35361,-9.37321],[-40.35241,-9.37159],[-40.35747,-9.37241],[-40.36074,-9.37347],[-40.36401,-9.37413],[-40.36505,-9.37467],[-40.36481,-9.3742],[-40.36505,-9.37399],[-40.36547,-9.37462],[-40.36627,-9.37502],[-40.36877,-9.37592],[-40.3703,-9.3762],[-40.37039,-9.37641]],[[-40.40691,-9.35522],[-40.40605,-9.35574],[-40.40426,-9.35622],[-40.40215,-9.35633],[-40.40244,-9.35586],[-40.40171,-9.35598],[-40.40235,-9.35528],[-40.40252,-9.35529],[-40.40255,-9.35568],[-40.40367,-9.355],[-40.40549,-9.35469],[-40.40599,-9.35469],[-40.40691,-9.35522]],[[-40.39072,-9.36149],[-40.39034,-9.36067],[-40.39057,-9.35969],[-40.39033,-9.35869],[-40.39066,-9.3597],[-40.39119,-9.35904],[-40.39151,-9.35931],[-40.39163,-9.35982],[-40.39112,-9.36113],[-40.39072,-9.36149]],[[-40.39325,-9.36305],[-40.39253,-9.36406],[-40.39216,-9.36376],[-40.39221,-9.36315],[-40.39188,-9.36328],[-40.39176,-9.36313],[-40.39182,-9.36293],[-40.39203,-9.36299],[-40.39194,-9.36248],[-40.39219,-9.36259],[-40.39253,-9.36047],[-40.39287,-9.35989],[-40.39306,-9.35998],[-40.39352,-9.3596],[-40.3937,-9.35975],[-40.39361,-9.3601],[-40.39323,-9.36023],[-40.39374,-9.36103],[-40.39376,-9.36173],[-40.39325,-9.36305]],[[-40.39467,-9.36202],[-40.39454,-9.36022],[-40.39474,-9.35852],[-40.39547,-9.35716],[-40.39682,-9.35611],[-40.3967,-9.35598],[-40.39595,-9.35639],[-40.39585,-9.35625],[-40.39647,-9.35571],[-40.39658,-9.35534],[-40.39636,-9.35536],[-40.39635,-9.35515],[-40.3958,-9.35522],[-40.39309,-9.3584],[-40.39287,-9.3582],[-40.3928,-9.35742],[-40.39323,-9.35626],[-40.39384,-9.35542],[-40.39465,-9.35476],[-40.39531,-9.35452],[-40.39538,-9.3543],[-40.3951,-9.35426],[-40.39627,-9.35362],[-40.39653,-9.35362],[-40.39649,-9.35392],[-40.3969,-9.35358],[-40.39868,-9.35343],[-40.39873,-9.35328],[-40.39911,-9.35343],[-40.39907,-9.35383],[-40.3987,-9.35371],[-40.39644,-9.35417],[-40.39603,-9.35443],[-40.39598,-9.35475],[-40.39698,-9.35535],[-40.39704,-9.35588],[-40.39725,-9.35559],[-40.39887,-9.35511],[-40.40091,-9.35499],[-40.4019,-9.35465],[-40.40185,-9.35505],[-40.40044,-9.35588],[-40.39943,-9.35688],[-40.39968,-9.35765],[-40.39834,-9.35795],[-40.39721,-9.35954],[-40.39467,-9.36202]],[[-40.40456,-9.36088],[-40.4042,-9.36198],[-40.40236,-9.36321],[-40.4012,-9.36432],[-40.3973,-9.36689],[-40.39621,-9.36785],[-40.3913,-9.37081],[-40.39049,-9.37101],[-40.39308,-9.36796],[-40.39315,-9.36753],[-40.39294,-9.36751],[-40.39256,-9.36813],[-40.39214,-9.36835],[-40.39217,-9.36792],[-40.39253,-9.36746],[-40.39211,-9.36724],[-40.39224,-9.36712],[-40.39261,-9.36725],[-40.39347,-9.36702],[-40.3945,-9.36601],[-40.39621,-9.36485],[-40.39964,-9.36323],[-40.40327,-9.36091],[-40.40456,-9.36088]],[[-40.40854,-9.3562],[-40.40585,-9.35883],[-40.40254,-9.36066],[-40.40225,-9.36107],[-40.40157,-9.36114],[-40.40002,-9.36229],[-40.39803,-9.36308],[-40.39488,-9.36481],[-40.39483,-9.36458],[-40.3959,-9.36334],[-40.39983,-9.35947],[-40.40167,-9.35716],[-40.40394,-9.35691],[-40.40728,-9.35595],[-40.40854,-9.3562]],[[-40.42028,-9.3501],[-40.41902,-9.35033],[-40.41884,-9.35021],[-40.41933,-9.34994],[-40.4202,-9.34986],[-40.42028,-9.3501]],[[-40.31139,-9.26735],[-40.31149,-9.26809],[-40.31132,-9.26817],[-40.31098,-9.26791],[-40.31089,-9.26677],[-40.31139,-9.26735]],[[-40.32469,-9.2916],[-40.32437,-9.29325],[-40.32409,-9.29337],[-40.32393,-9.293],[-40.32423,-9.29277],[-40.32422,-9.29225],[-40.32359,-9.29203],[-40.32353,-9.29181],[-40.32431,-9.29212],[-40.32469,-9.2916]],[[-40.30786,-9.26805],[-40.30741,-9.26884],[-40.30694,-9.26825],[-40.30718,-9.26801],[-40.30668,-9.26729],[-40.30616,-9.26537],[-40.30614,-9.264],[-40.30549,-9.2623],[-40.30595,-9.26086],[-40.30679,-9.26236],[-40.30755,-9.26484],[-40.30787,-9.26482],[-40.30762,-9.26494],[-40.30786,-9.26805]],[[-40.31106,-9.27735],[-40.31077,-9.27725],[-40.31047,-9.2767],[-40.31096,-9.27708],[-40.31099,-9.27687],[-40.3094,-9.27485],[-40.30826,-9.27188],[-40.30777,-9.26912],[-40.30806,-9.26804],[-40.30788,-9.26515],[-40.3087,-9.26672],[-40.30974,-9.26806],[-40.31084,-9.27084],[-40.31132,-9.2762],[-40.31105,-9.27717],[-40.31133,-9.27789],[-40.31106,-9.27735]],[[-40.30864,-9.26189],[-40.30921,-9.26248],[-40.31004,-9.26425],[-40.31054,-9.26605],[-40.31043,-9.26722],[-40.3094,-9.26616],[-40.30867,-9.26486],[-40.30824,-9.26467],[-40.30818,-9.26394],[-40.30833,-9.26384],[-40.30768,-9.26138],[-40.30864,-9.26189]],[[-40.3067,-9.2599],[-40.30687,-9.26082],[-40.30658,-9.26099],[-40.30629,-9.26054],[-40.30604,-9.25916],[-40.3067,-9.2599]],[[-40.31722,-9.25753],[-40.31656,-9.25882],[-40.31513,-9.25724],[-40.31584,-9.25681],[-40.31609,-9.25712],[-40.31618,-9.2569],[-40.31543,-9.25588],[-40.31463,-9.25556],[-40.31492,-9.25548],[-40.31488,-9.2552],[-40.31597,-9.25618],[-40.31665,-9.25734],[-40.31693,-9.25692],[-40.31722,-9.25753]],[[-40.31204,-9.25244],[-40.3146,-9.25694],[-40.31421,-9.25799],[-40.31384,-9.25812],[-40.31376,-9.25869],[-40.31321,-9.2584],[-40.31265,-9.25697],[-40.31273,-9.25659],[-40.31215,-9.25589],[-40.31188,-9.25517],[-40.31163,-9.25315],[-40.31125,-9.25313],[-40.31138,-9.25214],[-40.31204,-9.25244]],[[-40.31864,-9.28614],[-40.31707,-9.28398],[-40.31681,-9.28422],[-40.31657,-9.2841],[-40.31501,-9.27904],[-40.31415,-9.27584],[-40.3136,-9.27176],[-40.31266,-9.26803],[-40.31066,-9.26275],[-40.30811,-9.26007],[-40.30622,-9.2544],[-40.30604,-9.25442],[-40.30614,-9.25514],[-40.30652,-9.25559],[-40.30581,-9.25572],[-40.30613,-9.25609],[-40.30621,-9.25675],[-40.30555,-9.25585],[-40.30566,-9.2553],[-40.30541,-9.25503],[-40.30529,-9.25404],[-40.30445,-9.25444],[-40.30457,-9.25479],[-40.30507,-9.25506],[-40.30494,-9.25531],[-40.30443,-9.25522],[-40.3042,-9.2543],[-40.30322,-9.25245],[-40.30282,-9.24974],[-40.30326,-9.24585],[-40.30275,-9.24567],[-40.3032,-9.2449],[-40.30312,-9.24355],[-40.30345,-9.24078],[-40.30494,-9.24498],[-40.30484,-9.24986],[-40.30525,-9.25177],[-40.30523,-9.25242],[-40.30471,-9.25315],[-40.30573,-9.25327],[-40.30577,-9.25306],[-40.3059,-9.25127],[-40.30552,-9.25034],[-40.30553,-9.24955],[-40.30565,-9.24508],[-40.30593,-9.2443],[-40.30552,-9.2443],[-40.30547,-9.24311],[-40.30577,-9.24331],[-40.3059,-9.24314],[-40.30574,-9.24225],[-40.30601,-9.24278],[-40.30613,-9.24357],[-40.30596,-9.24356],[-40.30621,-9.24434],[-40.30602,-9.24502],[-40.30818,-9.24728],[-40.30994,-9.24978],[-40.31054,-9.2512],[-40.31077,-9.25101],[-40.31089,-9.2513],[-40.31055,-9.25277],[-40.31063,-9.25381],[-40.31128,-9.25623],[-40.31256,-9.2583],[-40.31347,-9.25897],[-40.31449,-9.26042],[-40.31897,-9.26974],[-40.31956,-9.27183],[-40.31964,-9.27334],[-40.32014,-9.27284],[-40.32033,-9.27297],[-40.31973,-9.27412],[-40.32014,-9.27708],[-40.31993,-9.2787],[-40.32039,-9.27848],[-40.3205,-9.27991],[-40.32038,-9.28028],[-40.3202,-9.28006],[-40.3202,-9.27907],[-40.31996,-9.27889],[-40.31971,-9.28358],[-40.31943,-9.28378],[-40.31936,-9.28512],[-40.31883,-9.28609],[-40.31864,-9.28614]],[[-40.32241,-9.27979],[-40.32289,-9.28219],[-40.32239,-9.28368],[-40.32172,-9.28454],[-40.32158,-9.2861],[-40.32154,-9.28732],[-40.32199,-9.28787],[-40.32231,-9.28781],[-40.32235,-9.28872],[-40.3216,-9.28936],[-40.32126,-9.28938],[-40.32148,-9.28867],[-40.3208,-9.28871],[-40.32033,-9.28712],[-40.32124,-9.28446],[-40.32156,-9.28199],[-40.32215,-9.27957],[-40.32241,-9.27979]],[[-40.31225,-9.24665],[-40.31203,-9.2463],[-40.31208,-9.2467],[-40.31186,-9.2466],[-40.31165,-9.24602],[-40.31224,-9.24634],[-40.31225,-9.24665]],[[-40.30966,-9.24546],[-40.30948,-9.24591],[-40.30972,-9.2463],[-40.3094,-9.24619],[-40.30943,-9.24646],[-40.3092,-9.24653],[-40.30818,-9.24424],[-40.30838,-9.24403],[-40.30742,-9.24205],[-40.3069,-9.24125],[-40.30591,-9.24094],[-40.30563,-9.24027],[-40.30521,-9.23857],[-40.30521,-9.23752],[-40.306,-9.23889],[-40.30651,-9.24033],[-40.30659,-9.23999],[-40.30549,-9.23732],[-40.30488,-9.23193],[-40.30776,-9.23619],[-40.30854,-9.23811],[-40.30898,-9.23988],[-40.30891,-9.24063],[-40.30936,-9.24189],[-40.30936,-9.2453],[-40.30966,-9.24546]],[[-40.31133,-9.24755],[-40.31072,-9.24656],[-40.31019,-9.24614],[-40.30995,-9.24488],[-40.3101,-9.24459],[-40.31048,-9.24505],[-40.31058,-9.24581],[-40.31135,-9.24698],[-40.31133,-9.24755]],[[-40.31787,-9.25659],[-40.31722,-9.25585],[-40.31673,-9.25553],[-40.31676,-9.25498],[-40.31335,-9.25163],[-40.31281,-9.24978],[-40.31296,-9.24936],[-40.31223,-9.24884],[-40.31216,-9.2485],[-40.31239,-9.24853],[-40.31192,-9.24717],[-40.31393,-9.24917],[-40.31406,-9.24963],[-40.31382,-9.24987],[-40.31596,-9.25174],[-40.31663,-9.25261],[-40.31784,-9.25565],[-40.31812,-9.2556],[-40.31811,-9.25613],[-40.31787,-9.25659]],[[-40.29673,-9.19706],[-40.29885,-9.19866],[-40.29923,-9.1994],[-40.30078,-9.20413],[-40.30092,-9.20763],[-40.30053,-9.2101],[-40.30028,-9.21026],[-40.29948,-9.20996],[-40.29873,-9.20906],[-40.29838,-9.20823],[-40.29686,-9.20358],[-40.29589,-9.19903],[-40.29461,-9.19548],[-40.29455,-9.19477],[-40.29673,-9.19706]],[[-40.29391,-9.20166],[-40.29393,-9.20127],[-40.29411,-9.20127],[-40.29478,-9.20233],[-40.29508,-9.20343],[-40.29538,-9.20366],[-40.29535,-9.2042],[-40.2951,-9.20444],[-40.29391,-9.20166]],[[-40.29332,-9.19561],[-40.29371,-9.19728],[-40.29328,-9.19723],[-40.29214,-9.19564],[-40.29161,-9.19321],[-40.29254,-9.19388],[-40.29332,-9.19561]],[[-40.29613,-9.19602],[-40.29472,-9.19388],[-40.29394,-9.18969],[-40.29387,-9.18714],[-40.29321,-9.18718],[-40.29293,-9.18683],[-40.293,-9.18596],[-40.29385,-9.18417],[-40.29439,-9.18013],[-40.29481,-9.17876],[-40.29587,-9.18703],[-40.29803,-9.19369],[-40.29841,-9.19407],[-40.29902,-9.19663],[-40.29893,-9.1975],[-40.29876,-9.1976],[-40.2973,-9.19701],[-40.29613,-9.19602]],[[-40.29754,-9.15374],[-40.29767,-9.15348],[-40.29783,-9.15382],[-40.29769,-9.15463],[-40.29805,-9.1547],[-40.29824,-9.1551],[-40.29775,-9.15513],[-40.29708,-9.15474],[-40.29695,-9.15493],[-40.29771,-9.15538],[-40.29769,-9.15564],[-40.29718,-9.15528],[-40.29632,-9.15511],[-40.29633,-9.1547],[-40.2968,-9.15495],[-40.29688,-9.15411],[-40.2972,-9.15366],[-40.29695,-9.15351],[-40.29638,-9.1538],[-40.29662,-9.15353],[-40.29637,-9.15294],[-40.297,-9.15269],[-40.29683,-9.15219],[-40.297,-9.15196],[-40.29725,-9.15219],[-40.29718,-9.15273],[-40.2974,-9.15281],[-40.29721,-9.15317],[-40.29733,-9.15368],[-40.29754,-9.15374]]]}},{"type":"Feature","properties":{"CD_SETOR":"261110105000207","SITUACAO":null,"NM_BAIRRO":null,"NM_DIST":"Petrolina","v0001":0,"v0007":0,"densidade":0.0,"taxa_alfab":null,"pct_60m":null,"pop_10_14":null,"pop_15_19":null,"renda_media":null,"renda_mediana":null,"infra":null,"pavimentacao":null,"iluminacao":null,"calcada":null,"onibus":null,"local_id":"83-1694","regiao":"Bebedouro / Massangano"},"geometry":{"type":"Polygon","coordinates":[[[-40.77402,-9.45258],[-40.77573,-9.45345],[-40.76959,-9.44744],[-40.76729,-9.4457],[-40.76562,-9.44194],[-40.76315,-9.4412],[-40.76076,-9.44097],[-40.74752,-9.43575],[-40.74365,-9.43473],[-40.74114,-9.43436],[-40.73897,-9.43469],[-40.73352,-9.43463],[-40.73129,-9.43428],[-40.72908,-9.43479],[-40.72461,-9.43645],[-40.71945,-9.43757],[-40.71862,-9.43808],[-40.71831,-9.43803],[-40.71768,-9.43842],[-40.71574,-9.43898],[-40.71537,-9.43944],[-40.71486,-9.43941],[-40.71437,-9.43989],[-40.713,-9.44006],[-40.71165,-9.44113],[-40.70523,-9.44408],[-40.70488,-9.44431],[-40.70427,-9.44538],[-40.70233,-9.44648],[-40.69968,-9.4475],[-40.69692,-9.44822],[-40.69029,-9.45046],[-40.68929,-9.45125],[-40.6892,-9.45158],[-40.68857,-9.45152],[-40.68641,-9.45344],[-40.68481,-9.45448],[-40.6838,-9.45546],[-40.68337,-9.45618],[-40.68201,-9.45723],[-40.67877,-9.45832],[-40.6762,-9.4594],[-40.67588,-9.45973],[-40.67506,-9.45989],[-40.67324,-9.46115],[-40.67282,-9.4617],[-40.67252,-9.46158],[-40.67195,-9.46178],[-40.67177,-9.46207],[-40.6708,-9.46248],[-40.67046,-9.46286],[-40.66875,-9.46353],[-40.66855,-9.46391],[-40.66787,-9.46434],[-40.66691,-9.46455],[-40.66628,-9.46508],[-40.66561,-9.46514],[-40.66505,-9.46547],[-40.66466,-9.46538],[-40.66375,-9.46591],[-40.65838,-9.46691],[-40.6567,-9.46777],[-40.65285,-9.46873],[-40.6505,-9.4689],[-40.64959,-9.46924],[-40.64911,-9.46907],[-40.64756,-9.46913],[-40.64545,-9.46979],[-40.64484,-9.46971],[-40.64334,-9.47032],[-40.64164,-9.47042],[-40.63819,-9.47119],[-40.63607,-9.47223],[-40.63397,-9.47283],[-40.6322,-9.47299],[-40.62986,-9.47287],[-40.62573,-9.47339],[-40.62058,-9.47268],[-40.62044,-9.4727],[-40.62064,-9.47308],[-40.62128,-9.47321],[-40.62038,-9.47318],[-40.62028,-9.47335],[-40.6195,-9.47302],[-40.62013,-9.4728],[-40.61997,-9.47246],[-40.61928,-9.47253],[-40.61826,-9.4721],[-40.61805,-9.47209],[-40.61793,-9.4724],[-40.61749,-9.47225],[-40.61718,-9.4718],[-40.61306,-9.4704],[-40.61259,-9.47016],[-40.61259,-9.46981],[-40.61237,-9.4697],[-40.611,-9.4694],[-40.61016,-9.46883],[-40.60544,-9.46687],[-40.6047,-9.46635],[-40.60129,-9.46546],[-40.60021,-9.46485],[-40.59499,-9.46327],[-40.59017,-9.46121],[-40.58388,-9.45749],[-40.58115,-9.45552],[-40.57726,-9.4533],[-40.57465,-9.45266],[-40.57366,-9.45205],[-40.57281,-9.45204],[-40.57138,-9.45136],[-40.57071,-9.45131],[-40.57002,-9.4508],[-40.56976,-9.45108],[-40.56916,-9.45086],[-40.56872,-9.45104],[-40.56848,-9.45059],[-40.56799,-9.45083],[-40.56771,-9.45062],[-40.56787,-9.4512],[-40.56715,-9.45083],[-40.56619,-9.451],[-40.56501,-9.45064],[-40.56472,-9.45036],[-40.56216,-9.44994],[-40.56124,-9.44933],[-40.56017,-9.44909],[-40.55847,-9.44833],[-40.55617,-9.44685],[-40.55403,-9.445],[-40.55118,-9.44094],[-40.54968,-9.43827],[-40.5481,-9.4336],[-40.54778,-9.43314],[-40.54613,-9.42647],[-40.54519,-9.42442],[-40.54421,-9.42317],[-40.54385,-9.42235],[-40.54217,-9.42366],[-40.54082,-9.42404],[-40.54179,-9.42603],[-40.54371,-9.43254],[-40.54446,-9.43749],[-40.54515,-9.43547],[-40.54538,-9.43561],[-40.54511,-9.43624],[-40.54603,-9.43832],[-40.54633,-9.43956],[-40.54693,-9.43929],[-40.54745,-9.43974],[-40.54741,-9.44035],[-40.54641,-9.43979],[-40.54641,-9.44051],[-40.54675,-9.44143],[-40.54664,-9.4441],[-40.54671,-9.44439],[-40.54689,-9.4443],[-40.54696,-9.44514],[-40.5475,-9.44286],[-40.54776,-9.44253],[-40.54768,-9.44136],[-40.54846,-9.44368],[-40.54841,-9.44495],[-40.54916,-9.44819],[-40.54913,-9.44891],[-40.54857,-9.44928],[-40.5527,-9.45474],[-40.55576,-9.45794],[-40.56519,-9.46401],[-40.57271,-9.46686],[-40.57486,-9.46741],[-40.57663,-9.46765],[-40.58151,-9.46765],[-40.58378,-9.46721],[-40.58745,-9.46574],[-40.59364,-9.4669],[-40.59512,-9.46737],[-40.59763,-9.46844],[-40.59962,-9.46961],[-40.60856,-9.47679],[-40.61651,-9.48098],[-40.62068,-9.48253],[-40.62317,-9.4829],[-40.6281,-9.48269],[-40.63586,-9.48102],[-40.64349,-9.47817],[-40.64596,-9.47704],[-40.64933,-9.47494],[-40.65215,-9.47379],[-40.66295,-9.47172],[-40.68132,-9.46722],[-40.70137,-9.45765],[-40.70819,-9.45324],[-40.71367,-9.45047],[-40.71532,-9.44873],[-40.72218,-9.44595],[-40.73053,-9.44469],[-40.74532,-9.44335],[-40.74984,-9.44385],[-40.75291,-9.4454],[-40.75327,-9.44533],[-40.75289,-9.44516],[-40.75355,-9.44508],[-40.75623,-9.44539],[-40.75863,-9.44615],[-40.76305,-9.44697],[-40.76528,-9.44779],[-40.76581,-9.44771],[-40.76646,-9.44807],[-40.76667,-9.44843],[-40.76705,-9.44838],[-40.76909,-9.45098],[-40.76951,-9.45125],[-40.77229,-9.45226],[-40.77402,-9.45258]],[[-40.69059,-9.45921],[-40.68963,-9.45949],[-40.68703,-9.45969],[-40.68911,-9.45903],[-40.68981,-9.45908],[-40.69002,-9.45886],[-40.69059,-9.45921]],[[-40.69438,-9.45661],[-40.68832,-9.45811],[-40.68396,-9.45896],[-40.68358,-9.45884],[-40.68678,-9.45558],[-40.68889,-9.45391],[-40.68982,-9.45339],[-40.69355,-9.45217],[-40.6934,-9.45199],[-40.69182,-9.45248],[-40.69162,-9.45237],[-40.69377,-9.45086],[-40.69563,-9.45039],[-40.69561,-9.45073],[-40.69422,-9.45128],[-40.69411,-9.45154],[-40.6945,-9.45154],[-40.6964,-9.45041],[-40.70042,-9.4495],[-40.70339,-9.44848],[-40.70951,-9.44483],[-40.71194,-9.4442],[-40.71205,-9.44477],[-40.7099,-9.44822],[-40.70872,-9.44957],[-40.70712,-9.45053],[-40.70388,-9.45377],[-40.7011,-9.45523],[-40.69894,-9.45608],[-40.69772,-9.45638],[-40.69438,-9.45661]],[[-40.68086,-9.46488],[-40.67821,-9.4665],[-40.67563,-9.46721],[-40.67407,-9.46745],[-40.67345,-9.46729],[-40.67363,-9.46698],[-40.67693,-9.4654],[-40.67985,-9.46427],[-40.68042,-9.46427],[-40.6809,-9.46453],[-40.68086,-9.46488]],[[-40.74043,-9.4389],[-40.73796,-9.43998],[-40.73739,-9.44089],[-40.73441,-9.44089],[-40.72941,-9.44053],[-40.72933,-9.4403],[-40.72663,-9.44041],[-40.72244,-9.44],[-40.7206,-9.44006],[-40.7206,-9.4398],[-40.72114,-9.43941],[-40.729,-9.43689],[-40.73198,-9.43635],[-40.73539,-9.43645],[-40.73717,-9.43677],[-40.74043,-9.4389]],[[-40.74651,-9.43762],[-40.74621,-9.43762],[-40.74562,-9.437],[-40.74521,-9.43702],[-40.74491,-9.43716],[-40.7456,-9.43773],[-40.74536,-9.43797],[-40.74074,-9.43823],[-40.73924,-9.4376],[-40.73788,-9.43655],[-40.73668,-9.4361],[-40.74213,-9.43594],[-40.74465,-9.43655],[-40.74584,-9.43649],[-40.74621,-9.43671],[-40.74651,-9.43762]],[[-40.5504,-9.44724],[-40.55332,-9.44911],[-40.55644,-9.45052],[-40.55973,-9.45165],[-40.56054,-9.45156],[-40.56072,-9.45199],[-40.56348,-9.45284],[-40.56298,-9.45242],[-40.56329,-9.45225],[-40.56171,-9.45202],[-40.56138,-9.45155],[-40.56362,-9.4517],[-40.56341,-9.4522],[-40.56374,-9.45244],[-40.56364,-9.45271],[-40.56448,-9.45301],[-40.56466,-9.45278],[-40.56491,-9.45323],[-40.56616,-9.45387],[-40.56939,-9.45468],[-40.56959,-9.45466],[-40.56941,-9.45449],[-40.56959,-9.45417],[-40.56985,-9.45424],[-40.56977,-9.45454],[-40.57009,-9.45466],[-40.57093,-9.4547],[-40.57073,-9.45436],[-40.57115,-9.45434],[-40.57123,-9.45468],[-40.57203,-9.45479],[-40.5742,-9.45569],[-40.5798,-9.45904],[-40.58066,-9.45992],[-40.58109,-9.46058],[-40.58114,-9.46105],[-40.58004,-9.46167],[-40.57625,-9.46153],[-40.57195,-9.46292],[-40.56858,-9.46301],[-40.56655,-9.46227],[-40.56313,-9.46051],[-40.55998,-9.45834],[-40.55758,-9.45714],[-40.55656,-9.45617],[-40.55472,-9.45497],[-40.55319,-9.45294],[-40.55227,-9.45206],[-40.55176,-9.45067],[-40.55042,-9.44887],[-40.5504,-9.44724]],[[-40.59972,-9.46772],[-40.59896,-9.4668],[-40.59738,-9.4655],[-40.60046,-9.467],[-40.60086,-9.46738],[-40.60389,-9.46833],[-40.60476,-9.46917],[-40.60432,-9.46932],[-40.60246,-9.46903],[-40.59972,-9.46772]],[[-40.62689,-9.48179],[-40.62623,-9.48213],[-40.62501,-9.48216],[-40.62098,-9.4815],[-40.61585,-9.47938],[-40.61299,-9.47784],[-40.61576,-9.47828],[-40.61889,-9.47838],[-40.61978,-9.47822],[-40.62159,-9.4784],[-40.62537,-9.48019],[-40.62639,-9.48099],[-40.62656,-9.48089],[-40.62693,-9.48149],[-40.62689,-9.48179]],[[-40.63555,-9.47964],[-40.63497,-9.48007],[-40.63431,-9.47965],[-40.63274,-9.47933],[-40.63252,-9.4795],[-40.63356,-9.47989],[-40.63426,-9.47986],[-40.63471,-9.48027],[-40.63593,-9.48006],[-40.63483,-9.48051],[-40.63278,-9.48075],[-40.63201,-9.48053],[-40.63155,-9.48064],[-40.63154,-9.48035],[-40.63141,-9.48043],[-40.63107,-9.4801],[-40.63138,-9.48079],[-40.6286,-9.48097],[-40.62742,-9.48125],[-40.62652,-9.4807],[-40.62656,-9.48055],[-40.62748,-9.48088],[-40.62759,-9.48075],[-40.62704,-9.4804],[-40.62626,-9.47994],[-40.62557,-9.47992],[-40.62456,-9.47945],[-40.62245,-9.47815],[-40.62491,-9.47807],[-40.62707,-9.47863],[-40.63003,-9.47887],[-40.63041,-9.47926],[-40.6306,-9.47888],[-40.63102,-9.47872],[-40.6322,-9.47906],[-40.63212,-9.47879],[-40.63237,-9.47872],[-40.6341,-9.47864],[-40.63545,-9.47906],[-40.63555,-9.47964]],[[-40.64763,-9.47562],[-40.64696,-9.47624],[-40.64099,-9.47758],[-40.64003,-9.47852],[-40.63866,-9.47896],[-40.6361,-9.47865],[-40.63571,-9.47842],[-40.6378,-9.47862],[-40.63868,-9.47806],[-40.63683,-9.47833],[-40.63595,-9.47801],[-40.63252,-9.47808],[-40.63061,-9.47762],[-40.63152,-9.47722],[-40.63491,-9.47695],[-40.64289,-9.4747],[-40.64476,-9.47436],[-40.64615,-9.47446],[-40.64744,-9.47512],[-40.64763,-9.47562]],[[-40.64921,-9.47421],[-40.64762,-9.47455],[-40.64653,-9.47396],[-40.64672,-9.4737],[-40.6484,-9.47364],[-40.64912,-9.47392],[-40.64921,-9.47421]],[[-40.65542,-9.47284],[-40.65465,-9.4731],[-40.6535,-9.47329],[-40.65467,-9.47276],[-40.65542,-9.47284]],[[-40.65974,-9.47021],[-40.65879,-9.47067],[-40.65783,-9.47072],[-40.65671,-9.47048],[-40.65861,-9.46996],[-40.65969,-9.46989],[-40.65974,-9.47021]],[[-40.58662,-9.46565],[-40.58613,-9.46588],[-40.58448,-9.46558],[-40.58108,-9.46725],[-40.5802,-9.46738],[-40.57831,-9.4673],[-40.57217,-9.46533],[-40.57958,-9.46379],[-40.58218,-9.46409],[-40.58625,-9.46499],[-40.58662,-9.46565]]]}},{"type":"Feature","properties":{"CD_SETOR":"261110105000208","SITUACAO":"Rural","NM_BAIRRO":null,"NM_DIST":"Petrolina","v0001":568,"v0007":174,"densidade":71.2182,"taxa_alfab":0.9329,"pct_60m":0.0933,"pop_10_14":48.0,"pop_15_19":50.0,"renda_media":2494.61,"renda_mediana":1212.0,"infra":null,"pavimentacao":null,"iluminacao":null,"calcada":null,"onibus":null,"local_id":"83-1520","regiao":"Bebedouro / Massangano"},"geometry":{"type":"Polygon","coordinates":[[[-40.54916,-9.44819],[-40.54841,-9.44495],[-40.54846,-9.44368],[-40.54768,-9.44136],[-40.54776,-9.44253],[-40.5475,-9.44286],[-40.54705,-9.44496],[-40.54696,-9.44514],[-40.54684,-9.44504],[-40.54689,-9.4443],[-40.54671,-9.44439],[-40.54664,-9.4441],[-40.54675,-9.44143],[-40.54641,-9.44051],[-40.54641,-9.43979],[-40.54741,-9.44035],[-40.54745,-9.43974],[-40.54693,-9.43929],[-40.54633,-9.43956],[-40.54603,-9.43832],[-40.54511,-9.43624],[-40.54538,-9.43561],[-40.54515,-9.43547],[-40.54446,-9.43749],[-40.54519,-9.4423],[-40.54686,-9.44631],[-40.54857,-9.44928],[-40.54913,-9.44891],[-40.54916,-9.44819]]]}},{"type":"Feature","properties":{"CD_SETOR":"261110105060001","SITUACAO":"Urbana","NM_BAIRRO":"Centro","NM_DIST":"Petrolina","v0001":598,"v0007":254,"densidade":2648.2998,"taxa_alfab":0.9773,"pct_60m":0.2375,"pop_10_14":27.0,"pop_15_19":35.0,"renda_media":4869.32,"renda_mediana":3001.0,"infra":0.7795,"pavimentacao":1.0,"iluminacao":1.0,"calcada":1.0,"onibus":0.0709,"local_id":"144-1406","regiao":"Centro"},"geometry":{"type":"Polygon","coordinates":[[[-40.4981,-9.39555],[-40.49772,-9.39781],[-40.4978,-9.39989],[-40.50223,-9.3995],[-40.50196,-9.39625],[-40.50217,-9.39625],[-40.50235,-9.39514],[-40.4981,-9.39555]]]}},{"type":"Feature","properties":{"CD_SETOR":"261110105060002","SITUACAO":"Urbana","NM_BAIRRO":"Centro","NM_DIST":"Petrolina","v0001":690,"v0007":229,"densidade":2637.9237,"taxa_alfab":0.9458,"pct_60m":0.3,"pop_10_14":27.0,"pop_15_19":33.0,"renda_media":5025.36,"renda_mediana":3000.0,"infra":0.75,"pavimentacao":1.0,"iluminacao":1.0,"calcada":1.0,"onibus":0.048,"local_id":"144-1325","regiao":"Centro"},"geometry":{"type":"Polygon","coordinates":[[[-40.50376,-9.38958],[-40.50242,-9.38996],[-40.50251,-9.3904],[-40.50098,-9.39156],[-40.49628,-9.39481],[-40.49606,-9.39516],[-40.49453,-9.39591],[-40.50324,-9.39504],[-40.50285,-9.39369],[-40.50253,-9.39343],[-40.5024,-9.39226],[-40.50396,-9.39189],[-40.50376,-9.38958]]]}},{"type":"Feature","properties":{"CD_SETOR":"261110105060004","SITUACAO":"Urbana","NM_BAIRRO":"Centro","NM_DIST":"Petrolina","v0001":421,"v0007":150,"densidade":8597.2863,"taxa_alfab":0.9537,"pct_60m":0.285,"pop_10_14":25.0,"pop_15_19":22.0,"renda_media":3362.67,"renda_mediana":2150.5,"infra":0.75,"pavimentacao":1.0,"iluminacao":1.0,"calcada":1.0,"onibus":0.0,"local_id":"144-1295","regiao":"Centro"},"geometry":{"type":"Polygon","coordinates":[[[-40.49199,-9.39819],[-40.49268,-9.39932],[-40.49776,-9.39887],[-40.49773,-9.39835],[-40.49457,-9.39865],[-40.49455,-9.39814],[-40.49199,-9.39819]]]}},{"type":"Feature","properties":{"CD_SETOR":"261110105060005","SITUACAO":"Urbana","NM_BAIRRO":"Centro","NM_DIST":"Petrolina","v0001":697,"v0007":250,"densidade":9097.3238,"taxa_alfab":0.9593,"pct_60m":0.2425,"pop_10_14":39.0,"pop_15_19":35.0,"renda_media":3339.06,"renda_mediana":2400.0,"infra":0.75,"pavimentacao":1.0,"iluminacao":1.0,"calcada":1.0,"onibus":0.064,"local_id":"144-1295","regiao":"Centro"},"geometry":{"type":"Polygon","coordinates":[[[-40.49817,-9.39985],[-40.49401,-9.4002],[-40.49433,-9.40196],[-40.49816,-9.40126],[-40.49817,-9.39985]]]}},{"type":"Feature","properties":{"CD_SETOR":"261110105060006","SITUACAO":"Urbana","NM_BAIRRO":"Centro","NM_DIST":"Petrolina","v0001":655,"v0007":258,"densidade":3816.258,"taxa_alfab":0.9982,"pct_60m":0.1908,"pop_10_14":31.0,"pop_15_19":27.0,"renda_media":9796.56,"renda_mediana":6000.0,"infra":0.876,"pavimentacao":1.0,"iluminacao":1.0,"calcada":1.0,"onibus":0.0,"local_id":"144-1333","regiao":"Centro"},"geometry":{"type":"Polygon","coordinates":[[[-40.50382,-9.40332],[-40.50364,-9.40178],[-40.50396,-9.40086],[-40.49818,-9.40172],[-40.49828,-9.40311],[-40.49972,-9.40292],[-40.49927,-9.40367],[-40.49836,-9.4039],[-40.49846,-9.40452],[-40.50058,-9.4042],[-40.50068,-9.40441],[-40.50082,-9.40395],[-40.50106,-9.40429],[-40.50246,-9.40354],[-40.50382,-9.40332]]]}},{"type":"Feature","properties":{"CD_SETOR":"261110105060008","SITUACAO":"Urbana","NM_BAIRRO":"Centro","NM_DIST":"Petrolina","v0001":662,"v0007":261,"densidade":5723.1022,"taxa_alfab":0.9776,"pct_60m":0.1737,"pop_10_14":29.0,"pop_15_19":47.0,"renda_media":6429.05,"renda_mediana":4800.0,"infra":0.75,"pavimentacao":1.0,"iluminacao":1.0,"calcada":1.0,"onibus":0.0,"local_id":"144-1325","regiao":"Centro"},"geometry":{"type":"Polygon","coordinates":[[[-40.50376,-9.38958],[-40.50396,-9.39189],[-40.5024,-9.39226],[-40.50253,-9.39343],[-40.50285,-9.39369],[-40.50324,-9.39504],[-40.50373,-9.39497],[-40.50357,-9.39432],[-40.50414,-9.39419],[-40.50391,-9.39295],[-40.50578,-9.39273],[-40.5053,-9.38907],[-40.50415,-9.38922],[-40.50376,-9.38958]]]}},{"type":"Feature","properties":{"CD_SETOR":"261110105060009","SITUACAO":"Urbana","NM_BAIRRO":"Centro","NM_DIST":"Petrolina","v0001":479,"v0007":182,"densidade":5530.9586,"taxa_alfab":0.9758,"pct_60m":0.2004,"pop_10_14":34.0,"pop_15_19":36.0,"renda_media":4876.72,"renda_mediana":3000.0,"infra":0.75,"pavimentacao":1.0,"iluminacao":1.0,"calcada":1.0,"onibus":0.0,"local_id":"144-1325","regiao":"Centro"},"geometry":{"type":"Polygon","coordinates":[[[-40.5056,-9.39142],[-40.50578,-9.39273],[-40.50391,-9.39295],[-40.50414,-9.39419],[-40.50542,-9.39386],[-40.50558,-9.39466],[-40.50659,-9.39505],[-40.50776,-9.39216],[-40.50621,-9.39136],[-40.5056,-9.39142]]]}},{"type":"Feature","properties":{"CD_SETOR":"261110105060010","SITUACAO":"Urbana","NM_BAIRRO":"Vila Mocó","NM_DIST":"Petrolina","v0001":577,"v0007":203,"densidade":5175.9488,"taxa_alfab":0.9693,"pct_60m":0.1629,"pop_10_14":36.0,"pop_15_19":37.0,"renda_media":3269.78,"renda_mediana":2000.0,"infra":0.75,"pavimentacao":1.0,"iluminacao":1.0,"calcada":1.0,"onibus":0.0099,"local_id":"144-1317","regiao":"Centro"},"geometry":{"type":"Polygon","coordinates":[[[-40.50721,-9.38429],[-40.50752,-9.38893],[-40.50891,-9.38921],[-40.51003,-9.38515],[-40.50721,-9.38429]]]}},{"type":"Feature","properties":{"CD_SETOR":"261110105060011","SITUACAO":"Urbana","NM_BAIRRO":"Vila Mocó","NM_DIST":"Petrolina","v0001":662,"v0007":245,"densidade":12271.6748,"taxa_alfab":0.9336,"pct_60m":0.148,"pop_10_14":37.0,"pop_15_19":46.0,"renda_media":2386.94,"renda_mediana":1256.0,"infra":0.7541,"pavimentacao":1.0,"iluminacao":1.0,"calcada":1.0,"onibus":0.0408,"local_id":"144-1422","regiao":"Centro"},"geometry":{"type":"Polygon","coordinates":[[[-40.50567,-9.3854],[-40.50455,-9.38644],[-40.5036,-9.38748],[-40.50549,-9.38715],[-40.50543,-9.38663],[-40.50642,-9.38644],[-40.50648,-9.38698],[-40.50751,-9.38678],[-40.50733,-9.38506],[-40.50567,-9.3854]]]}},{"type":"Feature","properties":{"CD_SETOR":"261110105060012","SITUACAO":"Urbana","NM_BAIRRO":"Vila Mocó","NM_DIST":"Petrolina","v0001":731,"v0007":307,"densidade":3098.3347,"taxa_alfab":0.995,"pct_60m":0.1245,"pop_10_14":43.0,"pop_15_19":43.0,"renda_media":5133.65,"renda_mediana":3300.0,"infra":0.7712,"pavimentacao":1.0,"iluminacao":1.0,"calcada":1.0,"onibus":0.2638,"local_id":"144-1430","regiao":"Centro"},"geometry":{"type":"Polygon","coordinates":[[[-40.50273,-9.38287],[-40.50306,-9.38341],[-40.49929,-9.38719],[-40.50025,-9.38726],[-40.50104,-9.38778],[-40.50242,-9.38996],[-40.50334,-9.38983],[-40.50303,-9.38806],[-40.50441,-9.38659],[-40.50316,-9.38532],[-40.50481,-9.38371],[-40.50605,-9.385],[-40.50567,-9.3854],[-40.50733,-9.38506],[-40.50721,-9.38429],[-40.50552,-9.38367],[-40.50379,-9.38253],[-40.50273,-9.38287]]]}},{"type":"Feature","properties":{"CD_SETOR":"261110105060013","SITUACAO":"Urbana","NM_BAIRRO":"Maria Auxiliadora","NM_DIST":"Petrolina","v0001":298,"v0007":119,"densidade":13541.3084,"taxa_alfab":0.9921,"pct_60m":0.1443,"pop_10_14":20.0,"pop_15_19":12.0,"renda_media":3276.46,"renda_mediana":2500.0,"infra":0.75,"pavimentacao":1.0,"iluminacao":1.0,"calcada":1.0,"onibus":0.3277,"local_id":"144-1430","regiao":"Centro"},"geometry":{"type":"Polygon","coordinates":[[[-40.50273,-9.38287],[-40.50103,-9.38379],[-40.50161,-9.38483],[-40.50306,-9.38341],[-40.50273,-9.38287]]]}},{"type":"Feature","properties":{"CD_SETOR":"261110105060014","SITUACAO":"Urbana","NM_BAIRRO":"Maria Auxiliadora","NM_DIST":"Petrolina","v0001":678,"v0007":235,"densidade":6228.0559,"taxa_alfab":0.9483,"pct_60m":0.2345,"pop_10_14":34.0,"pop_15_19":32.0,"renda_media":2234.26,"renda_mediana":1500.0,"infra":0.75,"pavimentacao":1.0,"iluminacao":1.0,"calcada":1.0,"onibus":0.0085,"local_id":"144-1015","regiao":"Zona Norte"},"geometry":{"type":"Polygon","coordinates":[[[-40.48917,-9.38941],[-40.48919,-9.38978],[-40.49406,-9.38963],[-40.4964,-9.38779],[-40.49299,-9.38797],[-40.493,-9.38761],[-40.49095,-9.38838],[-40.48917,-9.38941]]]}},{"type":"Feature","properties":{"CD_SETOR":"261110105060015","SITUACAO":"Urbana","NM_BAIRRO":"Maria Auxiliadora","NM_DIST":"Petrolina","v0001":486,"v0007":174,"densidade":8986.6214,"taxa_alfab":0.9525,"pct_60m":0.2016,"pop_10_14":24.0,"pop_15_19":43.0,"renda_media":2093.93,"renda_mediana":1270.0,"infra":0.75,"pavimentacao":1.0,"iluminacao":1.0,"calcada":1.0,"onibus":0.0345,"local_id":"144-1040","regiao":"Zona Leste"},"geometry":{"type":"Polygon","coordinates":[[[-40.48919,-9.38978],[-40.4892,-9.39072],[-40.4914,-9.39066],[-40.49141,-9.39112],[-40.49213,-9.39109],[-40.49406,-9.38963],[-40.48919,-9.38978]]]}},{"type":"Feature","properties":{"CD_SETOR":"261110105060016","SITUACAO":"Urbana","NM_BAIRRO":"São José","NM_DIST":"Petrolina","v0001":719,"v0007":270,"densidade":3466.4057,"taxa_alfab":0.9984,"pct_60m":0.1516,"pop_10_14":40.0,"pop_15_19":45.0,"renda_media":5715.27,"renda_mediana":4100.0,"infra":0.8028,"pavimentacao":0.8963,"iluminacao":1.0,"calcada":1.0,"onibus":0.1259,"local_id":"144-1040","regiao":"Zona Leste"},"geometry":{"type":"Polygon","coordinates":[[[-40.48816,-9.39001],[-40.48395,-9.39341],[-40.48533,-9.39432],[-40.48614,-9.39561],[-40.4874,-9.39625],[-40.48667,-9.39415],[-40.4896,-9.39369],[-40.48925,-9.39203],[-40.48917,-9.38941],[-40.48816,-9.39001]]]}},{"type":"Feature","properties":{"CD_SETOR":"261110105060017","SITUACAO":"Urbana","NM_BAIRRO":"São José","NM_DIST":"Petrolina","v0001":951,"v0007":344,"densidade":5429.9246,"taxa_alfab":0.9717,"pct_60m":0.1672,"pop_10_14":53.0,"pop_15_19":65.0,"renda_media":4593.03,"renda_mediana":2600.0,"infra":0.7754,"pavimentacao":1.0,"iluminacao":1.0,"calcada":1.0,"onibus":0.0,"local_id":"144-1155","regiao":"Centro"},"geometry":{"type":"Polygon","coordinates":[[[-40.48722,-9.39618],[-40.48653,-9.39859],[-40.4874,-9.39877],[-40.49037,-9.39806],[-40.4901,-9.39548],[-40.49039,-9.39532],[-40.4896,-9.39369],[-40.48667,-9.39415],[-40.48721,-9.39536],[-40.4874,-9.39625],[-40.48722,-9.39618]]]}},{"type":"Feature","properties":{"CD_SETOR":"261110105060019","SITUACAO":"Urbana","NM_BAIRRO":"São José","NM_DIST":"Petrolina","v0001":773,"v0007":277,"densidade":9231.3777,"taxa_alfab":0.9535,"pct_60m":0.1811,"pop_10_14":31.0,"pop_15_19":45.0,"renda_media":2017.59,"renda_mediana":1280.0,"infra":0.75,"pavimentacao":1.0,"iluminacao":0.9928,"calcada":0.9783,"onibus":0.0072,"local_id":"144-1155","regiao":"Centro"},"geometry":{"type":"Polygon","coordinates":[[[-40.4901,-9.39548],[-40.49061,-9.40022],[-40.49296,-9.40006],[-40.493,-9.39983],[-40.49039,-9.39532],[-40.4901,-9.39548]]]}},{"type":"Feature","properties":{"CD_SETOR":"261110105060021","SITUACAO":"Urbana","NM_BAIRRO":"Atrás da Banca","NM_DIST":"Petrolina","v0001":695,"v0007":240,"densidade":6662.1812,"taxa_alfab":0.9799,"pct_60m":0.2388,"pop_10_14":37.0,"pop_15_19":47.0,"renda_media":3011.43,"renda_mediana":1450.0,"infra":0.7552,"pavimentacao":1.0,"iluminacao":1.0,"calcada":1.0,"onibus":0.0042,"local_id":"83-1740","regiao":"Centro"},"geometry":{"type":"Polygon","coordinates":[[[-40.50741,-9.39541],[-40.50739,-9.39823],[-40.51071,-9.39752],[-40.50964,-9.39473],[-40.50914,-9.39467],[-40.50741,-9.39541]]]}},{"type":"Feature","properties":{"CD_SETOR":"261110105060023","SITUACAO":"Urbana","NM_BAIRRO":"Gercino Coelho","NM_DIST":"Petrolina","v0001":870,"v0007":281,"densidade":3463.9441,"taxa_alfab":0.9693,"pct_60m":0.2103,"pop_10_14":41.0,"pop_15_19":61.0,"renda_media":2659.83,"renda_mediana":1850.0,"infra":0.7553,"pavimentacao":0.9964,"iluminacao":1.0,"calcada":1.0,"onibus":0.0,"local_id":"83-1031","regiao":"Zona Oeste (interna)"},"geometry":{"type":"Polygon","coordinates":[[[-40.50836,-9.39094],[-40.50672,-9.39441],[-40.50655,-9.3954],[-40.50592,-9.39627],[-40.5064,-9.39684],[-40.50722,-9.39558],[-40.50777,-9.39516],[-40.50914,-9.39467],[-40.50978,-9.39474],[-40.51051,-9.39419],[-40.51298,-9.39336],[-40.51251,-9.39144],[-40.50995,-9.39166],[-40.51049,-9.38959],[-40.5088,-9.38916],[-40.50836,-9.39094]]]}},{"type":"Feature","properties":{"CD_SETOR":"261110105060024","SITUACAO":"Urbana","NM_BAIRRO":"Gercino Coelho","NM_DIST":"Petrolina","v0001":805,"v0007":268,"densidade":6896.9296,"taxa_alfab":0.9439,"pct_60m":0.195,"pop_10_14":55.0,"pop_15_19":53.0,"renda_media":2791.2,"renda_mediana":2000.0,"infra":0.7668,"pavimentacao":1.0,"iluminacao":1.0,"calcada":1.0,"onibus":0.0,"local_id":"83-1368","regiao":"Zona Oeste (interna)"},"geometry":{"type":"Polygon","coordinates":[[[-40.51595,-9.39056],[-40.51399,-9.39083],[-40.5141,-9.3913],[-40.51251,-9.39144],[-40.51298,-9.39336],[-40.51899,-9.39136],[-40.51865,-9.39035],[-40.51615,-9.39118],[-40.51595,-9.39056]]]}},{"type":"Feature","properties":{"CD_SETOR":"261110105060025","SITUACAO":"Urbana","NM_BAIRRO":"Gercino Coelho","NM_DIST":"Petrolina","v0001":774,"v0007":276,"densidade":8236.4083,"taxa_alfab":0.9878,"pct_60m":0.1925,"pop_10_14":32.0,"pop_15_19":53.0,"renda_media":2728.12,"renda_mediana":2500.0,"infra":0.7554,"pavimentacao":1.0,"iluminacao":1.0,"calcada":1.0,"onibus":0.0,"local_id":"83-1341","regiao":"Zona Oeste (interna)"},"geometry":{"type":"Polygon","coordinates":[[[-40.51451,-9.38975],[-40.51065,-9.39008],[-40.51049,-9.38959],[-40.50995,-9.39166],[-40.5141,-9.3913],[-40.51399,-9.39083],[-40.51595,-9.39056],[-40.51567,-9.38957],[-40.51459,-9.38989],[-40.51451,-9.38975]]]}},{"type":"Feature","properties":{"CD_SETOR":"261110105060026","SITUACAO":"Urbana","NM_BAIRRO":"Gercino Coelho","NM_DIST":"Petrolina","v0001":856,"v0007":320,"densidade":8672.8764,"taxa_alfab":0.9549,"pct_60m":0.1834,"pop_10_14":40.0,"pop_15_19":64.0,"renda_media":3229.69,"renda_mediana":2400.0,"infra":0.75,"pavimentacao":1.0,"iluminacao":1.0,"calcada":1.0,"onibus":0.0,"local_id":"83-1465","regiao":"Zona Oeste (interna)"},"geometry":{"type":"Polygon","coordinates":[[[-40.51524,-9.38805],[-40.51615,-9.39118],[-40.51865,-9.39035],[-40.51726,-9.38732],[-40.51524,-9.38805]]]}},{"type":"Feature","properties":{"CD_SETOR":"261110105060027","SITUACAO":"Urbana","NM_BAIRRO":"Gercino Coelho","NM_DIST":"Petrolina","v0001":449,"v0007":159,"densidade":7187.3851,"taxa_alfab":0.9582,"pct_60m":0.2339,"pop_10_14":23.0,"pop_15_19":25.0,"renda_media":2755.53,"renda_mediana":1350.0,"infra":0.75,"pavimentacao":1.0,"iluminacao":1.0,"calcada":1.0,"onibus":0.0,"local_id":"83-1058","regiao":"Zona Oeste (interna)"},"geometry":{"type":"Polygon","coordinates":[[[-40.51336,-9.38828],[-40.5139,-9.38843],[-40.51726,-9.38732],[-40.51353,-9.38614],[-40.51315,-9.38751],[-40.5136,-9.38764],[-40.51336,-9.38828]]]}},{"type":"Feature","properties":{"CD_SETOR":"261110105060028","SITUACAO":"Urbana","NM_BAIRRO":"Gercino Coelho","NM_DIST":"Petrolina","v0001":793,"v0007":283,"densidade":8309.7836,"taxa_alfab":0.9174,"pct_60m":0.1791,"pop_10_14":50.0,"pop_15_19":55.0,"renda_media":2325.32,"renda_mediana":1500.0,"infra":0.75,"pavimentacao":1.0,"iluminacao":1.0,"calcada":1.0,"onibus":0.0424,"local_id":"83-1368","regiao":"Zona Oeste (interna)"},"geometry":{"type":"Polygon","coordinates":[[[-40.50949,-9.38711],[-40.51336,-9.38828],[-40.5136,-9.38764],[-40.51315,-9.38751],[-40.51353,-9.38614],[-40.51003,-9.38515],[-40.50949,-9.38711]]]}},{"type":"Feature","properties":{"CD_SETOR":"261110105060029","SITUACAO":"Urbana","NM_BAIRRO":"Gercino Coelho","NM_DIST":"Petrolina","v0001":795,"v0007":304,"densidade":9192.7134,"taxa_alfab":0.978,"pct_60m":0.1887,"pop_10_14":34.0,"pop_15_19":41.0,"renda_media":2401.18,"renda_mediana":1300.0,"infra":0.7681,"pavimentacao":1.0,"iluminacao":1.0,"calcada":1.0,"onibus":0.0164,"local_id":"83-1368","regiao":"Zona Oeste (interna)"},"geometry":{"type":"Polygon","coordinates":[[[-40.50891,-9.38921],[-40.51062,-9.38963],[-40.51065,-9.39008],[-40.51238,-9.38994],[-40.51224,-9.38881],[-40.51249,-9.38801],[-40.50949,-9.38711],[-40.50891,-9.38921]]]}},{"type":"Feature","properties":{"CD_SETOR":"261110105060031","SITUACAO":"Urbana","NM_BAIRRO":"Centro","NM_DIST":"Petrolina","v0001":701,"v0007":247,"densidade":6801.1686,"taxa_alfab":0.9616,"pct_60m":0.2582,"pop_10_14":37.0,"pop_15_19":25.0,"renda_media":3551.82,"renda_mediana":2400.0,"infra":0.7652,"pavimentacao":1.0,"iluminacao":1.0,"calcada":0.9919,"onibus":0.0081,"local_id":"144-1155","regiao":"Centro"},"geometry":{"type":"Polygon","coordinates":[[[-40.49268,-9.39932],[-40.49303,-9.39995],[-40.4923,-9.4003],[-40.4939,-9.40311],[-40.49454,-9.40326],[-40.49401,-9.4002],[-40.4978,-9.39989],[-40.49776,-9.39887],[-40.49268,-9.39932]]]}},{"type":"Feature","properties":{"CD_SETOR":"261110105060032","SITUACAO":"Urbana","NM_BAIRRO":"Centro","NM_DIST":"Petrolina","v0001":484,"v0007":220,"densidade":4706.9755,"taxa_alfab":0.9887,"pct_60m":0.2438,"pop_10_14":20.0,"pop_15_19":40.0,"renda_media":4107.02,"renda_mediana":3000.0,"infra":0.7557,"pavimentacao":1.0,"iluminacao":1.0,"calcada":0.9818,"onibus":0.2182,"local_id":"144-1333","regiao":"Centro"},"geometry":{"type":"Polygon","coordinates":[[[-40.50252,-9.39948],[-40.49817,-9.39985],[-40.49818,-9.40172],[-40.50396,-9.40086],[-40.50453,-9.4003],[-40.5027,-9.40051],[-40.50252,-9.39948]]]}},{"type":"Feature","properties":{"CD_SETOR":"261110105060034","SITUACAO":"Urbana","NM_BAIRRO":"Centro","NM_DIST":"Petrolina","v0001":700,"v0007":269,"densidade":7045.0429,"taxa_alfab":0.9757,"pct_60m":0.2471,"pop_10_14":34.0,"pop_15_19":46.0,"renda_media":4266.9,"renda_mediana":2400.0,"infra":0.75,"pavimentacao":1.0,"iluminacao":1.0,"calcada":1.0,"onibus":0.0,"local_id":"83-1031","regiao":"Zona Oeste (interna)"},"geometry":{"type":"Polygon","coordinates":[[[-40.5053,-9.38907],[-40.5056,-9.39142],[-40.50621,-9.39136],[-40.50776,-9.39216],[-40.50836,-9.39094],[-40.5088,-9.38916],[-40.50706,-9.38886],[-40.5053,-9.38907]]]}},{"type":"Feature","properties":{"CD_SETOR":"261110105060036","SITUACAO":"Urbana","NM_BAIRRO":"Vila Mocó","NM_DIST":"Petrolina","v0001":500,"v0007":201,"densidade":10517.9024,"taxa_alfab":0.9541,"pct_60m":0.152,"pop_10_14":15.0,"pop_15_19":42.0,"renda_media":4891.26,"renda_mediana":2500.0,"infra":0.75,"pavimentacao":1.0,"iluminacao":1.0,"calcada":1.0,"onibus":0.0149,"local_id":"144-1430","regiao":"Centro"},"geometry":{"type":"Polygon","coordinates":[[[-40.5036,-9.38748],[-40.50303,-9.38806],[-40.50334,-9.38983],[-40.50368,-9.38975],[-40.50375,-9.38945],[-40.50415,-9.38922],[-40.5053,-9.38907],[-40.50505,-9.38724],[-40.5036,-9.38748]]]}},{"type":"Feature","properties":{"CD_SETOR":"261110105060037","SITUACAO":"Urbana","NM_BAIRRO":"Vila Mocó","NM_DIST":"Petrolina","v0001":438,"v0007":209,"densidade":26694.7285,"taxa_alfab":0.9892,"pct_60m":0.0685,"pop_10_14":24.0,"pop_15_19":36.0,"renda_media":3792.71,"renda_mediana":3000.0,"infra":0.75,"pavimentacao":1.0,"iluminacao":1.0,"calcada":1.0,"onibus":0.799,"local_id":"144-1422","regiao":"Centro"},"geometry":{"type":"Polygon","coordinates":[[[-40.5039,-9.38459],[-40.50466,-9.38533],[-40.50555,-9.38448],[-40.50481,-9.38371],[-40.5039,-9.38459]]]}},{"type":"Feature","properties":{"CD_SETOR":"261110105060038","SITUACAO":"Urbana","NM_BAIRRO":"Vila Mocó","NM_DIST":"Petrolina","v0001":418,"v0007":212,"densidade":38143.4007,"taxa_alfab":0.9972,"pct_60m":0.0861,"pop_10_14":16.0,"pop_15_19":29.0,"renda_media":3831.53,"renda_mediana":3000.0,"infra":0.0,"pavimentacao":0.0,"iluminacao":0.0,"calcada":0.0,"onibus":0.0,"local_id":"144-1422","regiao":"Centro"},"geometry":{"type":"Polygon","coordinates":[[[-40.50466,-9.38533],[-40.50518,-9.38587],[-40.50605,-9.385],[-40.50555,-9.38448],[-40.50466,-9.38533]]]}},{"type":"Feature","properties":{"CD_SETOR":"261110105060039","SITUACAO":"Urbana","NM_BAIRRO":"Vila Mocó","NM_DIST":"Petrolina","v0001":417,"v0007":203,"densidade":37956.4493,"taxa_alfab":0.9919,"pct_60m":0.0743,"pop_10_14":22.0,"pop_15_19":27.0,"renda_media":3922.03,"renda_mediana":3300.0,"infra":0.0,"pavimentacao":0.0,"iluminacao":0.0,"calcada":0.0,"onibus":0.0,"local_id":"144-1430","regiao":"Centro"},"geometry":{"type":"Polygon","coordinates":[[[-40.50379,-9.38598],[-40.50441,-9.38659],[-40.50518,-9.38587],[-40.50456,-9.38526],[-40.50379,-9.38598]]]}},{"type":"Feature","properties":{"CD_SETOR":"261110105060040","SITUACAO":"Urbana","NM_BAIRRO":"Vila Mocó","NM_DIST":"Petrolina","v0001":421,"v0007":200,"densidade":35406.9526,"taxa_alfab":0.9855,"pct_60m":0.0618,"pop_10_14":26.0,"pop_15_19":33.0,"renda_media":3944.5,"renda_mediana":3000.0,"infra":0.75,"pavimentacao":1.0,"iluminacao":1.0,"calcada":1.0,"onibus":1.0,"local_id":"144-1430","regiao":"Centro"},"geometry":{"type":"Polygon","coordinates":[[[-40.50379,-9.38598],[-40.50456,-9.38526],[-40.5039,-9.38459],[-40.50316,-9.38532],[-40.50379,-9.38598]]]}},{"type":"Feature","properties":{"CD_SETOR":"261110105060041","SITUACAO":"Urbana","NM_BAIRRO":"Atrás da Banca","NM_DIST":"Petrolina","v0001":651,"v0007":255,"densidade":5366.7429,"taxa_alfab":0.9824,"pct_60m":0.1551,"pop_10_14":37.0,"pop_15_19":47.0,"renda_media":8708.63,"renda_mediana":5715.0,"infra":0.7647,"pavimentacao":1.0,"iluminacao":1.0,"calcada":1.0,"onibus":0.0,"local_id":"144-1325","regiao":"Centro"},"geometry":{"type":"Polygon","coordinates":[[[-40.5064,-9.39684],[-40.50549,-9.39933],[-40.50396,-9.40086],[-40.50365,-9.40212],[-40.50449,-9.40198],[-40.50561,-9.40133],[-40.50606,-9.40135],[-40.50725,-9.4008],[-40.50692,-9.39837],[-40.50739,-9.39823],[-40.50741,-9.39541],[-40.5064,-9.39684]]]}},{"type":"Feature","properties":{"CD_SETOR":"261110105060042","SITUACAO":"Urbana","NM_BAIRRO":"São José","NM_DIST":"Petrolina","v0001":679,"v0007":232,"densidade":3934.8117,"taxa_alfab":0.9967,"pct_60m":0.1988,"pop_10_14":27.0,"pop_15_19":57.0,"renda_media":7916.04,"renda_mediana":4650.0,"infra":0.75,"pavimentacao":1.0,"iluminacao":1.0,"calcada":1.0,"onibus":0.0,"local_id":"144-1155","regiao":"Centro"},"geometry":{"type":"Polygon","coordinates":[[[-40.48653,-9.39859],[-40.48586,-9.40099],[-40.49093,-9.40234],[-40.49037,-9.39806],[-40.4874,-9.39877],[-40.48653,-9.39859]]]}},{"type":"Feature","properties":{"CD_SETOR":"261110105060043","SITUACAO":"Urbana","NM_BAIRRO":"Vila Mocó","NM_DIST":"Petrolina","v0001":588,"v0007":225,"densidade":9530.808,"taxa_alfab":0.9941,"pct_60m":0.1429,"pop_10_14":33.0,"pop_15_19":41.0,"renda_media":6063.97,"renda_mediana":5000.0,"infra":0.75,"pavimentacao":1.0,"iluminacao":1.0,"calcada":1.0,"onibus":0.0,"local_id":"144-1422","regiao":"Centro"},"geometry":{"type":"Polygon","coordinates":[[[-40.50505,-9.38724],[-40.5053,-9.38907],[-40.50752,-9.38893],[-40.50751,-9.38678],[-40.50648,-9.38698],[-40.50642,-9.38644],[-40.50543,-9.38663],[-40.50549,-9.38715],[-40.50505,-9.38724]]]}},{"type":"Feature","properties":{"CD_SETOR":"261110105060044","SITUACAO":"Urbana","NM_BAIRRO":"Maria Auxiliadora","NM_DIST":"Petrolina","v0001":518,"v0007":206,"densidade":8265.892,"taxa_alfab":0.9716,"pct_60m":0.1313,"pop_10_14":34.0,"pop_15_19":31.0,"renda_media":3179.44,"renda_mediana":1818.0,"infra":0.7682,"pavimentacao":1.0,"iluminacao":1.0,"calcada":1.0,"onibus":0.0,"local_id":"144-1155","regiao":"Centro"},"geometry":{"type":"Polygon","coordinates":[[[-40.4892,-9.39072],[-40.48934,-9.39274],[-40.48984,-9.39429],[-40.49036,-9.39414],[-40.49054,-9.39229],[-40.49213,-9.39109],[-40.49141,-9.39112],[-40.4914,-9.39066],[-40.4892,-9.39072]]]}},{"type":"Feature","properties":{"CD_SETOR":"261110105060045","SITUACAO":"Urbana","NM_BAIRRO":"Gercino Coelho","NM_DIST":"Petrolina","v0001":540,"v0007":219,"densidade":8845.5211,"taxa_alfab":0.9455,"pct_60m":0.1926,"pop_10_14":28.0,"pop_15_19":30.0,"renda_media":2606.89,"renda_mediana":1800.0,"infra":0.75,"pavimentacao":1.0,"iluminacao":1.0,"calcada":1.0,"onibus":0.0,"local_id":"83-1368","regiao":"Zona Oeste (interna)"},"geometry":{"type":"Polygon","coordinates":[[[-40.51238,-9.38994],[-40.51451,-9.38975],[-40.51459,-9.38989],[-40.51567,-9.38957],[-40.51524,-9.38805],[-40.5139,-9.38843],[-40.51249,-9.38801],[-40.51224,-9.38881],[-40.51238,-9.38994]]]}},{"type":"Feature","properties":{"CD_SETOR":"261110105060046","SITUACAO":"Urbana","NM_BAIRRO":"Centro","NM_DIST":"Petrolina","v0001":159,"v0007":62,"densidade":1668.1046,"taxa_alfab":0.9784,"pct_60m":0.2075,"pop_10_14":10.0,"pop_15_19":7.0,"renda_media":3433.36,"renda_mediana":2000.0,"infra":0.75,"pavimentacao":1.0,"iluminacao":1.0,"calcada":1.0,"onibus":0.0161,"local_id":"144-1325","regiao":"Centro"},"geometry":{"type":"Polygon","coordinates":[[[-40.50542,-9.39386],[-40.50357,-9.39432],[-40.50373,-9.39497],[-40.50235,-9.39514],[-40.50217,-9.39625],[-40.50196,-9.39625],[-40.50214,-9.39839],[-40.50235,-9.39863],[-40.50329,-9.39723],[-40.50596,-9.39481],[-40.50558,-9.39466],[-40.50542,-9.39386]]]}},{"type":"Feature","properties":{"CD_SETOR":"261110105060047","SITUACAO":"Urbana","NM_BAIRRO":"Centro","NM_DIST":"Petrolina","v0001":186,"v0007":93,"densidade":1124.7282,"taxa_alfab":1.0,"pct_60m":0.1559,"pop_10_14":4.0,"pop_15_19":10.0,"renda_media":2896.69,"renda_mediana":2200.0,"infra":0.8424,"pavimentacao":1.0,"iluminacao":1.0,"calcada":1.0,"onibus":0.1087,"local_id":"144-1325","regiao":"Centro"},"geometry":{"type":"Polygon","coordinates":[[[-40.50214,-9.39839],[-40.50223,-9.3995],[-40.50252,-9.39948],[-40.5027,-9.40051],[-40.50453,-9.4003],[-40.50549,-9.39933],[-40.5064,-9.39684],[-40.50592,-9.39627],[-40.5064,-9.39569],[-40.50659,-9.39505],[-40.50596,-9.39481],[-40.50573,-9.39493],[-40.50329,-9.39723],[-40.50235,-9.39863],[-40.50214,-9.39839]]]}},{"type":"Feature","properties":{"CD_SETOR":"261110105060048","SITUACAO":"Urbana","NM_BAIRRO":"Centro","NM_DIST":"Petrolina","v0001":463,"v0007":189,"densidade":5172.4738,"taxa_alfab":0.9903,"pct_60m":0.2592,"pop_10_14":19.0,"pop_15_19":24.0,"renda_media":6963.7,"renda_mediana":5000.0,"infra":0.7526,"pavimentacao":1.0,"iluminacao":1.0,"calcada":1.0,"onibus":0.0,"local_id":"144-1295","regiao":"Centro"},"geometry":{"type":"Polygon","coordinates":[[[-40.49631,-9.39573],[-40.49629,-9.39678],[-40.49447,-9.39696],[-40.49457,-9.39865],[-40.49773,-9.39835],[-40.4981,-9.39555],[-40.49631,-9.39573]]]}},{"type":"Feature","properties":{"CD_SETOR":"261110105060049","SITUACAO":"Urbana","NM_BAIRRO":"Centro","NM_DIST":"Petrolina","v0001":426,"v0007":153,"densidade":476.3765,"taxa_alfab":0.9416,"pct_60m":0.2324,"pop_10_14":16.0,"pop_15_19":28.0,"renda_media":4819.88,"renda_mediana":3000.0,"infra":null,"pavimentacao":null,"iluminacao":null,"calcada":null,"onibus":null,"local_id":"144-1015","regiao":"Zona Norte"},"geometry":{"type":"Polygon","coordinates":[[[-40.49796,-9.38673],[-40.49054,-9.39229],[-40.49036,-9.39414],[-40.48984,-9.39429],[-40.49199,-9.39819],[-40.49455,-9.39814],[-40.49447,-9.39696],[-40.49629,-9.39678],[-40.49631,-9.39573],[-40.49453,-9.39591],[-40.49606,-9.39516],[-40.4962,-9.39487],[-40.49722,-9.3943],[-40.50259,-9.39029],[-40.50104,-9.38778],[-40.50047,-9.38735],[-40.49796,-9.38673]]]}},{"type":"Feature","properties":{"CD_SETOR":"261110105060050","SITUACAO":"Urbana","NM_BAIRRO":"Atrás da Banca","NM_DIST":"Petrolina","v0001":464,"v0007":186,"densidade":3881.5852,"taxa_alfab":0.9975,"pct_60m":0.1638,"pop_10_14":23.0,"pop_15_19":29.0,"renda_media":5292.49,"renda_mediana":4000.0,"infra":0.75,"pavimentacao":1.0,"iluminacao":1.0,"calcada":1.0,"onibus":0.0,"local_id":"83-1740","regiao":"Centro"},"geometry":{"type":"Polygon","coordinates":[[[-40.51329,-9.39326],[-40.5117,-9.39379],[-40.51206,-9.39727],[-40.51521,-9.3967],[-40.51423,-9.3939],[-40.51329,-9.39326]]]}},{"type":"Feature","properties":{"CD_SETOR":"261110105060051","SITUACAO":"Urbana","NM_BAIRRO":"Atrás da Banca","NM_DIST":"Petrolina","v0001":404,"v0007":134,"densidade":4632.8312,"taxa_alfab":0.9912,"pct_60m":0.2178,"pop_10_14":27.0,"pop_15_19":21.0,"renda_media":6666.34,"renda_mediana":5000.0,"infra":0.7873,"pavimentacao":1.0,"iluminacao":1.0,"calcada":1.0,"onibus":0.0448,"local_id":"83-1740","regiao":"Centro"},"geometry":{"type":"Polygon","coordinates":[[[-40.50964,-9.39473],[-40.51071,-9.39752],[-40.51055,-9.39756],[-40.51067,-9.3985],[-40.51198,-9.39835],[-40.51206,-9.39727],[-40.5117,-9.39379],[-40.50964,-9.39473]]]}},{"type":"Feature","properties":{"CD_SETOR":"261110105060052","SITUACAO":"Urbana","NM_BAIRRO":"Maria Auxiliadora","NM_DIST":"Petrolina","v0001":694,"v0007":267,"densidade":7412.2847,"taxa_alfab":0.9934,"pct_60m":0.0994,"pop_10_14":35.0,"pop_15_19":40.0,"renda_media":3549.52,"renda_mediana":3000.0,"infra":0.75,"pavimentacao":1.0,"iluminacao":1.0,"calcada":1.0,"onibus":0.0113,"local_id":"144-1430","regiao":"Centro"},"geometry":{"type":"Polygon","coordinates":[[[-40.50103,-9.38379],[-40.49699,-9.38597],[-40.4971,-9.38729],[-40.49796,-9.38673],[-40.49929,-9.38719],[-40.50161,-9.38483],[-40.50103,-9.38379]]]}},{"type":"Feature","properties":{"CD_SETOR":"261110105060053","SITUACAO":"Urbana","NM_BAIRRO":"Maria Auxiliadora","NM_DIST":"Petrolina","v0001":511,"v0007":202,"densidade":10349.9586,"taxa_alfab":0.9312,"pct_60m":0.1252,"pop_10_14":36.0,"pop_15_19":40.0,"renda_media":4308.92,"renda_mediana":2000.0,"infra":0.75,"pavimentacao":1.0,"iluminacao":1.0,"calcada":1.0,"onibus":0.0198,"local_id":"144-1015","regiao":"Zona Norte"},"geometry":{"type":"Polygon","coordinates":[[[-40.493,-9.38761],[-40.49299,-9.38797],[-40.4964,-9.38779],[-40.4971,-9.38729],[-40.49699,-9.38597],[-40.493,-9.38761]]]}},{"type":"Feature","properties":{"CD_SETOR":"261110105060054","SITUACAO":"Urbana","NM_BAIRRO":"São José","NM_DIST":"Petrolina","v0001":371,"v0007":147,"densidade":21457.3412,"taxa_alfab":1.0,"pct_60m":0.1617,"pop_10_14":24.0,"pop_15_19":28.0,"renda_media":12344.47,"renda_mediana":10000.0,"infra":0.75,"pavimentacao":1.0,"iluminacao":1.0,"calcada":1.0,"onibus":0.0,"local_id":"144-1155","regiao":"Centro"},"geometry":{"type":"Polygon","coordinates":[[[-40.49194,-9.4026],[-40.4939,-9.40311],[-40.4934,-9.40216],[-40.49185,-9.40179],[-40.49194,-9.4026]]]}},{"type":"Feature","properties":{"CD_SETOR":"261110105060055","SITUACAO":"Urbana","NM_BAIRRO":"São José","NM_DIST":"Petrolina","v0001":336,"v0007":123,"densidade":6812.7803,"taxa_alfab":0.9934,"pct_60m":0.1756,"pop_10_14":15.0,"pop_15_19":25.0,"renda_media":7972.8,"renda_mediana":5000.0,"infra":0.7581,"pavimentacao":1.0,"iluminacao":1.0,"calcada":1.0,"onibus":0.0,"local_id":"144-1155","regiao":"Centro"},"geometry":{"type":"Polygon","coordinates":[[[-40.49061,-9.40022],[-40.49093,-9.40234],[-40.49194,-9.4026],[-40.49185,-9.40179],[-40.4934,-9.40216],[-40.49228,-9.40016],[-40.49061,-9.40022]]]}},{"type":"Feature","properties":{"CD_SETOR":"261110105060056","SITUACAO":"Urbana","NM_BAIRRO":"São José","NM_DIST":"Petrolina","v0001":537,"v0007":227,"densidade":8340.183,"taxa_alfab":0.9954,"pct_60m":0.0689,"pop_10_14":30.0,"pop_15_19":48.0,"renda_media":8470.68,"renda_mediana":6000.0,"infra":0.75,"pavimentacao":1.0,"iluminacao":1.0,"calcada":1.0,"onibus":0.0,"local_id":"144-1546","regiao":"Zona Leste"},"geometry":{"type":"Polygon","coordinates":[[[-40.48509,-9.39439],[-40.48546,-9.39453],[-40.48395,-9.39341],[-40.48315,-9.39542],[-40.48326,-9.39679],[-40.484,-9.39803],[-40.48509,-9.39439]]]}},{"type":"Feature","properties":{"CD_SETOR":"261110105060057","SITUACAO":"Urbana","NM_BAIRRO":"São José","NM_DIST":"Petrolina","v0001":552,"v0007":212,"densidade":5155.4801,"taxa_alfab":0.9807,"pct_60m":0.1377,"pop_10_14":29.0,"pop_15_19":43.0,"renda_media":7494.52,"renda_mediana":5000.0,"infra":0.8502,"pavimentacao":0.8915,"iluminacao":0.9623,"calcada":1.0,"onibus":0.0,"local_id":"144-1155","regiao":"Centro"},"geometry":{"type":"Polygon","coordinates":[[[-40.48546,-9.39453],[-40.48509,-9.39439],[-40.484,-9.39803],[-40.48486,-9.39865],[-40.4864,-9.39911],[-40.48722,-9.39618],[-40.48614,-9.39561],[-40.48546,-9.39453]]]}},{"type":"Feature","properties":{"CD_SETOR":"261110105060058","SITUACAO":"Urbana","NM_BAIRRO":"Atrás da Banca","NM_DIST":"Petrolina","v0001":340,"v0007":133,"densidade":1181.1075,"taxa_alfab":0.9929,"pct_60m":0.1412,"pop_10_14":16.0,"pop_15_19":15.0,"renda_media":6817.38,"renda_mediana":5000.0,"infra":0.9643,"pavimentacao":1.0,"iluminacao":1.0,"calcada":1.0,"onibus":0.0902,"local_id":"83-1740","regiao":"Centro"},"geometry":{"type":"Polygon","coordinates":[[[-40.51032,-9.40189],[-40.51167,-9.40201],[-40.51174,-9.40047],[-40.50972,-9.40055],[-40.5091,-9.39781],[-40.50692,-9.39837],[-40.50725,-9.4008],[-40.50606,-9.40135],[-40.50561,-9.40133],[-40.50449,-9.40198],[-40.50365,-9.40212],[-40.50391,-9.40331],[-40.50447,-9.40333],[-40.50529,-9.40314],[-40.50604,-9.40266],[-40.5076,-9.40273],[-40.51032,-9.40189]]]}},{"type":"Feature","properties":{"CD_SETOR":"261110105060059","SITUACAO":"Urbana","NM_BAIRRO":"Atrás da Banca","NM_DIST":"Petrolina","v0001":863,"v0007":321,"densidade":12128.9899,"taxa_alfab":0.9913,"pct_60m":0.1078,"pop_10_14":53.0,"pop_15_19":59.0,"renda_media":8377.53,"renda_mediana":6000.0,"infra":0.8107,"pavimentacao":1.0,"iluminacao":1.0,"calcada":1.0,"onibus":0.0,"local_id":"83-1740","regiao":"Centro"},"geometry":{"type":"Polygon","coordinates":[[[-40.5091,-9.39781],[-40.50972,-9.40055],[-40.51174,-9.40047],[-40.51198,-9.39835],[-40.51067,-9.3985],[-40.51055,-9.39756],[-40.5091,-9.39781]]]}},{"type":"Feature","properties":{"CD_SETOR":"261110105060060","SITUACAO":null,"NM_BAIRRO":null,"NM_DIST":"Petrolina","v0001":0,"v0007":0,"densidade":0.0,"taxa_alfab":null,"pct_60m":null,"pop_10_14":null,"pop_15_19":null,"renda_media":null,"renda_mediana":null,"infra":null,"pavimentacao":null,"iluminacao":null,"calcada":null,"onibus":null,"local_id":"144-1333","regiao":"Centro"},"geometry":{"type":"Polygon","coordinates":[[[-40.51089,-9.40187],[-40.5076,-9.40273],[-40.50593,-9.40269],[-40.50529,-9.40314],[-40.50246,-9.40354],[-40.50106,-9.40429],[-40.5009,-9.40393],[-40.50068,-9.40441],[-40.50058,-9.4042],[-40.49866,-9.40447],[-40.49767,-9.40492],[-40.49557,-9.40521],[-40.49496,-9.40549],[-40.49484,-9.40589],[-40.49457,-9.40598],[-40.49519,-9.40921],[-40.4972,-9.40857],[-40.50145,-9.4093],[-40.50627,-9.40839],[-40.51073,-9.40718],[-40.51111,-9.40729],[-40.51167,-9.40201],[-40.51089,-9.40187]],[[-40.50667,-9.4057],[-40.50617,-9.40623],[-40.50529,-9.40623],[-40.50378,-9.40668],[-40.50132,-9.40643],[-40.50264,-9.40574],[-40.50457,-9.40527],[-40.50616,-9.40519],[-40.50667,-9.4057]],[[-40.5033,-9.40396],[-40.50313,-9.40411],[-40.50308,-9.40396],[-40.5033,-9.40396]]]}},{"type":"Feature","properties":{"CD_SETOR":"261110105060061","SITUACAO":"Urbana","NM_BAIRRO":"Centro","NM_DIST":"Petrolina","v0001":1030,"v0007":385,"densidade":5581.3684,"taxa_alfab":0.9965,"pct_60m":0.2058,"pop_10_14":58.0,"pop_15_19":52.0,"renda_media":12050.96,"renda_mediana":9000.0,"infra":0.8169,"pavimentacao":1.0,"iluminacao":1.0,"calcada":1.0,"onibus":0.0,"local_id":"144-1333","regiao":"Centro"},"geometry":{"type":"Polygon","coordinates":[[[-40.49465,-9.40594],[-40.49484,-9.40589],[-40.49482,-9.40557],[-40.49557,-9.40521],[-40.49767,-9.40492],[-40.49833,-9.40462],[-40.49836,-9.4039],[-40.49927,-9.40367],[-40.49972,-9.40292],[-40.49828,-9.40311],[-40.49816,-9.40126],[-40.49433,-9.40196],[-40.49454,-9.40326],[-40.4939,-9.40311],[-40.49465,-9.40594]]]}},{"type":"Feature","properties":{"CD_SETOR":"261110105070001","SITUACAO":"Urbana","NM_BAIRRO":"Palhinhas","NM_DIST":"Petrolina","v0001":643,"v0007":244,"densidade":3259.8767,"taxa_alfab":0.9857,"pct_60m":0.1477,"pop_10_14":32.0,"pop_15_19":52.0,"renda_media":1040.92,"renda_mediana":1212.0,"infra":0.748,"pavimentacao":0.9918,"iluminacao":1.0,"calcada":1.0,"onibus":0.0,"local_id":"83-1473","regiao":"Zona Oeste (interna)"},"geometry":{"type":"Polygon","coordinates":[[[-40.52538,-9.38724],[-40.52402,-9.38902],[-40.5223,-9.3902],[-40.51329,-9.39326],[-40.51423,-9.3939],[-40.51462,-9.39499],[-40.51645,-9.3946],[-40.51628,-9.39405],[-40.51738,-9.39383],[-40.51721,-9.39319],[-40.51936,-9.39264],[-40.5192,-9.39212],[-40.52259,-9.39097],[-40.52428,-9.38992],[-40.52565,-9.38866],[-40.52598,-9.38748],[-40.52564,-9.38718],[-40.52538,-9.38724]]]}},{"type":"Feature","properties":{"CD_SETOR":"261110105070002","SITUACAO":"Urbana","NM_BAIRRO":"Distrito Industrial","NM_DIST":"Petrolina","v0001":1128,"v0007":367,"densidade":5400.1524,"taxa_alfab":0.9816,"pct_60m":0.0683,"pop_10_14":107.0,"pop_15_19":77.0,"renda_media":3232.21,"renda_mediana":2400.0,"infra":0.5341,"pavimentacao":0.1362,"iluminacao":1.0,"calcada":1.0,"onibus":0.0027,"local_id":"83-1589","regiao":"Zona Oeste (interna)"},"geometry":{"type":"Polygon","coordinates":[[[-40.54077,-9.39329],[-40.541,-9.38762],[-40.54153,-9.38766],[-40.54152,-9.38658],[-40.53855,-9.38643],[-40.53828,-9.39313],[-40.54077,-9.39329]]]}},{"type":"Feature","properties":{"CD_SETOR":"261110105070003","SITUACAO":"Urbana","NM_BAIRRO":"Cohab-São Francisco","NM_DIST":"Petrolina","v0001":950,"v0007":309,"densidade":11463.1406,"taxa_alfab":0.9678,"pct_60m":0.1063,"pop_10_14":67.0,"pop_15_19":67.0,"renda_media":2762.38,"renda_mediana":1800.0,"infra":0.75,"pavimentacao":1.0,"iluminacao":1.0,"calcada":1.0,"onibus":0.0291,"local_id":"83-1597","regiao":"Zona Oeste (externa)"},"geometry":{"type":"Polygon","coordinates":[[[-40.54495,-9.39811],[-40.54866,-9.39909],[-40.54889,-9.39819],[-40.54862,-9.39812],[-40.54874,-9.39769],[-40.54902,-9.39777],[-40.54913,-9.39732],[-40.54543,-9.39634],[-40.54495,-9.39811]]]}},{"type":"Feature","properties":{"CD_SETOR":"261110105070007","SITUACAO":"Urbana","NM_BAIRRO":"Cohab-São Francisco","NM_DIST":"Petrolina","v0001":373,"v0007":131,"densidade":7966.1809,"taxa_alfab":0.9548,"pct_60m":0.1072,"pop_10_14":25.0,"pop_15_19":32.0,"renda_media":2166.37,"renda_mediana":1200.0,"infra":0.7462,"pavimentacao":0.9846,"iluminacao":1.0,"calcada":1.0,"onibus":0.0,"local_id":"83-1783","regiao":"Zona Oeste (externa)"},"geometry":{"type":"Polygon","coordinates":[[[-40.54688,-9.3944],[-40.55004,-9.39524],[-40.55022,-9.39526],[-40.5501,-9.39485],[-40.54887,-9.39359],[-40.5488,-9.39298],[-40.54698,-9.39355],[-40.54688,-9.3944]]]}},{"type":"Feature","properties":{"CD_SETOR":"261110105070009","SITUACAO":"Urbana","NM_BAIRRO":"Cohab-São Francisco","NM_DIST":"Petrolina","v0001":576,"v0007":203,"densidade":7246.0987,"taxa_alfab":0.9803,"pct_60m":0.0903,"pop_10_14":42.0,"pop_15_19":38.0,"renda_media":2189.81,"renda_mediana":1500.0,"infra":0.7328,"pavimentacao":0.8424,"iluminacao":1.0,"calcada":1.0,"onibus":0.0788,"local_id":"83-1600","regiao":"Zona Oeste (externa)"},"geometry":{"type":"Polygon","coordinates":[[[-40.54345,-9.38998],[-40.54351,-9.39373],[-40.546,-9.39418],[-40.54615,-9.39234],[-40.54455,-9.3923],[-40.54463,-9.38957],[-40.54419,-9.38955],[-40.54426,-9.39019],[-40.54345,-9.38998]]]}},{"type":"Feature","properties":{"CD_SETOR":"261110105070010","SITUACAO":"Urbana","NM_BAIRRO":"Cohab-São Francisco","NM_DIST":"Petrolina","v0001":985,"v0007":336,"densidade":8229.4978,"taxa_alfab":0.9779,"pct_60m":0.1218,"pop_10_14":69.0,"pop_15_19":75.0,"renda_media":2255.92,"renda_mediana":1400.0,"infra":0.7455,"pavimentacao":0.9911,"iluminacao":1.0,"calcada":0.9911,"onibus":0.0,"local_id":"83-1597","regiao":"Zona Oeste (externa)"},"geometry":{"type":"Polygon","coordinates":[[[-40.54278,-9.39749],[-40.54495,-9.39811],[-40.54588,-9.3946],[-40.54677,-9.39484],[-40.54688,-9.3944],[-40.54429,-9.39374],[-40.54351,-9.39373],[-40.54278,-9.39749]]]}},{"type":"Feature","properties":{"CD_SETOR":"261110105070011","SITUACAO":"Urbana","NM_BAIRRO":"Cohab-São Francisco","NM_DIST":"Petrolina","v0001":922,"v0007":305,"densidade":4992.136,"taxa_alfab":0.9799,"pct_60m":0.0651,"pop_10_14":80.0,"pop_15_19":76.0,"renda_media":3297.77,"renda_mediana":2000.0,"infra":0.6623,"pavimentacao":0.6492,"iluminacao":1.0,"calcada":1.0,"onibus":0.0262,"local_id":"83-1597","regiao":"Zona Oeste (externa)"},"geometry":{"type":"Polygon","coordinates":[[[-40.54198,-9.4014],[-40.54286,-9.40214],[-40.54404,-9.40492],[-40.54462,-9.4047],[-40.54567,-9.40501],[-40.54665,-9.4013],[-40.5456,-9.40102],[-40.54572,-9.40059],[-40.54216,-9.39964],[-40.54178,-9.40088],[-40.54198,-9.4014]]]}},{"type":"Feature","properties":{"CD_SETOR":"261110105070013","SITUACAO":"Urbana","NM_BAIRRO":"Cohab-Massangano","NM_DIST":"Petrolina","v0001":917,"v0007":313,"densidade":8464.5794,"taxa_alfab":0.9773,"pct_60m":0.2497,"pop_10_14":49.0,"pop_15_19":56.0,"renda_media":2692.3,"renda_mediana":2000.0,"infra":0.9728,"pavimentacao":1.0,"iluminacao":1.0,"calcada":1.0,"onibus":0.0415,"local_id":"83-1589","regiao":"Zona Oeste (interna)"},"geometry":{"type":"Polygon","coordinates":[[[-40.53455,-9.38188],[-40.53542,-9.3839],[-40.53588,-9.38376],[-40.54071,-9.38396],[-40.54021,-9.38276],[-40.53822,-9.38356],[-40.53706,-9.38086],[-40.53455,-9.38188]]]}},{"type":"Feature","properties":{"CD_SETOR":"261110105070014","SITUACAO":"Urbana","NM_BAIRRO":"Cohab-Massangano","NM_DIST":"Petrolina","v0001":932,"v0007":307,"densidade":10590.6053,"taxa_alfab":0.9628,"pct_60m":0.2028,"pop_10_14":61.0,"pop_15_19":53.0,"renda_media":2589.78,"renda_mediana":1880.0,"infra":0.9438,"pavimentacao":1.0,"iluminacao":1.0,"calcada":1.0,"onibus":0.0,"local_id":"83-1856","regiao":"Zona Oeste (externa)"},"geometry":{"type":"Polygon","coordinates":[[[-40.53938,-9.38074],[-40.5397,-9.38153],[-40.53943,-9.38163],[-40.53958,-9.38205],[-40.53785,-9.38275],[-40.53822,-9.38356],[-40.54021,-9.38276],[-40.54071,-9.38396],[-40.54214,-9.38403],[-40.54064,-9.3802],[-40.53938,-9.38074]]]}},{"type":"Feature","properties":{"CD_SETOR":"261110105070015","SITUACAO":"Urbana","NM_BAIRRO":"Cohab-Massangano","NM_DIST":"Petrolina","v0001":962,"v0007":331,"densidade":12195.1574,"taxa_alfab":0.9463,"pct_60m":0.2318,"pop_10_14":58.0,"pop_15_19":60.0,"renda_media":2549.78,"renda_mediana":2000.0,"infra":0.9713,"pavimentacao":1.0,"iluminacao":1.0,"calcada":1.0,"onibus":0.0121,"local_id":"83-1708","regiao":"Zona Oeste (interna)"},"geometry":{"type":"Polygon","coordinates":[[[-40.53668,-9.37993],[-40.53785,-9.38275],[-40.53958,-9.38205],[-40.53943,-9.38163],[-40.5397,-9.38153],[-40.5387,-9.37911],[-40.53668,-9.37993]]]}},{"type":"Feature","properties":{"CD_SETOR":"261110105070016","SITUACAO":"Urbana","NM_BAIRRO":"Cohab-Massangano","NM_DIST":"Petrolina","v0001":931,"v0007":337,"densidade":6326.1853,"taxa_alfab":0.9668,"pct_60m":0.2234,"pop_10_14":58.0,"pop_15_19":61.0,"renda_media":2725.45,"renda_mediana":2000.0,"infra":0.9256,"pavimentacao":1.0,"iluminacao":1.0,"calcada":1.0,"onibus":0.1369,"local_id":"83-1708","regiao":"Zona Oeste (interna)"},"geometry":{"type":"Polygon","coordinates":[[[-40.53481,-9.37872],[-40.53549,-9.37941],[-40.53619,-9.37876],[-40.53668,-9.37993],[-40.5387,-9.37911],[-40.53938,-9.38074],[-40.54064,-9.3802],[-40.53884,-9.37741],[-40.53853,-9.37639],[-40.53796,-9.37585],[-40.53481,-9.37872]]]}},{"type":"Feature","properties":{"CD_SETOR":"261110105070018","SITUACAO":"Urbana","NM_BAIRRO":"Cohab-Massangano","NM_DIST":"Petrolina","v0001":1071,"v0007":365,"densidade":2041.5224,"taxa_alfab":0.9674,"pct_60m":0.183,"pop_10_14":58.0,"pop_15_19":54.0,"renda_media":2879.87,"renda_mediana":2000.0,"infra":0.9327,"pavimentacao":1.0,"iluminacao":1.0,"calcada":0.978,"onibus":0.0467,"local_id":"83-1490","regiao":"Zona Oeste (interna)"},"geometry":{"type":"Polygon","coordinates":[[[-40.52598,-9.38748],[-40.5253,-9.39013],[-40.52461,-9.39176],[-40.5267,-9.3927],[-40.52929,-9.39281],[-40.52951,-9.38816],[-40.53038,-9.38809],[-40.53209,-9.38756],[-40.53123,-9.38546],[-40.53492,-9.38394],[-40.53446,-9.3829],[-40.53266,-9.38364],[-40.53233,-9.38282],[-40.53185,-9.38296],[-40.53112,-9.38227],[-40.52919,-9.38439],[-40.52667,-9.38652],[-40.52598,-9.38748]]]}},{"type":"Feature","properties":{"CD_SETOR":"261110105070019","SITUACAO":"Urbana","NM_BAIRRO":"Cohab-Massangano","NM_DIST":"Petrolina","v0001":862,"v0007":297,"densidade":11492.1267,"taxa_alfab":0.9734,"pct_60m":0.1636,"pop_10_14":58.0,"pop_15_19":54.0,"renda_media":2552.84,"renda_mediana":1625.0,"infra":0.8998,"pavimentacao":1.0,"iluminacao":1.0,"calcada":0.9933,"onibus":0.0,"local_id":"83-1589","regiao":"Zona Oeste (interna)"},"geometry":{"type":"Polygon","coordinates":[[[-40.53209,-9.38756],[-40.5358,-9.38604],[-40.53547,-9.38519],[-40.53348,-9.38603],[-40.53296,-9.38474],[-40.53123,-9.38546],[-40.53209,-9.38756]]]}},{"type":"Feature","properties":{"CD_SETOR":"261110105070020","SITUACAO":"Urbana","NM_BAIRRO":"Cohab-Massangano","NM_DIST":"Petrolina","v0001":816,"v0007":278,"densidade":10831.2537,"taxa_alfab":0.9829,"pct_60m":0.1728,"pop_10_14":39.0,"pop_15_19":58.0,"renda_media":3053.92,"renda_mediana":2000.0,"infra":0.8948,"pavimentacao":1.0,"iluminacao":1.0,"calcada":1.0,"onibus":0.0,"local_id":"83-1589","regiao":"Zona Oeste (interna)"},"geometry":{"type":"Polygon","coordinates":[[[-40.53535,-9.38377],[-40.53296,-9.38474],[-40.53348,-9.38603],[-40.53547,-9.38519],[-40.5358,-9.38604],[-40.53629,-9.38583],[-40.53757,-9.38638],[-40.53821,-9.3864],[-40.53823,-9.3857],[-40.53566,-9.38451],[-40.53535,-9.38377]]]}},{"type":"Feature","properties":{"CD_SETOR":"261110105070021","SITUACAO":"Urbana","NM_BAIRRO":"Cohab-Massangano","NM_DIST":"Petrolina","v0001":848,"v0007":281,"densidade":9181.7785,"taxa_alfab":0.952,"pct_60m":0.2075,"pop_10_14":48.0,"pop_15_19":61.0,"renda_media":3164.13,"renda_mediana":2500.0,"infra":0.75,"pavimentacao":1.0,"iluminacao":1.0,"calcada":0.9964,"onibus":0.0,"local_id":"83-1589","regiao":"Zona Oeste (interna)"},"geometry":{"type":"Polygon","coordinates":[[[-40.53542,-9.3839],[-40.53566,-9.38451],[-40.53823,-9.3857],[-40.53821,-9.3864],[-40.54011,-9.3865],[-40.54015,-9.38558],[-40.53967,-9.38557],[-40.53977,-9.38389],[-40.53588,-9.38376],[-40.53542,-9.3839]]]}},{"type":"Feature","properties":{"CD_SETOR":"261110105070022","SITUACAO":"Urbana","NM_BAIRRO":"Cohab-Massangano","NM_DIST":"Petrolina","v0001":879,"v0007":313,"densidade":10231.8127,"taxa_alfab":0.9945,"pct_60m":0.2014,"pop_10_14":50.0,"pop_15_19":53.0,"renda_media":2478.55,"renda_mediana":2000.0,"infra":0.75,"pavimentacao":1.0,"iluminacao":1.0,"calcada":1.0,"onibus":0.0449,"local_id":"83-1589","regiao":"Zona Oeste (interna)"},"geometry":{"type":"Polygon","coordinates":[[[-40.54011,-9.3865],[-40.54295,-9.38663],[-40.54214,-9.38403],[-40.53977,-9.38389],[-40.53967,-9.38557],[-40.54015,-9.38558],[-40.54011,-9.3865]]]}},{"type":"Feature","properties":{"CD_SETOR":"261110105070023","SITUACAO":"Urbana","NM_BAIRRO":"São Gonçalo","NM_DIST":"Petrolina","v0001":805,"v0007":274,"densidade":11772.3374,"taxa_alfab":0.8989,"pct_60m":0.128,"pop_10_14":58.0,"pop_15_19":69.0,"renda_media":1633.89,"renda_mediana":1212.0,"infra":0.5766,"pavimentacao":0.2518,"iluminacao":1.0,"calcada":0.9964,"onibus":0.0,"local_id":"83-1775","regiao":"Zona Oeste (externa)"},"geometry":{"type":"Polygon","coordinates":[[[-40.54715,-9.38852],[-40.54892,-9.38794],[-40.54864,-9.38714],[-40.54903,-9.38699],[-40.54896,-9.38638],[-40.54859,-9.38533],[-40.54633,-9.38611],[-40.54715,-9.38852]]]}},{"type":"Feature","properties":{"CD_SETOR":"261110105070024","SITUACAO":"Urbana","NM_BAIRRO":"São Gonçalo","NM_DIST":"Petrolina","v0001":970,"v0007":332,"densidade":11627.6579,"taxa_alfab":0.9037,"pct_60m":0.132,"pop_10_14":68.0,"pop_15_19":69.0,"renda_media":1457.58,"renda_mediana":1212.0,"infra":0.75,"pavimentacao":1.0,"iluminacao":1.0,"calcada":1.0,"onibus":0.0813,"local_id":"83-1880","regiao":"Zona Oeste (externa)"},"geometry":{"type":"Polygon","coordinates":[[[-40.54783,-9.3832],[-40.54926,-9.38764],[-40.55122,-9.38697],[-40.5511,-9.38657],[-40.55188,-9.38631],[-40.55132,-9.3847],[-40.54908,-9.38545],[-40.54824,-9.38305],[-40.54783,-9.3832]]]}},{"type":"Feature","properties":{"CD_SETOR":"261110105070025","SITUACAO":"Urbana","NM_BAIRRO":"São Gonçalo","NM_DIST":"Petrolina","v0001":711,"v0007":242,"densidade":12923.9422,"taxa_alfab":0.8925,"pct_60m":0.1181,"pop_10_14":53.0,"pop_15_19":59.0,"renda_media":1473.49,"renda_mediana":1212.0,"infra":0.7717,"pavimentacao":0.9876,"iluminacao":1.0,"calcada":1.0,"onibus":0.0,"local_id":"83-1880","regiao":"Zona Oeste (externa)"},"geometry":{"type":"Polygon","coordinates":[[[-40.54867,-9.38424],[-40.54908,-9.38545],[-40.55132,-9.3847],[-40.55188,-9.38631],[-40.55228,-9.38618],[-40.55107,-9.38272],[-40.55067,-9.38284],[-40.55091,-9.38349],[-40.54867,-9.38424]]]}},{"type":"Feature","properties":{"CD_SETOR":"261110105070026","SITUACAO":"Urbana","NM_BAIRRO":"São Gonçalo","NM_DIST":"Petrolina","v0001":546,"v0007":175,"densidade":11350.4614,"taxa_alfab":0.9311,"pct_60m":0.0879,"pop_10_14":45.0,"pop_15_19":50.0,"renda_media":1600.68,"renda_mediana":1212.0,"infra":0.7443,"pavimentacao":0.6286,"iluminacao":0.8629,"calcada":0.8629,"onibus":0.0,"local_id":"83-1660","regiao":"Zona Oeste (externa)"},"geometry":{"type":"Polygon","coordinates":[[[-40.5499,-9.3806],[-40.5505,-9.3823],[-40.54824,-9.38305],[-40.54867,-9.38424],[-40.55091,-9.38349],[-40.55067,-9.38284],[-40.55107,-9.38272],[-40.55065,-9.3815],[-40.55029,-9.3805],[-40.5499,-9.3806]]]}},{"type":"Feature","properties":{"CD_SETOR":"261110105070028","SITUACAO":"Urbana","NM_BAIRRO":"São Gonçalo","NM_DIST":"Petrolina","v0001":704,"v0007":237,"densidade":3733.4028,"taxa_alfab":0.9695,"pct_60m":0.1151,"pop_10_14":57.0,"pop_15_19":50.0,"renda_media":2100.05,"renda_mediana":1500.0,"infra":0.538,"pavimentacao":0.1013,"iluminacao":1.0,"calcada":0.9747,"onibus":0.0127,"local_id":"83-1775","regiao":"Zona Oeste (externa)"},"geometry":{"type":"Polygon","coordinates":[[[-40.54291,-9.38297],[-40.54178,-9.38303],[-40.54295,-9.38663],[-40.5484,-9.38481],[-40.54799,-9.38366],[-40.54707,-9.38397],[-40.54652,-9.38238],[-40.54325,-9.38348],[-40.54291,-9.38297]]]}},{"type":"Feature","properties":{"CD_SETOR":"261110105070030","SITUACAO":"Urbana","NM_BAIRRO":"São Gonçalo","NM_DIST":"Petrolina","v0001":948,"v0007":308,"densidade":12884.1157,"taxa_alfab":0.9247,"pct_60m":0.0854,"pop_10_14":81.0,"pop_15_19":65.0,"renda_media":1734.09,"renda_mediana":1212.0,"infra":0.7597,"pavimentacao":0.6688,"iluminacao":1.0,"calcada":1.0,"onibus":0.0747,"local_id":"83-1783","regiao":"Zona Oeste (externa)"},"geometry":{"type":"Polygon","coordinates":[[[-40.54788,-9.3906],[-40.54868,-9.39297],[-40.55047,-9.3924],[-40.5506,-9.39279],[-40.55102,-9.39266],[-40.55001,-9.38985],[-40.54788,-9.3906]]]}},{"type":"Feature","properties":{"CD_SETOR":"261110105070031","SITUACAO":"Urbana","NM_BAIRRO":"São Gonçalo","NM_DIST":"Petrolina","v0001":697,"v0007":231,"densidade":12344.8171,"taxa_alfab":0.9231,"pct_60m":0.1263,"pop_10_14":55.0,"pop_15_19":44.0,"renda_media":1485.75,"renda_mediana":1212.0,"infra":0.5649,"pavimentacao":0.1385,"iluminacao":1.0,"calcada":1.0,"onibus":0.1342,"local_id":"83-1880","regiao":"Zona Oeste (externa)"},"geometry":{"type":"Polygon","coordinates":[[[-40.55038,-9.39087],[-40.55102,-9.39266],[-40.5515,-9.39247],[-40.55148,-9.39229],[-40.55327,-9.39162],[-40.55316,-9.3899],[-40.55038,-9.39087]]]}},{"type":"Feature","properties":{"CD_SETOR":"261110105070032","SITUACAO":"Urbana","NM_BAIRRO":"São Gonçalo","NM_DIST":"Petrolina","v0001":685,"v0007":227,"densidade":12378.646,"taxa_alfab":0.8755,"pct_60m":0.1007,"pop_10_14":51.0,"pop_15_19":66.0,"renda_media":1300.0,"renda_mediana":1212.0,"infra":0.75,"pavimentacao":1.0,"iluminacao":1.0,"calcada":1.0,"onibus":0.0396,"local_id":"83-1880","regiao":"Zona Oeste (externa)"},"geometry":{"type":"Polygon","coordinates":[[[-40.54956,-9.38846],[-40.55025,-9.39048],[-40.5531,-9.38947],[-40.55301,-9.38817],[-40.55037,-9.38906],[-40.55007,-9.38828],[-40.54956,-9.38846]]]}},{"type":"Feature","properties":{"CD_SETOR":"261110105070033","SITUACAO":"Urbana","NM_BAIRRO":"São Gonçalo","NM_DIST":"Petrolina","v0001":678,"v0007":224,"densidade":10394.6769,"taxa_alfab":0.9156,"pct_60m":0.1121,"pop_10_14":36.0,"pop_15_19":54.0,"renda_media":1589.92,"renda_mediana":1224.0,"infra":0.731,"pavimentacao":0.933,"iluminacao":1.0,"calcada":0.9911,"onibus":0.0,"local_id":"83-1880","regiao":"Zona Oeste (externa)"},"geometry":{"type":"Polygon","coordinates":[[[-40.54926,-9.38764],[-40.54956,-9.38846],[-40.55007,-9.38828],[-40.55037,-9.38906],[-40.55301,-9.38817],[-40.55298,-9.38728],[-40.55232,-9.3875],[-40.55188,-9.38631],[-40.5511,-9.38657],[-40.55122,-9.38697],[-40.54926,-9.38764]]]}},{"type":"Feature","properties":{"CD_SETOR":"261110105070035","SITUACAO":"Urbana","NM_BAIRRO":"São Gonçalo","NM_DIST":"Petrolina","v0001":922,"v0007":297,"densidade":12288.4581,"taxa_alfab":0.932,"pct_60m":0.0803,"pop_10_14":76.0,"pop_15_19":82.0,"renda_media":1616.18,"renda_mediana":1212.0,"infra":0.6591,"pavimentacao":0.4579,"iluminacao":1.0,"calcada":1.0,"onibus":0.1785,"local_id":"83-1660","regiao":"Zona Oeste (externa)"},"geometry":{"type":"Polygon","coordinates":[[[-40.54652,-9.38238],[-40.54707,-9.38397],[-40.54799,-9.38366],[-40.54783,-9.3832],[-40.5505,-9.3823],[-40.54993,-9.38069],[-40.5477,-9.38145],[-40.54784,-9.38184],[-40.54652,-9.38238]]]}},{"type":"Feature","properties":{"CD_SETOR":"261110105070040","SITUACAO":"Urbana","NM_BAIRRO":"São Gonçalo","NM_DIST":"Petrolina","v0001":892,"v0007":297,"densidade":6479.0895,"taxa_alfab":0.9461,"pct_60m":0.0886,"pop_10_14":80.0,"pop_15_19":65.0,"renda_media":2501.13,"renda_mediana":1500.0,"infra":0.6204,"pavimentacao":0.5051,"iluminacao":0.9933,"calcada":0.9596,"onibus":0.0,"local_id":"83-1775","regiao":"Zona Oeste (externa)"},"geometry":{"type":"Polygon","coordinates":[[[-40.54295,-9.38663],[-40.54334,-9.38921],[-40.5441,-9.38912],[-40.54404,-9.38864],[-40.5467,-9.38868],[-40.54715,-9.38852],[-40.54633,-9.38611],[-40.54859,-9.38533],[-40.5484,-9.38481],[-40.54295,-9.38663]]]}},{"type":"Feature","properties":{"CD_SETOR":"261110105070041","SITUACAO":"Urbana","NM_BAIRRO":"Distrito Industrial","NM_DIST":"Petrolina","v0001":753,"v0007":237,"densidade":3863.7622,"taxa_alfab":0.9877,"pct_60m":0.0412,"pop_10_14":68.0,"pop_15_19":74.0,"renda_media":3332.16,"renda_mediana":2500.0,"infra":0.5675,"pavimentacao":0.2236,"iluminacao":1.0,"calcada":1.0,"onibus":0.0211,"local_id":"83-1775","regiao":"Zona Oeste (externa)"},"geometry":{"type":"Polygon","coordinates":[[[-40.54077,-9.39329],[-40.54353,-9.3934],[-40.54352,-9.39071],[-40.54295,-9.38663],[-40.54152,-9.38658],[-40.54153,-9.38766],[-40.541,-9.38762],[-40.54077,-9.39329]]]}},{"type":"Feature","properties":{"CD_SETOR":"261110105070042","SITUACAO":"Urbana","NM_BAIRRO":"São Gonçalo","NM_DIST":"Petrolina","v0001":790,"v0007":267,"densidade":12533.3352,"taxa_alfab":0.9016,"pct_60m":0.0785,"pop_10_14":72.0,"pop_15_19":67.0,"renda_media":1222.55,"renda_mediana":1300.0,"infra":0.6058,"pavimentacao":0.4307,"iluminacao":0.9963,"calcada":0.9963,"onibus":0.0,"local_id":"83-1880","regiao":"Zona Oeste (externa)"},"geometry":{"type":"Polygon","coordinates":[[[-40.55301,-9.38817],[-40.5531,-9.38947],[-40.55025,-9.39048],[-40.55038,-9.39087],[-40.55493,-9.38936],[-40.55557,-9.38731],[-40.55301,-9.38817]]]}},{"type":"Feature","properties":{"CD_SETOR":"261110105070043","SITUACAO":"Urbana","NM_BAIRRO":"Cohab-São Francisco","NM_DIST":"Petrolina","v0001":1087,"v0007":362,"densidade":3408.6511,"taxa_alfab":0.9853,"pct_60m":0.1058,"pop_10_14":60.0,"pop_15_19":86.0,"renda_media":2593.26,"renda_mediana":1750.0,"infra":0.7376,"pavimentacao":0.9392,"iluminacao":1.0,"calcada":0.9972,"onibus":0.0,"local_id":"83-1791","regiao":"Zona Oeste (externa)"},"geometry":{"type":"Polygon","coordinates":[[[-40.54645,-9.39853],[-40.54624,-9.39931],[-40.54711,-9.39956],[-40.54654,-9.40176],[-40.54998,-9.40265],[-40.54974,-9.40355],[-40.55318,-9.40441],[-40.55425,-9.40088],[-40.55303,-9.40047],[-40.55311,-9.40021],[-40.55162,-9.39976],[-40.54645,-9.39853]]]}},{"type":"Feature","properties":{"CD_SETOR":"261110105070044","SITUACAO":"Urbana","NM_BAIRRO":"Cohab-São Francisco","NM_DIST":"Petrolina","v0001":706,"v0007":233,"densidade":20269.3342,"taxa_alfab":0.9122,"pct_60m":0.0368,"pop_10_14":89.0,"pop_15_19":79.0,"renda_media":1081.57,"renda_mediana":1212.0,"infra":0.9303,"pavimentacao":1.0,"iluminacao":1.0,"calcada":1.0,"onibus":0.0,"local_id":"83-1791","regiao":"Zona Oeste (externa)"},"geometry":{"type":"Polygon","coordinates":[[[-40.55352,-9.40337],[-40.55318,-9.40441],[-40.55495,-9.40491],[-40.55599,-9.40177],[-40.55562,-9.40165],[-40.55492,-9.40383],[-40.55352,-9.40337]]]}},{"type":"Feature","properties":{"CD_SETOR":"261110105070045","SITUACAO":"Urbana","NM_BAIRRO":"Cohab-São Francisco","NM_DIST":"Petrolina","v0001":749,"v0007":247,"densidade":18146.8975,"taxa_alfab":0.9362,"pct_60m":0.0334,"pop_10_14":87.0,"pop_15_19":79.0,"renda_media":1270.32,"renda_mediana":1250.0,"infra":0.75,"pavimentacao":1.0,"iluminacao":1.0,"calcada":1.0,"onibus":0.0,"local_id":"83-1791","regiao":"Zona Oeste (externa)"},"geometry":{"type":"Polygon","coordinates":[[[-40.55352,-9.40337],[-40.55492,-9.40383],[-40.55562,-9.40165],[-40.55417,-9.40121],[-40.55352,-9.40337]]]}},{"type":"Feature","properties":{"CD_SETOR":"261110105070046","SITUACAO":"Urbana","NM_BAIRRO":"Cohab-São Francisco","NM_DIST":"Petrolina","v0001":786,"v0007":256,"densidade":23413.0723,"taxa_alfab":0.9504,"pct_60m":0.0318,"pop_10_14":86.0,"pop_15_19":75.0,"renda_media":1541.62,"renda_mediana":1250.0,"infra":0.8213,"pavimentacao":1.0,"iluminacao":1.0,"calcada":1.0,"onibus":0.0,"local_id":"83-1791","regiao":"Zona Oeste (externa)"},"geometry":{"type":"Polygon","coordinates":[[[-40.55437,-9.40044],[-40.55417,-9.40121],[-40.55599,-9.40177],[-40.55495,-9.40491],[-40.55546,-9.40504],[-40.5556,-9.40467],[-40.55529,-9.4046],[-40.55645,-9.40095],[-40.55467,-9.40034],[-40.55437,-9.40044]]]}},{"type":"Feature","properties":{"CD_SETOR":"261110105070047","SITUACAO":"Urbana","NM_BAIRRO":"Cohab-São Francisco","NM_DIST":"Petrolina","v0001":866,"v0007":271,"densidade":17544.885,"taxa_alfab":0.9185,"pct_60m":0.0323,"pop_10_14":116.0,"pop_15_19":90.0,"renda_media":1235.92,"renda_mediana":1200.0,"infra":0.8026,"pavimentacao":1.0,"iluminacao":1.0,"calcada":1.0,"onibus":0.1144,"local_id":"83-1864","regiao":"Zona Oeste (externa)"},"geometry":{"type":"Polygon","coordinates":[[[-40.55785,-9.40567],[-40.55971,-9.40617],[-40.55988,-9.4055],[-40.55963,-9.40543],[-40.56013,-9.40387],[-40.55857,-9.40336],[-40.55785,-9.40567]]]}},{"type":"Feature","properties":{"CD_SETOR":"261110105070048","SITUACAO":"Urbana","NM_BAIRRO":"Cohab-São Francisco","NM_DIST":"Petrolina","v0001":818,"v0007":258,"densidade":25020.4172,"taxa_alfab":0.94,"pct_60m":0.0342,"pop_10_14":103.0,"pop_15_19":111.0,"renda_media":1345.56,"renda_mediana":1212.0,"infra":0.75,"pavimentacao":1.0,"iluminacao":1.0,"calcada":1.0,"onibus":0.0,"local_id":"83-1864","regiao":"Zona Oeste (externa)"},"geometry":{"type":"Polygon","coordinates":[[[-40.55901,-9.40349],[-40.56013,-9.40387],[-40.55963,-9.40543],[-40.55988,-9.4055],[-40.56096,-9.40213],[-40.55996,-9.40179],[-40.55958,-9.40299],[-40.55919,-9.4029],[-40.55901,-9.40349]]]}},{"type":"Feature","properties":{"CD_SETOR":"261110105070049","SITUACAO":"Urbana","NM_BAIRRO":"Cohab-São Francisco","NM_DIST":"Petrolina","v0001":844,"v0007":264,"densidade":26155.1852,"taxa_alfab":0.8989,"pct_60m":0.0201,"pop_10_14":122.0,"pop_15_19":102.0,"renda_media":1133.85,"renda_mediana":1212.0,"infra":0.7917,"pavimentacao":1.0,"iluminacao":1.0,"calcada":1.0,"onibus":0.2576,"local_id":"83-1864","regiao":"Zona Oeste (externa)"},"geometry":{"type":"Polygon","coordinates":[[[-40.55857,-9.40336],[-40.55901,-9.40349],[-40.55919,-9.4029],[-40.55958,-9.40299],[-40.55996,-9.40179],[-40.56073,-9.40204],[-40.56098,-9.40128],[-40.55942,-9.40078],[-40.55857,-9.40336]]]}},{"type":"Feature","properties":{"CD_SETOR":"261110105070050","SITUACAO":"Urbana","NM_BAIRRO":"Cohab-São Francisco","NM_DIST":"Petrolina","v0001":856,"v0007":247,"densidade":26156.0402,"taxa_alfab":0.9193,"pct_60m":0.0245,"pop_10_14":122.0,"pop_15_19":111.0,"renda_media":1009.07,"renda_mediana":1212.0,"infra":0.75,"pavimentacao":1.0,"iluminacao":1.0,"calcada":1.0,"onibus":0.0,"local_id":"83-1864","regiao":"Zona Oeste (externa)"},"geometry":{"type":"Polygon","coordinates":[[[-40.55942,-9.40078],[-40.56098,-9.40128],[-40.56073,-9.40204],[-40.56096,-9.40213],[-40.56161,-9.40005],[-40.55984,-9.3995],[-40.55942,-9.40078]]]}},{"type":"Feature","properties":{"CD_SETOR":"261110105070052","SITUACAO":"Urbana","NM_BAIRRO":"Cohab-São Francisco","NM_DIST":"Petrolina","v0001":704,"v0007":235,"densidade":16042.2539,"taxa_alfab":0.955,"pct_60m":0.0866,"pop_10_14":50.0,"pop_15_19":58.0,"renda_media":1960.29,"renda_mediana":1300.0,"infra":0.75,"pavimentacao":1.0,"iluminacao":1.0,"calcada":1.0,"onibus":0.0,"local_id":"83-1600","regiao":"Zona Oeste (externa)"},"geometry":{"type":"Polygon","coordinates":[[[-40.54615,-9.39234],[-40.54621,-9.39009],[-40.54461,-9.39004],[-40.54455,-9.3923],[-40.54615,-9.39234]]]}},{"type":"Feature","properties":{"CD_SETOR":"261110105070053","SITUACAO":"Urbana","NM_BAIRRO":"Palhinhas","NM_DIST":"Petrolina","v0001":643,"v0007":196,"densidade":1941.3274,"taxa_alfab":0.945,"pct_60m":0.1384,"pop_10_14":41.0,"pop_15_19":41.0,"renda_media":2543.96,"renda_mediana":1212.0,"infra":0.6718,"pavimentacao":0.8205,"iluminacao":1.0,"calcada":0.8667,"onibus":0.0,"local_id":"83-1473","regiao":"Zona Oeste (interna)"},"geometry":{"type":"Polygon","coordinates":[[[-40.51462,-9.39499],[-40.51521,-9.3967],[-40.51851,-9.39588],[-40.52093,-9.39467],[-40.52333,-9.39302],[-40.52461,-9.39176],[-40.52522,-9.39038],[-40.52565,-9.38866],[-40.52428,-9.38992],[-40.52291,-9.39082],[-40.5192,-9.39212],[-40.51936,-9.39264],[-40.51721,-9.39319],[-40.51738,-9.39383],[-40.51628,-9.39405],[-40.51645,-9.3946],[-40.51462,-9.39499]]]}},{"type":"Feature","properties":{"CD_SETOR":"261110105070054","SITUACAO":"Urbana","NM_BAIRRO":"Distrito Industrial","NM_DIST":"Petrolina","v0001":375,"v0007":185,"densidade":29163.4083,"taxa_alfab":0.9907,"pct_60m":0.0453,"pop_10_14":14.0,"pop_15_19":21.0,"renda_media":4443.64,"renda_mediana":3500.0,"infra":1.0,"pavimentacao":1.0,"iluminacao":1.0,"calcada":1.0,"onibus":1.0,"local_id":"83-1473","regiao":"Zona Oeste (interna)"},"geometry":{"type":"Polygon","coordinates":[[[-40.51802,-9.39604],[-40.51798,-9.39739],[-40.51851,-9.39736],[-40.51896,-9.39571],[-40.51802,-9.39604]]]}},{"type":"Feature","properties":{"CD_SETOR":"261110105070055","SITUACAO":"Urbana","NM_BAIRRO":"Distrito Industrial","NM_DIST":"Petrolina","v0001":407,"v0007":204,"densidade":31754.0574,"taxa_alfab":0.9943,"pct_60m":0.0541,"pop_10_14":11.0,"pop_15_19":25.0,"renda_media":5559.65,"renda_mediana":4000.0,"infra":0.6238,"pavimentacao":1.0,"iluminacao":1.0,"calcada":0.0,"onibus":0.0,"local_id":"83-1740","regiao":"Centro"},"geometry":{"type":"Polygon","coordinates":[[[-40.51704,-9.39634],[-40.51721,-9.3974],[-40.51798,-9.39739],[-40.51802,-9.39604],[-40.51704,-9.39634]]]}},{"type":"Feature","properties":{"CD_SETOR":"261110105070056","SITUACAO":"Urbana","NM_BAIRRO":"Cohab-São Francisco","NM_DIST":"Petrolina","v0001":735,"v0007":258,"densidade":5937.4669,"taxa_alfab":0.9739,"pct_60m":0.1102,"pop_10_14":39.0,"pop_15_19":58.0,"renda_media":2615.61,"renda_mediana":1500.0,"infra":0.749,"pavimentacao":1.0,"iluminacao":1.0,"calcada":0.9961,"onibus":0.031,"local_id":"83-1597","regiao":"Zona Oeste (externa)"},"geometry":{"type":"Polygon","coordinates":[[[-40.54216,-9.39964],[-40.54572,-9.40059],[-40.5456,-9.40102],[-40.54665,-9.4013],[-40.54711,-9.39956],[-40.54624,-9.39931],[-40.54645,-9.39853],[-40.54278,-9.39749],[-40.54216,-9.39964]]]}},{"type":"Feature","properties":{"CD_SETOR":"261110105070059","SITUACAO":"Urbana","NM_BAIRRO":"Cohab-São Francisco","NM_DIST":"Petrolina","v0001":422,"v0007":141,"densidade":303.4649,"taxa_alfab":0.9645,"pct_60m":0.0592,"pop_10_14":19.0,"pop_15_19":28.0,"renda_media":4186.06,"renda_mediana":2000.0,"infra":0.3475,"pavimentacao":0.078,"iluminacao":0.8794,"calcada":0.4326,"onibus":0.0,"local_id":"83-1597","regiao":"Zona Oeste (externa)"},"geometry":{"type":"Polygon","coordinates":[[[-40.5384,-9.41447],[-40.53847,-9.41475],[-40.5395,-9.41545],[-40.5413,-9.41777],[-40.54342,-9.42131],[-40.54343,-9.42174],[-40.5438,-9.4223],[-40.54601,-9.41995],[-40.54676,-9.41966],[-40.5469,-9.41784],[-40.54847,-9.4151],[-40.54837,-9.41422],[-40.545,-9.40727],[-40.54286,-9.40214],[-40.54198,-9.4014],[-40.53799,-9.41121],[-40.53966,-9.41235],[-40.5384,-9.41447]]]}},{"type":"Feature","properties":{"CD_SETOR":"261110105070061","SITUACAO":"Urbana","NM_BAIRRO":"São Gonçalo","NM_DIST":"Petrolina","v0001":648,"v0007":226,"densidade":3230.4187,"taxa_alfab":0.9511,"pct_60m":0.0648,"pop_10_14":44.0,"pop_15_19":47.0,"renda_media":2644.43,"renda_mediana":2000.0,"infra":0.625,"pavimentacao":0.5619,"iluminacao":1.0,"calcada":0.7389,"onibus":0.0,"local_id":"83-1856","regiao":"Zona Oeste (externa)"},"geometry":{"type":"Polygon","coordinates":[[[-40.53796,-9.37585],[-40.53853,-9.37639],[-40.53884,-9.37741],[-40.54064,-9.3802],[-40.54178,-9.38303],[-40.54291,-9.38297],[-40.54178,-9.3801],[-40.54402,-9.38097],[-40.54482,-9.37886],[-40.53991,-9.37693],[-40.53975,-9.3766],[-40.539,-9.37684],[-40.53833,-9.37558],[-40.53796,-9.37585]]]}},{"type":"Feature","properties":{"CD_SETOR":"261110105070062","SITUACAO":"Urbana","NM_BAIRRO":"São Gonçalo","NM_DIST":"Petrolina","v0001":877,"v0007":290,"densidade":2466.1863,"taxa_alfab":0.994,"pct_60m":0.0582,"pop_10_14":72.0,"pop_15_19":56.0,"renda_media":4048.47,"renda_mediana":3000.0,"infra":0.569,"pavimentacao":0.2793,"iluminacao":1.0,"calcada":0.8517,"onibus":0.0,"local_id":"83-1856","regiao":"Zona Oeste (externa)"},"geometry":{"type":"Polygon","coordinates":[[[-40.53833,-9.37558],[-40.539,-9.37684],[-40.53975,-9.3766],[-40.53991,-9.37693],[-40.54575,-9.37923],[-40.54437,-9.37647],[-40.5452,-9.3746],[-40.5443,-9.37352],[-40.54342,-9.37126],[-40.54163,-9.37231],[-40.53833,-9.37558]]]}},{"type":"Feature","properties":{"CD_SETOR":"261110105070063","SITUACAO":"Urbana","NM_BAIRRO":"Cohab-São Francisco","NM_DIST":"Petrolina","v0001":886,"v0007":310,"densidade":8915.5903,"taxa_alfab":0.994,"pct_60m":0.0485,"pop_10_14":67.0,"pop_15_19":59.0,"renda_media":6000.65,"renda_mediana":5000.0,"infra":0.0903,"pavimentacao":0.0903,"iluminacao":0.0903,"calcada":0.0903,"onibus":0.0,"local_id":"83-1864","regiao":"Zona Oeste (externa)"},"geometry":{"type":"Polygon","coordinates":[[[-40.55289,-9.40603],[-40.55318,-9.40648],[-40.55783,-9.40773],[-40.55804,-9.407],[-40.55697,-9.40672],[-40.55727,-9.40552],[-40.55558,-9.40507],[-40.55552,-9.40537],[-40.55331,-9.40477],[-40.55289,-9.40603]]]}},{"type":"Feature","properties":{"CD_SETOR":"261110105070064","SITUACAO":"Urbana","NM_BAIRRO":"Cohab-São Francisco","NM_DIST":"Petrolina","v0001":683,"v0007":277,"densidade":18696.853,"taxa_alfab":0.9981,"pct_60m":0.0351,"pop_10_14":54.0,"pop_15_19":35.0,"renda_media":4421.96,"renda_mediana":3000.0,"infra":0.0866,"pavimentacao":0.0866,"iluminacao":0.0866,"calcada":0.0866,"onibus":0.0,"local_id":"83-1791","regiao":"Zona Oeste (externa)"},"geometry":{"type":"Polygon","coordinates":[[[-40.55289,-9.40603],[-40.55331,-9.40477],[-40.55149,-9.40432],[-40.55105,-9.40594],[-40.5524,-9.40628],[-40.55289,-9.40603]]]}},{"type":"Feature","properties":{"CD_SETOR":"261110105070066","SITUACAO":"Urbana","NM_BAIRRO":"Cohab-São Francisco","NM_DIST":"Petrolina","v0001":1049,"v0007":367,"densidade":6915.1892,"taxa_alfab":0.97,"pct_60m":0.0553,"pop_10_14":81.0,"pop_15_19":85.0,"renda_media":2043.99,"renda_mediana":1500.0,"infra":0.6049,"pavimentacao":0.5014,"iluminacao":1.0,"calcada":0.9074,"onibus":0.0,"local_id":"83-1597","regiao":"Zona Oeste (externa)"},"geometry":{"type":"Polygon","coordinates":[[[-40.54404,-9.40492],[-40.54553,-9.40838],[-40.54666,-9.40673],[-40.54767,-9.40295],[-40.54974,-9.40355],[-40.54998,-9.40265],[-40.54654,-9.40176],[-40.54567,-9.40501],[-40.54462,-9.4047],[-40.54404,-9.40492]]]}},{"type":"Feature","properties":{"CD_SETOR":"261110105070067","SITUACAO":"Urbana","NM_BAIRRO":"Cohab-São Francisco","NM_DIST":"Petrolina","v0001":772,"v0007":263,"densidade":15087.7742,"taxa_alfab":0.9545,"pct_60m":0.0285,"pop_10_14":79.0,"pop_15_19":66.0,"renda_media":1087.28,"renda_mediana":1212.0,"infra":0.75,"pavimentacao":1.0,"iluminacao":1.0,"calcada":1.0,"onibus":0.0,"local_id":"83-1880","regiao":"Zona Oeste (externa)"},"geometry":{"type":"Polygon","coordinates":[[[-40.56026,-9.39149],[-40.56066,-9.3923],[-40.56184,-9.39176],[-40.56203,-9.39217],[-40.56267,-9.39186],[-40.56284,-9.3923],[-40.56373,-9.39194],[-40.56393,-9.3923],[-40.56454,-9.39198],[-40.56344,-9.39047],[-40.56165,-9.39133],[-40.56144,-9.39089],[-40.56026,-9.39149]]]}},{"type":"Feature","properties":{"CD_SETOR":"261110105070068","SITUACAO":"Urbana","NM_BAIRRO":"Cohab-São Francisco","NM_DIST":"Petrolina","v0001":913,"v0007":321,"densidade":14175.7153,"taxa_alfab":0.9104,"pct_60m":0.0427,"pop_10_14":102.0,"pop_15_19":83.0,"renda_media":1012.02,"renda_mediana":1212.0,"infra":0.7664,"pavimentacao":1.0,"iluminacao":0.9782,"calcada":1.0,"onibus":0.0,"local_id":"83-1880","regiao":"Zona Oeste (externa)"},"geometry":{"type":"Polygon","coordinates":[[[-40.55958,-9.39019],[-40.56026,-9.39149],[-40.56144,-9.39089],[-40.56165,-9.39133],[-40.56344,-9.39047],[-40.56234,-9.38895],[-40.55958,-9.39019]]]}},{"type":"Feature","properties":{"CD_SETOR":"261110105070069","SITUACAO":"Urbana","NM_BAIRRO":"Cohab-São Francisco","NM_DIST":"Petrolina","v0001":605,"v0007":204,"densidade":2787.9787,"taxa_alfab":0.9218,"pct_60m":0.0347,"pop_10_14":69.0,"pop_15_19":49.0,"renda_media":1126.23,"renda_mediana":1212.0,"infra":0.7733,"pavimentacao":1.0,"iluminacao":1.0,"calcada":1.0,"onibus":0.0,"local_id":"83-1880","regiao":"Zona Oeste (externa)"},"geometry":{"type":"Polygon","coordinates":[[[-40.55631,-9.38234],[-40.55687,-9.38352],[-40.55695,-9.38451],[-40.55958,-9.39019],[-40.56234,-9.38895],[-40.55728,-9.38204],[-40.55631,-9.38234]]]}},{"type":"Feature","properties":{"CD_SETOR":"261110105070070","SITUACAO":"Urbana","NM_BAIRRO":"Cohab-São Francisco","NM_DIST":"Petrolina","v0001":662,"v0007":186,"densidade":17130.5672,"taxa_alfab":0.9342,"pct_60m":0.0544,"pop_10_14":77.0,"pop_15_19":76.0,"renda_media":1006.73,"renda_mediana":1000.0,"infra":0.75,"pavimentacao":1.0,"iluminacao":1.0,"calcada":1.0,"onibus":0.0,"local_id":"83-1880","regiao":"Zona Oeste (externa)"},"geometry":{"type":"Polygon","coordinates":[[[-40.55832,-9.39098],[-40.55817,-9.3925],[-40.5602,-9.39253],[-40.56066,-9.3923],[-40.55999,-9.39096],[-40.55832,-9.39098]]]}},{"type":"Feature","properties":{"CD_SETOR":"261110105070071","SITUACAO":"Urbana","NM_BAIRRO":"Cohab-São Francisco","NM_DIST":"Petrolina","v0001":152,"v0007":51,"densidade":5982.5464,"taxa_alfab":0.84,"pct_60m":0.0395,"pop_10_14":14.0,"pop_15_19":14.0,"renda_media":1139.59,"renda_mediana":1212.0,"infra":0.4216,"pavimentacao":0.0,"iluminacao":1.0,"calcada":0.6863,"onibus":0.0,"local_id":"83-1880","regiao":"Zona Oeste (externa)"},"geometry":{"type":"Polygon","coordinates":[[[-40.55452,-9.39119],[-40.55456,-9.39146],[-40.55827,-9.39139],[-40.55832,-9.39098],[-40.55617,-9.39066],[-40.55452,-9.39119]]]}},{"type":"Feature","properties":{"CD_SETOR":"261110105070072","SITUACAO":"Urbana","NM_BAIRRO":"Cohab-São Francisco","NM_DIST":"Petrolina","v0001":893,"v0007":296,"densidade":11033.33,"taxa_alfab":0.971,"pct_60m":0.0795,"pop_10_14":62.0,"pop_15_19":68.0,"renda_media":1944.75,"renda_mediana":1400.0,"infra":0.6841,"pavimentacao":0.7128,"iluminacao":1.0,"calcada":0.9662,"onibus":0.0405,"local_id":"83-1600","regiao":"Zona Oeste (externa)"},"geometry":{"type":"Polygon","coordinates":[[[-40.54619,-9.39101],[-40.546,-9.39418],[-40.54688,-9.3944],[-40.54698,-9.39355],[-40.54868,-9.39297],[-40.54771,-9.39012],[-40.5471,-9.3901],[-40.54708,-9.391],[-40.54619,-9.39101]]]}},{"type":"Feature","properties":{"CD_SETOR":"261110105070073","SITUACAO":"Urbana","NM_BAIRRO":"Cohab-São Francisco","NM_DIST":"Petrolina","v0001":128,"v0007":35,"densidade":13154.1326,"taxa_alfab":0.9103,"pct_60m":0.0234,"pop_10_14":17.0,"pop_15_19":19.0,"renda_media":1724.67,"renda_mediana":1220.0,"infra":0.5643,"pavimentacao":0.5143,"iluminacao":1.0,"calcada":0.7429,"onibus":0.0,"local_id":"83-1600","regiao":"Zona Oeste (externa)"},"geometry":{"type":"Polygon","coordinates":[[[-40.54619,-9.39101],[-40.54708,-9.391],[-40.5471,-9.3901],[-40.54621,-9.39009],[-40.54619,-9.39101]]]}},{"type":"Feature","properties":{"CD_SETOR":"261110105070074","SITUACAO":"Urbana","NM_BAIRRO":"Cohab-São Francisco","NM_DIST":"Petrolina","v0001":867,"v0007":306,"densidade":6712.915,"taxa_alfab":0.9831,"pct_60m":0.1176,"pop_10_14":55.0,"pop_15_19":47.0,"renda_media":2136.07,"renda_mediana":1500.0,"infra":0.7484,"pavimentacao":0.9967,"iluminacao":1.0,"calcada":0.9967,"onibus":0.0525,"local_id":"83-1783","regiao":"Zona Oeste (externa)"},"geometry":{"type":"Polygon","coordinates":[[[-40.54543,-9.39634],[-40.54948,-9.39743],[-40.54958,-9.39698],[-40.55509,-9.39831],[-40.55559,-9.39703],[-40.5526,-9.39605],[-40.55223,-9.39707],[-40.55088,-9.39684],[-40.54784,-9.39604],[-40.54796,-9.39562],[-40.54577,-9.39506],[-40.54543,-9.39634]]]}},{"type":"Feature","properties":{"CD_SETOR":"261110105070075","SITUACAO":"Urbana","NM_BAIRRO":"Cohab-São Francisco","NM_DIST":"Petrolina","v0001":16,"v0007":6,"densidade":50.1372,"taxa_alfab":1.0,"pct_60m":0.0,"pop_10_14":0.0,"pop_15_19":0.0,"renda_media":2370.67,"renda_mediana":1606.0,"infra":null,"pavimentacao":null,"iluminacao":null,"calcada":null,"onibus":null,"local_id":"83-1864","regiao":"Zona Oeste (externa)"},"geometry":{"type":"Polygon","coordinates":[[[-40.57125,-9.40178],[-40.57183,-9.39886],[-40.56473,-9.3991],[-40.55772,-9.39742],[-40.55736,-9.3985],[-40.56424,-9.40033],[-40.56653,-9.40026],[-40.56618,-9.40192],[-40.57125,-9.40178]]]}},{"type":"Feature","properties":{"CD_SETOR":"261110105070076","SITUACAO":"Urbana","NM_BAIRRO":"São Gonçalo","NM_DIST":"Petrolina","v0001":609,"v0007":203,"densidade":8071.6983,"taxa_alfab":0.9298,"pct_60m":0.0821,"pop_10_14":44.0,"pop_15_19":56.0,"renda_media":1385.29,"renda_mediana":1200.0,"infra":0.6786,"pavimentacao":0.5665,"iluminacao":0.9852,"calcada":1.0,"onibus":0.0837,"local_id":"83-1880","regiao":"Zona Oeste (externa)"},"geometry":{"type":"Polygon","coordinates":[[[-40.54892,-9.38794],[-40.5467,-9.38868],[-40.5471,-9.3901],[-40.54771,-9.39012],[-40.54788,-9.3906],[-40.55001,-9.38985],[-40.54903,-9.38699],[-40.54864,-9.38714],[-40.54892,-9.38794]]]}},{"type":"Feature","properties":{"CD_SETOR":"261110105070077","SITUACAO":"Urbana","NM_BAIRRO":"São Gonçalo","NM_DIST":"Petrolina","v0001":136,"v0007":41,"densidade":12403.7098,"taxa_alfab":0.956,"pct_60m":0.0,"pop_10_14":15.0,"pop_15_19":19.0,"renda_media":1486.84,"renda_mediana":1212.0,"infra":0.2744,"pavimentacao":0.1463,"iluminacao":0.5366,"calcada":0.4146,"onibus":0.0,"local_id":"83-1775","regiao":"Zona Oeste (externa)"},"geometry":{"type":"Polygon","coordinates":[[[-40.54625,-9.38871],[-40.54621,-9.39009],[-40.5471,-9.3901],[-40.5467,-9.38868],[-40.54625,-9.38871]]]}},{"type":"Feature","properties":{"CD_SETOR":"261110105070078","SITUACAO":"Urbana","NM_BAIRRO":"São Gonçalo","NM_DIST":"Petrolina","v0001":365,"v0007":116,"densidade":8799.5289,"taxa_alfab":0.9859,"pct_60m":0.0685,"pop_10_14":28.0,"pop_15_19":34.0,"renda_media":2187.85,"renda_mediana":1250.0,"infra":0.5754,"pavimentacao":0.3103,"iluminacao":1.0,"calcada":0.9914,"onibus":0.0,"local_id":"83-1775","regiao":"Zona Oeste (externa)"},"geometry":{"type":"Polygon","coordinates":[[[-40.54334,-9.38921],[-40.54345,-9.38998],[-40.5437,-9.38996],[-40.54375,-9.39016],[-40.54426,-9.39019],[-40.54419,-9.38955],[-40.54463,-9.38957],[-40.54461,-9.39004],[-40.54621,-9.39009],[-40.54625,-9.38871],[-40.54404,-9.38864],[-40.5441,-9.38912],[-40.54334,-9.38921]]]}},{"type":"Feature","properties":{"CD_SETOR":"261110105070079","SITUACAO":"Urbana","NM_BAIRRO":"São Gonçalo","NM_DIST":"Petrolina","v0001":963,"v0007":302,"densidade":5673.8108,"taxa_alfab":0.8684,"pct_60m":0.0519,"pop_10_14":95.0,"pop_15_19":94.0,"renda_media":1210.86,"renda_mediana":1212.0,"infra":0.3469,"pavimentacao":0.0,"iluminacao":0.957,"calcada":0.4305,"onibus":0.0,"local_id":"83-1880","regiao":"Zona Oeste (externa)"},"geometry":{"type":"Polygon","coordinates":[[[-40.55268,-9.38214],[-40.5529,-9.38595],[-40.55578,-9.38502],[-40.55587,-9.38528],[-40.55653,-9.38548],[-40.5573,-9.38527],[-40.55695,-9.38451],[-40.55687,-9.38352],[-40.55631,-9.38234],[-40.55562,-9.38264],[-40.55525,-9.38257],[-40.55513,-9.38156],[-40.55268,-9.38214]]]}},{"type":"Feature","properties":{"CD_SETOR":"261110105070080","SITUACAO":"Urbana","NM_BAIRRO":"São Gonçalo","NM_DIST":"Petrolina","v0001":666,"v0007":218,"densidade":13374.1937,"taxa_alfab":0.8687,"pct_60m":0.0931,"pop_10_14":47.0,"pop_15_19":62.0,"renda_media":1198.41,"renda_mediana":1200.0,"infra":0.5126,"pavimentacao":0.1376,"iluminacao":1.0,"calcada":0.9128,"onibus":0.0,"local_id":"83-1880","regiao":"Zona Oeste (externa)"},"geometry":{"type":"Polygon","coordinates":[[[-40.55107,-9.38272],[-40.55228,-9.38618],[-40.5529,-9.38595],[-40.55268,-9.38214],[-40.55107,-9.38272]]]}},{"type":"Feature","properties":{"CD_SETOR":"261110105070081","SITUACAO":"Urbana","NM_BAIRRO":"São Gonçalo","NM_DIST":"Petrolina","v0001":344,"v0007":111,"densidade":5174.2475,"taxa_alfab":0.876,"pct_60m":0.0378,"pop_10_14":41.0,"pop_15_19":31.0,"renda_media":1211.48,"renda_mediana":1212.0,"infra":0.2658,"pavimentacao":0.0,"iluminacao":0.8559,"calcada":0.2072,"onibus":0.0,"local_id":"83-1880","regiao":"Zona Oeste (externa)"},"geometry":{"type":"Polygon","coordinates":[[[-40.55332,-9.38584],[-40.55337,-9.38623],[-40.55394,-9.38621],[-40.55402,-9.38693],[-40.55598,-9.38628],[-40.55614,-9.38666],[-40.55678,-9.38645],[-40.5567,-9.38697],[-40.55707,-9.38683],[-40.55741,-9.3872],[-40.5582,-9.38721],[-40.5573,-9.38527],[-40.55653,-9.38548],[-40.55587,-9.38528],[-40.55578,-9.38502],[-40.55332,-9.38584]]]}},{"type":"Feature","properties":{"CD_SETOR":"261110105070082","SITUACAO":"Urbana","NM_BAIRRO":"São Gonçalo","NM_DIST":"Petrolina","v0001":735,"v0007":229,"densidade":11364.4825,"taxa_alfab":0.8616,"pct_60m":0.0721,"pop_10_14":56.0,"pop_15_19":69.0,"renda_media":1265.68,"renda_mediana":1212.0,"infra":0.5655,"pavimentacao":0.2838,"iluminacao":1.0,"calcada":0.9782,"onibus":0.0,"local_id":"83-1880","regiao":"Zona Oeste (externa)"},"geometry":{"type":"Polygon","coordinates":[[[-40.55332,-9.38584],[-40.55188,-9.38631],[-40.55232,-9.3875],[-40.55298,-9.38728],[-40.55301,-9.38817],[-40.5567,-9.38697],[-40.5568,-9.38676],[-40.55678,-9.38645],[-40.55614,-9.38666],[-40.55598,-9.38628],[-40.55402,-9.38693],[-40.55394,-9.38621],[-40.55337,-9.38623],[-40.55332,-9.38584]]]}},{"type":"Feature","properties":{"CD_SETOR":"261110105070083","SITUACAO":"Urbana","NM_BAIRRO":"São Gonçalo","NM_DIST":"Petrolina","v0001":791,"v0007":267,"densidade":5503.5711,"taxa_alfab":0.9252,"pct_60m":0.0518,"pop_10_14":80.0,"pop_15_19":70.0,"renda_media":1188.6,"renda_mediana":1212.0,"infra":0.3287,"pavimentacao":0.0787,"iluminacao":0.8464,"calcada":0.3895,"onibus":0.0,"local_id":"83-1880","regiao":"Zona Oeste (externa)"},"geometry":{"type":"Polygon","coordinates":[[[-40.55707,-9.38683],[-40.55557,-9.38731],[-40.55557,-9.38761],[-40.55661,-9.38798],[-40.55588,-9.39055],[-40.55473,-9.39024],[-40.55452,-9.39119],[-40.55617,-9.39066],[-40.55845,-9.39099],[-40.55999,-9.39096],[-40.5582,-9.38721],[-40.55741,-9.3872],[-40.55707,-9.38683]]]}},{"type":"Feature","properties":{"CD_SETOR":"261110105070084","SITUACAO":"Urbana","NM_BAIRRO":"São Gonçalo","NM_DIST":"Petrolina","v0001":338,"v0007":112,"densidade":4690.0832,"taxa_alfab":0.9421,"pct_60m":0.071,"pop_10_14":36.0,"pop_15_19":31.0,"renda_media":1128.73,"renda_mediana":1206.0,"infra":0.6652,"pavimentacao":0.6607,"iluminacao":1.0,"calcada":1.0,"onibus":0.0,"local_id":"83-1880","regiao":"Zona Oeste (externa)"},"geometry":{"type":"Polygon","coordinates":[[[-40.55316,-9.3899],[-40.55327,-9.39162],[-40.55452,-9.39119],[-40.55473,-9.39024],[-40.55588,-9.39055],[-40.55661,-9.38798],[-40.55557,-9.38761],[-40.55493,-9.38936],[-40.55316,-9.3899]]]}},{"type":"Feature","properties":{"CD_SETOR":"261110105070085","SITUACAO":"Urbana","NM_BAIRRO":"Cohab-São Francisco","NM_DIST":"Petrolina","v0001":501,"v0007":164,"densidade":7549.8657,"taxa_alfab":0.9216,"pct_60m":0.0619,"pop_10_14":45.0,"pop_15_19":33.0,"renda_media":1306.42,"renda_mediana":1212.0,"infra":0.3476,"pavimentacao":0.0122,"iluminacao":1.0,"calcada":0.378,"onibus":0.0,"local_id":"83-1880","regiao":"Zona Oeste (externa)"},"geometry":{"type":"Polygon","coordinates":[[[-40.55327,-9.39162],[-40.55329,-9.39253],[-40.55817,-9.3925],[-40.55827,-9.39139],[-40.55456,-9.39146],[-40.55452,-9.39119],[-40.55327,-9.39162]]]}},{"type":"Feature","properties":{"CD_SETOR":"261110105070086","SITUACAO":"Urbana","NM_BAIRRO":"Cohab-São Francisco","NM_DIST":"Petrolina","v0001":540,"v0007":173,"densidade":1870.8266,"taxa_alfab":0.9233,"pct_60m":0.1111,"pop_10_14":39.0,"pop_15_19":49.0,"renda_media":1638.11,"renda_mediana":1200.0,"infra":0.6084,"pavimentacao":0.422,"iluminacao":1.0,"calcada":0.9942,"onibus":0.0173,"local_id":"83-1783","regiao":"Zona Oeste (externa)"},"geometry":{"type":"Polygon","coordinates":[[[-40.5515,-9.39247],[-40.5506,-9.39279],[-40.55047,-9.3924],[-40.5488,-9.39298],[-40.54887,-9.39359],[-40.5501,-9.39485],[-40.55022,-9.39526],[-40.55033,-9.39488],[-40.55252,-9.39426],[-40.55246,-9.39499],[-40.55275,-9.39549],[-40.55458,-9.39561],[-40.55531,-9.39358],[-40.56271,-9.39357],[-40.56184,-9.39176],[-40.5602,-9.39253],[-40.55329,-9.39253],[-40.55327,-9.39162],[-40.55148,-9.39229],[-40.5515,-9.39247]]]}},{"type":"Feature","properties":{"CD_SETOR":"261110105070087","SITUACAO":"Urbana","NM_BAIRRO":"São Gonçalo","NM_DIST":"Petrolina","v0001":376,"v0007":127,"densidade":6161.3434,"taxa_alfab":0.8884,"pct_60m":0.0399,"pop_10_14":36.0,"pop_15_19":27.0,"renda_media":1170.72,"renda_mediana":1212.0,"infra":0.286,"pavimentacao":0.0,"iluminacao":0.944,"calcada":0.2,"onibus":0.0,"local_id":"83-1660","regiao":"Zona Oeste (externa)"},"geometry":{"type":"Polygon","coordinates":[[[-40.55256,-9.37983],[-40.55268,-9.38214],[-40.55513,-9.38156],[-40.55479,-9.37975],[-40.55256,-9.37983]]]}},{"type":"Feature","properties":{"CD_SETOR":"261110105070089","SITUACAO":"Urbana","NM_BAIRRO":"São Gonçalo","NM_DIST":"Petrolina","v0001":499,"v0007":168,"densidade":4819.0766,"taxa_alfab":0.9093,"pct_60m":0.0421,"pop_10_14":40.0,"pop_15_19":46.0,"renda_media":1309.0,"renda_mediana":1212.0,"infra":0.2113,"pavimentacao":0.0,"iluminacao":0.8452,"calcada":0.0,"onibus":0.0,"local_id":"83-1660","regiao":"Zona Oeste (externa)"},"geometry":{"type":"Polygon","coordinates":[[[-40.5499,-9.3806],[-40.55257,-9.38008],[-40.55256,-9.37983],[-40.55451,-9.37964],[-40.55448,-9.37844],[-40.55226,-9.37866],[-40.5522,-9.37779],[-40.54978,-9.37803],[-40.5499,-9.3806]]]}},{"type":"Feature","properties":{"CD_SETOR":"261110105070091","SITUACAO":"Urbana","NM_BAIRRO":"Cohab-São Francisco","NM_DIST":"Petrolina","v0001":75,"v0007":20,"densidade":89.3054,"taxa_alfab":1.0,"pct_60m":0.0,"pop_10_14":0.0,"pop_15_19":7.0,"renda_media":2556.6,"renda_mediana":2462.0,"infra":null,"pavimentacao":null,"iluminacao":null,"calcada":null,"onibus":null,"local_id":"83-1864","regiao":"Zona Oeste (externa)"},"geometry":{"type":"Polygon","coordinates":[[[-40.55531,-9.39358],[-40.55426,-9.39658],[-40.55559,-9.39703],[-40.55549,-9.39717],[-40.55781,-9.39711],[-40.55772,-9.39742],[-40.56473,-9.3991],[-40.57183,-9.39886],[-40.57238,-9.39589],[-40.566,-9.39608],[-40.567,-9.39363],[-40.55531,-9.39358]]]}},{"type":"Feature","properties":{"CD_SETOR":"261110105070092","SITUACAO":"Urbana","NM_BAIRRO":"Cohab-São Francisco","NM_DIST":"Petrolina","v0001":8,"v0007":2,"densidade":24.6098,"taxa_alfab":null,"pct_60m":0.0,"pop_10_14":0.0,"pop_15_19":0.0,"renda_media":null,"renda_mediana":null,"infra":null,"pavimentacao":null,"iluminacao":null,"calcada":null,"onibus":null,"local_id":"83-1864","regiao":"Zona Oeste (externa)"},"geometry":{"type":"Polygon","coordinates":[[[-40.56203,-9.39217],[-40.5627,-9.3936],[-40.567,-9.39363],[-40.566,-9.39608],[-40.57238,-9.39589],[-40.57288,-9.39255],[-40.56492,-9.39251],[-40.56454,-9.39198],[-40.56393,-9.3923],[-40.56373,-9.39194],[-40.56284,-9.3923],[-40.56267,-9.39186],[-40.56203,-9.39217]]]}},{"type":"Feature","properties":{"CD_SETOR":"261110105070093","SITUACAO":"Urbana","NM_BAIRRO":"Cohab-São Francisco","NM_DIST":"Petrolina","v0001":843,"v0007":272,"densidade":5988.325,"taxa_alfab":0.9645,"pct_60m":0.0842,"pop_10_14":60.0,"pop_15_19":70.0,"renda_media":1947.85,"renda_mediana":1212.0,"infra":0.75,"pavimentacao":1.0,"iluminacao":1.0,"calcada":1.0,"onibus":0.0,"local_id":"83-1783","regiao":"Zona Oeste (externa)"},"geometry":{"type":"Polygon","coordinates":[[[-40.55022,-9.39526],[-40.54688,-9.3944],[-40.54677,-9.39484],[-40.54588,-9.3946],[-40.54577,-9.39506],[-40.54796,-9.39562],[-40.54784,-9.39604],[-40.55223,-9.39707],[-40.5526,-9.39605],[-40.55426,-9.39658],[-40.55458,-9.39561],[-40.55275,-9.39549],[-40.55246,-9.39499],[-40.55252,-9.39426],[-40.55033,-9.39488],[-40.55022,-9.39526]]]}},{"type":"Feature","properties":{"CD_SETOR":"261110105070094","SITUACAO":"Urbana","NM_BAIRRO":"Cohab-São Francisco","NM_DIST":"Petrolina","v0001":849,"v0007":272,"densidade":4981.4099,"taxa_alfab":0.9768,"pct_60m":0.0931,"pop_10_14":61.0,"pop_15_19":76.0,"renda_media":1952.34,"renda_mediana":1212.0,"infra":0.7564,"pavimentacao":1.0,"iluminacao":1.0,"calcada":0.9853,"onibus":0.0,"local_id":"83-1791","regiao":"Zona Oeste (externa)"},"geometry":{"type":"Polygon","coordinates":[[[-40.55425,-9.40088],[-40.55509,-9.39831],[-40.54958,-9.39698],[-40.54948,-9.39743],[-40.54913,-9.39732],[-40.54902,-9.39777],[-40.54874,-9.39769],[-40.54862,-9.39812],[-40.54889,-9.39819],[-40.54866,-9.39909],[-40.55311,-9.40021],[-40.55303,-9.40047],[-40.55425,-9.40088]]]}},{"type":"Feature","properties":{"CD_SETOR":"261110105070095","SITUACAO":"Urbana","NM_BAIRRO":"Cohab-São Francisco","NM_DIST":"Petrolina","v0001":931,"v0007":342,"densidade":878.956,"taxa_alfab":0.9972,"pct_60m":0.0236,"pop_10_14":52.0,"pop_15_19":46.0,"renda_media":2817.28,"renda_mediana":2001.0,"infra":0.0058,"pavimentacao":0.0,"iluminacao":0.0146,"calcada":0.0088,"onibus":0.0,"local_id":"83-1864","regiao":"Zona Oeste (externa)"},"geometry":{"type":"Polygon","coordinates":[[[-40.55437,-9.40044],[-40.55467,-9.40034],[-40.55645,-9.40095],[-40.55529,-9.4046],[-40.5556,-9.40467],[-40.55546,-9.40504],[-40.55785,-9.40567],[-40.55984,-9.3995],[-40.56161,-9.40005],[-40.55971,-9.40617],[-40.56277,-9.40697],[-40.57017,-9.40677],[-40.57125,-9.40178],[-40.56618,-9.40192],[-40.56653,-9.40026],[-40.56424,-9.40033],[-40.55736,-9.3985],[-40.55781,-9.39711],[-40.55549,-9.39717],[-40.55437,-9.40044]]]}},{"type":"Feature","properties":{"CD_SETOR":"261110105070096","SITUACAO":"Urbana","NM_BAIRRO":"Cohab-São Francisco","NM_DIST":"Petrolina","v0001":565,"v0007":192,"densidade":21397.9253,"taxa_alfab":0.93,"pct_60m":0.0106,"pop_10_14":43.0,"pop_15_19":35.0,"renda_media":1204.61,"renda_mediana":1200.0,"infra":0.9115,"pavimentacao":0.9115,"iluminacao":0.9115,"calcada":0.9115,"onibus":0.0,"local_id":"83-1864","regiao":"Zona Oeste (externa)"},"geometry":{"type":"Polygon","coordinates":[[[-40.56187,-9.41458],[-40.55982,-9.41458],[-40.55986,-9.41568],[-40.56184,-9.41568],[-40.56187,-9.41458]]]}},{"type":"Feature","properties":{"CD_SETOR":"261110105070097","SITUACAO":"Urbana","NM_BAIRRO":"Cohab-São Francisco","NM_DIST":"Petrolina","v0001":481,"v0007":157,"densidade":13027.9083,"taxa_alfab":0.911,"pct_60m":0.0125,"pop_10_14":55.0,"pop_15_19":36.0,"renda_media":905.27,"renda_mediana":900.0,"infra":0.9268,"pavimentacao":1.0,"iluminacao":1.0,"calcada":1.0,"onibus":0.0,"local_id":"83-1864","regiao":"Zona Oeste (externa)"},"geometry":{"type":"Polygon","coordinates":[[[-40.56184,-9.41568],[-40.55986,-9.41568],[-40.55981,-9.41677],[-40.56177,-9.41771],[-40.56184,-9.41568]]]}},{"type":"Feature","properties":{"CD_SETOR":"261110105070098","SITUACAO":"Urbana","NM_BAIRRO":"Cohab-São Francisco","NM_DIST":"Petrolina","v0001":498,"v0007":171,"densidade":76.2821,"taxa_alfab":0.9683,"pct_60m":0.0482,"pop_10_14":32.0,"pop_15_19":37.0,"renda_media":4171.35,"renda_mediana":2500.0,"infra":0.8699,"pavimentacao":0.8538,"iluminacao":0.9825,"calcada":0.7895,"onibus":0.8538,"local_id":"83-1864","regiao":"Zona Oeste (externa)"},"geometry":{"type":"Polygon","coordinates":[[[-40.55804,-9.407],[-40.55736,-9.40945],[-40.55626,-9.40889],[-40.55547,-9.41073],[-40.55201,-9.40924],[-40.55233,-9.40821],[-40.55068,-9.4075],[-40.5506,-9.40777],[-40.54776,-9.40706],[-40.54632,-9.40947],[-40.54628,-9.40992],[-40.54837,-9.41422],[-40.5485,-9.41483],[-40.54841,-9.41531],[-40.54683,-9.41805],[-40.54679,-9.41999],[-40.5473,-9.41987],[-40.54852,-9.41709],[-40.54954,-9.4168],[-40.5504,-9.41689],[-40.55244,-9.41932],[-40.55355,-9.42034],[-40.55577,-9.42209],[-40.557,-9.42266],[-40.55827,-9.42264],[-40.56126,-9.41976],[-40.56195,-9.41954],[-40.5629,-9.41947],[-40.5643,-9.42027],[-40.56785,-9.42138],[-40.56895,-9.42107],[-40.57065,-9.41991],[-40.57123,-9.41974],[-40.57127,-9.4195],[-40.57289,-9.41836],[-40.57281,-9.41785],[-40.57408,-9.41697],[-40.57427,-9.41654],[-40.57514,-9.41647],[-40.57561,-9.41614],[-40.57575,-9.4151],[-40.57635,-9.4144],[-40.57646,-9.41348],[-40.57683,-9.41312],[-40.57856,-9.41223],[-40.58116,-9.41017],[-40.58255,-9.40739],[-40.58371,-9.40425],[-40.58376,-9.40334],[-40.58249,-9.39786],[-40.58233,-9.39622],[-40.58097,-9.3926],[-40.57288,-9.39255],[-40.57183,-9.39886],[-40.57017,-9.40677],[-40.56277,-9.40697],[-40.55727,-9.40552],[-40.55697,-9.40672],[-40.55804,-9.407]],[[-40.55982,-9.41458],[-40.56187,-9.41458],[-40.56177,-9.41771],[-40.55981,-9.41677],[-40.55982,-9.41458]]]}},{"type":"Feature","properties":{"CD_SETOR":"261110105070099","SITUACAO":"Urbana","NM_BAIRRO":"Cohab-São Francisco","NM_DIST":"Petrolina","v0001":680,"v0007":273,"densidade":3787.2571,"taxa_alfab":0.9903,"pct_60m":0.0324,"pop_10_14":54.0,"pop_15_19":21.0,"renda_media":3374.05,"renda_mediana":2500.0,"infra":0.9762,"pavimentacao":1.0,"iluminacao":1.0,"calcada":0.9963,"onibus":0.0,"local_id":"83-1864","regiao":"Zona Oeste (externa)"},"geometry":{"type":"Polygon","coordinates":[[[-40.55289,-9.40603],[-40.55201,-9.40924],[-40.55547,-9.41073],[-40.55626,-9.40889],[-40.55736,-9.40945],[-40.55783,-9.40773],[-40.55318,-9.40648],[-40.55289,-9.40603]]]}},{"type":"Feature","properties":{"CD_SETOR":"261110105070100","SITUACAO":"Urbana","NM_BAIRRO":"Cohab-São Francisco","NM_DIST":"Petrolina","v0001":716,"v0007":239,"densidade":2524.8989,"taxa_alfab":0.9591,"pct_60m":0.0517,"pop_10_14":58.0,"pop_15_19":72.0,"renda_media":1976.13,"renda_mediana":1500.0,"infra":0.5178,"pavimentacao":0.159,"iluminacao":0.9833,"calcada":0.9289,"onibus":0.0209,"local_id":"83-1791","regiao":"Zona Oeste (externa)"},"geometry":{"type":"Polygon","coordinates":[[[-40.55233,-9.40821],[-40.55289,-9.40603],[-40.5524,-9.40628],[-40.55105,-9.40594],[-40.55149,-9.40432],[-40.55552,-9.40537],[-40.55558,-9.40507],[-40.54767,-9.40295],[-40.54666,-9.40673],[-40.54553,-9.40838],[-40.54628,-9.40992],[-40.54632,-9.40947],[-40.54776,-9.40706],[-40.5506,-9.40777],[-40.55068,-9.4075],[-40.55233,-9.40821]]]}},{"type":"Feature","properties":{"CD_SETOR":"261110105070101","SITUACAO":"Urbana","NM_BAIRRO":"São Gonçalo","NM_DIST":"Petrolina","v0001":420,"v0007":134,"densidade":14351.153,"taxa_alfab":0.8961,"pct_60m":0.0333,"pop_10_14":28.0,"pop_15_19":36.0,"renda_media":1076.41,"renda_mediana":1212.0,"infra":0.3694,"pavimentacao":0.0,"iluminacao":1.0,"calcada":0.4776,"onibus":0.0,"local_id":"83-1660","regiao":"Zona Oeste (externa)"},"geometry":{"type":"Polygon","coordinates":[[[-40.55074,-9.38038],[-40.55122,-9.38184],[-40.55265,-9.38136],[-40.55257,-9.38008],[-40.55074,-9.38038]]]}},{"type":"Feature","properties":{"CD_SETOR":"261110105070102","SITUACAO":"Urbana","NM_BAIRRO":"São Gonçalo","NM_DIST":"Petrolina","v0001":347,"v0007":107,"densidade":13739.2476,"taxa_alfab":0.8485,"pct_60m":0.0778,"pop_10_14":25.0,"pop_15_19":34.0,"renda_media":1290.88,"renda_mediana":1212.0,"infra":0.5327,"pavimentacao":0.215,"iluminacao":1.0,"calcada":0.7009,"onibus":0.0,"local_id":"83-1660","regiao":"Zona Oeste (externa)"},"geometry":{"type":"Polygon","coordinates":[[[-40.55265,-9.38136],[-40.55122,-9.38184],[-40.55074,-9.38038],[-40.55029,-9.3805],[-40.55107,-9.38272],[-40.55268,-9.38214],[-40.55265,-9.38136]]]}},{"type":"Feature","properties":{"CD_SETOR":"261110105070103","SITUACAO":"Urbana","NM_BAIRRO":"São Gonçalo","NM_DIST":"Petrolina","v0001":556,"v0007":196,"densidade":584.754,"taxa_alfab":0.9338,"pct_60m":0.0647,"pop_10_14":39.0,"pop_15_19":40.0,"renda_media":2314.8,"renda_mediana":1400.0,"infra":0.4605,"pavimentacao":0.3214,"iluminacao":0.8265,"calcada":0.6888,"onibus":0.0,"local_id":"83-1660","regiao":"Zona Oeste (externa)"},"geometry":{"type":"Polygon","coordinates":[[[-40.54575,-9.37922],[-40.54657,-9.38011],[-40.54738,-9.38202],[-40.54784,-9.38184],[-40.5477,-9.38145],[-40.54993,-9.38069],[-40.54978,-9.37803],[-40.5522,-9.37779],[-40.55226,-9.37866],[-40.55448,-9.37844],[-40.55417,-9.37625],[-40.55402,-9.37597],[-40.55348,-9.37587],[-40.55321,-9.37508],[-40.55283,-9.3706],[-40.54507,-9.37093],[-40.54342,-9.37126],[-40.5443,-9.37352],[-40.5452,-9.3746],[-40.54437,-9.37647],[-40.54575,-9.37922]]]}},{"type":"Feature","properties":{"CD_SETOR":"261110105070104","SITUACAO":"Urbana","NM_BAIRRO":"São Gonçalo","NM_DIST":"Petrolina","v0001":602,"v0007":196,"densidade":3648.9057,"taxa_alfab":0.96,"pct_60m":0.1013,"pop_10_14":44.0,"pop_15_19":52.0,"renda_media":1878.4,"renda_mediana":1400.0,"infra":0.5306,"pavimentacao":0.0561,"iluminacao":0.9439,"calcada":0.8316,"onibus":0.0,"local_id":"83-1856","regiao":"Zona Oeste (externa)"},"geometry":{"type":"Polygon","coordinates":[[[-40.54738,-9.38202],[-40.54657,-9.38011],[-40.54575,-9.37922],[-40.54482,-9.37886],[-40.54402,-9.38097],[-40.54178,-9.3801],[-40.54325,-9.38348],[-40.54738,-9.38202]]]}},{"type":"Feature","properties":{"CD_SETOR":"261110105070105","SITUACAO":"Urbana","NM_BAIRRO":"Cohab-Massangano","NM_DIST":"Petrolina","v0001":567,"v0007":194,"densidade":6036.0518,"taxa_alfab":0.9872,"pct_60m":0.231,"pop_10_14":33.0,"pop_15_19":40.0,"renda_media":3510.11,"renda_mediana":2224.0,"infra":0.9871,"pavimentacao":1.0,"iluminacao":1.0,"calcada":1.0,"onibus":0.0155,"local_id":"83-1490","regiao":"Zona Oeste (interna)"},"geometry":{"type":"Polygon","coordinates":[[[-40.53535,-9.38377],[-40.5341,-9.38071],[-40.53342,-9.38003],[-40.53112,-9.38227],[-40.53185,-9.38296],[-40.53233,-9.38282],[-40.53266,-9.38364],[-40.53446,-9.3829],[-40.53492,-9.38394],[-40.53535,-9.38377]]]}},{"type":"Feature","properties":{"CD_SETOR":"261110105070106","SITUACAO":"Urbana","NM_BAIRRO":"Cohab-Massangano","NM_DIST":"Petrolina","v0001":558,"v0007":237,"densidade":6961.4297,"taxa_alfab":0.9917,"pct_60m":0.1667,"pop_10_14":32.0,"pop_15_19":34.0,"renda_media":3653.77,"renda_mediana":3000.0,"infra":0.9578,"pavimentacao":1.0,"iluminacao":1.0,"calcada":1.0,"onibus":0.0886,"local_id":"83-1708","regiao":"Zona Oeste (interna)"},"geometry":{"type":"Polygon","coordinates":[[[-40.53342,-9.38003],[-40.5341,-9.38071],[-40.53455,-9.38188],[-40.53706,-9.38086],[-40.53619,-9.37876],[-40.53549,-9.37941],[-40.53481,-9.37872],[-40.53342,-9.38003]]]}},{"type":"Feature","properties":{"CD_SETOR":"261110105070107","SITUACAO":"Urbana","NM_BAIRRO":"Distrito Industrial","NM_DIST":"Petrolina","v0001":45,"v0007":13,"densidade":8.3276,"taxa_alfab":0.6667,"pct_60m":0.0,"pop_10_14":5.0,"pop_15_19":0.0,"renda_media":3433.9,"renda_mediana":2050.0,"infra":0.5,"pavimentacao":0.5,"iluminacao":1.0,"calcada":0.5,"onibus":0.0,"local_id":"83-1473","regiao":"Zona Oeste (interna)"},"geometry":{"type":"Polygon","coordinates":[[[-40.51167,-9.40201],[-40.51313,-9.4024],[-40.51634,-9.40219],[-40.51719,-9.40239],[-40.51732,-9.40276],[-40.51783,-9.40261],[-40.51817,-9.40283],[-40.51802,-9.40303],[-40.51831,-9.40344],[-40.51892,-9.40344],[-40.51902,-9.4032],[-40.5206,-9.40365],[-40.52013,-9.40312],[-40.521,-9.40352],[-40.52154,-9.40407],[-40.52189,-9.4041],[-40.52205,-9.40461],[-40.52443,-9.40548],[-40.52541,-9.40635],[-40.52583,-9.40644],[-40.52585,-9.40679],[-40.52629,-9.40708],[-40.52918,-9.40814],[-40.52986,-9.40877],[-40.53146,-9.40956],[-40.53262,-9.41091],[-40.53315,-9.41228],[-40.53386,-9.41289],[-40.53426,-9.41286],[-40.53468,-9.41321],[-40.53531,-9.41276],[-40.53641,-9.41306],[-40.53733,-9.41376],[-40.53783,-9.41444],[-40.5384,-9.41447],[-40.53966,-9.41235],[-40.53799,-9.41121],[-40.54194,-9.40167],[-40.54178,-9.40088],[-40.54317,-9.39597],[-40.54353,-9.3934],[-40.53828,-9.39313],[-40.53855,-9.38643],[-40.53757,-9.38638],[-40.53629,-9.38583],[-40.53191,-9.38764],[-40.52951,-9.38816],[-40.52929,-9.39281],[-40.5267,-9.3927],[-40.52461,-9.39176],[-40.52394,-9.39253],[-40.52169,-9.39419],[-40.51896,-9.39571],[-40.51851,-9.39736],[-40.51721,-9.3974],[-40.51704,-9.39634],[-40.51206,-9.39727],[-40.51167,-9.40201]]]}},{"type":"Feature","properties":{"CD_SETOR":"261110105070108","SITUACAO":null,"NM_BAIRRO":null,"NM_DIST":"Petrolina","v0001":0,"v0007":0,"densidade":0.0,"taxa_alfab":null,"pct_60m":null,"pop_10_14":null,"pop_15_19":null,"renda_media":null,"renda_mediana":null,"infra":null,"pavimentacao":null,"iluminacao":null,"calcada":null,"onibus":null,"local_id":"83-1473","regiao":"Zona Oeste (interna)"},"geometry":{"type":"Polygon","coordinates":[[[-40.54379,-9.42222],[-40.5413,-9.41777],[-40.53926,-9.41519],[-40.53847,-9.41475],[-40.53826,-9.41439],[-40.53783,-9.41444],[-40.53733,-9.41376],[-40.53641,-9.41306],[-40.53531,-9.41276],[-40.53468,-9.41321],[-40.53426,-9.41286],[-40.53362,-9.41273],[-40.53315,-9.41228],[-40.53262,-9.41091],[-40.53146,-9.40956],[-40.52986,-9.40877],[-40.52918,-9.40814],[-40.52629,-9.40708],[-40.52585,-9.40679],[-40.52583,-9.40644],[-40.52541,-9.40635],[-40.52443,-9.40548],[-40.52229,-9.40476],[-40.52181,-9.40428],[-40.52189,-9.4041],[-40.52154,-9.40407],[-40.52136,-9.40372],[-40.52013,-9.40312],[-40.5206,-9.40365],[-40.51902,-9.4032],[-40.51892,-9.40344],[-40.51825,-9.40342],[-40.51802,-9.40303],[-40.51817,-9.40283],[-40.51783,-9.40261],[-40.51732,-9.40276],[-40.51719,-9.40239],[-40.51634,-9.40219],[-40.51313,-9.4024],[-40.51167,-9.40201],[-40.51111,-9.40729],[-40.51375,-9.40808],[-40.52007,-9.41225],[-40.52412,-9.41343],[-40.52911,-9.4139],[-40.5317,-9.41496],[-40.53822,-9.42058],[-40.54082,-9.42404],[-40.54217,-9.42366],[-40.54379,-9.42222]]]}},{"type":"Feature","properties":{"CD_SETOR":"261110105080001","SITUACAO":"Urbana","NM_BAIRRO":"Jardim Maravilha","NM_DIST":"Petrolina","v0001":660,"v0007":226,"densidade":7910.3539,"taxa_alfab":0.9537,"pct_60m":0.1121,"pop_10_14":37.0,"pop_15_19":42.0,"renda_media":2397.27,"renda_mediana":2000.0,"infra":0.7312,"pavimentacao":0.9602,"iluminacao":0.9779,"calcada":0.9867,"onibus":0.0133,"local_id":"145-2054","regiao":"Zona Oeste (interna)"},"geometry":{"type":"Polygon","coordinates":[[[-40.5198,-9.38669],[-40.52226,-9.38791],[-40.52361,-9.38746],[-40.52346,-9.38657],[-40.5236,-9.38619],[-40.52065,-9.38489],[-40.5198,-9.38669]]]}},{"type":"Feature","properties":{"CD_SETOR":"261110105080002","SITUACAO":"Urbana","NM_BAIRRO":"Jardim Maravilha","NM_DIST":"Petrolina","v0001":688,"v0007":247,"densidade":6950.3132,"taxa_alfab":0.9454,"pct_60m":0.1991,"pop_10_14":31.0,"pop_15_19":35.0,"renda_media":2131.24,"renda_mediana":1212.0,"infra":0.75,"pavimentacao":1.0,"iluminacao":1.0,"calcada":1.0,"onibus":0.0,"local_id":"145-2054","regiao":"Zona Oeste (interna)"},"geometry":{"type":"Polygon","coordinates":[[[-40.51782,-9.387],[-40.51912,-9.38784],[-40.52065,-9.38489],[-40.51775,-9.38365],[-40.517,-9.38536],[-40.51835,-9.38619],[-40.51782,-9.387]]]}},{"type":"Feature","properties":{"CD_SETOR":"261110105080003","SITUACAO":"Urbana","NM_BAIRRO":"Jardim Maravilha","NM_DIST":"Petrolina","v0001":675,"v0007":222,"densidade":2521.8007,"taxa_alfab":0.9501,"pct_60m":0.1689,"pop_10_14":46.0,"pop_15_19":49.0,"renda_media":2654.42,"renda_mediana":2000.0,"infra":0.7658,"pavimentacao":0.8423,"iluminacao":1.0,"calcada":0.991,"onibus":0.0721,"local_id":"83-1058","regiao":"Zona Oeste (interna)"},"geometry":{"type":"Polygon","coordinates":[[[-40.50992,-9.38498],[-40.51003,-9.38515],[-40.51579,-9.38677],[-40.51507,-9.38244],[-40.51105,-9.38068],[-40.50992,-9.38498]]]}},{"type":"Feature","properties":{"CD_SETOR":"261110105080004","SITUACAO":"Urbana","NM_BAIRRO":"Ouro Preto","NM_DIST":"Petrolina","v0001":534,"v0007":185,"densidade":5944.8285,"taxa_alfab":0.9222,"pct_60m":0.1667,"pop_10_14":24.0,"pop_15_19":40.0,"renda_media":2595.6,"renda_mediana":1212.0,"infra":0.9946,"pavimentacao":1.0,"iluminacao":1.0,"calcada":1.0,"onibus":0.0595,"local_id":"145-2054","regiao":"Zona Oeste (interna)"},"geometry":{"type":"Polygon","coordinates":[[[-40.5192,-9.38425],[-40.52025,-9.38469],[-40.52392,-9.38635],[-40.5243,-9.38458],[-40.52395,-9.38473],[-40.52152,-9.38362],[-40.52132,-9.38404],[-40.5208,-9.3838],[-40.52101,-9.38337],[-40.51982,-9.38287],[-40.5192,-9.38425]]]}},{"type":"Feature","properties":{"CD_SETOR":"261110105080005","SITUACAO":"Urbana","NM_BAIRRO":"Ouro Preto","NM_DIST":"Petrolina","v0001":1127,"v0007":356,"densidade":6526.7204,"taxa_alfab":0.9491,"pct_60m":0.0949,"pop_10_14":68.0,"pop_15_19":105.0,"renda_media":2739.53,"renda_mediana":1700.0,"infra":0.7388,"pavimentacao":0.5169,"iluminacao":0.9972,"calcada":0.927,"onibus":0.0955,"local_id":"145-2054","regiao":"Zona Oeste (interna)"},"geometry":{"type":"Polygon","coordinates":[[[-40.5141,-9.38199],[-40.5192,-9.38425],[-40.52021,-9.38203],[-40.51941,-9.38168],[-40.51995,-9.38064],[-40.51799,-9.37974],[-40.51661,-9.38155],[-40.51467,-9.38069],[-40.5141,-9.38199]]]}},{"type":"Feature","properties":{"CD_SETOR":"261110105080006","SITUACAO":"Urbana","NM_BAIRRO":"Alto Do Cocar","NM_DIST":"Petrolina","v0001":759,"v0007":269,"densidade":3570.5535,"taxa_alfab":0.9324,"pct_60m":0.1278,"pop_10_14":44.0,"pop_15_19":56.0,"renda_media":1747.61,"renda_mediana":1212.0,"infra":0.6097,"pavimentacao":0.4535,"iluminacao":1.0,"calcada":0.9851,"onibus":0.0,"local_id":"145-1473","regiao":"Zona Oeste (interna)"},"geometry":{"type":"Polygon","coordinates":[[[-40.5319,-9.37192],[-40.53339,-9.3756],[-40.5344,-9.37598],[-40.53478,-9.37692],[-40.53556,-9.37693],[-40.53406,-9.37842],[-40.53481,-9.37872],[-40.53796,-9.37585],[-40.53776,-9.37576],[-40.53768,-9.37504],[-40.53561,-9.37297],[-40.5351,-9.37351],[-40.53395,-9.37238],[-40.53295,-9.37237],[-40.5319,-9.37192]]]}},{"type":"Feature","properties":{"CD_SETOR":"261110105080007","SITUACAO":"Urbana","NM_BAIRRO":"Alto Do Cocar","NM_DIST":"Petrolina","v0001":958,"v0007":344,"densidade":11284.3931,"taxa_alfab":0.9428,"pct_60m":0.0752,"pop_10_14":74.0,"pop_15_19":78.0,"renda_media":1877.21,"renda_mediana":1212.0,"infra":0.7471,"pavimentacao":0.9884,"iluminacao":1.0,"calcada":1.0,"onibus":0.1512,"local_id":"145-1473","regiao":"Zona Oeste (interna)"},"geometry":{"type":"Polygon","coordinates":[[[-40.52893,-9.37369],[-40.52841,-9.37448],[-40.53385,-9.37677],[-40.53437,-9.37809],[-40.53556,-9.37693],[-40.53478,-9.37692],[-40.5344,-9.37598],[-40.52893,-9.37369]]]}},{"type":"Feature","properties":{"CD_SETOR":"261110105080008","SITUACAO":"Urbana","NM_BAIRRO":"Jardim Amazonas","NM_DIST":"Petrolina","v0001":686,"v0007":236,"densidade":11193.3819,"taxa_alfab":0.94,"pct_60m":0.1356,"pop_10_14":61.0,"pop_15_19":47.0,"renda_media":1645.08,"renda_mediana":1212.0,"infra":0.7479,"pavimentacao":0.9915,"iluminacao":1.0,"calcada":1.0,"onibus":0.0,"local_id":"83-1759","regiao":"Zona Oeste (interna)"},"geometry":{"type":"Polygon","coordinates":[[[-40.53123,-9.37925],[-40.53193,-9.37853],[-40.53329,-9.37912],[-40.53406,-9.37842],[-40.53056,-9.37693],[-40.52984,-9.37866],[-40.53123,-9.37925]]]}},{"type":"Feature","properties":{"CD_SETOR":"261110105080009","SITUACAO":"Urbana","NM_BAIRRO":"Jardim Amazonas","NM_DIST":"Petrolina","v0001":963,"v0007":342,"densidade":8424.1677,"taxa_alfab":0.95,"pct_60m":0.1267,"pop_10_14":58.0,"pop_15_19":60.0,"renda_media":1876.08,"renda_mediana":1300.0,"infra":0.75,"pavimentacao":1.0,"iluminacao":1.0,"calcada":1.0,"onibus":0.0322,"local_id":"83-1759","regiao":"Zona Oeste (interna)"},"geometry":{"type":"Polygon","coordinates":[[[-40.52676,-9.3784],[-40.53036,-9.37991],[-40.53123,-9.37925],[-40.52984,-9.37866],[-40.53056,-9.37693],[-40.52788,-9.3758],[-40.52676,-9.3784]]]}},{"type":"Feature","properties":{"CD_SETOR":"261110105080010","SITUACAO":"Urbana","NM_BAIRRO":"Jardim Amazonas","NM_DIST":"Petrolina","v0001":571,"v0007":209,"densidade":9812.6655,"taxa_alfab":0.9283,"pct_60m":0.1349,"pop_10_14":46.0,"pop_15_19":47.0,"renda_media":1786.98,"renda_mediana":1212.0,"infra":0.75,"pavimentacao":1.0,"iluminacao":1.0,"calcada":1.0,"onibus":0.1579,"local_id":"83-1759","regiao":"Zona Oeste (interna)"},"geometry":{"type":"Polygon","coordinates":[[[-40.52604,-9.38012],[-40.5274,-9.3807],[-40.52776,-9.37983],[-40.52948,-9.38056],[-40.53036,-9.37991],[-40.52676,-9.3784],[-40.52604,-9.38012]]]}},{"type":"Feature","properties":{"CD_SETOR":"261110105080011","SITUACAO":"Urbana","NM_BAIRRO":"Jardim Amazonas","NM_DIST":"Petrolina","v0001":808,"v0007":273,"densidade":2448.6392,"taxa_alfab":0.9628,"pct_60m":0.1176,"pop_10_14":59.0,"pop_15_19":59.0,"renda_media":1859.54,"renda_mediana":1212.0,"infra":0.7253,"pavimentacao":0.9011,"iluminacao":1.0,"calcada":1.0,"onibus":0.0037,"local_id":"83-1759","regiao":"Zona Oeste (interna)"},"geometry":{"type":"Polygon","coordinates":[[[-40.52604,-9.38012],[-40.5243,-9.38458],[-40.52392,-9.38635],[-40.52479,-9.38714],[-40.52487,-9.38789],[-40.52538,-9.38724],[-40.52564,-9.38718],[-40.52598,-9.38748],[-40.52667,-9.38652],[-40.52919,-9.38439],[-40.53112,-9.38227],[-40.52604,-9.38012]]]}},{"type":"Feature","properties":{"CD_SETOR":"261110105080012","SITUACAO":"Urbana","NM_BAIRRO":"Jardim São Paulo","NM_DIST":"Petrolina","v0001":726,"v0007":242,"densidade":6616.5265,"taxa_alfab":0.9723,"pct_60m":0.1281,"pop_10_14":36.0,"pop_15_19":61.0,"renda_media":3263.62,"renda_mediana":2000.0,"infra":0.7645,"pavimentacao":1.0,"iluminacao":1.0,"calcada":0.9545,"onibus":0.0,"local_id":"145-1503","regiao":"Zona Oeste (externa)"},"geometry":{"type":"Polygon","coordinates":[[[-40.53895,-9.36944],[-40.54032,-9.37111],[-40.54262,-9.36723],[-40.54026,-9.36589],[-40.5398,-9.36667],[-40.5404,-9.36703],[-40.53895,-9.36944]]]}},{"type":"Feature","properties":{"CD_SETOR":"261110105080013","SITUACAO":"Urbana","NM_BAIRRO":"Jardim São Paulo","NM_DIST":"Petrolina","v0001":723,"v0007":243,"densidade":6581.8749,"taxa_alfab":0.9625,"pct_60m":0.1577,"pop_10_14":56.0,"pop_15_19":63.0,"renda_media":2787.86,"renda_mediana":2000.0,"infra":0.714,"pavimentacao":0.8354,"iluminacao":1.0,"calcada":0.9959,"onibus":0.0,"local_id":"145-1503","regiao":"Zona Oeste (externa)"},"geometry":{"type":"Polygon","coordinates":[[[-40.53803,-9.36558],[-40.53784,-9.36864],[-40.53846,-9.36869],[-40.53895,-9.36944],[-40.5404,-9.36703],[-40.5398,-9.36667],[-40.54026,-9.36589],[-40.54262,-9.36723],[-40.54285,-9.36683],[-40.53886,-9.36447],[-40.53844,-9.36588],[-40.53803,-9.36558]]]}},{"type":"Feature","properties":{"CD_SETOR":"261110105080014","SITUACAO":"Urbana","NM_BAIRRO":"Jardim São Paulo","NM_DIST":"Petrolina","v0001":922,"v0007":314,"densidade":3437.1147,"taxa_alfab":0.9603,"pct_60m":0.0792,"pop_10_14":66.0,"pop_15_19":89.0,"renda_media":2124.66,"renda_mediana":1212.0,"infra":0.7269,"pavimentacao":0.8854,"iluminacao":1.0,"calcada":1.0,"onibus":0.0255,"local_id":"145-1112","regiao":"Zona Oeste (externa)"},"geometry":{"type":"Polygon","coordinates":[[[-40.53859,-9.36116],[-40.53691,-9.36312],[-40.53667,-9.3655],[-40.53803,-9.36558],[-40.53844,-9.36588],[-40.53886,-9.36447],[-40.54285,-9.36683],[-40.54382,-9.36517],[-40.54045,-9.36268],[-40.5409,-9.3613],[-40.54144,-9.36093],[-40.54025,-9.36061],[-40.53859,-9.36116]]]}},{"type":"Feature","properties":{"CD_SETOR":"261110105080015","SITUACAO":"Urbana","NM_BAIRRO":"Jardim São Paulo","NM_DIST":"Petrolina","v0001":1000,"v0007":319,"densidade":6746.9138,"taxa_alfab":0.9219,"pct_60m":0.079,"pop_10_14":102.0,"pop_15_19":82.0,"renda_media":1874.98,"renda_mediana":1212.0,"infra":0.608,"pavimentacao":0.4574,"iluminacao":0.9748,"calcada":1.0,"onibus":0.0,"local_id":"145-1210","regiao":"Zona Oeste (externa)"},"geometry":{"type":"Polygon","coordinates":[[[-40.53385,-9.36954],[-40.534,-9.36953],[-40.53925,-9.36985],[-40.53846,-9.36869],[-40.53784,-9.36864],[-40.53796,-9.36697],[-40.53561,-9.36682],[-40.53403,-9.36674],[-40.53385,-9.36954]]]}},{"type":"Feature","properties":{"CD_SETOR":"261110105080016","SITUACAO":"Urbana","NM_BAIRRO":"Cosme e Damião","NM_DIST":"Petrolina","v0001":1068,"v0007":359,"densidade":11924.3202,"taxa_alfab":0.9189,"pct_60m":0.0861,"pop_10_14":59.0,"pop_15_19":85.0,"renda_media":1544.48,"renda_mediana":1212.0,"infra":0.7235,"pavimentacao":0.8468,"iluminacao":1.0,"calcada":0.9582,"onibus":0.0,"local_id":"83-1619","regiao":"Zona Oeste (externa)"},"geometry":{"type":"Polygon","coordinates":[[[-40.54825,-9.36446],[-40.54781,-9.36525],[-40.54743,-9.36502],[-40.54577,-9.36791],[-40.54807,-9.36652],[-40.54854,-9.36565],[-40.54896,-9.3659],[-40.54916,-9.36554],[-40.55091,-9.36654],[-40.55079,-9.36593],[-40.54973,-9.36533],[-40.55046,-9.36413],[-40.55046,-9.36326],[-40.5497,-9.36285],[-40.54864,-9.36469],[-40.54825,-9.36446]]]}},{"type":"Feature","properties":{"CD_SETOR":"261110105080017","SITUACAO":"Urbana","NM_BAIRRO":"Cosme e Damião","NM_DIST":"Petrolina","v0001":1101,"v0007":372,"densidade":9682.6244,"taxa_alfab":0.9383,"pct_60m":0.0999,"pop_10_14":68.0,"pop_15_19":91.0,"renda_media":1727.43,"renda_mediana":1212.0,"infra":0.8673,"pavimentacao":0.938,"iluminacao":1.0,"calcada":0.9865,"onibus":0.1294,"local_id":"83-1872","regiao":"Zona Oeste (externa)"},"geometry":{"type":"Polygon","coordinates":[[[-40.54663,-9.36034],[-40.54459,-9.36386],[-40.54725,-9.3639],[-40.54825,-9.36446],[-40.54912,-9.36299],[-40.54877,-9.36278],[-40.54898,-9.36242],[-40.54709,-9.36133],[-40.54742,-9.36079],[-40.54663,-9.36034]]]}},{"type":"Feature","properties":{"CD_SETOR":"261110105080018","SITUACAO":"Urbana","NM_BAIRRO":"Cosme e Damião","NM_DIST":"Petrolina","v0001":551,"v0007":187,"densidade":6054.3781,"taxa_alfab":0.9129,"pct_60m":0.0907,"pop_10_14":32.0,"pop_15_19":39.0,"renda_media":1360.57,"renda_mediana":1200.0,"infra":0.6444,"pavimentacao":0.5508,"iluminacao":1.0,"calcada":0.9893,"onibus":0.016,"local_id":"83-1872","regiao":"Zona Oeste (externa)"},"geometry":{"type":"Polygon","coordinates":[[[-40.54459,-9.36386],[-40.54334,-9.36605],[-40.54462,-9.36731],[-40.54613,-9.36473],[-40.54688,-9.36515],[-40.54708,-9.36482],[-40.54781,-9.36525],[-40.54825,-9.36446],[-40.54725,-9.3639],[-40.54459,-9.36386]]]}},{"type":"Feature","properties":{"CD_SETOR":"261110105080019","SITUACAO":"Urbana","NM_BAIRRO":"João de Deus","NM_DIST":"Petrolina","v0001":826,"v0007":265,"densidade":14537.1872,"taxa_alfab":0.9032,"pct_60m":0.0787,"pop_10_14":80.0,"pop_15_19":55.0,"renda_media":1271.48,"renda_mediana":1212.0,"infra":0.6698,"pavimentacao":0.6981,"iluminacao":0.9849,"calcada":0.9962,"onibus":0.0,"local_id":"145-1651","regiao":"Zona Oeste (externa)"},"geometry":{"type":"Polygon","coordinates":[[[-40.53745,-9.35824],[-40.5379,-9.35837],[-40.53804,-9.35792],[-40.53983,-9.35844],[-40.54036,-9.35661],[-40.5381,-9.35597],[-40.53745,-9.35824]]]}},{"type":"Feature","properties":{"CD_SETOR":"261110105080020","SITUACAO":"Urbana","NM_BAIRRO":"João de Deus","NM_DIST":"Petrolina","v0001":977,"v0007":299,"densidade":11738.3238,"taxa_alfab":0.8533,"pct_60m":0.1034,"pop_10_14":84.0,"pop_15_19":81.0,"renda_media":1696.11,"renda_mediana":1250.0,"infra":0.6421,"pavimentacao":0.5719,"iluminacao":1.0,"calcada":0.9967,"onibus":0.0,"local_id":"145-1511","regiao":"Zona Oeste (externa)"},"geometry":{"type":"Polygon","coordinates":[[[-40.53583,-9.35531],[-40.53503,-9.35811],[-40.53728,-9.35877],[-40.5381,-9.35597],[-40.53583,-9.35531]]]}},{"type":"Feature","properties":{"CD_SETOR":"261110105080021","SITUACAO":"Urbana","NM_BAIRRO":"João de Deus","NM_DIST":"Petrolina","v0001":1115,"v0007":341,"densidade":16488.9391,"taxa_alfab":0.8631,"pct_60m":0.1103,"pop_10_14":77.0,"pop_15_19":98.0,"renda_media":1257.73,"renda_mediana":1200.0,"infra":0.662,"pavimentacao":0.651,"iluminacao":1.0,"calcada":0.9971,"onibus":0.0,"local_id":"145-1511","regiao":"Zona Oeste (externa)"},"geometry":{"type":"Polygon","coordinates":[[[-40.53503,-9.35811],[-40.53436,-9.3604],[-40.53662,-9.36101],[-40.53728,-9.35877],[-40.53503,-9.35811]]]}},{"type":"Feature","properties":{"CD_SETOR":"261110105080023","SITUACAO":"Urbana","NM_BAIRRO":"João de Deus","NM_DIST":"Petrolina","v0001":1058,"v0007":364,"densidade":9794.5695,"taxa_alfab":0.8717,"pct_60m":0.1096,"pop_10_14":84.0,"pop_15_19":108.0,"renda_media":1261.64,"renda_mediana":1212.0,"infra":0.5749,"pavimentacao":0.3571,"iluminacao":1.0,"calcada":0.9423,"onibus":0.0,"local_id":"145-1112","regiao":"Zona Oeste (externa)"},"geometry":{"type":"Polygon","coordinates":[[[-40.53745,-9.35824],[-40.53659,-9.36127],[-40.53811,-9.3617],[-40.53859,-9.36116],[-40.54025,-9.36061],[-40.53976,-9.36045],[-40.54016,-9.35902],[-40.53971,-9.35888],[-40.53983,-9.35844],[-40.53804,-9.35792],[-40.5379,-9.35837],[-40.53745,-9.35824]]]}},{"type":"Feature","properties":{"CD_SETOR":"261110105080024","SITUACAO":"Urbana","NM_BAIRRO":"João de Deus","NM_DIST":"Petrolina","v0001":881,"v0007":281,"densidade":15398.1597,"taxa_alfab":0.843,"pct_60m":0.0681,"pop_10_14":70.0,"pop_15_19":74.0,"renda_media":1329.12,"renda_mediana":1212.0,"infra":0.6557,"pavimentacao":0.6228,"iluminacao":1.0,"calcada":1.0,"onibus":0.0,"local_id":"145-1651","regiao":"Zona Oeste (externa)"},"geometry":{"type":"Polygon","coordinates":[[[-40.54036,-9.35661],[-40.53971,-9.35888],[-40.54016,-9.35902],[-40.5403,-9.35858],[-40.5421,-9.35909],[-40.54263,-9.35727],[-40.54036,-9.35661]]]}},{"type":"Feature","properties":{"CD_SETOR":"261110105080025","SITUACAO":"Urbana","NM_BAIRRO":"João de Deus","NM_DIST":"Petrolina","v0001":989,"v0007":316,"densidade":13219.6819,"taxa_alfab":0.8596,"pct_60m":0.1041,"pop_10_14":78.0,"pop_15_19":82.0,"renda_media":1604.2,"renda_mediana":1212.0,"infra":0.6175,"pavimentacao":0.4762,"iluminacao":0.9937,"calcada":1.0,"onibus":0.0,"local_id":"145-1651","regiao":"Zona Oeste (externa)"},"geometry":{"type":"Polygon","coordinates":[[[-40.5403,-9.35858],[-40.53976,-9.36045],[-40.54144,-9.36093],[-40.54181,-9.36004],[-40.54427,-9.36072],[-40.54435,-9.36022],[-40.54242,-9.35964],[-40.54309,-9.3574],[-40.54263,-9.35727],[-40.5421,-9.35909],[-40.5403,-9.35858]]]}},{"type":"Feature","properties":{"CD_SETOR":"261110105080026","SITUACAO":"Urbana","NM_BAIRRO":"João de Deus","NM_DIST":"Petrolina","v0001":743,"v0007":262,"densidade":4285.0789,"taxa_alfab":0.8791,"pct_60m":0.0659,"pop_10_14":64.0,"pop_15_19":66.0,"renda_media":1297.61,"renda_mediana":1212.0,"infra":0.5124,"pavimentacao":0.1412,"iluminacao":0.9313,"calcada":0.9771,"onibus":0.0,"local_id":"145-1651","regiao":"Zona Oeste (externa)"},"geometry":{"type":"Polygon","coordinates":[[[-40.54335,-9.3565],[-40.54298,-9.35784],[-40.54494,-9.35841],[-40.54427,-9.36072],[-40.54249,-9.36024],[-40.54564,-9.36205],[-40.5481,-9.35788],[-40.5469,-9.35723],[-40.54592,-9.35722],[-40.54335,-9.3565]]]}},{"type":"Feature","properties":{"CD_SETOR":"261110105080028","SITUACAO":"Urbana","NM_BAIRRO":"João de Deus","NM_DIST":"Petrolina","v0001":628,"v0007":201,"densidade":2219.8235,"taxa_alfab":0.8486,"pct_60m":0.0557,"pop_10_14":63.0,"pop_15_19":62.0,"renda_media":1343.37,"renda_mediana":1212.0,"infra":0.5684,"pavimentacao":0.2786,"iluminacao":1.0,"calcada":0.995,"onibus":0.0,"local_id":"145-1651","regiao":"Zona Oeste (externa)"},"geometry":{"type":"Polygon","coordinates":[[[-40.53538,-9.35121],[-40.53676,-9.35209],[-40.53902,-9.35242],[-40.53862,-9.35416],[-40.54089,-9.35482],[-40.54112,-9.35415],[-40.54072,-9.35392],[-40.54108,-9.35318],[-40.5397,-9.35293],[-40.54271,-9.35128],[-40.54237,-9.35063],[-40.53733,-9.34796],[-40.53599,-9.34991],[-40.53538,-9.35121]]]}},{"type":"Feature","properties":{"CD_SETOR":"261110105080030","SITUACAO":"Urbana","NM_BAIRRO":"João de Deus","NM_DIST":"Petrolina","v0001":722,"v0007":242,"densidade":10670.4199,"taxa_alfab":0.82,"pct_60m":0.0886,"pop_10_14":63.0,"pop_15_19":69.0,"renda_media":1455.75,"renda_mediana":1212.0,"infra":0.7118,"pavimentacao":0.8926,"iluminacao":1.0,"calcada":0.9545,"onibus":0.0,"local_id":"145-1511","regiao":"Zona Oeste (externa)"},"geometry":{"type":"Polygon","coordinates":[[[-40.53271,-9.35745],[-40.53317,-9.35759],[-40.53292,-9.3585],[-40.53476,-9.359],[-40.53543,-9.35668],[-40.53359,-9.35617],[-40.53372,-9.3557],[-40.53334,-9.35558],[-40.53271,-9.35745]]]}},{"type":"Feature","properties":{"CD_SETOR":"261110105080031","SITUACAO":"Urbana","NM_BAIRRO":"João de Deus","NM_DIST":"Petrolina","v0001":721,"v0007":233,"densidade":10356.5305,"taxa_alfab":0.904,"pct_60m":0.0832,"pop_10_14":58.0,"pop_15_19":66.0,"renda_media":1771.64,"renda_mediana":1212.0,"infra":0.7017,"pavimentacao":0.8112,"iluminacao":1.0,"calcada":0.9957,"onibus":0.0,"local_id":"145-1791","regiao":"Zona Norte"},"geometry":{"type":"Polygon","coordinates":[[[-40.51925,-9.34957],[-40.51889,-9.35092],[-40.52305,-9.35165],[-40.52317,-9.35029],[-40.51925,-9.34957]]]}},{"type":"Feature","properties":{"CD_SETOR":"261110105080032","SITUACAO":"Urbana","NM_BAIRRO":"Pedro Raimundo","NM_DIST":"Petrolina","v0001":586,"v0007":193,"densidade":11436.7829,"taxa_alfab":0.9067,"pct_60m":0.1229,"pop_10_14":39.0,"pop_15_19":41.0,"renda_media":1373.15,"renda_mediana":1212.0,"infra":0.9482,"pavimentacao":1.0,"iluminacao":1.0,"calcada":1.0,"onibus":0.0,"local_id":"145-1074","regiao":"Zona Oeste (interna)"},"geometry":{"type":"Polygon","coordinates":[[[-40.52521,-9.37145],[-40.52705,-9.37227],[-40.52664,-9.37312],[-40.5287,-9.37402],[-40.52944,-9.37282],[-40.52541,-9.37104],[-40.52521,-9.37145]]]}},{"type":"Feature","properties":{"CD_SETOR":"261110105080033","SITUACAO":"Urbana","NM_BAIRRO":"Pedro Raimundo","NM_DIST":"Petrolina","v0001":666,"v0007":190,"densidade":12684.6856,"taxa_alfab":0.8966,"pct_60m":0.0901,"pop_10_14":54.0,"pop_15_19":65.0,"renda_media":1273.16,"renda_mediana":1212.0,"infra":0.7961,"pavimentacao":1.0,"iluminacao":1.0,"calcada":1.0,"onibus":0.0,"local_id":"145-1074","regiao":"Zona Oeste (interna)"},"geometry":{"type":"Polygon","coordinates":[[[-40.5241,-9.37125],[-40.52511,-9.37166],[-40.52579,-9.37018],[-40.52949,-9.37179],[-40.52949,-9.37131],[-40.52495,-9.36925],[-40.5241,-9.37125]]]}},{"type":"Feature","properties":{"CD_SETOR":"261110105080035","SITUACAO":"Urbana","NM_BAIRRO":"Pedro Raimundo","NM_DIST":"Petrolina","v0001":999,"v0007":304,"densidade":10878.2234,"taxa_alfab":0.9154,"pct_60m":0.1251,"pop_10_14":77.0,"pop_15_19":82.0,"renda_media":1502.74,"renda_mediana":1212.0,"infra":0.8594,"pavimentacao":0.977,"iluminacao":1.0,"calcada":1.0,"onibus":0.0,"local_id":"145-1074","regiao":"Zona Oeste (interna)"},"geometry":{"type":"Polygon","coordinates":[[[-40.52309,-9.37351],[-40.52784,-9.37573],[-40.52841,-9.37448],[-40.52368,-9.37213],[-40.52309,-9.37351]]]}},{"type":"Feature","properties":{"CD_SETOR":"261110105080037","SITUACAO":"Urbana","NM_BAIRRO":"José e Maria","NM_DIST":"Petrolina","v0001":913,"v0007":293,"densidade":8367.4616,"taxa_alfab":0.9441,"pct_60m":0.126,"pop_10_14":65.0,"pop_15_19":71.0,"renda_media":1639.49,"renda_mediana":1212.0,"infra":0.7491,"pavimentacao":1.0,"iluminacao":1.0,"calcada":0.9966,"onibus":0.0171,"local_id":"145-1961","regiao":"Zona Norte"},"geometry":{"type":"Polygon","coordinates":[[[-40.4959,-9.36697],[-40.49286,-9.36947],[-40.49327,-9.37008],[-40.49311,-9.37115],[-40.49552,-9.37157],[-40.49616,-9.36762],[-40.4959,-9.36697]]]}},{"type":"Feature","properties":{"CD_SETOR":"261110105080038","SITUACAO":"Urbana","NM_BAIRRO":"José e Maria","NM_DIST":"Petrolina","v0001":601,"v0007":205,"densidade":13833.1373,"taxa_alfab":0.9213,"pct_60m":0.1398,"pop_10_14":53.0,"pop_15_19":45.0,"renda_media":1654.92,"renda_mediana":1212.0,"infra":0.75,"pavimentacao":1.0,"iluminacao":1.0,"calcada":1.0,"onibus":0.0146,"local_id":"145-2020","regiao":"Zona Norte"},"geometry":{"type":"Polygon","coordinates":[[[-40.4959,-9.36941],[-40.49833,-9.36984],[-40.49858,-9.36874],[-40.49828,-9.36834],[-40.49615,-9.36796],[-40.4959,-9.36941]]]}},{"type":"Feature","properties":{"CD_SETOR":"261110105080039","SITUACAO":"Urbana","NM_BAIRRO":"José e Maria","NM_DIST":"Petrolina","v0001":782,"v0007":267,"densidade":9499.708,"taxa_alfab":0.9075,"pct_60m":0.1279,"pop_10_14":64.0,"pop_15_19":63.0,"renda_media":1648.49,"renda_mediana":1212.0,"infra":0.7462,"pavimentacao":1.0,"iluminacao":1.0,"calcada":0.9848,"onibus":0.1705,"local_id":"145-1988","regiao":"Zona Norte"},"geometry":{"type":"Polygon","coordinates":[[[-40.49894,-9.36447],[-40.4959,-9.36697],[-40.49615,-9.36796],[-40.49828,-9.36834],[-40.49858,-9.36874],[-40.49941,-9.36806],[-40.49792,-9.36634],[-40.49943,-9.36507],[-40.49894,-9.36447]]]}},{"type":"Feature","properties":{"CD_SETOR":"261110105080040","SITUACAO":"Urbana","NM_BAIRRO":"José e Maria","NM_DIST":"Petrolina","v0001":769,"v0007":272,"densidade":14006.0283,"taxa_alfab":0.8559,"pct_60m":0.1196,"pop_10_14":53.0,"pop_15_19":73.0,"renda_media":1468.89,"renda_mediana":1212.0,"infra":0.7261,"pavimentacao":0.9522,"iluminacao":1.0,"calcada":0.9522,"onibus":0.0037,"local_id":"145-1988","regiao":"Zona Norte"},"geometry":{"type":"Polygon","coordinates":[[[-40.49941,-9.36806],[-40.50096,-9.36687],[-40.49943,-9.36507],[-40.49792,-9.36634],[-40.49941,-9.36806]]]}},{"type":"Feature","properties":{"CD_SETOR":"261110105080042","SITUACAO":"Urbana","NM_BAIRRO":"José e Maria","NM_DIST":"Petrolina","v0001":629,"v0007":225,"densidade":14180.086,"taxa_alfab":0.895,"pct_60m":0.1176,"pop_10_14":52.0,"pop_15_19":56.0,"renda_media":1421.91,"renda_mediana":1212.0,"infra":0.9478,"pavimentacao":1.0,"iluminacao":1.0,"calcada":1.0,"onibus":0.0,"local_id":"145-1988","regiao":"Zona Norte"},"geometry":{"type":"Polygon","coordinates":[[[-40.49393,-9.3654],[-40.49555,-9.36726],[-40.4967,-9.36634],[-40.49509,-9.36448],[-40.49393,-9.3654]]]}},{"type":"Feature","properties":{"CD_SETOR":"261110105080045","SITUACAO":"Urbana","NM_BAIRRO":"José e Maria","NM_DIST":"Petrolina","v0001":653,"v0007":239,"densidade":3654.9493,"taxa_alfab":0.95,"pct_60m":0.1026,"pop_10_14":49.0,"pop_15_19":44.0,"renda_media":1662.13,"renda_mediana":1212.0,"infra":0.6964,"pavimentacao":0.8445,"iluminacao":1.0,"calcada":0.9412,"onibus":0.0,"local_id":"145-1996","regiao":"Zona Norte"},"geometry":{"type":"Polygon","coordinates":[[[-40.49286,-9.36947],[-40.4875,-9.373],[-40.4887,-9.37434],[-40.4899,-9.37508],[-40.48945,-9.37503],[-40.4904,-9.37546],[-40.49223,-9.37585],[-40.49271,-9.37329],[-40.4903,-9.37288],[-40.49045,-9.37197],[-40.49327,-9.37008],[-40.49286,-9.36947]]]}},{"type":"Feature","properties":{"CD_SETOR":"261110105080046","SITUACAO":"Urbana","NM_BAIRRO":"José e Maria","NM_DIST":"Petrolina","v0001":728,"v0007":256,"densidade":11596.3751,"taxa_alfab":0.9552,"pct_60m":0.1236,"pop_10_14":57.0,"pop_15_19":69.0,"renda_media":1774.82,"renda_mediana":1212.0,"infra":0.75,"pavimentacao":1.0,"iluminacao":1.0,"calcada":1.0,"onibus":0.0,"local_id":"145-1961","regiao":"Zona Norte"},"geometry":{"type":"Polygon","coordinates":[[[-40.49271,-9.37329],[-40.49324,-9.37048],[-40.49327,-9.37008],[-40.49045,-9.37197],[-40.4903,-9.37288],[-40.49271,-9.37329]]]}},{"type":"Feature","properties":{"CD_SETOR":"261110105080049","SITUACAO":"Urbana","NM_BAIRRO":"Km 2","NM_DIST":"Petrolina","v0001":971,"v0007":332,"densidade":3120.6844,"taxa_alfab":0.9819,"pct_60m":0.1977,"pop_10_14":52.0,"pop_15_19":59.0,"renda_media":4771.66,"renda_mediana":3000.0,"infra":0.7605,"pavimentacao":1.0,"iluminacao":1.0,"calcada":1.0,"onibus":0.0181,"local_id":"144-1422","regiao":"Centro"},"geometry":{"type":"Polygon","coordinates":[[[-40.50379,-9.38253],[-40.50591,-9.38384],[-40.50992,-9.38498],[-40.51105,-9.38068],[-40.5078,-9.37924],[-40.50727,-9.38],[-40.50619,-9.3808],[-40.50343,-9.38124],[-40.50379,-9.38253]]]}},{"type":"Feature","properties":{"CD_SETOR":"261110105080050","SITUACAO":"Urbana","NM_BAIRRO":"Caminho Do Sol","NM_DIST":"Petrolina","v0001":318,"v0007":111,"densidade":1351.8847,"taxa_alfab":0.9776,"pct_60m":0.1415,"pop_10_14":20.0,"pop_15_19":19.0,"renda_media":5086.42,"renda_mediana":3800.0,"infra":0.5766,"pavimentacao":0.3243,"iluminacao":1.0,"calcada":0.982,"onibus":0.018,"local_id":"144-1520","regiao":"Zona Norte"},"geometry":{"type":"Polygon","coordinates":[[[-40.50343,-9.38124],[-40.50619,-9.3808],[-40.50727,-9.38],[-40.5078,-9.37924],[-40.50482,-9.37808],[-40.50045,-9.37729],[-40.50091,-9.38123],[-40.50336,-9.38058],[-40.50343,-9.38124]]]}},{"type":"Feature","properties":{"CD_SETOR":"261110105080051","SITUACAO":"Urbana","NM_BAIRRO":"Dom Malan","NM_DIST":"Petrolina","v0001":941,"v0007":315,"densidade":5539.8776,"taxa_alfab":0.9507,"pct_60m":0.187,"pop_10_14":48.0,"pop_15_19":64.0,"renda_media":2936.41,"renda_mediana":1900.0,"infra":0.75,"pavimentacao":1.0,"iluminacao":1.0,"calcada":1.0,"onibus":0.0191,"local_id":"144-1015","regiao":"Zona Norte"},"geometry":{"type":"Polygon","coordinates":[[[-40.49819,-9.38376],[-40.49286,-9.38407],[-40.493,-9.38761],[-40.49662,-9.38617],[-40.49863,-9.38509],[-40.49819,-9.38376]]]}},{"type":"Feature","properties":{"CD_SETOR":"261110105080052","SITUACAO":"Urbana","NM_BAIRRO":"Areia Branca","NM_DIST":"Petrolina","v0001":903,"v0007":306,"densidade":7102.1731,"taxa_alfab":0.9629,"pct_60m":0.2359,"pop_10_14":45.0,"pop_15_19":60.0,"renda_media":3464.97,"renda_mediana":2500.0,"infra":0.7108,"pavimentacao":1.0,"iluminacao":0.8431,"calcada":1.0,"onibus":0.0033,"local_id":"144-1023","regiao":"Zona Norte"},"geometry":{"type":"Polygon","coordinates":[[[-40.49279,-9.38012],[-40.49287,-9.38145],[-40.4908,-9.38154],[-40.49087,-9.38289],[-40.49642,-9.38269],[-40.49635,-9.38086],[-40.49422,-9.38095],[-40.49418,-9.38006],[-40.49279,-9.38012]]]}},{"type":"Feature","properties":{"CD_SETOR":"261110105080053","SITUACAO":"Urbana","NM_BAIRRO":"Areia Branca","NM_DIST":"Petrolina","v0001":967,"v0007":338,"densidade":11061.6264,"taxa_alfab":0.9557,"pct_60m":0.2699,"pop_10_14":46.0,"pop_15_19":66.0,"renda_media":3158.66,"renda_mediana":2225.0,"infra":0.7544,"pavimentacao":1.0,"iluminacao":1.0,"calcada":1.0,"onibus":0.0148,"local_id":"144-1023","regiao":"Zona Norte"},"geometry":{"type":"Polygon","coordinates":[[[-40.49275,-9.3786],[-40.49279,-9.38012],[-40.49418,-9.38006],[-40.49422,-9.38095],[-40.49635,-9.38086],[-40.49613,-9.37848],[-40.49275,-9.3786]]]}},{"type":"Feature","properties":{"CD_SETOR":"261110105080054","SITUACAO":"Urbana","NM_BAIRRO":"Areia Branca","NM_DIST":"Petrolina","v0001":569,"v0007":197,"densidade":6010.6868,"taxa_alfab":0.9554,"pct_60m":0.2004,"pop_10_14":30.0,"pop_15_19":33.0,"renda_media":3610.84,"renda_mediana":2000.0,"infra":0.7487,"pavimentacao":0.9949,"iluminacao":1.0,"calcada":1.0,"onibus":0.0051,"local_id":"144-1023","regiao":"Zona Norte"},"geometry":{"type":"Polygon","coordinates":[[[-40.49275,-9.3786],[-40.49613,-9.37848],[-40.49592,-9.37649],[-40.49266,-9.37592],[-40.49275,-9.3786]]]}},{"type":"Feature","properties":{"CD_SETOR":"261110105080055","SITUACAO":"Urbana","NM_BAIRRO":"Areia Branca","NM_DIST":"Petrolina","v0001":794,"v0007":284,"densidade":8271.5614,"taxa_alfab":0.967,"pct_60m":0.2607,"pop_10_14":42.0,"pop_15_19":34.0,"renda_media":3461.18,"renda_mediana":2500.0,"infra":0.75,"pavimentacao":1.0,"iluminacao":1.0,"calcada":1.0,"onibus":0.0,"local_id":"145-1945","regiao":"Zona Norte"},"geometry":{"type":"Polygon","coordinates":[[[-40.48846,-9.37533],[-40.48868,-9.37878],[-40.49083,-9.37869],[-40.49079,-9.37556],[-40.48945,-9.37503],[-40.48846,-9.37533]]]}},{"type":"Feature","properties":{"CD_SETOR":"261110105080056","SITUACAO":"Urbana","NM_BAIRRO":"Areia Branca","NM_DIST":"Petrolina","v0001":1101,"v0007":370,"densidade":6029.7776,"taxa_alfab":0.9799,"pct_60m":0.2343,"pop_10_14":58.0,"pop_15_19":63.0,"renda_media":4314.26,"renda_mediana":2500.0,"infra":0.75,"pavimentacao":1.0,"iluminacao":1.0,"calcada":1.0,"onibus":0.1324,"local_id":"144-1023","regiao":"Zona Norte"},"geometry":{"type":"Polygon","coordinates":[[[-40.49275,-9.3786],[-40.48868,-9.37878],[-40.48884,-9.38323],[-40.49087,-9.38316],[-40.4908,-9.38154],[-40.49287,-9.38145],[-40.49275,-9.3786]]]}},{"type":"Feature","properties":{"CD_SETOR":"261110105080057","SITUACAO":"Urbana","NM_BAIRRO":"Areia Branca","NM_DIST":"Petrolina","v0001":528,"v0007":193,"densidade":4854.2211,"taxa_alfab":0.9828,"pct_60m":0.2424,"pop_10_14":23.0,"pop_15_19":26.0,"renda_media":4279.01,"renda_mediana":3000.0,"infra":0.75,"pavimentacao":1.0,"iluminacao":1.0,"calcada":1.0,"onibus":0.0933,"local_id":"144-1023","regiao":"Zona Norte"},"geometry":{"type":"Polygon","coordinates":[[[-40.49087,-9.38289],[-40.49087,-9.38316],[-40.48884,-9.38323],[-40.48898,-9.38425],[-40.49646,-9.38394],[-40.49642,-9.38269],[-40.49087,-9.38289]]]}},{"type":"Feature","properties":{"CD_SETOR":"261110105080059","SITUACAO":"Urbana","NM_BAIRRO":"Areia Branca","NM_DIST":"Petrolina","v0001":899,"v0007":316,"densidade":9812.4398,"taxa_alfab":0.9594,"pct_60m":0.2258,"pop_10_14":47.0,"pop_15_19":58.0,"renda_media":2515.79,"renda_mediana":1500.0,"infra":0.754,"pavimentacao":1.0,"iluminacao":1.0,"calcada":1.0,"onibus":0.0728,"local_id":"144-1066","regiao":"Zona Norte"},"geometry":{"type":"Polygon","coordinates":[[[-40.4916,-9.38539],[-40.49167,-9.38695],[-40.48906,-9.38707],[-40.48917,-9.38941],[-40.49095,-9.38838],[-40.493,-9.38761],[-40.4929,-9.38537],[-40.4916,-9.38539]]]}},{"type":"Feature","properties":{"CD_SETOR":"261110105080060","SITUACAO":"Urbana","NM_BAIRRO":"Dom Avelar","NM_DIST":"Petrolina","v0001":717,"v0007":227,"densidade":10244.4599,"taxa_alfab":0.9295,"pct_60m":0.0934,"pop_10_14":55.0,"pop_15_19":58.0,"renda_media":1702.95,"renda_mediana":1212.0,"infra":0.7233,"pavimentacao":0.8933,"iluminacao":1.0,"calcada":0.9956,"onibus":0.0,"local_id":"145-2003","regiao":"Zona Norte"},"geometry":{"type":"Polygon","coordinates":[[[-40.49756,-9.35734],[-40.49455,-9.35998],[-40.49588,-9.36077],[-40.4986,-9.35855],[-40.49756,-9.35734]]]}},{"type":"Feature","properties":{"CD_SETOR":"261110105080061","SITUACAO":"Urbana","NM_BAIRRO":"Dom Avelar","NM_DIST":"Petrolina","v0001":859,"v0007":284,"densidade":11234.6956,"taxa_alfab":0.9162,"pct_60m":0.1199,"pop_10_14":42.0,"pop_15_19":82.0,"renda_media":2129.44,"renda_mediana":1500.0,"infra":0.6963,"pavimentacao":0.919,"iluminacao":0.8662,"calcada":1.0,"onibus":0.0,"local_id":"145-2003","regiao":"Zona Norte"},"geometry":{"type":"Polygon","coordinates":[[[-40.49936,-9.36096],[-40.49737,-9.36262],[-40.49894,-9.36447],[-40.50093,-9.36281],[-40.49936,-9.36096]]]}},{"type":"Feature","properties":{"CD_SETOR":"261110105080062","SITUACAO":"Urbana","NM_BAIRRO":"Dom Avelar","NM_DIST":"Petrolina","v0001":740,"v0007":248,"densidade":8873.8505,"taxa_alfab":0.9242,"pct_60m":0.1257,"pop_10_14":43.0,"pop_15_19":61.0,"renda_media":1924.21,"renda_mediana":1212.0,"infra":0.6482,"pavimentacao":0.5766,"iluminacao":0.9919,"calcada":0.9919,"onibus":0.0685,"local_id":"145-2003","regiao":"Zona Norte"},"geometry":{"type":"Polygon","coordinates":[[[-40.49936,-9.36096],[-40.50093,-9.36281],[-40.50315,-9.36097],[-40.5016,-9.35914],[-40.49936,-9.36096]]]}},{"type":"Feature","properties":{"CD_SETOR":"261110105080063","SITUACAO":"Urbana","NM_BAIRRO":"Dom Avelar","NM_DIST":"Petrolina","v0001":948,"v0007":313,"densidade":11184.4051,"taxa_alfab":0.8955,"pct_60m":0.0686,"pop_10_14":78.0,"pop_15_19":75.0,"renda_media":1628.92,"renda_mediana":1245.0,"infra":0.7851,"pavimentacao":1.0,"iluminacao":0.9904,"calcada":1.0,"onibus":0.1278,"local_id":"145-2003","regiao":"Zona Norte"},"geometry":{"type":"Polygon","coordinates":[[[-40.50006,-9.35731],[-40.50283,-9.36062],[-40.50369,-9.35994],[-40.50433,-9.35904],[-40.50072,-9.35659],[-40.50006,-9.35731]]]}},{"type":"Feature","properties":{"CD_SETOR":"261110105080065","SITUACAO":"Urbana","NM_BAIRRO":"Dom Avelar","NM_DIST":"Petrolina","v0001":933,"v0007":283,"densidade":6658.4923,"taxa_alfab":0.8815,"pct_60m":0.0429,"pop_10_14":89.0,"pop_15_19":78.0,"renda_media":1365.25,"renda_mediana":1200.0,"infra":0.5878,"pavimentacao":0.3688,"iluminacao":1.0,"calcada":0.9823,"onibus":0.0,"local_id":"145-2003","regiao":"Zona Norte"},"geometry":{"type":"Polygon","coordinates":[[[-40.49838,-9.352],[-40.50059,-9.35347],[-40.50325,-9.34955],[-40.50063,-9.34869],[-40.49838,-9.352]]]}},{"type":"Feature","properties":{"CD_SETOR":"261110105080066","SITUACAO":"Urbana","NM_BAIRRO":"Dom Avelar","NM_DIST":"Petrolina","v0001":1100,"v0007":348,"densidade":7290.7721,"taxa_alfab":0.9117,"pct_60m":0.0464,"pop_10_14":97.0,"pop_15_19":95.0,"renda_media":1358.75,"renda_mediana":1212.0,"infra":0.5093,"pavimentacao":0.0402,"iluminacao":0.9971,"calcada":1.0,"onibus":0.0,"local_id":"145-2003","regiao":"Zona Norte"},"geometry":{"type":"Polygon","coordinates":[[[-40.49838,-9.352],[-40.49634,-9.35453],[-40.49741,-9.3559],[-40.49724,-9.35612],[-40.49806,-9.3569],[-40.49821,-9.35663],[-40.49891,-9.3564],[-40.49932,-9.35588],[-40.49981,-9.35587],[-40.50003,-9.35609],[-40.50107,-9.35534],[-40.50083,-9.35486],[-40.50001,-9.35426],[-40.50059,-9.35347],[-40.49838,-9.352]]]}},{"type":"Feature","properties":{"CD_SETOR":"261110105080067","SITUACAO":"Urbana","NM_BAIRRO":"Dom Avelar","NM_DIST":"Petrolina","v0001":1090,"v0007":328,"densidade":10766.9819,"taxa_alfab":0.8969,"pct_60m":0.0734,"pop_10_14":83.0,"pop_15_19":91.0,"renda_media":1138.28,"renda_mediana":1212.0,"infra":0.5373,"pavimentacao":0.1646,"iluminacao":0.9848,"calcada":1.0,"onibus":0.003,"local_id":"145-2003","regiao":"Zona Norte"},"geometry":{"type":"Polygon","coordinates":[[[-40.49409,-9.35626],[-40.496,-9.35868],[-40.49806,-9.3569],[-40.49724,-9.35612],[-40.49741,-9.3559],[-40.49634,-9.35453],[-40.49409,-9.35626]]]}},{"type":"Feature","properties":{"CD_SETOR":"261110105080071","SITUACAO":"Urbana","NM_BAIRRO":"Dom Avelar","NM_DIST":"Petrolina","v0001":967,"v0007":341,"densidade":4211.1818,"taxa_alfab":0.979,"pct_60m":0.0838,"pop_10_14":61.0,"pop_15_19":80.0,"renda_media":3067.99,"renda_mediana":2400.0,"infra":0.5828,"pavimentacao":0.3314,"iluminacao":1.0,"calcada":1.0,"onibus":0.0,"local_id":"145-2135","regiao":"Zona Norte"},"geometry":{"type":"Polygon","coordinates":[[[-40.48017,-9.35927],[-40.4827,-9.36416],[-40.48539,-9.36271],[-40.48212,-9.3569],[-40.4804,-9.35794],[-40.48025,-9.35828],[-40.48041,-9.35911],[-40.48017,-9.35927]]]}},{"type":"Feature","properties":{"CD_SETOR":"261110105080073","SITUACAO":"Urbana","NM_BAIRRO":"Jardim São Paulo","NM_DIST":"Petrolina","v0001":870,"v0007":270,"densidade":13079.8731,"taxa_alfab":0.915,"pct_60m":0.0885,"pop_10_14":68.0,"pop_15_19":77.0,"renda_media":1681.16,"renda_mediana":1212.0,"infra":0.6546,"pavimentacao":0.5,"iluminacao":0.9593,"calcada":0.9667,"onibus":0.0259,"local_id":"145-1210","regiao":"Zona Oeste (externa)"},"geometry":{"type":"Polygon","coordinates":[[[-40.5341,-9.36573],[-40.53404,-9.3663],[-40.53798,-9.36646],[-40.53803,-9.36558],[-40.53667,-9.3655],[-40.53671,-9.3643],[-40.53476,-9.36431],[-40.53496,-9.36534],[-40.5341,-9.36573]]]}},{"type":"Feature","properties":{"CD_SETOR":"261110105080075","SITUACAO":"Urbana","NM_BAIRRO":"Antônio Cassimiro","NM_DIST":"Petrolina","v0001":675,"v0007":215,"densidade":12769.2943,"taxa_alfab":0.8967,"pct_60m":0.0948,"pop_10_14":42.0,"pop_15_19":48.0,"renda_media":1611.3,"renda_mediana":1212.0,"infra":0.5826,"pavimentacao":0.3302,"iluminacao":1.0,"calcada":1.0,"onibus":0.0,"local_id":"145-2003","regiao":"Zona Norte"},"geometry":{"type":"Polygon","coordinates":[[[-40.50131,-9.36249],[-40.50252,-9.36395],[-40.50075,-9.36544],[-40.50114,-9.36557],[-40.50392,-9.36342],[-40.50238,-9.36161],[-40.50131,-9.36249]]]}},{"type":"Feature","properties":{"CD_SETOR":"261110105080078","SITUACAO":"Urbana","NM_BAIRRO":"Alto Do Cocar","NM_DIST":"Petrolina","v0001":952,"v0007":333,"densidade":8372.7768,"taxa_alfab":0.9519,"pct_60m":0.1134,"pop_10_14":78.0,"pop_15_19":75.0,"renda_media":1564.74,"renda_mediana":1200.0,"infra":0.75,"pavimentacao":1.0,"iluminacao":1.0,"calcada":1.0,"onibus":0.0511,"local_id":"145-1473","regiao":"Zona Oeste (interna)"},"geometry":{"type":"Polygon","coordinates":[[[-40.52951,-9.37192],[-40.52944,-9.37282],[-40.52893,-9.37369],[-40.53339,-9.3756],[-40.53163,-9.37112],[-40.52974,-9.37198],[-40.52951,-9.37192]]]}},{"type":"Feature","properties":{"CD_SETOR":"261110105080080","SITUACAO":"Urbana","NM_BAIRRO":"Cosme e Damião","NM_DIST":"Petrolina","v0001":628,"v0007":206,"densidade":1556.2952,"taxa_alfab":0.9056,"pct_60m":0.0764,"pop_10_14":71.0,"pop_15_19":52.0,"renda_media":1490.37,"renda_mediana":1212.0,"infra":0.6347,"pavimentacao":0.5437,"iluminacao":1.0,"calcada":0.9951,"onibus":0.0,"local_id":"83-1619","regiao":"Zona Oeste (externa)"},"geometry":{"type":"Polygon","coordinates":[[[-40.55046,-9.36326],[-40.55046,-9.36413],[-40.54973,-9.36533],[-40.55079,-9.36593],[-40.55091,-9.36654],[-40.54916,-9.36554],[-40.54896,-9.3659],[-40.54854,-9.36565],[-40.54807,-9.36652],[-40.54533,-9.36822],[-40.54593,-9.37017],[-40.5457,-9.37089],[-40.55283,-9.3706],[-40.55147,-9.36304],[-40.55046,-9.36326]]]}},{"type":"Feature","properties":{"CD_SETOR":"261110105080081","SITUACAO":"Urbana","NM_BAIRRO":"Cosme e Damião","NM_DIST":"Petrolina","v0001":748,"v0007":244,"densidade":3287.2463,"taxa_alfab":0.9217,"pct_60m":0.0963,"pop_10_14":58.0,"pop_15_19":67.0,"renda_media":1476.39,"renda_mediana":1200.0,"infra":0.667,"pavimentacao":0.668,"iluminacao":1.0,"calcada":0.9959,"onibus":0.0,"local_id":"83-1872","regiao":"Zona Oeste (externa)"},"geometry":{"type":"Polygon","coordinates":[[[-40.54846,-9.35724],[-40.54663,-9.36034],[-40.54742,-9.36079],[-40.54709,-9.36133],[-40.54898,-9.36242],[-40.54877,-9.36278],[-40.54912,-9.36299],[-40.54825,-9.36446],[-40.54864,-9.36469],[-40.5497,-9.36285],[-40.55046,-9.36326],[-40.55147,-9.36304],[-40.55078,-9.3583],[-40.54846,-9.35724]]]}},{"type":"Feature","properties":{"CD_SETOR":"261110105080082","SITUACAO":"Urbana","NM_BAIRRO":"Caminho Do Sol","NM_DIST":"Petrolina","v0001":337,"v0007":140,"densidade":5075.0029,"taxa_alfab":0.9868,"pct_60m":0.1454,"pop_10_14":9.0,"pop_15_19":20.0,"renda_media":4188.01,"renda_mediana":3550.0,"infra":0.7321,"pavimentacao":0.9571,"iluminacao":0.9786,"calcada":0.9929,"onibus":0.0,"local_id":"144-1430","regiao":"Centro"},"geometry":{"type":"Polygon","coordinates":[[[-40.50091,-9.38123],[-40.50122,-9.38368],[-40.50364,-9.38246],[-40.50336,-9.38058],[-40.50091,-9.38123]]]}},{"type":"Feature","properties":{"CD_SETOR":"261110105080083","SITUACAO":"Urbana","NM_BAIRRO":"Cosme e Damião","NM_DIST":"Petrolina","v0001":412,"v0007":140,"densidade":1385.3458,"taxa_alfab":0.9433,"pct_60m":0.1383,"pop_10_14":22.0,"pop_15_19":30.0,"renda_media":3020.4,"renda_mediana":2400.0,"infra":0.5661,"pavimentacao":0.2929,"iluminacao":0.9714,"calcada":1.0,"onibus":0.0,"local_id":"145-1503","regiao":"Zona Oeste (externa)"},"geometry":{"type":"Polygon","coordinates":[[[-40.54334,-9.36605],[-40.53861,-9.37376],[-40.53771,-9.37537],[-40.53776,-9.37576],[-40.53814,-9.37575],[-40.54217,-9.37191],[-40.54384,-9.37114],[-40.5457,-9.37089],[-40.54593,-9.37017],[-40.54521,-9.36793],[-40.54334,-9.36605]]]}},{"type":"Feature","properties":{"CD_SETOR":"261110105080084","SITUACAO":"Urbana","NM_BAIRRO":"Jardim Maravilha","NM_DIST":"Petrolina","v0001":921,"v0007":328,"densidade":8807.5925,"taxa_alfab":0.959,"pct_60m":0.19,"pop_10_14":57.0,"pop_15_19":78.0,"renda_media":2176.78,"renda_mediana":1212.0,"infra":0.75,"pavimentacao":1.0,"iluminacao":1.0,"calcada":1.0,"onibus":0.0,"local_id":"83-1058","regiao":"Zona Oeste (interna)"},"geometry":{"type":"Polygon","coordinates":[[[-40.51579,-9.38677],[-40.51697,-9.38711],[-40.51738,-9.38748],[-40.51835,-9.38619],[-40.517,-9.38536],[-40.51775,-9.38365],[-40.51507,-9.38244],[-40.51579,-9.38677]]]}},{"type":"Feature","properties":{"CD_SETOR":"261110105080085","SITUACAO":"Urbana","NM_BAIRRO":"Jardim Maravilha","NM_DIST":"Petrolina","v0001":777,"v0007":280,"densidade":3194.4574,"taxa_alfab":0.9277,"pct_60m":0.1686,"pop_10_14":43.0,"pop_15_19":49.0,"renda_media":2234.39,"renda_mediana":1212.0,"infra":0.7429,"pavimentacao":0.9857,"iluminacao":1.0,"calcada":0.9857,"onibus":0.0214,"local_id":"83-1384","regiao":"Zona Oeste (interna)"},"geometry":{"type":"Polygon","coordinates":[[[-40.5198,-9.38669],[-40.51912,-9.38784],[-40.51782,-9.387],[-40.51738,-9.38748],[-40.51848,-9.38967],[-40.51899,-9.39136],[-40.52282,-9.38993],[-40.52402,-9.38902],[-40.52487,-9.38789],[-40.52479,-9.38714],[-40.5236,-9.38619],[-40.52346,-9.38657],[-40.52361,-9.38746],[-40.52226,-9.38791],[-40.5198,-9.38669]]]}},{"type":"Feature","properties":{"CD_SETOR":"261110105080086","SITUACAO":"Urbana","NM_BAIRRO":"Caminho Do Sol","NM_DIST":"Petrolina","v0001":644,"v0007":207,"densidade":3675.7661,"taxa_alfab":0.987,"pct_60m":0.1444,"pop_10_14":41.0,"pop_15_19":42.0,"renda_media":6094.54,"renda_mediana":4000.0,"infra":0.7717,"pavimentacao":0.9565,"iluminacao":1.0,"calcada":1.0,"onibus":0.0,"local_id":"144-1023","regiao":"Zona Norte"},"geometry":{"type":"Polygon","coordinates":[[[-40.49819,-9.38376],[-40.49863,-9.38509],[-40.50122,-9.38368],[-40.50045,-9.37729],[-40.49789,-9.37685],[-40.4999,-9.38323],[-40.49819,-9.38376]]]}},{"type":"Feature","properties":{"CD_SETOR":"261110105080087","SITUACAO":"Urbana","NM_BAIRRO":"Caminho Do Sol","NM_DIST":"Petrolina","v0001":646,"v0007":213,"densidade":4115.5083,"taxa_alfab":0.9758,"pct_60m":0.1486,"pop_10_14":43.0,"pop_15_19":39.0,"renda_media":6705.09,"renda_mediana":5000.0,"infra":0.7113,"pavimentacao":0.8451,"iluminacao":1.0,"calcada":1.0,"onibus":0.0,"local_id":"144-1023","regiao":"Zona Norte"},"geometry":{"type":"Polygon","coordinates":[[[-40.49592,-9.37649],[-40.49819,-9.38376],[-40.4999,-9.38323],[-40.49789,-9.37685],[-40.49592,-9.37649]]]}},{"type":"Feature","properties":{"CD_SETOR":"261110105080088","SITUACAO":"Urbana","NM_BAIRRO":"Dom Malan","NM_DIST":"Petrolina","v0001":689,"v0007":246,"densidade":9684.011,"taxa_alfab":0.9496,"pct_60m":0.1945,"pop_10_14":44.0,"pop_15_19":49.0,"renda_media":2734.0,"renda_mediana":1700.0,"infra":0.75,"pavimentacao":1.0,"iluminacao":1.0,"calcada":1.0,"onibus":0.0,"local_id":"144-1023","regiao":"Zona Norte"},"geometry":{"type":"Polygon","coordinates":[[[-40.49602,-9.37706],[-40.49646,-9.38394],[-40.49809,-9.38385],[-40.49602,-9.37706]]]}},{"type":"Feature","properties":{"CD_SETOR":"261110105080089","SITUACAO":"Urbana","NM_BAIRRO":"Jardim São Paulo","NM_DIST":"Petrolina","v0001":984,"v0007":290,"densidade":7291.4649,"taxa_alfab":0.8973,"pct_60m":0.061,"pop_10_14":100.0,"pop_15_19":95.0,"renda_media":1399.38,"renda_mediana":1250.0,"infra":0.6853,"pavimentacao":0.6966,"iluminacao":0.9931,"calcada":1.0,"onibus":0.0,"local_id":"145-1210","regiao":"Zona Oeste (externa)"},"geometry":{"type":"Polygon","coordinates":[[[-40.53,-9.36709],[-40.53009,-9.36751],[-40.53238,-9.36979],[-40.53385,-9.36954],[-40.53403,-9.36674],[-40.53796,-9.36697],[-40.53798,-9.36646],[-40.53404,-9.3663],[-40.5341,-9.36573],[-40.5314,-9.36709],[-40.53,-9.36709]]]}},{"type":"Feature","properties":{"CD_SETOR":"261110105080090","SITUACAO":"Urbana","NM_BAIRRO":"João de Deus","NM_DIST":"Petrolina","v0001":636,"v0007":203,"densidade":10144.1237,"taxa_alfab":0.9036,"pct_60m":0.0912,"pop_10_14":42.0,"pop_15_19":56.0,"renda_media":1052.41,"renda_mediana":1200.0,"infra":0.7303,"pavimentacao":0.931,"iluminacao":1.0,"calcada":0.9901,"onibus":0.0,"local_id":"145-2143","regiao":"Zona Oeste (externa)"},"geometry":{"type":"Polygon","coordinates":[[[-40.53271,-9.35745],[-40.53183,-9.36017],[-40.53424,-9.36084],[-40.53476,-9.359],[-40.53292,-9.3585],[-40.53317,-9.35759],[-40.53271,-9.35745]]]}},{"type":"Feature","properties":{"CD_SETOR":"261110105080091","SITUACAO":"Urbana","NM_BAIRRO":"José e Maria","NM_DIST":"Petrolina","v0001":584,"v0007":200,"densidade":13129.4716,"taxa_alfab":0.8922,"pct_60m":0.1473,"pop_10_14":46.0,"pop_15_19":45.0,"renda_media":1413.14,"renda_mediana":1212.0,"infra":0.7875,"pavimentacao":1.0,"iluminacao":1.0,"calcada":1.0,"onibus":0.0,"local_id":"145-1970","regiao":"Zona Norte"},"geometry":{"type":"Polygon","coordinates":[[[-40.4928,-9.36636],[-40.49443,-9.36822],[-40.49555,-9.36726],[-40.49393,-9.3654],[-40.4928,-9.36636]]]}},{"type":"Feature","properties":{"CD_SETOR":"261110105080093","SITUACAO":"Urbana","NM_BAIRRO":"Topázio","NM_DIST":"Petrolina","v0001":813,"v0007":264,"densidade":5286.5999,"taxa_alfab":0.9303,"pct_60m":0.1046,"pop_10_14":64.0,"pop_15_19":81.0,"renda_media":1790.54,"renda_mediana":1212.0,"infra":0.6932,"pavimentacao":0.6591,"iluminacao":1.0,"calcada":0.9659,"onibus":0.1515,"local_id":"145-1791","regiao":"Zona Norte"},"geometry":{"type":"Polygon","coordinates":[[[-40.51524,-9.3503],[-40.5154,-9.35356],[-40.51668,-9.35436],[-40.51774,-9.35539],[-40.51902,-9.35046],[-40.51736,-9.35017],[-40.51728,-9.35064],[-40.51524,-9.3503]]]}},{"type":"Feature","properties":{"CD_SETOR":"261110105080094","SITUACAO":"Urbana","NM_BAIRRO":"Jardim Amazonas","NM_DIST":"Petrolina","v0001":241,"v0007":90,"densidade":3902.6671,"taxa_alfab":0.9615,"pct_60m":0.0498,"pop_10_14":13.0,"pop_15_19":13.0,"renda_media":2665.56,"renda_mediana":1750.0,"infra":0.75,"pavimentacao":1.0,"iluminacao":1.0,"calcada":1.0,"onibus":0.0,"local_id":"83-1490","regiao":"Zona Oeste (interna)"},"geometry":{"type":"Polygon","coordinates":[[[-40.53193,-9.37853],[-40.53036,-9.37991],[-40.53257,-9.38086],[-40.53481,-9.37872],[-40.53406,-9.37842],[-40.53329,-9.37912],[-40.53193,-9.37853]]]}},{"type":"Feature","properties":{"CD_SETOR":"261110105080096","SITUACAO":"Urbana","NM_BAIRRO":"João de Deus","NM_DIST":"Petrolina","v0001":757,"v0007":245,"densidade":10327.809,"taxa_alfab":0.9508,"pct_60m":0.0898,"pop_10_14":64.0,"pop_15_19":69.0,"renda_media":1911.15,"renda_mediana":1212.0,"infra":0.6173,"pavimentacao":0.4694,"iluminacao":1.0,"calcada":1.0,"onibus":0.1429,"local_id":"145-1791","regiao":"Zona Norte"},"geometry":{"type":"Polygon","coordinates":[[[-40.51844,-9.35266],[-40.52278,-9.35266],[-40.52305,-9.35165],[-40.51889,-9.35092],[-40.51844,-9.35266]]]}},{"type":"Feature","properties":{"CD_SETOR":"261110105080098","SITUACAO":"Urbana","NM_BAIRRO":"Dom Avelar","NM_DIST":"Petrolina","v0001":912,"v0007":278,"densidade":9589.0932,"taxa_alfab":0.9113,"pct_60m":0.0888,"pop_10_14":87.0,"pop_15_19":68.0,"renda_media":1389.73,"renda_mediana":1210.0,"infra":0.7311,"pavimentacao":0.9281,"iluminacao":0.9964,"calcada":1.0,"onibus":0.0,"local_id":"145-2038","regiao":"Zona Norte"},"geometry":{"type":"Polygon","coordinates":[[[-40.49274,-9.35729],[-40.49185,-9.35849],[-40.4945,-9.35984],[-40.496,-9.35868],[-40.49409,-9.35626],[-40.49274,-9.35729]]]}},{"type":"Feature","properties":{"CD_SETOR":"261110105080105","SITUACAO":"Urbana","NM_BAIRRO":"Antônio Cassimiro","NM_DIST":"Petrolina","v0001":903,"v0007":293,"densidade":10701.2051,"taxa_alfab":0.8881,"pct_60m":0.0908,"pop_10_14":82.0,"pop_15_19":87.0,"renda_media":1523.26,"renda_mediana":1212.0,"infra":0.6689,"pavimentacao":0.6689,"iluminacao":0.9898,"calcada":1.0,"onibus":0.0034,"local_id":"145-2003","regiao":"Zona Norte"},"geometry":{"type":"Polygon","coordinates":[[[-40.50283,-9.36062],[-40.50465,-9.36279],[-40.5065,-9.36124],[-40.50562,-9.36018],[-40.50579,-9.36003],[-40.50433,-9.35904],[-40.50369,-9.35994],[-40.50283,-9.36062]]]}},{"type":"Feature","properties":{"CD_SETOR":"261110105080106","SITUACAO":"Urbana","NM_BAIRRO":"Antônio Cassimiro","NM_DIST":"Petrolina","v0001":1197,"v0007":384,"densidade":10576.9492,"taxa_alfab":0.8859,"pct_60m":0.051,"pop_10_14":105.0,"pop_15_19":101.0,"renda_media":1227.47,"renda_mediana":1200.0,"infra":0.5196,"pavimentacao":0.0836,"iluminacao":0.9948,"calcada":1.0,"onibus":0.0,"local_id":"145-2011","regiao":"Zona Norte"},"geometry":{"type":"Polygon","coordinates":[[[-40.50465,-9.36279],[-40.50715,-9.36573],[-40.509,-9.3642],[-40.5065,-9.36124],[-40.50465,-9.36279]]]}},{"type":"Feature","properties":{"CD_SETOR":"261110105080109","SITUACAO":"Urbana","NM_BAIRRO":"Pedro Raimundo","NM_DIST":"Petrolina","v0001":635,"v0007":221,"densidade":10577.2879,"taxa_alfab":0.9103,"pct_60m":0.1386,"pop_10_14":41.0,"pop_15_19":52.0,"renda_media":1463.2,"renda_mediana":1212.0,"infra":0.9649,"pavimentacao":1.0,"iluminacao":1.0,"calcada":1.0,"onibus":0.0181,"local_id":"145-1074","regiao":"Zona Oeste (interna)"},"geometry":{"type":"Polygon","coordinates":[[[-40.52368,-9.37213],[-40.52841,-9.37448],[-40.5287,-9.37402],[-40.52664,-9.37312],[-40.52705,-9.37227],[-40.52521,-9.37145],[-40.52511,-9.37166],[-40.5241,-9.37125],[-40.52368,-9.37213]]]}},{"type":"Feature","properties":{"CD_SETOR":"261110105080111","SITUACAO":"Urbana","NM_BAIRRO":"Ouro Preto","NM_DIST":"Petrolina","v0001":641,"v0007":234,"densidade":5444.3749,"taxa_alfab":0.9333,"pct_60m":0.1123,"pop_10_14":44.0,"pop_15_19":59.0,"renda_media":1568.18,"renda_mediana":1210.0,"infra":0.9626,"pavimentacao":1.0,"iluminacao":1.0,"calcada":1.0,"onibus":0.0,"local_id":"145-2054","regiao":"Zona Oeste (interna)"},"geometry":{"type":"Polygon","coordinates":[[[-40.52203,-9.38179],[-40.52165,-9.38265],[-40.52021,-9.38203],[-40.51982,-9.38287],[-40.52101,-9.38337],[-40.5208,-9.3838],[-40.52132,-9.38404],[-40.52152,-9.38362],[-40.52395,-9.38473],[-40.5243,-9.38458],[-40.52506,-9.38245],[-40.52451,-9.38209],[-40.52387,-9.38112],[-40.5225,-9.38186],[-40.52262,-9.38204],[-40.52203,-9.38179]]]}},{"type":"Feature","properties":{"CD_SETOR":"261110105080113","SITUACAO":"Urbana","NM_BAIRRO":"Alto Do Cocar","NM_DIST":"Petrolina","v0001":759,"v0007":251,"densidade":4762.8685,"taxa_alfab":0.9124,"pct_60m":0.0883,"pop_10_14":58.0,"pop_15_19":53.0,"renda_media":1441.5,"renda_mediana":1212.0,"infra":0.7082,"pavimentacao":0.8406,"iluminacao":0.992,"calcada":1.0,"onibus":0.0,"local_id":"145-1210","regiao":"Zona Oeste (externa)"},"geometry":{"type":"Polygon","coordinates":[[[-40.52998,-9.36733],[-40.52951,-9.37192],[-40.52974,-9.37198],[-40.53163,-9.37112],[-40.5319,-9.37192],[-40.53295,-9.37237],[-40.53395,-9.37238],[-40.5351,-9.37351],[-40.53561,-9.37297],[-40.52998,-9.36733]]]}},{"type":"Feature","properties":{"CD_SETOR":"261110105080114","SITUACAO":"Urbana","NM_BAIRRO":"Jardim Amazonas","NM_DIST":"Petrolina","v0001":644,"v0007":213,"densidade":8444.2268,"taxa_alfab":0.9359,"pct_60m":0.1366,"pop_10_14":63.0,"pop_15_19":40.0,"renda_media":2037.88,"renda_mediana":1212.0,"infra":0.75,"pavimentacao":1.0,"iluminacao":1.0,"calcada":1.0,"onibus":0.0,"local_id":"83-1490","regiao":"Zona Oeste (interna)"},"geometry":{"type":"Polygon","coordinates":[[[-40.5274,-9.3807],[-40.53112,-9.38227],[-40.53257,-9.38086],[-40.53036,-9.37991],[-40.52948,-9.38056],[-40.52776,-9.37983],[-40.5274,-9.3807]]]}},{"type":"Feature","properties":{"CD_SETOR":"261110105080116","SITUACAO":"Urbana","NM_BAIRRO":"Cosme e Damião","NM_DIST":"Petrolina","v0001":657,"v0007":228,"densidade":12827.5504,"taxa_alfab":0.9313,"pct_60m":0.1005,"pop_10_14":41.0,"pop_15_19":59.0,"renda_media":1834.96,"renda_mediana":1212.0,"infra":0.7094,"pavimentacao":0.8509,"iluminacao":1.0,"calcada":0.9868,"onibus":0.0614,"local_id":"83-1872","regiao":"Zona Oeste (externa)"},"geometry":{"type":"Polygon","coordinates":[[[-40.54462,-9.36731],[-40.54533,-9.36822],[-40.54577,-9.36791],[-40.54743,-9.36502],[-40.54708,-9.36482],[-40.54688,-9.36515],[-40.54613,-9.36473],[-40.54462,-9.36731]]]}},{"type":"Feature","properties":{"CD_SETOR":"261110105080117","SITUACAO":"Urbana","NM_BAIRRO":"João de Deus","NM_DIST":"Petrolina","v0001":876,"v0007":290,"densidade":16241.3203,"taxa_alfab":0.8589,"pct_60m":0.0856,"pop_10_14":90.0,"pop_15_19":74.0,"renda_media":1394.63,"renda_mediana":1212.0,"infra":0.5681,"pavimentacao":0.3069,"iluminacao":1.0,"calcada":0.9655,"onibus":0.0,"local_id":"145-1651","regiao":"Zona Oeste (externa)"},"geometry":{"type":"Polygon","coordinates":[[[-40.5381,-9.35597],[-40.54036,-9.35661],[-40.54089,-9.35482],[-40.53862,-9.35416],[-40.5381,-9.35597]]]}},{"type":"Feature","properties":{"CD_SETOR":"261110105080118","SITUACAO":"Urbana","NM_BAIRRO":"João de Deus","NM_DIST":"Petrolina","v0001":795,"v0007":256,"densidade":17057.5096,"taxa_alfab":0.8832,"pct_60m":0.0604,"pop_10_14":78.0,"pop_15_19":71.0,"renda_media":1147.13,"renda_mediana":1212.0,"infra":0.4971,"pavimentacao":0.0,"iluminacao":0.9883,"calcada":1.0,"onibus":0.0,"local_id":"145-1651","regiao":"Zona Oeste (externa)"},"geometry":{"type":"Polygon","coordinates":[[[-40.54435,-9.36022],[-40.54494,-9.35841],[-40.54298,-9.35784],[-40.54242,-9.35964],[-40.54435,-9.36022]]]}},{"type":"Feature","properties":{"CD_SETOR":"261110105080120","SITUACAO":"Urbana","NM_BAIRRO":"Areia Branca","NM_DIST":"Petrolina","v0001":531,"v0007":188,"densidade":7882.8407,"taxa_alfab":0.9427,"pct_60m":0.1864,"pop_10_14":32.0,"pop_15_19":29.0,"renda_media":3091.87,"renda_mediana":2000.0,"infra":0.75,"pavimentacao":1.0,"iluminacao":1.0,"calcada":1.0,"onibus":0.0319,"local_id":"144-1023","regiao":"Zona Norte"},"geometry":{"type":"Polygon","coordinates":[[[-40.49083,-9.37869],[-40.49275,-9.3786],[-40.49266,-9.37592],[-40.49079,-9.37556],[-40.49083,-9.37869]]]}},{"type":"Feature","properties":{"CD_SETOR":"261110105080121","SITUACAO":"Urbana","NM_BAIRRO":"Dom Avelar","NM_DIST":"Petrolina","v0001":900,"v0007":303,"densidade":13061.4018,"taxa_alfab":0.9212,"pct_60m":0.0744,"pop_10_14":64.0,"pop_15_19":67.0,"renda_media":1815.36,"renda_mediana":1212.0,"infra":0.6937,"pavimentacao":0.7715,"iluminacao":1.0,"calcada":1.0,"onibus":0.0,"local_id":"145-2003","regiao":"Zona Norte"},"geometry":{"type":"Polygon","coordinates":[[[-40.49588,-9.36077],[-40.49753,-9.36247],[-40.49936,-9.36096],[-40.49785,-9.35916],[-40.49588,-9.36077]]]}},{"type":"Feature","properties":{"CD_SETOR":"261110105080122","SITUACAO":"Urbana","NM_BAIRRO":"Dom Avelar","NM_DIST":"Petrolina","v0001":985,"v0007":312,"densidade":11938.3298,"taxa_alfab":0.8996,"pct_60m":0.0802,"pop_10_14":75.0,"pop_15_19":99.0,"renda_media":1755.35,"renda_mediana":1300.0,"infra":0.6447,"pavimentacao":0.5434,"iluminacao":1.0,"calcada":1.0,"onibus":0.09,"local_id":"145-2003","regiao":"Zona Norte"},"geometry":{"type":"Polygon","coordinates":[[[-40.50006,-9.35731],[-40.49785,-9.35916],[-40.49936,-9.36096],[-40.5016,-9.35914],[-40.50006,-9.35731]]]}},{"type":"Feature","properties":{"CD_SETOR":"261110105080123","SITUACAO":"Urbana","NM_BAIRRO":"Dom Avelar","NM_DIST":"Petrolina","v0001":1042,"v0007":356,"densidade":2117.8262,"taxa_alfab":0.9911,"pct_60m":0.0566,"pop_10_14":73.0,"pop_15_19":67.0,"renda_media":6275.01,"renda_mediana":4500.0,"infra":0.7037,"pavimentacao":0.8202,"iluminacao":1.0,"calcada":0.9944,"onibus":0.0,"local_id":"144-1236","regiao":"Zona Leste"},"geometry":{"type":"Polygon","coordinates":[[[-40.47517,-9.34964],[-40.48017,-9.35927],[-40.48041,-9.35911],[-40.48025,-9.35828],[-40.4804,-9.35794],[-40.48212,-9.3569],[-40.48339,-9.35919],[-40.48388,-9.35894],[-40.48342,-9.3582],[-40.48471,-9.35744],[-40.48493,-9.35785],[-40.48585,-9.35734],[-40.4856,-9.35693],[-40.48712,-9.35595],[-40.48144,-9.35317],[-40.47517,-9.34964]]]}},{"type":"Feature","properties":{"CD_SETOR":"261110105080126","SITUACAO":"Urbana","NM_BAIRRO":"Dom Avelar","NM_DIST":"Petrolina","v0001":721,"v0007":240,"densidade":3202.518,"taxa_alfab":0.9839,"pct_60m":0.0749,"pop_10_14":53.0,"pop_15_19":57.0,"renda_media":3678.48,"renda_mediana":2500.0,"infra":0.5427,"pavimentacao":0.2458,"iluminacao":0.9417,"calcada":0.9833,"onibus":0.0,"local_id":"144-1180","regiao":"Zona Leste"},"geometry":{"type":"Polygon","coordinates":[[[-40.4827,-9.36416],[-40.48539,-9.36931],[-40.48824,-9.36775],[-40.48616,-9.36401],[-40.48622,-9.36352],[-40.48588,-9.36355],[-40.48539,-9.36271],[-40.4827,-9.36416]]]}},{"type":"Feature","properties":{"CD_SETOR":"261110105080127","SITUACAO":"Urbana","NM_BAIRRO":"Antônio Cassimiro","NM_DIST":"Petrolina","v0001":708,"v0007":222,"densidade":12882.1372,"taxa_alfab":0.9228,"pct_60m":0.1003,"pop_10_14":58.0,"pop_15_19":57.0,"renda_media":2308.94,"renda_mediana":1500.0,"infra":0.5898,"pavimentacao":0.3591,"iluminacao":1.0,"calcada":1.0,"onibus":0.0,"local_id":"145-2003","regiao":"Zona Norte"},"geometry":{"type":"Polygon","coordinates":[[[-40.50131,-9.36249],[-40.49949,-9.36399],[-40.50075,-9.36544],[-40.50252,-9.36395],[-40.50131,-9.36249]]]}},{"type":"Feature","properties":{"CD_SETOR":"261110105080130","SITUACAO":"Urbana","NM_BAIRRO":"José e Maria","NM_DIST":"Petrolina","v0001":659,"v0007":217,"densidade":11236.1905,"taxa_alfab":0.9259,"pct_60m":0.1199,"pop_10_14":50.0,"pop_15_19":50.0,"renda_media":1631.2,"renda_mediana":1212.0,"infra":0.7477,"pavimentacao":0.9908,"iluminacao":1.0,"calcada":1.0,"onibus":0.023,"local_id":"145-2020","regiao":"Zona Norte"},"geometry":{"type":"Polygon","coordinates":[[[-40.49556,-9.37135],[-40.49797,-9.37176],[-40.49833,-9.36984],[-40.4959,-9.36941],[-40.49556,-9.37135]]]}},{"type":"Feature","properties":{"CD_SETOR":"261110105080131","SITUACAO":"Urbana","NM_BAIRRO":"Pedro Raimundo","NM_DIST":"Petrolina","v0001":521,"v0007":184,"densidade":10762.9473,"taxa_alfab":0.9017,"pct_60m":0.1536,"pop_10_14":40.0,"pop_15_19":45.0,"renda_media":1792.58,"renda_mediana":1212.0,"infra":0.788,"pavimentacao":1.0,"iluminacao":1.0,"calcada":1.0,"onibus":0.0054,"local_id":"145-1074","regiao":"Zona Oeste (interna)"},"geometry":{"type":"Polygon","coordinates":[[[-40.52541,-9.37104],[-40.52723,-9.37183],[-40.52944,-9.37282],[-40.52949,-9.37179],[-40.52579,-9.37018],[-40.52541,-9.37104]]]}},{"type":"Feature","properties":{"CD_SETOR":"261110105080132","SITUACAO":"Urbana","NM_BAIRRO":"João de Deus","NM_DIST":"Petrolina","v0001":1000,"v0007":293,"densidade":13007.7852,"taxa_alfab":0.9157,"pct_60m":0.043,"pop_10_14":118.0,"pop_15_19":123.0,"renda_media":1145.74,"renda_mediana":1200.0,"infra":0.7918,"pavimentacao":1.0,"iluminacao":1.0,"calcada":1.0,"onibus":0.0,"local_id":"145-2143","regiao":"Zona Oeste (externa)"},"geometry":{"type":"Polygon","coordinates":[[[-40.52904,-9.35949],[-40.52984,-9.35973],[-40.52963,-9.3605],[-40.53157,-9.36107],[-40.53225,-9.3587],[-40.5295,-9.35793],[-40.52904,-9.35949]]]}},{"type":"Feature","properties":{"CD_SETOR":"261110105080133","SITUACAO":"Urbana","NM_BAIRRO":"João de Deus","NM_DIST":"Petrolina","v0001":1153,"v0007":337,"densidade":16053.6677,"taxa_alfab":0.9038,"pct_60m":0.0494,"pop_10_14":123.0,"pop_15_19":135.0,"renda_media":1382.69,"renda_mediana":1212.0,"infra":0.8182,"pavimentacao":1.0,"iluminacao":1.0,"calcada":1.0,"onibus":0.0,"local_id":"145-2143","regiao":"Zona Oeste (externa)"},"geometry":{"type":"Polygon","coordinates":[[[-40.52882,-9.36328],[-40.53078,-9.36384],[-40.53157,-9.36107],[-40.52963,-9.3605],[-40.52882,-9.36328]]]}},{"type":"Feature","properties":{"CD_SETOR":"261110105080134","SITUACAO":"Urbana","NM_BAIRRO":"João de Deus","NM_DIST":"Petrolina","v0001":1012,"v0007":313,"densidade":15039.9161,"taxa_alfab":0.9281,"pct_60m":0.0405,"pop_10_14":120.0,"pop_15_19":116.0,"renda_media":1261.86,"renda_mediana":1200.0,"infra":0.9545,"pavimentacao":1.0,"iluminacao":1.0,"calcada":1.0,"onibus":0.0,"local_id":"145-2143","regiao":"Zona Oeste (externa)"},"geometry":{"type":"Polygon","coordinates":[[[-40.52882,-9.36328],[-40.52984,-9.35973],[-40.52904,-9.35949],[-40.52871,-9.36068],[-40.52825,-9.36055],[-40.52813,-9.36095],[-40.52753,-9.36078],[-40.52695,-9.36277],[-40.52882,-9.36328]]]}},{"type":"Feature","properties":{"CD_SETOR":"261110105080135","SITUACAO":"Urbana","NM_BAIRRO":"João de Deus","NM_DIST":"Petrolina","v0001":724,"v0007":239,"densidade":7319.7478,"taxa_alfab":0.9887,"pct_60m":0.0456,"pop_10_14":49.0,"pop_15_19":39.0,"renda_media":3552.78,"renda_mediana":2500.0,"infra":0.7479,"pavimentacao":1.0,"iluminacao":1.0,"calcada":0.9916,"onibus":0.0,"local_id":"145-1791","regiao":"Zona Norte"},"geometry":{"type":"Polygon","coordinates":[[[-40.52368,-9.35264],[-40.52225,-9.35267],[-40.52179,-9.35529],[-40.52084,-9.35513],[-40.52051,-9.35705],[-40.52258,-9.35744],[-40.52293,-9.35557],[-40.52316,-9.35562],[-40.52368,-9.35264]]]}},{"type":"Feature","properties":{"CD_SETOR":"261110105080136","SITUACAO":"Urbana","NM_BAIRRO":"João de Deus","NM_DIST":"Petrolina","v0001":726,"v0007":248,"densidade":3409.7413,"taxa_alfab":0.9885,"pct_60m":0.0592,"pop_10_14":54.0,"pop_15_19":30.0,"renda_media":3351.21,"renda_mediana":2500.0,"infra":0.75,"pavimentacao":1.0,"iluminacao":1.0,"calcada":1.0,"onibus":0.0,"local_id":"145-1791","regiao":"Zona Norte"},"geometry":{"type":"Polygon","coordinates":[[[-40.51774,-9.35539],[-40.52172,-9.35928],[-40.52241,-9.35856],[-40.52258,-9.35744],[-40.52051,-9.35705],[-40.52084,-9.35513],[-40.52179,-9.35529],[-40.52225,-9.35267],[-40.51844,-9.35266],[-40.51774,-9.35539]]]}},{"type":"Feature","properties":{"CD_SETOR":"261110105080137","SITUACAO":"Urbana","NM_BAIRRO":"Antônio Cassimiro","NM_DIST":"Petrolina","v0001":1160,"v0007":336,"densidade":12763.2172,"taxa_alfab":0.9342,"pct_60m":0.0397,"pop_10_14":100.0,"pop_15_19":163.0,"renda_media":1178.54,"renda_mediana":1212.0,"infra":0.8445,"pavimentacao":1.0,"iluminacao":1.0,"calcada":1.0,"onibus":0.0,"local_id":"144-1589","regiao":"Zona Norte"},"geometry":{"type":"Polygon","coordinates":[[[-40.51427,-9.35812],[-40.5136,-9.36055],[-40.51382,-9.3606],[-40.51392,-9.36023],[-40.51629,-9.36082],[-40.51715,-9.35753],[-40.51427,-9.35812]]]}},{"type":"Feature","properties":{"CD_SETOR":"261110105080138","SITUACAO":"Urbana","NM_BAIRRO":"Antônio Cassimiro","NM_DIST":"Petrolina","v0001":866,"v0007":278,"densidade":10579.7898,"taxa_alfab":0.9736,"pct_60m":0.0566,"pop_10_14":84.0,"pop_15_19":77.0,"renda_media":3945.29,"renda_mediana":3000.0,"infra":0.8525,"pavimentacao":1.0,"iluminacao":1.0,"calcada":1.0,"onibus":0.0396,"local_id":"144-1589","regiao":"Zona Norte"},"geometry":{"type":"Polygon","coordinates":[[[-40.5136,-9.36055],[-40.51321,-9.3628],[-40.51561,-9.36342],[-40.51629,-9.36082],[-40.51392,-9.36023],[-40.51382,-9.3606],[-40.5136,-9.36055]]]}},{"type":"Feature","properties":{"CD_SETOR":"261110105080139","SITUACAO":"Urbana","NM_BAIRRO":"Antônio Cassimiro","NM_DIST":"Petrolina","v0001":737,"v0007":280,"densidade":12960.889,"taxa_alfab":0.9891,"pct_60m":0.0475,"pop_10_14":51.0,"pop_15_19":43.0,"renda_media":4637.04,"renda_mediana":3500.0,"infra":0.9402,"pavimentacao":1.0,"iluminacao":1.0,"calcada":1.0,"onibus":0.0,"local_id":"144-1589","regiao":"Zona Norte"},"geometry":{"type":"Polygon","coordinates":[[[-40.51255,-9.36534],[-40.51342,-9.36557],[-40.51381,-9.36448],[-40.51527,-9.36478],[-40.51561,-9.36342],[-40.51321,-9.3628],[-40.51255,-9.36534]]]}},{"type":"Feature","properties":{"CD_SETOR":"261110105080140","SITUACAO":"Urbana","NM_BAIRRO":"Antônio Cassimiro","NM_DIST":"Petrolina","v0001":548,"v0007":257,"densidade":24436.9926,"taxa_alfab":0.9909,"pct_60m":0.0292,"pop_10_14":23.0,"pop_15_19":27.0,"renda_media":3969.3,"renda_mediana":3000.0,"infra":1.0,"pavimentacao":1.0,"iluminacao":1.0,"calcada":1.0,"onibus":0.0,"local_id":"144-1589","regiao":"Zona Norte"},"geometry":{"type":"Polygon","coordinates":[[[-40.51342,-9.36557],[-40.51496,-9.36598],[-40.51527,-9.36478],[-40.51381,-9.36448],[-40.51342,-9.36557]]]}},{"type":"Feature","properties":{"CD_SETOR":"261110105080141","SITUACAO":"Urbana","NM_BAIRRO":"Antônio Cassimiro","NM_DIST":"Petrolina","v0001":570,"v0007":212,"densidade":47721.6647,"taxa_alfab":0.926,"pct_60m":0.0368,"pop_10_14":52.0,"pop_15_19":62.0,"renda_media":1550.21,"renda_mediana":1212.0,"infra":1.0,"pavimentacao":1.0,"iluminacao":1.0,"calcada":1.0,"onibus":0.0,"local_id":"144-1589","regiao":"Zona Norte"},"geometry":{"type":"Polygon","coordinates":[[[-40.51347,-9.36657],[-40.51471,-9.36691],[-40.51496,-9.36598],[-40.51422,-9.36577],[-40.5141,-9.36623],[-40.5136,-9.36611],[-40.51347,-9.36657]]]}},{"type":"Feature","properties":{"CD_SETOR":"261110105080142","SITUACAO":"Urbana","NM_BAIRRO":"Antônio Cassimiro","NM_DIST":"Petrolina","v0001":522,"v0007":199,"densidade":33150.9332,"taxa_alfab":0.9515,"pct_60m":0.046,"pop_10_14":36.0,"pop_15_19":59.0,"renda_media":1768.18,"renda_mediana":1212.0,"infra":0.8857,"pavimentacao":1.0,"iluminacao":0.8593,"calcada":1.0,"onibus":0.0,"local_id":"144-1589","regiao":"Zona Norte"},"geometry":{"type":"Polygon","coordinates":[[[-40.51232,-9.3659],[-40.51284,-9.36602],[-40.51268,-9.36637],[-40.51347,-9.36657],[-40.5136,-9.36611],[-40.5141,-9.36623],[-40.51422,-9.36577],[-40.51246,-9.36533],[-40.51232,-9.3659]]]}},{"type":"Feature","properties":{"CD_SETOR":"261110105080143","SITUACAO":"Urbana","NM_BAIRRO":"Antônio Cassimiro","NM_DIST":"Petrolina","v0001":610,"v0007":222,"densidade":69587.5069,"taxa_alfab":0.9706,"pct_60m":0.0492,"pop_10_14":57.0,"pop_15_19":51.0,"renda_media":1774.81,"renda_mediana":1212.0,"infra":0.75,"pavimentacao":1.0,"iluminacao":1.0,"calcada":1.0,"onibus":0.0,"local_id":"144-1589","regiao":"Zona Norte"},"geometry":{"type":"Polygon","coordinates":[[[-40.51166,-9.36826],[-40.51191,-9.36831],[-40.51239,-9.36628],[-40.51268,-9.36637],[-40.51284,-9.36602],[-40.51224,-9.36588],[-40.51166,-9.36826]]]}},{"type":"Feature","properties":{"CD_SETOR":"261110105080144","SITUACAO":"Urbana","NM_BAIRRO":"Antônio Cassimiro","NM_DIST":"Petrolina","v0001":517,"v0007":208,"densidade":35177.3716,"taxa_alfab":0.9653,"pct_60m":0.0542,"pop_10_14":54.0,"pop_15_19":51.0,"renda_media":1464.15,"renda_mediana":1212.0,"infra":0.75,"pavimentacao":1.0,"iluminacao":1.0,"calcada":1.0,"onibus":0.0,"local_id":"144-1589","regiao":"Zona Norte"},"geometry":{"type":"Polygon","coordinates":[[[-40.51166,-9.36826],[-40.51136,-9.3693],[-40.51179,-9.36941],[-40.51209,-9.36884],[-40.51199,-9.36851],[-40.51239,-9.36793],[-40.51268,-9.36637],[-40.51239,-9.36628],[-40.51191,-9.36831],[-40.51166,-9.36826]]]}},{"type":"Feature","properties":{"CD_SETOR":"261110105080145","SITUACAO":"Urbana","NM_BAIRRO":"Antônio Cassimiro","NM_DIST":"Petrolina","v0001":907,"v0007":307,"densidade":5688.3346,"taxa_alfab":0.9292,"pct_60m":0.0595,"pop_10_14":79.0,"pop_15_19":89.0,"renda_media":1236.73,"renda_mediana":1200.0,"infra":0.5464,"pavimentacao":0.202,"iluminacao":0.9902,"calcada":0.9935,"onibus":0.0,"local_id":"145-2011","regiao":"Zona Norte"},"geometry":{"type":"Polygon","coordinates":[[[-40.50923,-9.36397],[-40.50715,-9.36573],[-40.51279,-9.37247],[-40.51296,-9.37178],[-40.51038,-9.36797],[-40.50991,-9.36639],[-40.51054,-9.36555],[-40.50999,-9.36514],[-40.50941,-9.36191],[-40.50884,-9.36153],[-40.50923,-9.36397]]]}},{"type":"Feature","properties":{"CD_SETOR":"261110105080151","SITUACAO":"Urbana","NM_BAIRRO":"João de Deus","NM_DIST":"Petrolina","v0001":726,"v0007":266,"densidade":11803.4109,"taxa_alfab":0.9672,"pct_60m":0.0124,"pop_10_14":52.0,"pop_15_19":49.0,"renda_media":2096.79,"renda_mediana":1500.0,"infra":0.75,"pavimentacao":1.0,"iluminacao":1.0,"calcada":1.0,"onibus":0.0,"local_id":"145-2143","regiao":"Zona Oeste (externa)"},"geometry":{"type":"Polygon","coordinates":[[[-40.53436,-9.3604],[-40.53399,-9.36179],[-40.53714,-9.36273],[-40.53811,-9.3617],[-40.53659,-9.36127],[-40.53667,-9.36102],[-40.53436,-9.3604]]]}},{"type":"Feature","properties":{"CD_SETOR":"261110105080152","SITUACAO":"Urbana","NM_BAIRRO":"João de Deus","NM_DIST":"Petrolina","v0001":525,"v0007":178,"densidade":8813.4793,"taxa_alfab":0.9836,"pct_60m":0.0133,"pop_10_14":31.0,"pop_15_19":17.0,"renda_media":1931.13,"renda_mediana":1600.0,"infra":0.75,"pavimentacao":1.0,"iluminacao":1.0,"calcada":1.0,"onibus":0.0,"local_id":"145-1112","regiao":"Zona Oeste (externa)"},"geometry":{"type":"Polygon","coordinates":[[[-40.53377,-9.36217],[-40.53533,-9.36432],[-40.53671,-9.3643],[-40.53677,-9.36355],[-40.53714,-9.36273],[-40.53399,-9.36179],[-40.53377,-9.36217]]]}},{"type":"Feature","properties":{"CD_SETOR":"261110105080153","SITUACAO":"Urbana","NM_BAIRRO":"João de Deus","NM_DIST":"Petrolina","v0001":1018,"v0007":311,"densidade":5974.1274,"taxa_alfab":0.8951,"pct_60m":0.0314,"pop_10_14":89.0,"pop_15_19":94.0,"renda_media":1287.79,"renda_mediana":1200.0,"infra":0.6423,"pavimentacao":0.7878,"iluminacao":1.0,"calcada":0.7814,"onibus":0.0,"local_id":"145-1210","regiao":"Zona Oeste (externa)"},"geometry":{"type":"Polygon","coordinates":[[[-40.53074,-9.36463],[-40.53,-9.36709],[-40.53016,-9.36721],[-40.5314,-9.36709],[-40.5333,-9.36601],[-40.53486,-9.36548],[-40.53501,-9.36511],[-40.53472,-9.36437],[-40.53533,-9.36432],[-40.53377,-9.36217],[-40.53074,-9.36463]]]}},{"type":"Feature","properties":{"CD_SETOR":"261110105080154","SITUACAO":"Urbana","NM_BAIRRO":"João de Deus","NM_DIST":"Petrolina","v0001":768,"v0007":243,"densidade":8416.7074,"taxa_alfab":0.8463,"pct_60m":0.0768,"pop_10_14":83.0,"pop_15_19":64.0,"renda_media":1257.31,"renda_mediana":1212.0,"infra":0.5525,"pavimentacao":0.4198,"iluminacao":1.0,"calcada":0.7901,"onibus":0.0,"local_id":"145-2143","regiao":"Zona Oeste (externa)"},"geometry":{"type":"Polygon","coordinates":[[[-40.53183,-9.36017],[-40.53078,-9.36384],[-40.53074,-9.36463],[-40.53377,-9.36217],[-40.53424,-9.36084],[-40.53183,-9.36017]]]}},{"type":"Feature","properties":{"CD_SETOR":"261110105080155","SITUACAO":"Urbana","NM_BAIRRO":"José e Maria","NM_DIST":"Petrolina","v0001":459,"v0007":162,"densidade":10561.5589,"taxa_alfab":0.892,"pct_60m":0.1678,"pop_10_14":30.0,"pop_15_19":31.0,"renda_media":1757.83,"renda_mediana":1220.0,"infra":0.7917,"pavimentacao":1.0,"iluminacao":1.0,"calcada":1.0,"onibus":0.0,"local_id":"145-1988","regiao":"Zona Norte"},"geometry":{"type":"Polygon","coordinates":[[[-40.49623,-9.36354],[-40.49783,-9.36542],[-40.49894,-9.36447],[-40.49737,-9.36262],[-40.49623,-9.36354]]]}},{"type":"Feature","properties":{"CD_SETOR":"261110105080156","SITUACAO":"Urbana","NM_BAIRRO":"José e Maria","NM_DIST":"Petrolina","v0001":624,"v0007":216,"densidade":14235.3026,"taxa_alfab":0.9293,"pct_60m":0.1314,"pop_10_14":35.0,"pop_15_19":62.0,"renda_media":1779.01,"renda_mediana":1212.0,"infra":0.7894,"pavimentacao":1.0,"iluminacao":1.0,"calcada":1.0,"onibus":0.0093,"local_id":"145-1988","regiao":"Zona Norte"},"geometry":{"type":"Polygon","coordinates":[[[-40.49509,-9.36448],[-40.4967,-9.36634],[-40.49783,-9.36542],[-40.49623,-9.36354],[-40.49509,-9.36448]]]}},{"type":"Feature","properties":{"CD_SETOR":"261110105080157","SITUACAO":"Urbana","NM_BAIRRO":"José e Maria","NM_DIST":"Petrolina","v0001":718,"v0007":249,"densidade":13703.912,"taxa_alfab":0.9089,"pct_60m":0.1462,"pop_10_14":58.0,"pop_15_19":71.0,"renda_media":2051.65,"renda_mediana":1300.0,"infra":0.8484,"pavimentacao":1.0,"iluminacao":1.0,"calcada":1.0,"onibus":0.0,"local_id":"145-1996","regiao":"Zona Norte"},"geometry":{"type":"Polygon","coordinates":[[[-40.48913,-9.36941],[-40.49042,-9.37108],[-40.49204,-9.37001],[-40.49057,-9.36822],[-40.48913,-9.36941]]]}},{"type":"Feature","properties":{"CD_SETOR":"261110105080158","SITUACAO":"Urbana","NM_BAIRRO":"José e Maria","NM_DIST":"Petrolina","v0001":651,"v0007":229,"densidade":3874.4908,"taxa_alfab":0.9813,"pct_60m":0.1459,"pop_10_14":37.0,"pop_15_19":34.0,"renda_media":3857.27,"renda_mediana":3000.0,"infra":0.7489,"pavimentacao":0.9956,"iluminacao":1.0,"calcada":1.0,"onibus":0.0,"local_id":"145-1996","regiao":"Zona Norte"},"geometry":{"type":"Polygon","coordinates":[[[-40.48539,-9.36931],[-40.48715,-9.37275],[-40.4875,-9.373],[-40.49042,-9.37108],[-40.48905,-9.36949],[-40.48824,-9.36775],[-40.48539,-9.36931]]]}},{"type":"Feature","properties":{"CD_SETOR":"261110105080159","SITUACAO":"Urbana","NM_BAIRRO":"José e Maria","NM_DIST":"Petrolina","v0001":610,"v0007":228,"densidade":10499.4407,"taxa_alfab":0.9293,"pct_60m":0.159,"pop_10_14":34.0,"pop_15_19":54.0,"renda_media":1919.83,"renda_mediana":1212.0,"infra":0.75,"pavimentacao":1.0,"iluminacao":1.0,"calcada":1.0,"onibus":0.0088,"local_id":"145-1961","regiao":"Zona Norte"},"geometry":{"type":"Polygon","coordinates":[[[-40.49274,-9.37308],[-40.49516,-9.37349],[-40.49552,-9.37157],[-40.49311,-9.37115],[-40.49274,-9.37308]]]}},{"type":"Feature","properties":{"CD_SETOR":"261110105080160","SITUACAO":"Urbana","NM_BAIRRO":"José e Maria","NM_DIST":"Petrolina","v0001":428,"v0007":154,"densidade":5073.9618,"taxa_alfab":0.9387,"pct_60m":0.1799,"pop_10_14":15.0,"pop_15_19":25.0,"renda_media":1797.44,"renda_mediana":1212.0,"infra":0.6863,"pavimentacao":0.7451,"iluminacao":1.0,"calcada":1.0,"onibus":0.0,"local_id":"145-1996","regiao":"Zona Norte"},"geometry":{"type":"Polygon","coordinates":[[[-40.49274,-9.37308],[-40.49223,-9.37585],[-40.49469,-9.37629],[-40.49516,-9.37349],[-40.49274,-9.37308]]]}},{"type":"Feature","properties":{"CD_SETOR":"261110105080161","SITUACAO":"Urbana","NM_BAIRRO":"José e Maria","NM_DIST":"Petrolina","v0001":822,"v0007":286,"densidade":11816.8039,"taxa_alfab":0.9615,"pct_60m":0.0608,"pop_10_14":61.0,"pop_15_19":66.0,"renda_media":1739.17,"renda_mediana":1212.0,"infra":0.6958,"pavimentacao":0.528,"iluminacao":1.0,"calcada":1.0,"onibus":0.2622,"local_id":"144-1520","regiao":"Zona Norte"},"geometry":{"type":"Polygon","coordinates":[[[-40.49827,-9.37011],[-40.4979,-9.37236],[-40.50035,-9.37279],[-40.50077,-9.37058],[-40.49827,-9.37011]]]}},{"type":"Feature","properties":{"CD_SETOR":"261110105080162","SITUACAO":"Urbana","NM_BAIRRO":"José e Maria","NM_DIST":"Petrolina","v0001":778,"v0007":249,"densidade":10789.6721,"taxa_alfab":0.9127,"pct_60m":0.0823,"pop_10_14":61.0,"pop_15_19":45.0,"renda_media":1828.47,"renda_mediana":1235.0,"infra":0.75,"pavimentacao":1.0,"iluminacao":1.0,"calcada":1.0,"onibus":0.0,"local_id":"145-1988","regiao":"Zona Norte"},"geometry":{"type":"Polygon","coordinates":[[[-40.50017,-9.3675],[-40.49848,-9.36885],[-40.49827,-9.37011],[-40.50077,-9.37058],[-40.50114,-9.3684],[-40.50017,-9.3675]]]}},{"type":"Feature","properties":{"CD_SETOR":"261110105080163","SITUACAO":"Urbana","NM_BAIRRO":"Areia Branca","NM_DIST":"Petrolina","v0001":538,"v0007":194,"densidade":9167.4456,"taxa_alfab":0.9578,"pct_60m":0.2528,"pop_10_14":19.0,"pop_15_19":32.0,"renda_media":2665.59,"renda_mediana":1750.0,"infra":0.7371,"pavimentacao":1.0,"iluminacao":1.0,"calcada":0.9485,"onibus":0.0052,"local_id":"144-1090","regiao":"Zona Norte"},"geometry":{"type":"Polygon","coordinates":[[[-40.48955,-9.38423],[-40.48956,-9.38479],[-40.49,-9.38476],[-40.49002,-9.38575],[-40.49052,-9.38575],[-40.49051,-9.38612],[-40.49163,-9.38613],[-40.4916,-9.38539],[-40.4929,-9.38537],[-40.49286,-9.38407],[-40.48955,-9.38423]]]}},{"type":"Feature","properties":{"CD_SETOR":"261110105080164","SITUACAO":"Urbana","NM_BAIRRO":"Areia Branca","NM_DIST":"Petrolina","v0001":561,"v0007":193,"densidade":10977.2361,"taxa_alfab":0.9654,"pct_60m":0.221,"pop_10_14":24.0,"pop_15_19":38.0,"renda_media":2798.92,"renda_mediana":1800.0,"infra":0.75,"pavimentacao":1.0,"iluminacao":1.0,"calcada":1.0,"onibus":0.0984,"local_id":"144-1090","regiao":"Zona Norte"},"geometry":{"type":"Polygon","coordinates":[[[-40.48898,-9.38425],[-40.48906,-9.38707],[-40.49167,-9.38695],[-40.49163,-9.38613],[-40.49051,-9.38612],[-40.49052,-9.38575],[-40.49002,-9.38575],[-40.49,-9.38476],[-40.48956,-9.38479],[-40.48955,-9.38423],[-40.48898,-9.38425]]]}},{"type":"Feature","properties":{"CD_SETOR":"261110105080165","SITUACAO":"Urbana","NM_BAIRRO":"Dom Avelar","NM_DIST":"Petrolina","v0001":647,"v0007":198,"densidade":7549.5306,"taxa_alfab":0.8647,"pct_60m":0.0696,"pop_10_14":66.0,"pop_15_19":44.0,"renda_media":1037.81,"renda_mediana":1212.0,"infra":0.5152,"pavimentacao":0.1313,"iluminacao":1.0,"calcada":0.9293,"onibus":0.0,"local_id":"145-2003","regiao":"Zona Norte"},"geometry":{"type":"Polygon","coordinates":[[[-40.49821,-9.35663],[-40.49756,-9.35734],[-40.4986,-9.35855],[-40.5005,-9.35691],[-40.50214,-9.35467],[-40.50055,-9.35352],[-40.50001,-9.35426],[-40.50083,-9.35486],[-40.50107,-9.35534],[-40.50003,-9.35609],[-40.49981,-9.35587],[-40.49932,-9.35588],[-40.49891,-9.3564],[-40.49821,-9.35663]]]}},{"type":"Feature","properties":{"CD_SETOR":"261110105080166","SITUACAO":"Urbana","NM_BAIRRO":"Dom Avelar","NM_DIST":"Petrolina","v0001":815,"v0007":257,"densidade":6224.8005,"taxa_alfab":0.873,"pct_60m":0.0552,"pop_10_14":81.0,"pop_15_19":70.0,"renda_media":1200.69,"renda_mediana":1200.0,"infra":0.6109,"pavimentacao":0.4591,"iluminacao":1.0,"calcada":0.9844,"onibus":0.0,"local_id":"145-2003","regiao":"Zona Norte"},"geometry":{"type":"Polygon","coordinates":[[[-40.50059,-9.35347],[-40.50214,-9.35467],[-40.50544,-9.35025],[-40.50325,-9.34955],[-40.50059,-9.35347]]]}},{"type":"Feature","properties":{"CD_SETOR":"261110105080167","SITUACAO":"Urbana","NM_BAIRRO":"Dom Avelar","NM_DIST":"Petrolina","v0001":1115,"v0007":380,"densidade":4786.102,"taxa_alfab":0.9732,"pct_60m":0.0413,"pop_10_14":85.0,"pop_15_19":73.0,"renda_media":2068.16,"renda_mediana":1500.0,"infra":0.6197,"pavimentacao":0.5105,"iluminacao":0.9895,"calcada":0.9789,"onibus":0.0,"local_id":"145-2038","regiao":"Zona Norte"},"geometry":{"type":"Polygon","coordinates":[[[-40.49463,-9.35236],[-40.49687,-9.35406],[-40.50063,-9.34869],[-40.49675,-9.34741],[-40.49697,-9.3477],[-40.49606,-9.34991],[-40.49463,-9.35236]]]}},{"type":"Feature","properties":{"CD_SETOR":"261110105080168","SITUACAO":"Urbana","NM_BAIRRO":"Dom Avelar","NM_DIST":"Petrolina","v0001":808,"v0007":251,"densidade":7424.5605,"taxa_alfab":0.9319,"pct_60m":0.0582,"pop_10_14":74.0,"pop_15_19":60.0,"renda_media":2234.45,"renda_mediana":1500.0,"infra":0.5518,"pavimentacao":0.2948,"iluminacao":0.996,"calcada":0.9163,"onibus":0.004,"local_id":"145-2038","regiao":"Zona Norte"},"geometry":{"type":"Polygon","coordinates":[[[-40.49463,-9.35236],[-40.49219,-9.35697],[-40.49274,-9.35729],[-40.49687,-9.35406],[-40.49463,-9.35236]]]}},{"type":"Feature","properties":{"CD_SETOR":"261110105080169","SITUACAO":"Urbana","NM_BAIRRO":"Topázio","NM_DIST":"Petrolina","v0001":818,"v0007":262,"densidade":8797.417,"taxa_alfab":0.9534,"pct_60m":0.0489,"pop_10_14":84.0,"pop_15_19":66.0,"renda_media":1816.26,"renda_mediana":1400.0,"infra":0.8979,"pavimentacao":1.0,"iluminacao":1.0,"calcada":1.0,"onibus":0.0,"local_id":"145-1791","regiao":"Zona Norte"},"geometry":{"type":"Polygon","coordinates":[[[-40.51725,-9.34568],[-40.51815,-9.34586],[-40.51805,-9.34639],[-40.51854,-9.34647],[-40.51838,-9.34748],[-40.5193,-9.34764],[-40.51948,-9.34664],[-40.52009,-9.34675],[-40.5207,-9.34442],[-40.51867,-9.34336],[-40.51832,-9.34499],[-40.51738,-9.34482],[-40.51725,-9.34568]]]}},{"type":"Feature","properties":{"CD_SETOR":"261110105080170","SITUACAO":"Urbana","NM_BAIRRO":"Topázio","NM_DIST":"Petrolina","v0001":901,"v0007":285,"densidade":9720.608,"taxa_alfab":0.9694,"pct_60m":0.0277,"pop_10_14":115.0,"pop_15_19":82.0,"renda_media":1585.69,"renda_mediana":1212.0,"infra":0.7579,"pavimentacao":1.0,"iluminacao":1.0,"calcada":0.9965,"onibus":0.0386,"local_id":"145-1791","regiao":"Zona Norte"},"geometry":{"type":"Polygon","coordinates":[[[-40.51725,-9.34568],[-40.51738,-9.34482],[-40.51832,-9.34499],[-40.51867,-9.34336],[-40.51644,-9.34223],[-40.51633,-9.34284],[-40.5158,-9.34291],[-40.51549,-9.344],[-40.51607,-9.34411],[-40.51596,-9.34457],[-40.5149,-9.34437],[-40.51483,-9.34522],[-40.51725,-9.34568]]]}},{"type":"Feature","properties":{"CD_SETOR":"261110105080171","SITUACAO":"Urbana","NM_BAIRRO":"Antônio Cassimiro","NM_DIST":"Petrolina","v0001":0,"v0007":0,"densidade":0.0,"taxa_alfab":null,"pct_60m":null,"pop_10_14":null,"pop_15_19":null,"renda_media":null,"renda_mediana":null,"infra":null,"pavimentacao":null,"iluminacao":null,"calcada":null,"onibus":null,"local_id":"145-1791","regiao":"Zona Norte"},"geometry":{"type":"Polygon","coordinates":[[[-40.50782,-9.35487],[-40.50806,-9.35635],[-40.51114,-9.35882],[-40.51715,-9.35753],[-40.51774,-9.35539],[-40.51668,-9.35436],[-40.5154,-9.35356],[-40.50872,-9.35131],[-40.50782,-9.35487]]]}},{"type":"Feature","properties":{"CD_SETOR":"261110105080173","SITUACAO":"Urbana","NM_BAIRRO":"Alto Do Cocar","NM_DIST":"Petrolina","v0001":471,"v0007":163,"densidade":9315.3345,"taxa_alfab":0.9426,"pct_60m":0.1083,"pop_10_14":24.0,"pop_15_19":30.0,"renda_media":1819.88,"renda_mediana":1212.0,"infra":0.75,"pavimentacao":1.0,"iluminacao":1.0,"calcada":1.0,"onibus":0.0,"local_id":"83-1759","regiao":"Zona Oeste (interna)"},"geometry":{"type":"Polygon","coordinates":[[[-40.52784,-9.37573],[-40.53009,-9.37673],[-40.53047,-9.37585],[-40.53188,-9.37646],[-40.53208,-9.37604],[-40.52841,-9.37448],[-40.52784,-9.37573]]]}},{"type":"Feature","properties":{"CD_SETOR":"261110105080174","SITUACAO":"Urbana","NM_BAIRRO":"Alto Do Cocar","NM_DIST":"Petrolina","v0001":521,"v0007":177,"densidade":8420.0284,"taxa_alfab":0.9498,"pct_60m":0.1305,"pop_10_14":37.0,"pop_15_19":41.0,"renda_media":2022.21,"renda_mediana":1212.0,"infra":0.7246,"pavimentacao":1.0,"iluminacao":0.8983,"calcada":1.0,"onibus":0.0,"local_id":"145-1473","regiao":"Zona Oeste (interna)"},"geometry":{"type":"Polygon","coordinates":[[[-40.53009,-9.37673],[-40.53406,-9.37842],[-40.53437,-9.37809],[-40.53385,-9.37677],[-40.53208,-9.37604],[-40.53188,-9.37646],[-40.53047,-9.37585],[-40.53009,-9.37673]]]}},{"type":"Feature","properties":{"CD_SETOR":"261110105080175","SITUACAO":"Urbana","NM_BAIRRO":"João de Deus","NM_DIST":"Petrolina","v0001":1049,"v0007":332,"densidade":4914.4511,"taxa_alfab":0.8852,"pct_60m":0.062,"pop_10_14":99.0,"pop_15_19":120.0,"renda_media":1128.99,"renda_mediana":1212.0,"infra":0.6775,"pavimentacao":0.7251,"iluminacao":0.9909,"calcada":0.994,"onibus":0.0,"local_id":"145-1511","regiao":"Zona Oeste (externa)"},"geometry":{"type":"Polygon","coordinates":[[[-40.53436,-9.35208],[-40.53479,-9.3522],[-40.53359,-9.35617],[-40.53543,-9.35668],[-40.53647,-9.35308],[-40.53629,-9.3523],[-40.53502,-9.35213],[-40.53599,-9.34991],[-40.53733,-9.34796],[-40.53675,-9.34766],[-40.53641,-9.34843],[-40.5344,-9.34778],[-40.53299,-9.35161],[-40.53445,-9.35181],[-40.53436,-9.35208]]]}},{"type":"Feature","properties":{"CD_SETOR":"261110105080176","SITUACAO":"Urbana","NM_BAIRRO":"João de Deus","NM_DIST":"Petrolina","v0001":211,"v0007":61,"densidade":8653.5614,"taxa_alfab":0.7917,"pct_60m":0.0,"pop_10_14":35.0,"pop_15_19":21.0,"renda_media":875.67,"renda_mediana":743.5,"infra":0.0492,"pavimentacao":0.0,"iluminacao":0.0,"calcada":0.1967,"onibus":0.0,"local_id":"145-1511","regiao":"Zona Oeste (externa)"},"geometry":{"type":"Polygon","coordinates":[[[-40.53305,-9.35548],[-40.53372,-9.3557],[-40.53479,-9.3522],[-40.53436,-9.35208],[-40.53305,-9.35548]]]}},{"type":"Feature","properties":{"CD_SETOR":"261110105080178","SITUACAO":"Urbana","NM_BAIRRO":"Pedro Raimundo","NM_DIST":"Petrolina","v0001":441,"v0007":132,"densidade":5699.3439,"taxa_alfab":0.898,"pct_60m":0.0113,"pop_10_14":38.0,"pop_15_19":50.0,"renda_media":1096.75,"renda_mediana":1200.0,"infra":0.2173,"pavimentacao":0.0,"iluminacao":0.0538,"calcada":0.8154,"onibus":0.0,"local_id":"145-2054","regiao":"Zona Oeste (interna)"},"geometry":{"type":"Polygon","coordinates":[[[-40.52349,-9.3776],[-40.52261,-9.37954],[-40.52265,-9.38024],[-40.52387,-9.38112],[-40.52494,-9.3825],[-40.52519,-9.38213],[-40.52432,-9.38036],[-40.52499,-9.38066],[-40.5255,-9.37948],[-40.52414,-9.37884],[-40.52349,-9.3776]]]}},{"type":"Feature","properties":{"CD_SETOR":"261110105080179","SITUACAO":"Urbana","NM_BAIRRO":"Dom Avelar","NM_DIST":"Petrolina","v0001":819,"v0007":281,"densidade":5568.6197,"taxa_alfab":0.9559,"pct_60m":0.0305,"pop_10_14":74.0,"pop_15_19":39.0,"renda_media":1575.2,"renda_mediana":1220.0,"infra":0.6655,"pavimentacao":0.5374,"iluminacao":1.0,"calcada":0.9822,"onibus":0.0925,"local_id":"145-2038","regiao":"Zona Norte"},"geometry":{"type":"Polygon","coordinates":[[[-40.49257,-9.35129],[-40.49463,-9.35236],[-40.49606,-9.34991],[-40.49697,-9.3477],[-40.49675,-9.34741],[-40.49495,-9.34681],[-40.49257,-9.35129]]]}},{"type":"Feature","properties":{"CD_SETOR":"261110105080181","SITUACAO":"Urbana","NM_BAIRRO":"José e Maria","NM_DIST":"Petrolina","v0001":998,"v0007":319,"densidade":6340.6802,"taxa_alfab":0.9667,"pct_60m":0.0802,"pop_10_14":86.0,"pop_15_19":73.0,"renda_media":3157.0,"renda_mediana":2000.0,"infra":0.6309,"pavimentacao":0.4013,"iluminacao":1.0,"calcada":1.0,"onibus":0.1223,"local_id":"144-1520","regiao":"Zona Norte"},"geometry":{"type":"Polygon","coordinates":[[[-40.50114,-9.3684],[-40.50011,-9.37418],[-40.50248,-9.37461],[-40.50341,-9.36972],[-40.50201,-9.36913],[-40.50114,-9.3684]]]}},{"type":"Feature","properties":{"CD_SETOR":"261110105080182","SITUACAO":"Urbana","NM_BAIRRO":"José e Maria","NM_DIST":"Petrolina","v0001":855,"v0007":278,"densidade":4809.239,"taxa_alfab":0.985,"pct_60m":0.0655,"pop_10_14":68.0,"pop_15_19":56.0,"renda_media":3379.08,"renda_mediana":2300.0,"infra":0.5378,"pavimentacao":0.1223,"iluminacao":1.0,"calcada":0.9748,"onibus":0.0036,"local_id":"144-1520","regiao":"Zona Norte"},"geometry":{"type":"Polygon","coordinates":[[[-40.49957,-9.37714],[-40.50427,-9.378],[-40.50495,-9.37504],[-40.50011,-9.37418],[-40.49957,-9.37714]]]}},{"type":"Feature","properties":{"CD_SETOR":"261110105080183","SITUACAO":"Urbana","NM_BAIRRO":"José e Maria","NM_DIST":"Petrolina","v0001":605,"v0007":208,"densidade":1659.2399,"taxa_alfab":0.9849,"pct_60m":0.0744,"pop_10_14":51.0,"pop_15_19":38.0,"renda_media":4260.28,"renda_mediana":3000.0,"infra":0.5493,"pavimentacao":0.1971,"iluminacao":1.0,"calcada":1.0,"onibus":0.0,"local_id":"144-1511","regiao":"Zona Norte"},"geometry":{"type":"Polygon","coordinates":[[[-40.50519,-9.37363],[-40.50427,-9.378],[-40.50588,-9.3784],[-40.51105,-9.38068],[-40.51156,-9.37886],[-40.50465,-9.37103],[-40.50436,-9.37254],[-40.50482,-9.37266],[-40.50466,-9.3735],[-40.50519,-9.37363]]]}},{"type":"Feature","properties":{"CD_SETOR":"261110105080184","SITUACAO":"Urbana","NM_BAIRRO":"José e Maria","NM_DIST":"Petrolina","v0001":722,"v0007":248,"densidade":7023.5358,"taxa_alfab":0.9805,"pct_60m":0.09,"pop_10_14":57.0,"pop_15_19":57.0,"renda_media":3983.5,"renda_mediana":2500.0,"infra":0.6522,"pavimentacao":0.5403,"iluminacao":1.0,"calcada":0.9919,"onibus":0.0,"local_id":"144-1520","regiao":"Zona Norte"},"geometry":{"type":"Polygon","coordinates":[[[-40.50248,-9.37461],[-40.50495,-9.37504],[-40.50519,-9.37363],[-40.50466,-9.3735],[-40.50482,-9.37266],[-40.50436,-9.37254],[-40.50465,-9.37103],[-40.50341,-9.36972],[-40.50248,-9.37461]]]}},{"type":"Feature","properties":{"CD_SETOR":"261110105080185","SITUACAO":"Urbana","NM_BAIRRO":"Antônio Cassimiro","NM_DIST":"Petrolina","v0001":1003,"v0007":340,"densidade":8932.2518,"taxa_alfab":0.9598,"pct_60m":0.0688,"pop_10_14":98.0,"pop_15_19":80.0,"renda_media":1112.5,"renda_mediana":1200.0,"infra":0.5118,"pavimentacao":0.0735,"iluminacao":1.0,"calcada":0.9735,"onibus":0.0,"local_id":"145-2011","regiao":"Zona Norte"},"geometry":{"type":"Polygon","coordinates":[[[-40.50433,-9.35904],[-40.50579,-9.36003],[-40.50562,-9.36018],[-40.509,-9.3642],[-40.50923,-9.36397],[-40.50853,-9.35961],[-40.50761,-9.36041],[-40.50712,-9.35977],[-40.50487,-9.35826],[-40.50433,-9.35904]]]}},{"type":"Feature","properties":{"CD_SETOR":"261110105080186","SITUACAO":"Urbana","NM_BAIRRO":"Antônio Cassimiro","NM_DIST":"Petrolina","v0001":1033,"v0007":350,"densidade":7663.5371,"taxa_alfab":0.915,"pct_60m":0.0542,"pop_10_14":79.0,"pop_15_19":83.0,"renda_media":1449.16,"renda_mediana":1212.0,"infra":0.5264,"pavimentacao":0.1343,"iluminacao":0.9886,"calcada":0.9829,"onibus":0.1171,"local_id":"145-2003","regiao":"Zona Norte"},"geometry":{"type":"Polygon","coordinates":[[[-40.50774,-9.35431],[-40.50487,-9.35826],[-40.50712,-9.35977],[-40.50761,-9.36041],[-40.50853,-9.35961],[-40.50774,-9.35431]]]}},{"type":"Feature","properties":{"CD_SETOR":"261110105080187","SITUACAO":"Urbana","NM_BAIRRO":"Dom Avelar","NM_DIST":"Petrolina","v0001":519,"v0007":190,"densidade":2519.9825,"taxa_alfab":0.9592,"pct_60m":0.0559,"pop_10_14":30.0,"pop_15_19":43.0,"renda_media":1192.5,"renda_mediana":1200.0,"infra":0.4684,"pavimentacao":0.0263,"iluminacao":1.0,"calcada":0.8211,"onibus":0.0,"local_id":"145-2003","regiao":"Zona Norte"},"geometry":{"type":"Polygon","coordinates":[[[-40.50328,-9.35315],[-40.50675,-9.35559],[-40.50774,-9.35431],[-40.50782,-9.35487],[-40.50872,-9.35131],[-40.50544,-9.35025],[-40.50328,-9.35315]]]}},{"type":"Feature","properties":{"CD_SETOR":"261110105080188","SITUACAO":"Urbana","NM_BAIRRO":"Dom Avelar","NM_DIST":"Petrolina","v0001":967,"v0007":324,"densidade":9992.4057,"taxa_alfab":0.9744,"pct_60m":0.0445,"pop_10_14":96.0,"pop_15_19":78.0,"renda_media":1525.93,"renda_mediana":1240.0,"infra":0.4992,"pavimentacao":0.0031,"iluminacao":1.0,"calcada":0.9938,"onibus":0.0,"local_id":"145-2003","regiao":"Zona Norte"},"geometry":{"type":"Polygon","coordinates":[[[-40.50214,-9.35467],[-40.50571,-9.35709],[-40.50675,-9.35559],[-40.50328,-9.35315],[-40.50214,-9.35467]]]}},{"type":"Feature","properties":{"CD_SETOR":"261110105080189","SITUACAO":"Urbana","NM_BAIRRO":"Antônio Cassimiro","NM_DIST":"Petrolina","v0001":99,"v0007":36,"densidade":98.122,"taxa_alfab":0.8036,"pct_60m":0.0,"pop_10_14":10.0,"pop_15_19":7.0,"renda_media":696.44,"renda_mediana":600.0,"infra":null,"pavimentacao":null,"iluminacao":null,"calcada":null,"onibus":null,"local_id":"145-1074","regiao":"Zona Oeste (interna)"},"geometry":{"type":"Polygon","coordinates":[[[-40.51774,-9.35539],[-40.51449,-9.36779],[-40.51916,-9.36931],[-40.52,-9.36662],[-40.52119,-9.36702],[-40.52376,-9.36847],[-40.52621,-9.36483],[-40.52617,-9.36419],[-40.52639,-9.36389],[-40.51774,-9.35539]],[[-40.52169,-9.3623],[-40.52099,-9.36391],[-40.52056,-9.36346],[-40.51986,-9.36435],[-40.51821,-9.36317],[-40.51904,-9.36222],[-40.51866,-9.36189],[-40.51982,-9.36063],[-40.52169,-9.3623]]]}},{"type":"Feature","properties":{"CD_SETOR":"261110105080190","SITUACAO":"Urbana","NM_BAIRRO":"Antônio Cassimiro","NM_DIST":"Petrolina","v0001":447,"v0007":203,"densidade":18264.5986,"taxa_alfab":0.9945,"pct_60m":0.0268,"pop_10_14":21.0,"pop_15_19":25.0,"renda_media":2664.7,"renda_mediana":2000.0,"infra":1.0,"pavimentacao":1.0,"iluminacao":1.0,"calcada":1.0,"onibus":0.0,"local_id":"144-1589","regiao":"Zona Norte"},"geometry":{"type":"Polygon","coordinates":[[[-40.51967,-9.36078],[-40.51985,-9.36096],[-40.51962,-9.3612],[-40.5202,-9.36172],[-40.51992,-9.36201],[-40.52106,-9.36307],[-40.52169,-9.3623],[-40.51982,-9.36063],[-40.51967,-9.36078]]]}},{"type":"Feature","properties":{"CD_SETOR":"261110105080191","SITUACAO":"Urbana","NM_BAIRRO":"Antônio Cassimiro","NM_DIST":"Petrolina","v0001":533,"v0007":223,"densidade":16078.9727,"taxa_alfab":0.9951,"pct_60m":0.0281,"pop_10_14":33.0,"pop_15_19":30.0,"renda_media":2654.7,"renda_mediana":2000.0,"infra":0.9473,"pavimentacao":1.0,"iluminacao":0.9686,"calcada":1.0,"onibus":0.0,"local_id":"144-1589","regiao":"Zona Norte"},"geometry":{"type":"Polygon","coordinates":[[[-40.51866,-9.36189],[-40.52056,-9.36346],[-40.52099,-9.36391],[-40.52157,-9.36261],[-40.52106,-9.36307],[-40.51992,-9.36201],[-40.5202,-9.36172],[-40.51962,-9.3612],[-40.51985,-9.36096],[-40.51967,-9.36078],[-40.51866,-9.36189]]]}},{"type":"Feature","properties":{"CD_SETOR":"261110105080192","SITUACAO":"Urbana","NM_BAIRRO":"Antônio Cassimiro","NM_DIST":"Petrolina","v0001":566,"v0007":266,"densidade":19640.3263,"taxa_alfab":0.9892,"pct_60m":0.0053,"pop_10_14":27.0,"pop_15_19":23.0,"renda_media":3351.04,"renda_mediana":2500.0,"infra":0.985,"pavimentacao":1.0,"iluminacao":1.0,"calcada":1.0,"onibus":0.0564,"local_id":"144-1589","regiao":"Zona Norte"},"geometry":{"type":"Polygon","coordinates":[[[-40.52056,-9.36346],[-40.51904,-9.36222],[-40.51821,-9.36317],[-40.51986,-9.36435],[-40.52056,-9.36346]]]}},{"type":"Feature","properties":{"CD_SETOR":"261110105080194","SITUACAO":"Urbana","NM_BAIRRO":"Ouro Preto","NM_DIST":"Petrolina","v0001":376,"v0007":111,"densidade":4366.8551,"taxa_alfab":0.9206,"pct_60m":0.0612,"pop_10_14":33.0,"pop_15_19":29.0,"renda_media":1095.19,"renda_mediana":1200.0,"infra":0.3086,"pavimentacao":0.1261,"iluminacao":0.1351,"calcada":0.973,"onibus":0.0,"local_id":"145-1953","regiao":"Zona Oeste (interna)"},"geometry":{"type":"Polygon","coordinates":[[[-40.5225,-9.38186],[-40.52387,-9.38112],[-40.5227,-9.38041],[-40.52258,-9.37988],[-40.52349,-9.3776],[-40.52213,-9.37708],[-40.52162,-9.37786],[-40.521,-9.37726],[-40.52044,-9.37725],[-40.52012,-9.37697],[-40.51976,-9.37738],[-40.52139,-9.378],[-40.52098,-9.37866],[-40.5214,-9.37887],[-40.52115,-9.37911],[-40.5225,-9.38186]]]}},{"type":"Feature","properties":{"CD_SETOR":"261110105080195","SITUACAO":"Urbana","NM_BAIRRO":"Ouro Preto","NM_DIST":"Petrolina","v0001":815,"v0007":273,"densidade":5733.2282,"taxa_alfab":0.9115,"pct_60m":0.1301,"pop_10_14":51.0,"pop_15_19":64.0,"renda_media":5952.38,"renda_mediana":1800.0,"infra":0.7216,"pavimentacao":0.7766,"iluminacao":1.0,"calcada":0.9853,"onibus":0.0366,"local_id":"145-1953","regiao":"Zona Oeste (interna)"},"geometry":{"type":"Polygon","coordinates":[[[-40.51799,-9.37974],[-40.51995,-9.38064],[-40.51941,-9.38168],[-40.52165,-9.38265],[-40.52203,-9.38179],[-40.52262,-9.38204],[-40.52157,-9.38018],[-40.52169,-9.37997],[-40.52115,-9.37911],[-40.5214,-9.37887],[-40.52098,-9.37866],[-40.52139,-9.378],[-40.51976,-9.37738],[-40.51799,-9.37974]]]}},{"type":"Feature","properties":{"CD_SETOR":"261110105080196","SITUACAO":"Urbana","NM_BAIRRO":"Dom Avelar","NM_DIST":"Petrolina","v0001":769,"v0007":262,"densidade":5482.9243,"taxa_alfab":0.9949,"pct_60m":0.0416,"pop_10_14":55.0,"pop_15_19":46.0,"renda_media":4790.47,"renda_mediana":3500.0,"infra":0.7204,"pavimentacao":0.8969,"iluminacao":0.9924,"calcada":0.9924,"onibus":0.0,"local_id":"145-2135","regiao":"Zona Norte"},"geometry":{"type":"Polygon","coordinates":[[[-40.48493,-9.35785],[-40.48777,-9.36274],[-40.48954,-9.36186],[-40.48641,-9.35651],[-40.4856,-9.35693],[-40.48585,-9.35734],[-40.48493,-9.35785]]]}},{"type":"Feature","properties":{"CD_SETOR":"261110105080197","SITUACAO":"Urbana","NM_BAIRRO":"Dom Avelar","NM_DIST":"Petrolina","v0001":569,"v0007":183,"densidade":4001.406,"taxa_alfab":0.9904,"pct_60m":0.0351,"pop_10_14":52.0,"pop_15_19":33.0,"renda_media":3579.3,"renda_mediana":2001.0,"infra":0.5478,"pavimentacao":0.2077,"iluminacao":1.0,"calcada":0.9836,"onibus":0.0492,"local_id":"145-2135","regiao":"Zona Norte"},"geometry":{"type":"Polygon","coordinates":[[[-40.48339,-9.35919],[-40.48588,-9.36355],[-40.48777,-9.36274],[-40.48471,-9.35744],[-40.48342,-9.3582],[-40.48388,-9.35894],[-40.48339,-9.35919]]]}},{"type":"Feature","properties":{"CD_SETOR":"261110105080198","SITUACAO":"Urbana","NM_BAIRRO":"Antônio Cassimiro","NM_DIST":"Petrolina","v0001":778,"v0007":259,"densidade":9004.5292,"taxa_alfab":0.8885,"pct_60m":0.0501,"pop_10_14":70.0,"pop_15_19":83.0,"renda_media":1311.72,"renda_mediana":1200.0,"infra":0.5367,"pavimentacao":0.1737,"iluminacao":0.9961,"calcada":0.9768,"onibus":0.0463,"local_id":"145-2011","regiao":"Zona Norte"},"geometry":{"type":"Polygon","coordinates":[[[-40.50574,-9.36484],[-40.50678,-9.36608],[-40.50604,-9.36669],[-40.50717,-9.368],[-40.50433,-9.37063],[-40.50478,-9.3712],[-40.50868,-9.36767],[-40.5061,-9.36452],[-40.50574,-9.36484]]]}},{"type":"Feature","properties":{"CD_SETOR":"261110105080199","SITUACAO":"Urbana","NM_BAIRRO":"Antônio Cassimiro","NM_DIST":"Petrolina","v0001":946,"v0007":312,"densidade":2943.8264,"taxa_alfab":0.8968,"pct_60m":0.0444,"pop_10_14":89.0,"pop_15_19":90.0,"renda_media":1311.04,"renda_mediana":1212.0,"infra":0.5707,"pavimentacao":0.283,"iluminacao":1.0,"calcada":1.0,"onibus":0.0,"local_id":"145-2011","regiao":"Zona Norte"},"geometry":{"type":"Polygon","coordinates":[[[-40.49894,-9.36447],[-40.50096,-9.36687],[-40.50017,-9.3675],[-40.50128,-9.36862],[-40.50341,-9.36972],[-40.50433,-9.37063],[-40.50717,-9.368],[-40.50604,-9.36669],[-40.50678,-9.36608],[-40.50574,-9.36484],[-40.50426,-9.36604],[-40.50282,-9.36429],[-40.50132,-9.36557],[-40.50051,-9.36529],[-40.49949,-9.36399],[-40.49894,-9.36447]]]}},{"type":"Feature","properties":{"CD_SETOR":"261110105080200","SITUACAO":"Urbana","NM_BAIRRO":"João de Deus","NM_DIST":"Petrolina","v0001":153,"v0007":53,"densidade":4279.8381,"taxa_alfab":0.7273,"pct_60m":0.0,"pop_10_14":18.0,"pop_15_19":13.0,"renda_media":842.88,"renda_mediana":600.0,"infra":0.0,"pavimentacao":0.0,"iluminacao":0.0,"calcada":0.0,"onibus":0.0,"local_id":"145-1511","regiao":"Zona Oeste (externa)"},"geometry":{"type":"Polygon","coordinates":[[[-40.5311,-9.35277],[-40.53147,-9.35261],[-40.53212,-9.35157],[-40.52959,-9.3511],[-40.52928,-9.35218],[-40.5311,-9.35277]]]}},{"type":"Feature","properties":{"CD_SETOR":"261110105080201","SITUACAO":"Urbana","NM_BAIRRO":"João de Deus","NM_DIST":"Petrolina","v0001":63,"v0007":22,"densidade":3879.0713,"taxa_alfab":0.7778,"pct_60m":0.0,"pop_10_14":3.0,"pop_15_19":14.0,"renda_media":698.94,"renda_mediana":600.0,"infra":0.0682,"pavimentacao":0.2727,"iluminacao":0.0,"calcada":0.0,"onibus":0.0,"local_id":"145-2143","regiao":"Zona Oeste (externa)"},"geometry":{"type":"Polygon","coordinates":[[[-40.5295,-9.35793],[-40.52891,-9.35767],[-40.52835,-9.35975],[-40.52891,-9.35997],[-40.5295,-9.35793]]]}},{"type":"Feature","properties":{"CD_SETOR":"261110105080202","SITUACAO":"Urbana","NM_BAIRRO":"João de Deus","NM_DIST":"Petrolina","v0001":167,"v0007":56,"densidade":60.494,"taxa_alfab":0.9375,"pct_60m":0.024,"pop_10_14":16.0,"pop_15_19":12.0,"renda_media":1982.98,"renda_mediana":1350.0,"infra":0.4,"pavimentacao":0.1273,"iluminacao":0.7455,"calcada":0.6,"onibus":0.0,"local_id":"145-2143","regiao":"Zona Oeste (externa)"},"geometry":{"type":"Polygon","coordinates":[[[-40.52891,-9.35767],[-40.53235,-9.35863],[-40.53334,-9.35558],[-40.53305,-9.35548],[-40.53445,-9.35181],[-40.53299,-9.35161],[-40.5344,-9.34778],[-40.53641,-9.34843],[-40.53715,-9.34676],[-40.53537,-9.34546],[-40.53473,-9.34662],[-40.53401,-9.34632],[-40.53402,-9.34551],[-40.53295,-9.34502],[-40.53209,-9.34423],[-40.52475,-9.34036],[-40.52189,-9.34043],[-40.52203,-9.34087],[-40.52134,-9.34186],[-40.51925,-9.34957],[-40.52317,-9.35029],[-40.52278,-9.35266],[-40.52368,-9.35264],[-40.52241,-9.35856],[-40.52172,-9.35928],[-40.52998,-9.36733],[-40.53074,-9.36463],[-40.53078,-9.36384],[-40.52695,-9.36277],[-40.52753,-9.36078],[-40.52813,-9.36095],[-40.52825,-9.36055],[-40.52871,-9.36068],[-40.52891,-9.35997],[-40.52835,-9.35975],[-40.52859,-9.35933],[-40.52857,-9.35843],[-40.52891,-9.35767]],[[-40.52959,-9.3511],[-40.53212,-9.35157],[-40.53147,-9.35261],[-40.5311,-9.35277],[-40.52928,-9.35218],[-40.52959,-9.3511]]]}},{"type":"Feature","properties":{"CD_SETOR":"261110105080204","SITUACAO":"Urbana","NM_BAIRRO":"Topázio","NM_DIST":"Petrolina","v0001":740,"v0007":258,"densidade":637.4913,"taxa_alfab":0.8593,"pct_60m":0.0716,"pop_10_14":56.0,"pop_15_19":48.0,"renda_media":1509.27,"renda_mediana":1200.0,"infra":0.2868,"pavimentacao":0.0426,"iluminacao":0.9419,"calcada":0.1628,"onibus":0.0,"local_id":"145-2038","regiao":"Zona Norte"},"geometry":{"type":"Polygon","coordinates":[[[-40.47996,-9.33619],[-40.47788,-9.33713],[-40.47808,-9.33755],[-40.47658,-9.3384],[-40.47772,-9.34048],[-40.47424,-9.34223],[-40.47591,-9.34531],[-40.47839,-9.3447],[-40.48289,-9.34468],[-40.48211,-9.34336],[-40.49933,-9.33369],[-40.49906,-9.33303],[-40.4994,-9.33297],[-40.49723,-9.33188],[-40.48252,-9.33998],[-40.47996,-9.33619]]]}},{"type":"Feature","properties":{"CD_SETOR":"261110105080210","SITUACAO":"Urbana","NM_BAIRRO":"Topázio","NM_DIST":"Petrolina","v0001":649,"v0007":208,"densidade":10769.3725,"taxa_alfab":0.9453,"pct_60m":0.0663,"pop_10_14":48.0,"pop_15_19":70.0,"renda_media":1663.62,"renda_mediana":1212.0,"infra":0.7416,"pavimentacao":0.8462,"iluminacao":1.0,"calcada":0.9952,"onibus":0.6442,"local_id":"145-1791","regiao":"Zona Norte"},"geometry":{"type":"Polygon","coordinates":[[[-40.51524,-9.3503],[-40.51728,-9.35064],[-40.51736,-9.35017],[-40.51902,-9.35046],[-40.51927,-9.34952],[-40.51517,-9.34879],[-40.51524,-9.3503]]]}},{"type":"Feature","properties":{"CD_SETOR":"261110105080211","SITUACAO":"Urbana","NM_BAIRRO":"Topázio","NM_DIST":"Petrolina","v0001":738,"v0007":236,"densidade":25230.0074,"taxa_alfab":0.9402,"pct_60m":0.0352,"pop_10_14":70.0,"pop_15_19":67.0,"renda_media":1490.2,"renda_mediana":1212.0,"infra":0.7797,"pavimentacao":1.0,"iluminacao":1.0,"calcada":1.0,"onibus":0.0,"local_id":"145-2070","regiao":"Zona Norte"},"geometry":{"type":"Polygon","coordinates":[[[-40.47791,-9.33372],[-40.47784,-9.33406],[-40.47829,-9.33499],[-40.47875,-9.33507],[-40.47938,-9.33645],[-40.47996,-9.33619],[-40.47853,-9.33335],[-40.47791,-9.33372]]]}},{"type":"Feature","properties":{"CD_SETOR":"261110105080212","SITUACAO":"Urbana","NM_BAIRRO":"Topázio","NM_DIST":"Petrolina","v0001":559,"v0007":179,"densidade":22148.8309,"taxa_alfab":0.9407,"pct_60m":0.0197,"pop_10_14":58.0,"pop_15_19":60.0,"renda_media":1079.95,"renda_mediana":1200.0,"infra":0.852,"pavimentacao":1.0,"iluminacao":1.0,"calcada":1.0,"onibus":0.0,"local_id":"145-2070","regiao":"Zona Norte"},"geometry":{"type":"Polygon","coordinates":[[[-40.47654,-9.33453],[-40.47721,-9.33581],[-40.47854,-9.33517],[-40.47784,-9.33406],[-40.47791,-9.33372],[-40.47654,-9.33453]]]}},{"type":"Feature","properties":{"CD_SETOR":"261110105080213","SITUACAO":"Urbana","NM_BAIRRO":"Topázio","NM_DIST":"Petrolina","v0001":796,"v0007":257,"densidade":25784.3091,"taxa_alfab":0.929,"pct_60m":0.049,"pop_10_14":94.0,"pop_15_19":72.0,"renda_media":1135.06,"renda_mediana":1212.0,"infra":0.75,"pavimentacao":1.0,"iluminacao":1.0,"calcada":0.8911,"onibus":0.0,"local_id":"145-2038","regiao":"Zona Norte"},"geometry":{"type":"Polygon","coordinates":[[[-40.47875,-9.33507],[-40.47721,-9.33581],[-40.47788,-9.33713],[-40.47938,-9.33645],[-40.47875,-9.33507]]]}},{"type":"Feature","properties":{"CD_SETOR":"261110105080214","SITUACAO":"Urbana","NM_BAIRRO":"Topázio","NM_DIST":"Petrolina","v0001":653,"v0007":218,"densidade":21621.9672,"taxa_alfab":0.949,"pct_60m":0.0322,"pop_10_14":80.0,"pop_15_19":78.0,"renda_media":1205.97,"renda_mediana":1212.0,"infra":0.867,"pavimentacao":1.0,"iluminacao":1.0,"calcada":1.0,"onibus":0.0,"local_id":"145-2070","regiao":"Zona Norte"},"geometry":{"type":"Polygon","coordinates":[[[-40.4754,-9.33546],[-40.476,-9.33668],[-40.4773,-9.33604],[-40.47654,-9.33453],[-40.47511,-9.33537],[-40.4754,-9.33546]]]}},{"type":"Feature","properties":{"CD_SETOR":"261110105080215","SITUACAO":"Urbana","NM_BAIRRO":"Topázio","NM_DIST":"Petrolina","v0001":631,"v0007":211,"densidade":17271.8403,"taxa_alfab":0.9382,"pct_60m":0.0285,"pop_10_14":84.0,"pop_15_19":73.0,"renda_media":1178.08,"renda_mediana":1212.0,"infra":0.9431,"pavimentacao":1.0,"iluminacao":1.0,"calcada":1.0,"onibus":0.0,"local_id":"145-2038","regiao":"Zona Norte"},"geometry":{"type":"Polygon","coordinates":[[[-40.476,-9.33668],[-40.47573,-9.33663],[-40.47658,-9.3384],[-40.47808,-9.33755],[-40.4773,-9.33604],[-40.476,-9.33668]]]}},{"type":"Feature","properties":{"CD_SETOR":"261110105080218","SITUACAO":"Urbana","NM_BAIRRO":"João de Deus","NM_DIST":"Petrolina","v0001":170,"v0007":51,"densidade":7759.9124,"taxa_alfab":0.8969,"pct_60m":0.0235,"pop_10_14":19.0,"pop_15_19":6.0,"renda_media":1035.78,"renda_mediana":1212.0,"infra":0.3235,"pavimentacao":0.0,"iluminacao":0.9608,"calcada":0.3333,"onibus":0.0,"local_id":"145-1511","regiao":"Zona Oeste (externa)"},"geometry":{"type":"Polygon","coordinates":[[[-40.53502,-9.35213],[-40.53901,-9.35279],[-40.53902,-9.35242],[-40.53676,-9.35209],[-40.53538,-9.35121],[-40.53502,-9.35213]]]}},{"type":"Feature","properties":{"CD_SETOR":"261110105080219","SITUACAO":"Urbana","NM_BAIRRO":"Topázio","NM_DIST":"Petrolina","v0001":968,"v0007":288,"densidade":8908.4611,"taxa_alfab":0.9368,"pct_60m":0.0455,"pop_10_14":120.0,"pop_15_19":108.0,"renda_media":1405.53,"renda_mediana":1212.0,"infra":0.6398,"pavimentacao":0.4062,"iluminacao":1.0,"calcada":0.9965,"onibus":0.3611,"local_id":"145-1791","regiao":"Zona Norte"},"geometry":{"type":"Polygon","coordinates":[[[-40.51517,-9.34879],[-40.51927,-9.34952],[-40.52009,-9.34675],[-40.51948,-9.34664],[-40.5193,-9.34764],[-40.51838,-9.34748],[-40.51854,-9.34647],[-40.51759,-9.34634],[-40.51733,-9.3477],[-40.51506,-9.34731],[-40.51517,-9.34879]]]}},{"type":"Feature","properties":{"CD_SETOR":"261110105080220","SITUACAO":"Urbana","NM_BAIRRO":"Pedro Raimundo","NM_DIST":"Petrolina","v0001":753,"v0007":243,"densidade":11900.9456,"taxa_alfab":0.9158,"pct_60m":0.089,"pop_10_14":56.0,"pop_15_19":70.0,"renda_media":1430.85,"renda_mediana":1212.0,"infra":0.8477,"pavimentacao":1.0,"iluminacao":1.0,"calcada":1.0,"onibus":0.2058,"local_id":"145-1074","regiao":"Zona Oeste (interna)"},"geometry":{"type":"Polygon","coordinates":[[[-40.52268,-9.37448],[-40.5275,-9.37666],[-40.52788,-9.3758],[-40.52309,-9.37351],[-40.52268,-9.37448]]]}},{"type":"Feature","properties":{"CD_SETOR":"261110105080221","SITUACAO":"Urbana","NM_BAIRRO":"Pedro Raimundo","NM_DIST":"Petrolina","v0001":730,"v0007":235,"densidade":3015.2175,"taxa_alfab":0.8996,"pct_60m":0.074,"pop_10_14":65.0,"pop_15_19":62.0,"renda_media":1868.84,"renda_mediana":1212.0,"infra":0.6573,"pavimentacao":0.7629,"iluminacao":0.8922,"calcada":0.9612,"onibus":0.0172,"local_id":"83-1759","regiao":"Zona Oeste (interna)"},"geometry":{"type":"Polygon","coordinates":[[[-40.5275,-9.37666],[-40.52268,-9.37448],[-40.52185,-9.37637],[-40.52089,-9.37591],[-40.52014,-9.37667],[-40.52012,-9.37697],[-40.52044,-9.37725],[-40.521,-9.37726],[-40.52162,-9.37786],[-40.52213,-9.37708],[-40.52354,-9.37759],[-40.52414,-9.37884],[-40.5255,-9.37948],[-40.52499,-9.38066],[-40.52432,-9.38036],[-40.52519,-9.38213],[-40.5275,-9.37666]]]}},{"type":"Feature","properties":{"CD_SETOR":"261110105080222","SITUACAO":"Urbana","NM_BAIRRO":"Antônio Cassimiro","NM_DIST":"Petrolina","v0001":340,"v0007":136,"densidade":1786.3649,"taxa_alfab":0.952,"pct_60m":0.0441,"pop_10_14":30.0,"pop_15_19":23.0,"renda_media":1521.29,"renda_mediana":1200.0,"infra":0.4761,"pavimentacao":0.0588,"iluminacao":1.0,"calcada":0.8456,"onibus":0.0221,"local_id":"144-1589","regiao":"Zona Norte"},"geometry":{"type":"Polygon","coordinates":[[[-40.51404,-9.36945],[-40.51286,-9.37417],[-40.51263,-9.37497],[-40.51307,-9.37497],[-40.51453,-9.37432],[-40.51627,-9.37429],[-40.51688,-9.37365],[-40.5168,-9.37291],[-40.51758,-9.37147],[-40.51552,-9.3704],[-40.51565,-9.37015],[-40.51404,-9.36945]]]}},{"type":"Feature","properties":{"CD_SETOR":"261110105080223","SITUACAO":"Urbana","NM_BAIRRO":"Antônio Cassimiro","NM_DIST":"Petrolina","v0001":160,"v0007":80,"densidade":322.0015,"taxa_alfab":0.9839,"pct_60m":0.0,"pop_10_14":11.0,"pop_15_19":7.0,"renda_media":1045.0,"renda_mediana":1000.0,"infra":0.475,"pavimentacao":0.0,"iluminacao":0.975,"calcada":0.925,"onibus":0.1125,"local_id":"145-1074","regiao":"Zona Oeste (interna)"},"geometry":{"type":"Polygon","coordinates":[[[-40.51404,-9.36945],[-40.51565,-9.37015],[-40.51552,-9.3704],[-40.51758,-9.37147],[-40.5168,-9.37291],[-40.51688,-9.37365],[-40.51921,-9.37528],[-40.52014,-9.37667],[-40.52089,-9.37591],[-40.5211,-9.37539],[-40.51989,-9.37474],[-40.52228,-9.3713],[-40.52376,-9.36847],[-40.52119,-9.36702],[-40.52,-9.36662],[-40.51916,-9.36931],[-40.51449,-9.36779],[-40.51404,-9.36945]]]}},{"type":"Feature","properties":{"CD_SETOR":"261110105080224","SITUACAO":"Urbana","NM_BAIRRO":"Topázio","NM_DIST":"Petrolina","v0001":806,"v0007":236,"densidade":26310.4696,"taxa_alfab":0.9365,"pct_60m":0.036,"pop_10_14":113.0,"pop_15_19":101.0,"renda_media":1331.81,"renda_mediana":1212.0,"infra":0.8305,"pavimentacao":1.0,"iluminacao":1.0,"calcada":1.0,"onibus":0.0,"local_id":"145-2070","regiao":"Zona Norte"},"geometry":{"type":"Polygon","coordinates":[[[-40.46568,-9.31454],[-40.46745,-9.31348],[-40.4669,-9.31234],[-40.46576,-9.31303],[-40.46518,-9.31373],[-40.46568,-9.31454]]]}},{"type":"Feature","properties":{"CD_SETOR":"261110105080225","SITUACAO":"Urbana","NM_BAIRRO":"Topázio","NM_DIST":"Petrolina","v0001":1000,"v0007":295,"densidade":23777.4386,"taxa_alfab":0.9677,"pct_60m":0.019,"pop_10_14":144.0,"pop_15_19":129.0,"renda_media":1123.76,"renda_mediana":1212.0,"infra":1.0,"pavimentacao":1.0,"iluminacao":1.0,"calcada":1.0,"onibus":0.0,"local_id":"145-2070","regiao":"Zona Norte"},"geometry":{"type":"Polygon","coordinates":[[[-40.46745,-9.31348],[-40.46568,-9.31454],[-40.46659,-9.316],[-40.4682,-9.31513],[-40.46745,-9.31348]]]}},{"type":"Feature","properties":{"CD_SETOR":"261110105080226","SITUACAO":"Urbana","NM_BAIRRO":"Topázio","NM_DIST":"Petrolina","v0001":751,"v0007":227,"densidade":23115.7899,"taxa_alfab":0.9282,"pct_60m":0.0333,"pop_10_14":90.0,"pop_15_19":86.0,"renda_media":1046.92,"renda_mediana":1212.0,"infra":0.8711,"pavimentacao":1.0,"iluminacao":1.0,"calcada":1.0,"onibus":0.0,"local_id":"145-2070","regiao":"Zona Norte"},"geometry":{"type":"Polygon","coordinates":[[[-40.46659,-9.316],[-40.46739,-9.31727],[-40.46896,-9.31629],[-40.4682,-9.31513],[-40.46659,-9.316]]]}},{"type":"Feature","properties":{"CD_SETOR":"261110105080227","SITUACAO":"Urbana","NM_BAIRRO":"Topázio","NM_DIST":"Petrolina","v0001":707,"v0007":242,"densidade":22546.8348,"taxa_alfab":0.9189,"pct_60m":0.0382,"pop_10_14":82.0,"pop_15_19":75.0,"renda_media":1293.1,"renda_mediana":1212.0,"infra":0.9525,"pavimentacao":1.0,"iluminacao":1.0,"calcada":1.0,"onibus":0.0,"local_id":"145-2070","regiao":"Zona Norte"},"geometry":{"type":"Polygon","coordinates":[[[-40.46755,-9.31754],[-40.46696,-9.31661],[-40.46503,-9.31779],[-40.46556,-9.3188],[-40.46755,-9.31754]]]}},{"type":"Feature","properties":{"CD_SETOR":"261110105080228","SITUACAO":"Urbana","NM_BAIRRO":"Topázio","NM_DIST":"Petrolina","v0001":702,"v0007":227,"densidade":17007.0264,"taxa_alfab":0.9351,"pct_60m":0.0299,"pop_10_14":81.0,"pop_15_19":62.0,"renda_media":1174.04,"renda_mediana":1212.0,"infra":0.9075,"pavimentacao":1.0,"iluminacao":1.0,"calcada":1.0,"onibus":0.0749,"local_id":"145-2070","regiao":"Zona Norte"},"geometry":{"type":"Polygon","coordinates":[[[-40.46439,-9.31658],[-40.46624,-9.31544],[-40.46518,-9.31373],[-40.46383,-9.31539],[-40.46439,-9.31658]]]}},{"type":"Feature","properties":{"CD_SETOR":"261110105080229","SITUACAO":"Urbana","NM_BAIRRO":"Topázio","NM_DIST":"Petrolina","v0001":657,"v0007":221,"densidade":17813.3189,"taxa_alfab":0.9136,"pct_60m":0.0335,"pop_10_14":87.0,"pop_15_19":55.0,"renda_media":1232.83,"renda_mediana":1212.0,"infra":0.9367,"pavimentacao":1.0,"iluminacao":1.0,"calcada":1.0,"onibus":0.0,"local_id":"145-2070","regiao":"Zona Norte"},"geometry":{"type":"Polygon","coordinates":[[[-40.46624,-9.31544],[-40.46439,-9.31658],[-40.46503,-9.31779],[-40.46696,-9.31661],[-40.46624,-9.31544]]]}},{"type":"Feature","properties":{"CD_SETOR":"261110105080230","SITUACAO":"Urbana","NM_BAIRRO":"Topázio","NM_DIST":"Petrolina","v0001":509,"v0007":157,"densidade":16835.5935,"taxa_alfab":0.9415,"pct_60m":0.0138,"pop_10_14":71.0,"pop_15_19":47.0,"renda_media":1089.12,"renda_mediana":1212.0,"infra":0.9283,"pavimentacao":1.0,"iluminacao":1.0,"calcada":1.0,"onibus":0.0,"local_id":"145-2070","regiao":"Zona Norte"},"geometry":{"type":"Polygon","coordinates":[[[-40.46556,-9.3188],[-40.46603,-9.3197],[-40.46809,-9.31846],[-40.46755,-9.31754],[-40.46556,-9.3188]]]}},{"type":"Feature","properties":{"CD_SETOR":"261110105080231","SITUACAO":"Urbana","NM_BAIRRO":"Topázio","NM_DIST":"Petrolina","v0001":580,"v0007":199,"densidade":17814.9006,"taxa_alfab":0.9506,"pct_60m":0.069,"pop_10_14":70.0,"pop_15_19":59.0,"renda_media":1205.24,"renda_mediana":1212.0,"infra":0.848,"pavimentacao":1.0,"iluminacao":1.0,"calcada":1.0,"onibus":0.0,"local_id":"145-2070","regiao":"Zona Norte"},"geometry":{"type":"Polygon","coordinates":[[[-40.46603,-9.3197],[-40.46654,-9.32067],[-40.46866,-9.31941],[-40.46809,-9.31846],[-40.46603,-9.3197]]]}},{"type":"Feature","properties":{"CD_SETOR":"261110105080232","SITUACAO":"Urbana","NM_BAIRRO":"Dom Avelar","NM_DIST":"Petrolina","v0001":954,"v0007":292,"densidade":10516.75,"taxa_alfab":0.8984,"pct_60m":0.066,"pop_10_14":83.0,"pop_15_19":94.0,"renda_media":2055.38,"renda_mediana":1212.0,"infra":0.5514,"pavimentacao":0.2945,"iluminacao":1.0,"calcada":0.911,"onibus":0.0,"local_id":"145-2135","regiao":"Zona Norte"},"geometry":{"type":"Polygon","coordinates":[[[-40.48954,-9.36186],[-40.49238,-9.36047],[-40.49157,-9.35902],[-40.49074,-9.35865],[-40.48824,-9.35976],[-40.48954,-9.36186]]]}},{"type":"Feature","properties":{"CD_SETOR":"261110105080233","SITUACAO":"Urbana","NM_BAIRRO":"Dom Avelar","NM_DIST":"Petrolina","v0001":585,"v0007":189,"densidade":733.0017,"taxa_alfab":0.9671,"pct_60m":0.0547,"pop_10_14":41.0,"pop_15_19":39.0,"renda_media":3201.02,"renda_mediana":2500.0,"infra":0.7169,"pavimentacao":0.8624,"iluminacao":0.9841,"calcada":0.9206,"onibus":0.0,"local_id":"145-1988","regiao":"Zona Norte"},"geometry":{"type":"Polygon","coordinates":[[[-40.48824,-9.35976],[-40.49082,-9.35864],[-40.49157,-9.35902],[-40.49238,-9.36047],[-40.48622,-9.36352],[-40.48616,-9.36401],[-40.48913,-9.36941],[-40.49753,-9.36247],[-40.49628,-9.36102],[-40.49462,-9.35989],[-40.48712,-9.35595],[-40.48641,-9.35651],[-40.48824,-9.35976]]]}},{"type":"Feature","properties":{"CD_SETOR":"261110105080234","SITUACAO":"Urbana","NM_BAIRRO":"Jardim São Paulo","NM_DIST":"Petrolina","v0001":591,"v0007":206,"densidade":3777.8522,"taxa_alfab":0.939,"pct_60m":0.0948,"pop_10_14":39.0,"pop_15_19":48.0,"renda_media":2516.23,"renda_mediana":1500.0,"infra":0.6529,"pavimentacao":0.6456,"iluminacao":0.9709,"calcada":0.9951,"onibus":0.0,"local_id":"145-1473","regiao":"Zona Oeste (interna)"},"geometry":{"type":"Polygon","coordinates":[[[-40.53782,-9.36977],[-40.53774,-9.37146],[-40.53577,-9.37133],[-40.53578,-9.37193],[-40.5364,-9.37255],[-40.53574,-9.3731],[-40.53758,-9.37493],[-40.53771,-9.37537],[-40.54032,-9.37111],[-40.53925,-9.36985],[-40.53782,-9.36977]]]}},{"type":"Feature","properties":{"CD_SETOR":"261110105080235","SITUACAO":"Urbana","NM_BAIRRO":"Jardim São Paulo","NM_DIST":"Petrolina","v0001":741,"v0007":259,"densidade":6088.4485,"taxa_alfab":0.9049,"pct_60m":0.0877,"pop_10_14":55.0,"pop_15_19":57.0,"renda_media":1594.06,"renda_mediana":1212.0,"infra":0.7008,"pavimentacao":0.8224,"iluminacao":0.9846,"calcada":0.9961,"onibus":0.166,"local_id":"145-1210","regiao":"Zona Oeste (externa)"},"geometry":{"type":"Polygon","coordinates":[[[-40.53574,-9.3731],[-40.5364,-9.37255],[-40.53578,-9.37193],[-40.53577,-9.37133],[-40.53774,-9.37146],[-40.53782,-9.36977],[-40.53337,-9.36952],[-40.53238,-9.36979],[-40.53574,-9.3731]]]}},{"type":"Feature","properties":{"CD_SETOR":"261110105080236","SITUACAO":"Urbana","NM_BAIRRO":"João de Deus","NM_DIST":"Petrolina","v0001":507,"v0007":178,"densidade":6554.4246,"taxa_alfab":0.9791,"pct_60m":0.0276,"pop_10_14":33.0,"pop_15_19":36.0,"renda_media":2920.41,"renda_mediana":2000.0,"infra":0.75,"pavimentacao":1.0,"iluminacao":1.0,"calcada":1.0,"onibus":0.0,"local_id":"145-1112","regiao":"Zona Oeste (externa)"},"geometry":{"type":"Polygon","coordinates":[[[-40.5447,-9.36367],[-40.54204,-9.36214],[-40.54083,-9.36143],[-40.54045,-9.36268],[-40.54382,-9.36517],[-40.5447,-9.36367]]]}},{"type":"Feature","properties":{"CD_SETOR":"261110105080237","SITUACAO":"Urbana","NM_BAIRRO":"João de Deus","NM_DIST":"Petrolina","v0001":701,"v0007":247,"densidade":7441.901,"taxa_alfab":0.9627,"pct_60m":0.0243,"pop_10_14":48.0,"pop_15_19":48.0,"renda_media":2282.52,"renda_mediana":1500.0,"infra":0.6144,"pavimentacao":0.5506,"iluminacao":0.9069,"calcada":1.0,"onibus":0.0,"local_id":"145-1112","regiao":"Zona Oeste (externa)"},"geometry":{"type":"Polygon","coordinates":[[[-40.54083,-9.36143],[-40.5447,-9.36367],[-40.54564,-9.36205],[-40.54249,-9.36024],[-40.54181,-9.36004],[-40.54163,-9.36077],[-40.54083,-9.36143]]]}},{"type":"Feature","properties":{"CD_SETOR":"261110105080238","SITUACAO":"Urbana","NM_BAIRRO":"Antônio Cassimiro","NM_DIST":"Petrolina","v0001":548,"v0007":181,"densidade":5117.0756,"taxa_alfab":0.9193,"pct_60m":0.0712,"pop_10_14":44.0,"pop_15_19":38.0,"renda_media":1977.19,"renda_mediana":1299.5,"infra":0.5556,"pavimentacao":0.2333,"iluminacao":0.9944,"calcada":0.9944,"onibus":0.0111,"local_id":"144-1511","regiao":"Zona Norte"},"geometry":{"type":"Polygon","coordinates":[[[-40.50902,-9.37236],[-40.50657,-9.36953],[-40.50478,-9.3712],[-40.50723,-9.37382],[-40.50902,-9.37236]]]}},{"type":"Feature","properties":{"CD_SETOR":"261110105080239","SITUACAO":"Urbana","NM_BAIRRO":"Antônio Cassimiro","NM_DIST":"Petrolina","v0001":1274,"v0007":347,"densidade":9988.746,"taxa_alfab":0.9438,"pct_60m":0.0965,"pop_10_14":115.0,"pop_15_19":112.0,"renda_media":1589.73,"renda_mediana":1212.0,"infra":0.6794,"pavimentacao":0.7233,"iluminacao":1.0,"calcada":0.9942,"onibus":0.0,"local_id":"144-1511","regiao":"Zona Norte"},"geometry":{"type":"Polygon","coordinates":[[[-40.50657,-9.36953],[-40.50902,-9.37236],[-40.51112,-9.37052],[-40.50868,-9.36767],[-40.50657,-9.36953]]]}},{"type":"Feature","properties":{"CD_SETOR":"261110105080240","SITUACAO":"Urbana","NM_BAIRRO":"Dom Avelar","NM_DIST":"Petrolina","v0001":655,"v0007":204,"densidade":10360.1185,"taxa_alfab":0.8934,"pct_60m":0.1099,"pop_10_14":55.0,"pop_15_19":62.0,"renda_media":1748.38,"renda_mediana":1212.0,"infra":0.6287,"pavimentacao":0.5147,"iluminacao":1.0,"calcada":1.0,"onibus":0.0,"local_id":"145-2038","regiao":"Zona Norte"},"geometry":{"type":"Polygon","coordinates":[[[-40.49352,-9.35447],[-40.49234,-9.35387],[-40.49276,-9.35301],[-40.49189,-9.35257],[-40.49055,-9.35506],[-40.49221,-9.35593],[-40.49239,-9.35561],[-40.49281,-9.35581],[-40.49352,-9.35447]]]}},{"type":"Feature","properties":{"CD_SETOR":"261110105080241","SITUACAO":"Urbana","NM_BAIRRO":"Dom Avelar","NM_DIST":"Petrolina","v0001":580,"v0007":184,"densidade":10352.8089,"taxa_alfab":0.9528,"pct_60m":0.0534,"pop_10_14":54.0,"pop_15_19":39.0,"renda_media":1595.58,"renda_mediana":1212.0,"infra":0.5747,"pavimentacao":0.3043,"iluminacao":1.0,"calcada":0.9946,"onibus":0.0,"local_id":"145-2038","regiao":"Zona Norte"},"geometry":{"type":"Polygon","coordinates":[[[-40.49189,-9.35257],[-40.49276,-9.35301],[-40.49234,-9.35387],[-40.49352,-9.35447],[-40.49463,-9.35236],[-40.49257,-9.35129],[-40.49189,-9.35257]]]}},{"type":"Feature","properties":{"CD_SETOR":"261110105080242","SITUACAO":"Urbana","NM_BAIRRO":"Dom Avelar","NM_DIST":"Petrolina","v0001":861,"v0007":275,"densidade":1061.324,"taxa_alfab":0.9319,"pct_60m":0.0523,"pop_10_14":64.0,"pop_15_19":77.0,"renda_media":2385.25,"renda_mediana":1600.0,"infra":0.4908,"pavimentacao":0.3516,"iluminacao":0.7875,"calcada":0.7582,"onibus":0.0659,"local_id":"145-2038","regiao":"Zona Norte"},"geometry":{"type":"Polygon","coordinates":[[[-40.47739,-9.35087],[-40.47736,-9.34908],[-40.48072,-9.34751],[-40.48149,-9.34752],[-40.4829,-9.35015],[-40.48403,-9.3502],[-40.48496,-9.3505],[-40.48656,-9.35133],[-40.48631,-9.35176],[-40.4867,-9.35195],[-40.48757,-9.35033],[-40.48719,-9.35006],[-40.48805,-9.34842],[-40.48923,-9.34867],[-40.4896,-9.34774],[-40.48876,-9.34602],[-40.48864,-9.34532],[-40.48427,-9.34477],[-40.48077,-9.34461],[-40.478,-9.34475],[-40.47573,-9.34538],[-40.47352,-9.34642],[-40.47517,-9.34964],[-40.47739,-9.35087]]]}},{"type":"Feature","properties":{"CD_SETOR":"261110105080243","SITUACAO":"Urbana","NM_BAIRRO":"Dom Avelar","NM_DIST":"Petrolina","v0001":988,"v0007":312,"densidade":1967.4339,"taxa_alfab":0.929,"pct_60m":0.0698,"pop_10_14":92.0,"pop_15_19":80.0,"renda_media":2162.32,"renda_mediana":1212.0,"infra":0.5753,"pavimentacao":0.3365,"iluminacao":0.9744,"calcada":0.9647,"onibus":0.0321,"local_id":"145-2038","regiao":"Zona Norte"},"geometry":{"type":"Polygon","coordinates":[[[-40.48835,-9.35285],[-40.48631,-9.35176],[-40.48656,-9.35133],[-40.48496,-9.3505],[-40.48403,-9.3502],[-40.4829,-9.35015],[-40.48149,-9.34752],[-40.48072,-9.34751],[-40.47736,-9.34908],[-40.47739,-9.35087],[-40.48144,-9.35317],[-40.48676,-9.35575],[-40.48835,-9.35285]]]}},{"type":"Feature","properties":{"CD_SETOR":"261110105080244","SITUACAO":"Urbana","NM_BAIRRO":"Antônio Cassimiro","NM_DIST":"Petrolina","v0001":911,"v0007":301,"densidade":4940.1824,"taxa_alfab":0.9199,"pct_60m":0.1087,"pop_10_14":58.0,"pop_15_19":77.0,"renda_media":2189.57,"renda_mediana":1550.0,"infra":0.7259,"pavimentacao":0.9402,"iluminacao":0.9867,"calcada":0.9767,"onibus":0.0133,"local_id":"144-1511","regiao":"Zona Norte"},"geometry":{"type":"Polygon","coordinates":[[[-40.50723,-9.37382],[-40.50981,-9.3769],[-40.51156,-9.37886],[-40.51267,-9.37486],[-40.51201,-9.37504],[-40.51089,-9.3737],[-40.51043,-9.37405],[-40.50902,-9.37236],[-40.50723,-9.37382]]]}},{"type":"Feature","properties":{"CD_SETOR":"261110105080245","SITUACAO":"Urbana","NM_BAIRRO":"Antônio Cassimiro","NM_DIST":"Petrolina","v0001":479,"v0007":156,"densidade":3874.2338,"taxa_alfab":0.959,"pct_60m":0.0835,"pop_10_14":38.0,"pop_15_19":40.0,"renda_media":2259.86,"renda_mediana":1212.0,"infra":0.7244,"pavimentacao":0.8974,"iluminacao":1.0,"calcada":1.0,"onibus":0.0,"local_id":"144-1511","regiao":"Zona Norte"},"geometry":{"type":"Polygon","coordinates":[[[-40.50902,-9.37236],[-40.51043,-9.37405],[-40.51089,-9.3737],[-40.51201,-9.37504],[-40.51267,-9.37486],[-40.51333,-9.37217],[-40.51296,-9.37178],[-40.51279,-9.37247],[-40.51112,-9.37052],[-40.50902,-9.37236]]]}},{"type":"Feature","properties":{"CD_SETOR":"261110105080246","SITUACAO":"Urbana","NM_BAIRRO":"João de Deus","NM_DIST":"Petrolina","v0001":826,"v0007":253,"densidade":1065.9075,"taxa_alfab":0.9005,"pct_60m":0.0351,"pop_10_14":90.0,"pop_15_19":72.0,"renda_media":1349.62,"renda_mediana":1212.0,"infra":0.666,"pavimentacao":0.7115,"iluminacao":0.9881,"calcada":0.9644,"onibus":0.0,"local_id":"145-1651","regiao":"Zona Oeste (externa)"},"geometry":{"type":"Polygon","coordinates":[[[-40.54091,-9.35475],[-40.54362,-9.35553],[-40.54335,-9.3565],[-40.54592,-9.35722],[-40.5469,-9.35723],[-40.5481,-9.35788],[-40.55224,-9.35078],[-40.55086,-9.35038],[-40.5507,-9.35004],[-40.5465,-9.34821],[-40.54543,-9.35002],[-40.54372,-9.35087],[-40.54201,-9.35008],[-40.54183,-9.35038],[-40.54237,-9.35063],[-40.54269,-9.35136],[-40.5397,-9.35293],[-40.54108,-9.35318],[-40.54072,-9.35392],[-40.54112,-9.35415],[-40.54091,-9.35475]]]}},{"type":"Feature","properties":{"CD_SETOR":"261110105080247","SITUACAO":"Urbana","NM_BAIRRO":"João de Deus","NM_DIST":"Petrolina","v0001":734,"v0007":232,"densidade":10954.912,"taxa_alfab":0.8825,"pct_60m":0.0777,"pop_10_14":71.0,"pop_15_19":68.0,"renda_media":1385.93,"renda_mediana":1212.0,"infra":0.6304,"pavimentacao":0.5216,"iluminacao":1.0,"calcada":1.0,"onibus":0.0,"local_id":"145-1651","regiao":"Zona Oeste (externa)"},"geometry":{"type":"Polygon","coordinates":[[[-40.54309,-9.3574],[-40.54362,-9.35553],[-40.54091,-9.35475],[-40.54036,-9.35661],[-40.54309,-9.3574]]]}},{"type":"Feature","properties":{"CD_SETOR":"261110105080248","SITUACAO":"Urbana","NM_BAIRRO":"João de Deus","NM_DIST":"Petrolina","v0001":712,"v0007":233,"densidade":14384.4943,"taxa_alfab":0.8951,"pct_60m":0.0702,"pop_10_14":73.0,"pop_15_19":61.0,"renda_media":1375.6,"renda_mediana":1212.0,"infra":0.5848,"pavimentacao":0.3948,"iluminacao":1.0,"calcada":0.9442,"onibus":0.0,"local_id":"145-1511","regiao":"Zona Oeste (externa)"},"geometry":{"type":"Polygon","coordinates":[[[-40.53639,-9.35345],[-40.53683,-9.35357],[-40.53669,-9.35407],[-40.5385,-9.35462],[-40.53901,-9.35279],[-40.53629,-9.3523],[-40.53639,-9.35345]]]}},{"type":"Feature","properties":{"CD_SETOR":"261110105080249","SITUACAO":"Urbana","NM_BAIRRO":"João de Deus","NM_DIST":"Petrolina","v0001":607,"v0007":203,"densidade":13959.1612,"taxa_alfab":0.8881,"pct_60m":0.1038,"pop_10_14":40.0,"pop_15_19":54.0,"renda_media":1350.09,"renda_mediana":1212.0,"infra":0.564,"pavimentacao":0.2611,"iluminacao":1.0,"calcada":0.9951,"onibus":0.0,"local_id":"145-1511","regiao":"Zona Oeste (externa)"},"geometry":{"type":"Polygon","coordinates":[[[-40.5385,-9.35462],[-40.53669,-9.35407],[-40.53683,-9.35357],[-40.53639,-9.35345],[-40.53583,-9.35531],[-40.5381,-9.35597],[-40.5385,-9.35462]]]}},{"type":"Feature","properties":{"CD_SETOR":"261110105080250","SITUACAO":"Urbana","NM_BAIRRO":"Antônio Cassimiro","NM_DIST":"Petrolina","v0001":700,"v0007":224,"densidade":2373.2065,"taxa_alfab":0.9406,"pct_60m":0.0771,"pop_10_14":54.0,"pop_15_19":48.0,"renda_media":2008.47,"renda_mediana":1212.0,"infra":0.4428,"pavimentacao":0.0,"iluminacao":0.8789,"calcada":0.8924,"onibus":0.0,"local_id":"145-1953","regiao":"Zona Oeste (interna)"},"geometry":{"type":"Polygon","coordinates":[[[-40.51373,-9.37471],[-40.51596,-9.37565],[-40.51476,-9.37817],[-40.51629,-9.37897],[-40.5154,-9.38099],[-40.51661,-9.38155],[-40.52012,-9.37698],[-40.52014,-9.37667],[-40.51921,-9.37528],[-40.51688,-9.37365],[-40.51627,-9.37429],[-40.51453,-9.37432],[-40.51373,-9.37471]]]}},{"type":"Feature","properties":{"CD_SETOR":"261110105080251","SITUACAO":"Urbana","NM_BAIRRO":"Antônio Cassimiro","NM_DIST":"Petrolina","v0001":559,"v0007":199,"densidade":1952.3988,"taxa_alfab":0.9233,"pct_60m":0.0841,"pop_10_14":39.0,"pop_15_19":46.0,"renda_media":1711.51,"renda_mediana":1213.0,"infra":0.549,"pavimentacao":0.2663,"iluminacao":0.9849,"calcada":0.9447,"onibus":0.0,"local_id":"145-1953","regiao":"Zona Oeste (interna)"},"geometry":{"type":"Polygon","coordinates":[[[-40.5154,-9.38099],[-40.51629,-9.37897],[-40.51476,-9.37817],[-40.51596,-9.37565],[-40.51373,-9.37471],[-40.51263,-9.37497],[-40.51105,-9.38068],[-40.5141,-9.38199],[-40.51467,-9.38069],[-40.5154,-9.38099]]]}},{"type":"Feature","properties":{"CD_SETOR":"261110105080252","SITUACAO":"Urbana","NM_BAIRRO":"José e Maria","NM_DIST":"Petrolina","v0001":606,"v0007":225,"densidade":10130.9033,"taxa_alfab":0.9228,"pct_60m":0.1601,"pop_10_14":44.0,"pop_15_19":39.0,"renda_media":1970.5,"renda_mediana":1212.0,"infra":0.75,"pavimentacao":1.0,"iluminacao":1.0,"calcada":1.0,"onibus":0.3867,"local_id":"145-1961","regiao":"Zona Norte"},"geometry":{"type":"Polygon","coordinates":[[[-40.49768,-9.37373],[-40.49797,-9.37176],[-40.49556,-9.37135],[-40.49521,-9.37327],[-40.49768,-9.37373]]]}},{"type":"Feature","properties":{"CD_SETOR":"261110105080253","SITUACAO":"Urbana","NM_BAIRRO":"José e Maria","NM_DIST":"Petrolina","v0001":668,"v0007":215,"densidade":15809.5624,"taxa_alfab":0.9385,"pct_60m":0.0629,"pop_10_14":67.0,"pop_15_19":62.0,"renda_media":2095.03,"renda_mediana":1212.0,"infra":0.5965,"pavimentacao":0.386,"iluminacao":1.0,"calcada":1.0,"onibus":0.0,"local_id":"144-1520","regiao":"Zona Norte"},"geometry":{"type":"Polygon","coordinates":[[[-40.4979,-9.37236],[-40.49768,-9.37373],[-40.50011,-9.37418],[-40.50035,-9.37279],[-40.4979,-9.37236]]]}},{"type":"Feature","properties":{"CD_SETOR":"261110105080254","SITUACAO":"Urbana","NM_BAIRRO":"José e Maria","NM_DIST":"Petrolina","v0001":578,"v0007":204,"densidade":13164.3748,"taxa_alfab":0.9054,"pct_60m":0.1471,"pop_10_14":30.0,"pop_15_19":46.0,"renda_media":1563.0,"renda_mediana":1212.0,"infra":0.9988,"pavimentacao":1.0,"iluminacao":1.0,"calcada":1.0,"onibus":0.0049,"local_id":"145-1961","regiao":"Zona Norte"},"geometry":{"type":"Polygon","coordinates":[[[-40.49329,-9.36913],[-40.49174,-9.36727],[-40.49057,-9.36822],[-40.49204,-9.37001],[-40.49329,-9.36913]]]}},{"type":"Feature","properties":{"CD_SETOR":"261110105080255","SITUACAO":"Urbana","NM_BAIRRO":"José e Maria","NM_DIST":"Petrolina","v0001":587,"v0007":197,"densidade":13867.603,"taxa_alfab":0.882,"pct_60m":0.1158,"pop_10_14":46.0,"pop_15_19":53.0,"renda_media":1600.46,"renda_mediana":1212.0,"infra":0.9975,"pavimentacao":1.0,"iluminacao":1.0,"calcada":1.0,"onibus":0.0,"local_id":"145-1961","regiao":"Zona Norte"},"geometry":{"type":"Polygon","coordinates":[[[-40.49174,-9.36727],[-40.49329,-9.36913],[-40.49443,-9.36822],[-40.4928,-9.36636],[-40.49174,-9.36727]]]}},{"type":"Feature","properties":{"CD_SETOR":"261110105080256","SITUACAO":"Urbana","NM_BAIRRO":"José e Maria","NM_DIST":"Petrolina","v0001":548,"v0007":195,"densidade":4600.8212,"taxa_alfab":0.9115,"pct_60m":0.1533,"pop_10_14":45.0,"pop_15_19":48.0,"renda_media":1717.73,"renda_mediana":1200.0,"infra":0.7013,"pavimentacao":0.8205,"iluminacao":1.0,"calcada":0.9846,"onibus":0.1487,"local_id":"144-1023","regiao":"Zona Norte"},"geometry":{"type":"Polygon","coordinates":[[[-40.49972,-9.37629],[-40.49729,-9.37585],[-40.49768,-9.37373],[-40.49521,-9.37327],[-40.49469,-9.37629],[-40.49957,-9.37714],[-40.49972,-9.37629]]]}},{"type":"Feature","properties":{"CD_SETOR":"261110105080257","SITUACAO":"Urbana","NM_BAIRRO":"José e Maria","NM_DIST":"Petrolina","v0001":648,"v0007":215,"densidade":10082.5768,"taxa_alfab":0.9462,"pct_60m":0.0679,"pop_10_14":54.0,"pop_15_19":65.0,"renda_media":2076.78,"renda_mediana":1300.0,"infra":0.5105,"pavimentacao":0.0465,"iluminacao":1.0,"calcada":0.9953,"onibus":0.0,"local_id":"144-1520","regiao":"Zona Norte"},"geometry":{"type":"Polygon","coordinates":[[[-40.49768,-9.37373],[-40.49729,-9.37585],[-40.49972,-9.37629],[-40.50011,-9.37418],[-40.49768,-9.37373]]]}},{"type":"Feature","properties":{"CD_SETOR":"261110105080258","SITUACAO":"Urbana","NM_BAIRRO":"Dom Avelar","NM_DIST":"Petrolina","v0001":595,"v0007":181,"densidade":8925.6068,"taxa_alfab":0.9055,"pct_60m":0.0958,"pop_10_14":47.0,"pop_15_19":46.0,"renda_media":1241.56,"renda_mediana":1212.0,"infra":0.5069,"pavimentacao":0.0166,"iluminacao":1.0,"calcada":0.9945,"onibus":0.0,"local_id":"145-2003","regiao":"Zona Norte"},"geometry":{"type":"Polygon","coordinates":[[[-40.50157,-9.35541],[-40.50269,-9.35617],[-40.50243,-9.35656],[-40.50487,-9.35827],[-40.50571,-9.35709],[-40.50214,-9.35467],[-40.50157,-9.35541]]]}},{"type":"Feature","properties":{"CD_SETOR":"261110105080259","SITUACAO":"Urbana","NM_BAIRRO":"Dom Avelar","NM_DIST":"Petrolina","v0001":780,"v0007":229,"densidade":13344.5743,"taxa_alfab":0.9311,"pct_60m":0.091,"pop_10_14":75.0,"pop_15_19":73.0,"renda_media":1338.57,"renda_mediana":1212.0,"infra":0.5622,"pavimentacao":0.2576,"iluminacao":1.0,"calcada":0.9913,"onibus":0.0,"local_id":"145-2003","regiao":"Zona Norte"},"geometry":{"type":"Polygon","coordinates":[[[-40.50487,-9.35827],[-40.50243,-9.35656],[-40.50269,-9.35617],[-40.50157,-9.35541],[-40.50072,-9.35659],[-40.50433,-9.35904],[-40.50487,-9.35827]]]}},{"type":"Feature","properties":{"CD_SETOR":"261110105080260","SITUACAO":"Urbana","NM_BAIRRO":"Antônio Cassimiro","NM_DIST":"Petrolina","v0001":826,"v0007":237,"densidade":15081.5478,"taxa_alfab":0.9463,"pct_60m":0.0896,"pop_10_14":80.0,"pop_15_19":62.0,"renda_media":1394.78,"renda_mediana":1212.0,"infra":0.5487,"pavimentacao":0.1949,"iluminacao":1.0,"calcada":1.0,"onibus":0.0,"local_id":"145-2003","regiao":"Zona Norte"},"geometry":{"type":"Polygon","coordinates":[[[-40.50238,-9.36161],[-40.5054,-9.36513],[-40.5061,-9.36452],[-40.50315,-9.36097],[-40.50238,-9.36161]]]}},{"type":"Feature","properties":{"CD_SETOR":"261110105080261","SITUACAO":"Urbana","NM_BAIRRO":"Antônio Cassimiro","NM_DIST":"Petrolina","v0001":532,"v0007":169,"densidade":13278.1927,"taxa_alfab":0.8866,"pct_60m":0.0921,"pop_10_14":41.0,"pop_15_19":36.0,"renda_media":1413.11,"renda_mediana":1212.0,"infra":0.6272,"pavimentacao":0.5089,"iluminacao":1.0,"calcada":1.0,"onibus":0.0,"local_id":"145-2011","regiao":"Zona Norte"},"geometry":{"type":"Polygon","coordinates":[[[-40.5054,-9.36513],[-40.50392,-9.36342],[-40.50282,-9.36429],[-40.50426,-9.36604],[-40.5054,-9.36513]]]}},{"type":"Feature","properties":{"CD_SETOR":"261110105080262","SITUACAO":"Urbana","NM_BAIRRO":"Antônio Cassimiro","NM_DIST":"Petrolina","v0001":627,"v0007":201,"densidade":2465.3424,"taxa_alfab":0.8829,"pct_60m":0.0638,"pop_10_14":64.0,"pop_15_19":53.0,"renda_media":1491.09,"renda_mediana":1212.0,"infra":0.449,"pavimentacao":0.005,"iluminacao":0.99,"calcada":0.801,"onibus":0.0,"local_id":"144-1589","regiao":"Zona Norte"},"geometry":{"type":"Polygon","coordinates":[[[-40.51267,-9.36259],[-40.51196,-9.36362],[-40.51108,-9.36303],[-40.51116,-9.3637],[-40.51002,-9.36516],[-40.51054,-9.36555],[-40.50991,-9.36639],[-40.51038,-9.36797],[-40.51087,-9.36886],[-40.51333,-9.37217],[-40.51471,-9.36691],[-40.51268,-9.36637],[-40.51239,-9.36793],[-40.51199,-9.36851],[-40.51197,-9.36915],[-40.51179,-9.36941],[-40.51136,-9.3693],[-40.51321,-9.3628],[-40.51267,-9.36259]]]}},{"type":"Feature","properties":{"CD_SETOR":"261110105080263","SITUACAO":"Urbana","NM_BAIRRO":"Antônio Cassimiro","NM_DIST":"Petrolina","v0001":690,"v0007":228,"densidade":6050.3262,"taxa_alfab":0.9098,"pct_60m":0.0478,"pop_10_14":55.0,"pop_15_19":57.0,"renda_media":1740.13,"renda_mediana":1200.0,"infra":0.5252,"pavimentacao":0.1404,"iluminacao":0.9956,"calcada":0.9649,"onibus":0.0,"local_id":"144-1589","regiao":"Zona Norte"},"geometry":{"type":"Polygon","coordinates":[[[-40.51002,-9.36516],[-40.51116,-9.3637],[-40.51108,-9.36303],[-40.51196,-9.36362],[-40.5127,-9.36248],[-40.50911,-9.35998],[-40.50898,-9.35932],[-40.5085,-9.35942],[-40.50884,-9.36153],[-40.50941,-9.36191],[-40.51002,-9.36516]]]}},{"type":"Feature","properties":{"CD_SETOR":"261110105080264","SITUACAO":"Urbana","NM_BAIRRO":"Antônio Cassimiro","NM_DIST":"Petrolina","v0001":143,"v0007":56,"densidade":1377.3165,"taxa_alfab":1.0,"pct_60m":0.0629,"pop_10_14":11.0,"pop_15_19":9.0,"renda_media":1129.06,"renda_mediana":1000.0,"infra":0.4688,"pavimentacao":0.0,"iluminacao":1.0,"calcada":0.875,"onibus":0.0,"local_id":"145-2011","regiao":"Zona Norte"},"geometry":{"type":"Polygon","coordinates":[[[-40.51173,-9.36181],[-40.5113,-9.35879],[-40.50806,-9.35635],[-40.5085,-9.35942],[-40.50898,-9.35932],[-40.50911,-9.35998],[-40.51173,-9.36181]]]}},{"type":"Feature","properties":{"CD_SETOR":"261110105080265","SITUACAO":"Urbana","NM_BAIRRO":"Antônio Cassimiro","NM_DIST":"Petrolina","v0001":152,"v0007":62,"densidade":1471.8517,"taxa_alfab":1.0,"pct_60m":0.0197,"pop_10_14":10.0,"pop_15_19":12.0,"renda_media":1460.07,"renda_mediana":1212.0,"infra":0.4798,"pavimentacao":0.0,"iluminacao":1.0,"calcada":0.9194,"onibus":0.0,"local_id":"144-1589","regiao":"Zona Norte"},"geometry":{"type":"Polygon","coordinates":[[[-40.5113,-9.35879],[-40.51173,-9.36181],[-40.51302,-9.36284],[-40.51321,-9.3628],[-40.51427,-9.35812],[-40.5113,-9.35879]]]}},{"type":"Feature","properties":{"CD_SETOR":"261110105080266","SITUACAO":"Urbana","NM_BAIRRO":"Pedro Raimundo","NM_DIST":"Petrolina","v0001":629,"v0007":193,"densidade":2146.405,"taxa_alfab":0.9029,"pct_60m":0.0556,"pop_10_14":49.0,"pop_15_19":57.0,"renda_media":1640.53,"renda_mediana":1212.0,"infra":0.5699,"pavimentacao":0.3627,"iluminacao":0.9637,"calcada":0.9534,"onibus":0.0207,"local_id":"145-1074","regiao":"Zona Oeste (interna)"},"geometry":{"type":"Polygon","coordinates":[[[-40.52362,-9.36869],[-40.52949,-9.37131],[-40.52998,-9.36733],[-40.52639,-9.36389],[-40.52617,-9.36419],[-40.5263,-9.36466],[-40.52582,-9.36552],[-40.52362,-9.36869]]]}},{"type":"Feature","properties":{"CD_SETOR":"261110105080267","SITUACAO":"Urbana","NM_BAIRRO":"Pedro Raimundo","NM_DIST":"Petrolina","v0001":763,"v0007":237,"densidade":4392.7417,"taxa_alfab":0.891,"pct_60m":0.0931,"pop_10_14":68.0,"pop_15_19":66.0,"renda_media":1484.24,"renda_mediana":1212.0,"infra":0.519,"pavimentacao":0.1308,"iluminacao":0.9831,"calcada":0.962,"onibus":0.0,"local_id":"145-1074","regiao":"Zona Oeste (interna)"},"geometry":{"type":"Polygon","coordinates":[[[-40.52495,-9.36925],[-40.52362,-9.36869],[-40.52228,-9.3713],[-40.52044,-9.37377],[-40.51989,-9.37487],[-40.5211,-9.37539],[-40.52089,-9.37591],[-40.52185,-9.37637],[-40.52495,-9.36925]]]}},{"type":"Feature","properties":{"CD_SETOR":"261110105080268","SITUACAO":"Urbana","NM_BAIRRO":"Topázio","NM_DIST":"Petrolina","v0001":591,"v0007":194,"densidade":8097.7334,"taxa_alfab":0.9173,"pct_60m":0.0372,"pop_10_14":52.0,"pop_15_19":37.0,"renda_media":1302.91,"renda_mediana":1212.0,"infra":0.7165,"pavimentacao":0.866,"iluminacao":1.0,"calcada":1.0,"onibus":0.0412,"local_id":"145-1791","regiao":"Zona Norte"},"geometry":{"type":"Polygon","coordinates":[[[-40.51644,-9.34223],[-40.51284,-9.34037],[-40.5149,-9.34438],[-40.51596,-9.34457],[-40.51607,-9.34411],[-40.51549,-9.344],[-40.5158,-9.34291],[-40.51633,-9.34284],[-40.51644,-9.34223]]]}},{"type":"Feature","properties":{"CD_SETOR":"261110105080269","SITUACAO":"Urbana","NM_BAIRRO":"Topázio","NM_DIST":"Petrolina","v0001":666,"v0007":206,"densidade":10072.5778,"taxa_alfab":0.9558,"pct_60m":0.012,"pop_10_14":74.0,"pop_15_19":51.0,"renda_media":1312.74,"renda_mediana":1212.0,"infra":0.7282,"pavimentacao":1.0,"iluminacao":0.9126,"calcada":1.0,"onibus":0.0534,"local_id":"145-1791","regiao":"Zona Norte"},"geometry":{"type":"Polygon","coordinates":[[[-40.51483,-9.34522],[-40.51506,-9.34731],[-40.51733,-9.3477],[-40.51759,-9.34634],[-40.51805,-9.34639],[-40.51815,-9.34586],[-40.51483,-9.34522]]]}},{"type":"Feature","properties":{"CD_SETOR":"261110105080270","SITUACAO":"Urbana","NM_BAIRRO":"Topázio","NM_DIST":"Petrolina","v0001":12,"v0007":5,"densidade":2.7849,"taxa_alfab":1.0,"pct_60m":0.0,"pop_10_14":0.0,"pop_15_19":0.0,"renda_media":967.2,"renda_mediana":1212.0,"infra":0.4,"pavimentacao":0.6,"iluminacao":1.0,"calcada":0.0,"onibus":0.0,"local_id":"145-1546","regiao":"Zona Norte"},"geometry":{"type":"Polygon","coordinates":[[[-40.48864,-9.34532],[-40.49213,-9.34115],[-40.49272,-9.34149],[-40.49309,-9.34092],[-40.49404,-9.34087],[-40.49468,-9.33988],[-40.49453,-9.33933],[-40.49526,-9.33822],[-40.49625,-9.33967],[-40.49221,-9.34608],[-40.49495,-9.34681],[-40.5154,-9.35356],[-40.5149,-9.34438],[-40.51284,-9.34037],[-40.5207,-9.34442],[-40.52134,-9.34186],[-40.52203,-9.34087],[-40.52189,-9.34043],[-40.52116,-9.34014],[-40.52047,-9.34011],[-40.5129,-9.33797],[-40.50959,-9.33813],[-40.4994,-9.33297],[-40.49906,-9.33303],[-40.49933,-9.33369],[-40.48211,-9.34336],[-40.48289,-9.34468],[-40.48864,-9.34532]]]}},{"type":"Feature","properties":{"CD_SETOR":"261110105080271","SITUACAO":"Urbana","NM_BAIRRO":"Topázio","NM_DIST":"Petrolina","v0001":321,"v0007":115,"densidade":1320.0289,"taxa_alfab":1.0,"pct_60m":0.0,"pop_10_14":13.0,"pop_15_19":19.0,"renda_media":2921.36,"renda_mediana":2000.0,"infra":0.7391,"pavimentacao":1.0,"iluminacao":1.0,"calcada":0.9565,"onibus":0.0,"local_id":"145-2038","regiao":"Zona Norte"},"geometry":{"type":"Polygon","coordinates":[[[-40.49221,-9.34608],[-40.49625,-9.33967],[-40.49526,-9.33822],[-40.49453,-9.33933],[-40.49468,-9.33988],[-40.49404,-9.34087],[-40.49309,-9.34092],[-40.49272,-9.34149],[-40.49213,-9.34115],[-40.48864,-9.34532],[-40.49221,-9.34608]]]}},{"type":"Feature","properties":{"CD_SETOR":"261110105080272","SITUACAO":"Urbana","NM_BAIRRO":"Dom Avelar","NM_DIST":"Petrolina","v0001":1049,"v0007":344,"densidade":5417.7648,"taxa_alfab":0.9437,"pct_60m":0.0715,"pop_10_14":71.0,"pop_15_19":86.0,"renda_media":2001.47,"renda_mediana":1300.0,"infra":0.6152,"pavimentacao":0.6064,"iluminacao":0.9679,"calcada":0.8863,"onibus":0.0437,"local_id":"145-2038","regiao":"Zona Norte"},"geometry":{"type":"Polygon","coordinates":[[[-40.48805,-9.34842],[-40.48719,-9.35006],[-40.48757,-9.35033],[-40.4867,-9.35195],[-40.48835,-9.35285],[-40.48676,-9.35575],[-40.48734,-9.35605],[-40.4894,-9.35231],[-40.49145,-9.35339],[-40.49234,-9.3517],[-40.48943,-9.35016],[-40.48955,-9.34949],[-40.48879,-9.34908],[-40.48923,-9.34867],[-40.48805,-9.34842]]]}},{"type":"Feature","properties":{"CD_SETOR":"261110105080273","SITUACAO":"Urbana","NM_BAIRRO":"Dom Avelar","NM_DIST":"Petrolina","v0001":691,"v0007":229,"densidade":3315.9202,"taxa_alfab":0.9102,"pct_60m":0.0333,"pop_10_14":60.0,"pop_15_19":47.0,"renda_media":1784.47,"renda_mediana":1325.0,"infra":0.4989,"pavimentacao":0.3493,"iluminacao":0.9651,"calcada":0.6812,"onibus":0.0655,"local_id":"145-2038","regiao":"Zona Norte"},"geometry":{"type":"Polygon","coordinates":[[[-40.4896,-9.34774],[-40.49028,-9.34766],[-40.49037,-9.34795],[-40.49272,-9.34914],[-40.49191,-9.35032],[-40.49114,-9.35011],[-40.49035,-9.35046],[-40.49033,-9.35065],[-40.49234,-9.3517],[-40.49495,-9.34681],[-40.48864,-9.34532],[-40.48876,-9.34602],[-40.4896,-9.34774]]]}},{"type":"Feature","properties":{"CD_SETOR":"261110105080274","SITUACAO":"Urbana","NM_BAIRRO":"Dom Avelar","NM_DIST":"Petrolina","v0001":143,"v0007":40,"densidade":1844.4076,"taxa_alfab":0.8842,"pct_60m":0.021,"pop_10_14":12.0,"pop_15_19":8.0,"renda_media":1430.58,"renda_mediana":1200.0,"infra":0.2375,"pavimentacao":0.0,"iluminacao":0.75,"calcada":0.2,"onibus":0.0,"local_id":"145-2038","regiao":"Zona Norte"},"geometry":{"type":"Polygon","coordinates":[[[-40.48923,-9.34867],[-40.48879,-9.34908],[-40.48955,-9.34949],[-40.48943,-9.35016],[-40.49033,-9.35065],[-40.49035,-9.35046],[-40.49114,-9.35011],[-40.49191,-9.35032],[-40.49272,-9.34914],[-40.49037,-9.34795],[-40.49028,-9.34766],[-40.48949,-9.34783],[-40.48923,-9.34867]]]}},{"type":"Feature","properties":{"CD_SETOR":"261110105080275","SITUACAO":"Urbana","NM_BAIRRO":"Dom Avelar","NM_DIST":"Petrolina","v0001":718,"v0007":243,"densidade":5403.6909,"taxa_alfab":0.9557,"pct_60m":0.0738,"pop_10_14":59.0,"pop_15_19":61.0,"renda_media":2475.64,"renda_mediana":2000.0,"infra":0.6512,"pavimentacao":0.6091,"iluminacao":1.0,"calcada":0.9959,"onibus":0.0,"local_id":"145-2038","regiao":"Zona Norte"},"geometry":{"type":"Polygon","coordinates":[[[-40.48995,-9.35525],[-40.48826,-9.35438],[-40.48734,-9.35605],[-40.49185,-9.35849],[-40.49274,-9.35729],[-40.49219,-9.35697],[-40.49281,-9.35581],[-40.49239,-9.35561],[-40.49221,-9.35593],[-40.49055,-9.35506],[-40.49014,-9.35585],[-40.48973,-9.35563],[-40.48995,-9.35525]]]}},{"type":"Feature","properties":{"CD_SETOR":"261110105080276","SITUACAO":"Urbana","NM_BAIRRO":"Dom Avelar","NM_DIST":"Petrolina","v0001":616,"v0007":205,"densidade":8923.2375,"taxa_alfab":0.9298,"pct_60m":0.0568,"pop_10_14":52.0,"pop_15_19":38.0,"renda_media":2107.28,"renda_mediana":1600.0,"infra":0.6159,"pavimentacao":0.4634,"iluminacao":1.0,"calcada":1.0,"onibus":0.0,"local_id":"145-2038","regiao":"Zona Norte"},"geometry":{"type":"Polygon","coordinates":[[[-40.48826,-9.35438],[-40.48995,-9.35525],[-40.48973,-9.35563],[-40.49014,-9.35585],[-40.49145,-9.35339],[-40.4894,-9.35231],[-40.48826,-9.35438]]]}},{"type":"Feature","properties":{"CD_SETOR":"261110105080277","SITUACAO":"Urbana","NM_BAIRRO":"Topázio","NM_DIST":"Petrolina","v0001":16,"v0007":6,"densidade":2.4304,"taxa_alfab":1.0,"pct_60m":0.0,"pop_10_14":0.0,"pop_15_19":3.0,"renda_media":1484.8,"renda_mediana":1500.0,"infra":null,"pavimentacao":null,"iluminacao":null,"calcada":null,"onibus":null,"local_id":"145-2070","regiao":"Zona Norte"},"geometry":{"type":"Polygon","coordinates":[[[-40.45421,-9.30884],[-40.47352,-9.34642],[-40.47591,-9.34531],[-40.47424,-9.34223],[-40.47772,-9.34048],[-40.47573,-9.33663],[-40.47587,-9.33654],[-40.4754,-9.33546],[-40.47511,-9.33537],[-40.47853,-9.33335],[-40.47996,-9.33619],[-40.48252,-9.33998],[-40.49723,-9.33188],[-40.4722,-9.31916],[-40.47242,-9.3185],[-40.4722,-9.3184],[-40.47421,-9.31052],[-40.47183,-9.3098],[-40.47114,-9.30935],[-40.47067,-9.30988],[-40.46689,-9.31234],[-40.46657,-9.31221],[-40.46628,-9.31145],[-40.4664,-9.30996],[-40.46547,-9.31048],[-40.46461,-9.3113],[-40.46364,-9.31272],[-40.46237,-9.31336],[-40.46157,-9.31322],[-40.46104,-9.316],[-40.45473,-9.30825],[-40.45419,-9.30847],[-40.45421,-9.30884]],[[-40.46808,-9.31496],[-40.47038,-9.31835],[-40.46654,-9.32067],[-40.46383,-9.31539],[-40.46576,-9.31303],[-40.4669,-9.31234],[-40.46808,-9.31496]]]}},{"type":"Feature","properties":{"CD_SETOR":"261110105080278","SITUACAO":"Urbana","NM_BAIRRO":"Topázio","NM_DIST":"Petrolina","v0001":822,"v0007":334,"densidade":13522.0517,"taxa_alfab":0.9873,"pct_60m":0.0134,"pop_10_14":49.0,"pop_15_19":59.0,"renda_media":1992.09,"renda_mediana":1280.0,"infra":null,"pavimentacao":null,"iluminacao":null,"calcada":null,"onibus":null,"local_id":"145-2070","regiao":"Zona Norte"},"geometry":{"type":"Polygon","coordinates":[[[-40.46866,-9.31941],[-40.47038,-9.31835],[-40.46907,-9.31622],[-40.46739,-9.31727],[-40.46866,-9.31941]]]}},{"type":"Feature","properties":{"CD_SETOR":"261110105090001","SITUACAO":"Urbana","NM_BAIRRO":"Vila Eduardo","NM_DIST":"Petrolina","v0001":768,"v0007":252,"densidade":3545.6821,"taxa_alfab":0.9733,"pct_60m":0.1094,"pop_10_14":58.0,"pop_15_19":65.0,"renda_media":3629.67,"renda_mediana":2600.0,"infra":0.748,"pavimentacao":1.0,"iluminacao":1.0,"calcada":0.9921,"onibus":0.0,"local_id":"144-1090","regiao":"Zona Norte"},"geometry":{"type":"Polygon","coordinates":[[[-40.48779,-9.3754],[-40.48448,-9.38285],[-40.48652,-9.38382],[-40.48678,-9.38234],[-40.48879,-9.38221],[-40.48846,-9.37533],[-40.48779,-9.3754]]]}},{"type":"Feature","properties":{"CD_SETOR":"261110105090002","SITUACAO":"Urbana","NM_BAIRRO":"Vila Eduardo","NM_DIST":"Petrolina","v0001":732,"v0007":245,"densidade":10271.031,"taxa_alfab":0.9044,"pct_60m":0.138,"pop_10_14":41.0,"pop_15_19":56.0,"renda_media":1977.36,"renda_mediana":1212.0,"infra":0.7571,"pavimentacao":1.0,"iluminacao":1.0,"calcada":1.0,"onibus":0.0,"local_id":"144-1058","regiao":"Zona Leste"},"geometry":{"type":"Polygon","coordinates":[[[-40.48306,-9.38583],[-40.48422,-9.3864],[-40.48452,-9.38592],[-40.48629,-9.38663],[-40.48902,-9.3865],[-40.48901,-9.38609],[-40.48587,-9.38605],[-40.48628,-9.38525],[-40.48388,-9.38409],[-40.48306,-9.38583]]]}},{"type":"Feature","properties":{"CD_SETOR":"261110105090004","SITUACAO":"Urbana","NM_BAIRRO":"Vila Eduardo","NM_DIST":"Petrolina","v0001":909,"v0007":327,"densidade":11628.9726,"taxa_alfab":0.9269,"pct_60m":0.1562,"pop_10_14":58.0,"pop_15_19":73.0,"renda_media":2334.91,"renda_mediana":1300.0,"infra":0.75,"pavimentacao":1.0,"iluminacao":1.0,"calcada":1.0,"onibus":0.0,"local_id":"144-1058","regiao":"Zona Leste"},"geometry":{"type":"Polygon","coordinates":[[[-40.48254,-9.38688],[-40.48345,-9.38746],[-40.48313,-9.38793],[-40.48726,-9.39074],[-40.48816,-9.39001],[-40.4828,-9.38636],[-40.48254,-9.38688]]]}},{"type":"Feature","properties":{"CD_SETOR":"261110105090005","SITUACAO":"Urbana","NM_BAIRRO":"Vila Eduardo","NM_DIST":"Petrolina","v0001":824,"v0007":283,"densidade":8750.1196,"taxa_alfab":0.9357,"pct_60m":0.1602,"pop_10_14":51.0,"pop_15_19":55.0,"renda_media":2120.05,"renda_mediana":1212.0,"infra":0.75,"pavimentacao":1.0,"iluminacao":1.0,"calcada":1.0,"onibus":0.0177,"local_id":"144-1058","regiao":"Zona Leste"},"geometry":{"type":"Polygon","coordinates":[[[-40.4816,-9.38891],[-40.48269,-9.38964],[-40.48299,-9.38921],[-40.48635,-9.39146],[-40.48726,-9.39074],[-40.48313,-9.38793],[-40.48345,-9.38746],[-40.48254,-9.38688],[-40.4816,-9.38891]]]}},{"type":"Feature","properties":{"CD_SETOR":"261110105090006","SITUACAO":"Urbana","NM_BAIRRO":"Vila Eduardo","NM_DIST":"Petrolina","v0001":581,"v0007":203,"densidade":8283.6258,"taxa_alfab":0.9649,"pct_60m":0.1446,"pop_10_14":38.0,"pop_15_19":45.0,"renda_media":2491.82,"renda_mediana":1600.0,"infra":0.75,"pavimentacao":1.0,"iluminacao":1.0,"calcada":1.0,"onibus":0.0,"local_id":"144-1058","regiao":"Zona Leste"},"geometry":{"type":"Polygon","coordinates":[[[-40.48297,-9.39274],[-40.48395,-9.39341],[-40.48635,-9.39146],[-40.48381,-9.38976],[-40.48321,-9.39065],[-40.48405,-9.39122],[-40.48297,-9.39274]]]}},{"type":"Feature","properties":{"CD_SETOR":"261110105090007","SITUACAO":"Urbana","NM_BAIRRO":"Zona Militar","NM_DIST":"Petrolina","v0001":1,"v0007":0,"densidade":0.1898,"taxa_alfab":null,"pct_60m":0.0,"pop_10_14":0.0,"pop_15_19":0.0,"renda_media":null,"renda_mediana":null,"infra":null,"pavimentacao":null,"iluminacao":null,"calcada":null,"onibus":null,"local_id":"144-1180","regiao":"Zona Leste"},"geometry":{"type":"Polygon","coordinates":[[[-40.45794,-9.37541],[-40.4808,-9.39125],[-40.48132,-9.38946],[-40.48743,-9.37655],[-40.4649,-9.36111],[-40.45794,-9.37541]]]}},{"type":"Feature","properties":{"CD_SETOR":"261110105090008","SITUACAO":"Urbana","NM_BAIRRO":"Loteamento Recife","NM_DIST":"Petrolina","v0001":930,"v0007":317,"densidade":2568.1206,"taxa_alfab":0.9691,"pct_60m":0.1344,"pop_10_14":40.0,"pop_15_19":59.0,"renda_media":3292.94,"renda_mediana":2226.5,"infra":0.6909,"pavimentacao":0.7697,"iluminacao":0.9811,"calcada":0.9748,"onibus":0.041,"local_id":"144-1180","regiao":"Zona Leste"},"geometry":{"type":"Polygon","coordinates":[[[-40.47409,-9.36739],[-40.4789,-9.37072],[-40.48403,-9.37422],[-40.47929,-9.36501],[-40.47409,-9.36739]]]}},{"type":"Feature","properties":{"CD_SETOR":"261110105090009","SITUACAO":"Urbana","NM_BAIRRO":"Loteamento Recife","NM_DIST":"Petrolina","v0001":811,"v0007":275,"densidade":7856.8913,"taxa_alfab":0.9739,"pct_60m":0.1603,"pop_10_14":44.0,"pop_15_19":57.0,"renda_media":2882.05,"renda_mediana":2000.0,"infra":0.7427,"pavimentacao":0.96,"iluminacao":1.0,"calcada":1.0,"onibus":0.0,"local_id":"144-1180","regiao":"Zona Leste"},"geometry":{"type":"Polygon","coordinates":[[[-40.47929,-9.36501],[-40.48054,-9.36742],[-40.48187,-9.36676],[-40.48167,-9.36633],[-40.4834,-9.36546],[-40.48234,-9.36341],[-40.47929,-9.36501]]]}},{"type":"Feature","properties":{"CD_SETOR":"261110105090010","SITUACAO":"Urbana","NM_BAIRRO":"Loteamento Recife","NM_DIST":"Petrolina","v0001":1046,"v0007":326,"densidade":9285.609,"taxa_alfab":0.9621,"pct_60m":0.1166,"pop_10_14":80.0,"pop_15_19":100.0,"renda_media":2089.81,"renda_mediana":1212.0,"infra":0.6181,"pavimentacao":0.4724,"iluminacao":1.0,"calcada":1.0,"onibus":0.0,"local_id":"144-1236","regiao":"Zona Leste"},"geometry":{"type":"Polygon","coordinates":[[[-40.47571,-9.35783],[-40.47699,-9.36033],[-40.47994,-9.35889],[-40.47866,-9.35636],[-40.47571,-9.35783]]]}},{"type":"Feature","properties":{"CD_SETOR":"261110105090011","SITUACAO":"Rural","NM_BAIRRO":null,"NM_DIST":"Petrolina","v0001":30,"v0007":9,"densidade":1.745,"taxa_alfab":0.9333,"pct_60m":0.0,"pop_10_14":0.0,"pop_15_19":0.0,"renda_media":1187.11,"renda_mediana":1212.0,"infra":null,"pavimentacao":null,"iluminacao":null,"calcada":null,"onibus":null,"local_id":"144-1562","regiao":"Zona Leste"},"geometry":{"type":"Polygon","coordinates":[[[-40.43318,-9.3437],[-40.43449,-9.34164],[-40.43681,-9.33701],[-40.44108,-9.33759],[-40.43728,-9.34282],[-40.43515,-9.34515],[-40.44012,-9.3489],[-40.44607,-9.35431],[-40.44913,-9.35907],[-40.44963,-9.36048],[-40.45235,-9.3587],[-40.46481,-9.35209],[-40.46697,-9.35052],[-40.45948,-9.34625],[-40.46364,-9.34361],[-40.45517,-9.33916],[-40.46134,-9.33592],[-40.46123,-9.33554],[-40.46621,-9.33301],[-40.46577,-9.33211],[-40.46497,-9.33247],[-40.46418,-9.33102],[-40.46531,-9.33041],[-40.45421,-9.30884],[-40.454,-9.30889],[-40.45346,-9.30824],[-40.45101,-9.30649],[-40.45023,-9.30873],[-40.44334,-9.31804],[-40.44265,-9.31967],[-40.44269,-9.32791],[-40.44579,-9.32703],[-40.4455,-9.33395],[-40.4387,-9.33047],[-40.43612,-9.32866],[-40.43446,-9.32694],[-40.43215,-9.32401],[-40.43073,-9.323],[-40.42819,-9.31963],[-40.42678,-9.32062],[-40.42392,-9.32137],[-40.42586,-9.3241],[-40.4049,-9.32809],[-40.40373,-9.3285],[-40.40643,-9.33987],[-40.40936,-9.33961],[-40.41765,-9.34027],[-40.41917,-9.34068],[-40.42414,-9.34285],[-40.4255,-9.34305],[-40.43083,-9.34271],[-40.4322,-9.34306],[-40.43318,-9.3437]]]}},{"type":"Feature","properties":{"CD_SETOR":"261110105090013","SITUACAO":"Urbana","NM_BAIRRO":"Carneiro","NM_DIST":"Petrolina","v0001":288,"v0007":89,"densidade":135.9706,"taxa_alfab":0.9272,"pct_60m":0.0729,"pop_10_14":31.0,"pop_15_19":22.0,"renda_media":2565.28,"renda_mediana":1212.0,"infra":0.0,"pavimentacao":0.0,"iluminacao":0.0,"calcada":0.0,"onibus":0.0,"local_id":"144-1368","regiao":"Zona Leste"},"geometry":{"type":"Polygon","coordinates":[[[-40.44587,-9.37076],[-40.44629,-9.37171],[-40.44716,-9.37235],[-40.44783,-9.37395],[-40.44855,-9.37726],[-40.4489,-9.38207],[-40.44926,-9.38377],[-40.44993,-9.38541],[-40.45065,-9.38634],[-40.4505,-9.38653],[-40.45095,-9.38767],[-40.45131,-9.38786],[-40.45221,-9.38724],[-40.45292,-9.38725],[-40.45333,-9.38701],[-40.45655,-9.38434],[-40.45708,-9.38537],[-40.45767,-9.38498],[-40.45836,-9.38523],[-40.46188,-9.38271],[-40.46413,-9.38058],[-40.46445,-9.38079],[-40.46497,-9.38029],[-40.45794,-9.37541],[-40.45584,-9.37292],[-40.45269,-9.37448],[-40.45209,-9.37232],[-40.4543,-9.37101],[-40.45297,-9.36853],[-40.45072,-9.36959],[-40.45041,-9.36944],[-40.44587,-9.37076]]]}},{"type":"Feature","properties":{"CD_SETOR":"261110105090014","SITUACAO":"Urbana","NM_BAIRRO":"Jatobá","NM_DIST":"Petrolina","v0001":632,"v0007":210,"densidade":11093.809,"taxa_alfab":0.904,"pct_60m":0.1282,"pop_10_14":41.0,"pop_15_19":57.0,"renda_media":1555.1,"renda_mediana":1212.0,"infra":0.6786,"pavimentacao":0.7143,"iluminacao":1.0,"calcada":1.0,"onibus":0.0,"local_id":"144-1465","regiao":"Zona Leste"},"geometry":{"type":"Polygon","coordinates":[[[-40.47166,-9.38781],[-40.47258,-9.38914],[-40.47521,-9.38734],[-40.47372,-9.38637],[-40.47166,-9.38781]]]}},{"type":"Feature","properties":{"CD_SETOR":"261110105090016","SITUACAO":"Urbana","NM_BAIRRO":"Jatobá","NM_DIST":"Petrolina","v0001":985,"v0007":286,"densidade":5448.0003,"taxa_alfab":0.898,"pct_60m":0.0924,"pop_10_14":77.0,"pop_15_19":93.0,"renda_media":1383.83,"renda_mediana":1212.0,"infra":0.5507,"pavimentacao":0.3287,"iluminacao":1.0,"calcada":0.8741,"onibus":0.0385,"local_id":"144-1368","regiao":"Zona Leste"},"geometry":{"type":"Polygon","coordinates":[[[-40.46961,-9.38351],[-40.46018,-9.39066],[-40.46043,-9.39178],[-40.47069,-9.38425],[-40.46961,-9.38351]]]}},{"type":"Feature","properties":{"CD_SETOR":"261110105090017","SITUACAO":"Urbana","NM_BAIRRO":"Cidade Universitária","NM_DIST":"Petrolina","v0001":407,"v0007":146,"densidade":1366.5028,"taxa_alfab":0.9972,"pct_60m":0.145,"pop_10_14":19.0,"pop_15_19":26.0,"renda_media":8973.91,"renda_mediana":6757.0,"infra":0.7038,"pavimentacao":0.8151,"iluminacao":1.0,"calcada":0.9932,"onibus":0.0068,"local_id":"144-1546","regiao":"Zona Leste"},"geometry":{"type":"Polygon","coordinates":[[[-40.48264,-9.39994],[-40.48586,-9.40099],[-40.4864,-9.39911],[-40.48486,-9.39865],[-40.48376,-9.39776],[-40.48312,-9.39606],[-40.48324,-9.39511],[-40.48395,-9.39341],[-40.4808,-9.39125],[-40.48103,-9.39773],[-40.4816,-9.39896],[-40.48264,-9.39994]]]}},{"type":"Feature","properties":{"CD_SETOR":"261110105090020","SITUACAO":"Urbana","NM_BAIRRO":"Jatobá","NM_DIST":"Petrolina","v0001":649,"v0007":201,"densidade":12147.5641,"taxa_alfab":0.8367,"pct_60m":0.1002,"pop_10_14":54.0,"pop_15_19":50.0,"renda_media":1948.57,"renda_mediana":1400.0,"infra":0.5,"pavimentacao":0.0199,"iluminacao":1.0,"calcada":0.9801,"onibus":0.0,"local_id":"144-1465","regiao":"Zona Leste"},"geometry":{"type":"Polygon","coordinates":[[[-40.46893,-9.38967],[-40.4666,-9.3913],[-40.46745,-9.39254],[-40.46981,-9.39098],[-40.46893,-9.38967]]]}},{"type":"Feature","properties":{"CD_SETOR":"261110105090021","SITUACAO":"Urbana","NM_BAIRRO":"Jatobá","NM_DIST":"Petrolina","v0001":714,"v0007":208,"densidade":9298.3893,"taxa_alfab":0.8971,"pct_60m":0.0812,"pop_10_14":54.0,"pop_15_19":85.0,"renda_media":1199.2,"renda_mediana":1212.0,"infra":0.5084,"pavimentacao":0.0337,"iluminacao":1.0,"calcada":1.0,"onibus":0.0,"local_id":"144-1465","regiao":"Zona Leste"},"geometry":{"type":"Polygon","coordinates":[[[-40.46514,-9.3848],[-40.4661,-9.38608],[-40.46961,-9.38351],[-40.46819,-9.38254],[-40.46514,-9.3848]]]}},{"type":"Feature","properties":{"CD_SETOR":"261110105090022","SITUACAO":"Urbana","NM_BAIRRO":"Vila Eduardo","NM_DIST":"Petrolina","v0001":850,"v0007":293,"densidade":9558.6579,"taxa_alfab":0.9404,"pct_60m":0.1518,"pop_10_14":45.0,"pop_15_19":64.0,"renda_media":2463.73,"renda_mediana":1300.0,"infra":0.75,"pavimentacao":1.0,"iluminacao":1.0,"calcada":1.0,"onibus":0.0,"local_id":"144-1058","regiao":"Zona Leste"},"geometry":{"type":"Polygon","coordinates":[[[-40.4808,-9.39125],[-40.48297,-9.39274],[-40.48405,-9.39122],[-40.48321,-9.39065],[-40.48381,-9.38976],[-40.48299,-9.38921],[-40.48269,-9.38964],[-40.4816,-9.38891],[-40.4808,-9.39125]]]}},{"type":"Feature","properties":{"CD_SETOR":"261110105090023","SITUACAO":"Urbana","NM_BAIRRO":"Jatobá","NM_DIST":"Petrolina","v0001":482,"v0007":151,"densidade":7434.1977,"taxa_alfab":0.918,"pct_60m":0.1141,"pop_10_14":25.0,"pop_15_19":54.0,"renda_media":2087.52,"renda_mediana":1500.0,"infra":0.4983,"pavimentacao":0.0066,"iluminacao":0.9934,"calcada":0.9934,"onibus":0.0,"local_id":"144-1465","regiao":"Zona Leste"},"geometry":{"type":"Polygon","coordinates":[[[-40.46893,-9.38967],[-40.46981,-9.39098],[-40.47258,-9.38914],[-40.47166,-9.38781],[-40.46893,-9.38967]]]}},{"type":"Feature","properties":{"CD_SETOR":"261110105090027","SITUACAO":"Urbana","NM_BAIRRO":"Jatobá","NM_DIST":"Petrolina","v0001":965,"v0007":0,"densidade":18598.8997,"taxa_alfab":null,"pct_60m":0.0,"pop_10_14":0.0,"pop_15_19":0.0,"renda_media":null,"renda_mediana":null,"infra":null,"pavimentacao":null,"iluminacao":null,"calcada":null,"onibus":null,"local_id":"144-1368","regiao":"Zona Leste"},"geometry":{"type":"Polygon","coordinates":[[[-40.458,-9.39298],[-40.46043,-9.39178],[-40.46003,-9.39011],[-40.45721,-9.39196],[-40.458,-9.39298]]]}},{"type":"Feature","properties":{"CD_SETOR":"261110105090028","SITUACAO":"Urbana","NM_BAIRRO":"Loteamento Recife","NM_DIST":"Petrolina","v0001":975,"v0007":352,"densidade":5545.4467,"taxa_alfab":0.978,"pct_60m":0.1108,"pop_10_14":68.0,"pop_15_19":57.0,"renda_media":3686.26,"renda_mediana":2400.0,"infra":0.6797,"pavimentacao":0.7898,"iluminacao":0.9886,"calcada":0.9375,"onibus":0.0,"local_id":"144-1180","regiao":"Zona Leste"},"geometry":{"type":"Polygon","coordinates":[[[-40.48054,-9.36742],[-40.48235,-9.37091],[-40.48545,-9.36941],[-40.4834,-9.36546],[-40.48167,-9.36633],[-40.48187,-9.36676],[-40.48054,-9.36742]]]}},{"type":"Feature","properties":{"CD_SETOR":"261110105090030","SITUACAO":"Urbana","NM_BAIRRO":"Jatobá","NM_DIST":"Petrolina","v0001":457,"v0007":139,"densidade":8888.274,"taxa_alfab":0.8688,"pct_60m":0.116,"pop_10_14":39.0,"pop_15_19":37.0,"renda_media":1313.2,"renda_mediana":1200.0,"infra":0.5576,"pavimentacao":0.2446,"iluminacao":1.0,"calcada":0.9856,"onibus":0.0,"local_id":"144-1465","regiao":"Zona Leste"},"geometry":{"type":"Polygon","coordinates":[[[-40.46511,-9.39413],[-40.46745,-9.39254],[-40.4666,-9.3913],[-40.46434,-9.39282],[-40.46511,-9.39413]]]}},{"type":"Feature","properties":{"CD_SETOR":"261110105090032","SITUACAO":"Urbana","NM_BAIRRO":"Vila Eduardo","NM_DIST":"Petrolina","v0001":805,"v0007":263,"densidade":5087.207,"taxa_alfab":0.9177,"pct_60m":0.118,"pop_10_14":57.0,"pop_15_19":69.0,"renda_media":2314.1,"renda_mediana":1400.0,"infra":0.7557,"pavimentacao":1.0,"iluminacao":1.0,"calcada":1.0,"onibus":0.0608,"local_id":"144-1090","regiao":"Zona Norte"},"geometry":{"type":"Polygon","coordinates":[[[-40.48448,-9.38285],[-40.48388,-9.38409],[-40.48628,-9.38525],[-40.48587,-9.38605],[-40.48901,-9.38609],[-40.48879,-9.38221],[-40.48678,-9.38234],[-40.48652,-9.38382],[-40.48448,-9.38285]]]}},{"type":"Feature","properties":{"CD_SETOR":"261110105090033","SITUACAO":"Urbana","NM_BAIRRO":"Boa Esperança","NM_DIST":"Petrolina","v0001":974,"v0007":282,"densidade":2912.5893,"taxa_alfab":0.8389,"pct_60m":0.0595,"pop_10_14":127.0,"pop_15_19":87.0,"renda_media":914.58,"renda_mediana":900.0,"infra":0.4424,"pavimentacao":0.0071,"iluminacao":0.9149,"calcada":0.8475,"onibus":0.0,"local_id":"144-1562","regiao":"Zona Leste"},"geometry":{"type":"Polygon","coordinates":[[[-40.43728,-9.34282],[-40.43935,-9.3398],[-40.44108,-9.33759],[-40.43681,-9.33701],[-40.43449,-9.34164],[-40.43318,-9.3437],[-40.43515,-9.34515],[-40.43728,-9.34282]]]}},{"type":"Feature","properties":{"CD_SETOR":"261110105090035","SITUACAO":"Urbana","NM_BAIRRO":"Carneiro","NM_DIST":"Petrolina","v0001":269,"v0007":78,"densidade":3091.6623,"taxa_alfab":1.0,"pct_60m":0.026,"pop_10_14":30.0,"pop_15_19":15.0,"renda_media":14537.97,"renda_mediana":12500.0,"infra":1.0,"pavimentacao":1.0,"iluminacao":1.0,"calcada":1.0,"onibus":0.0,"local_id":"144-1368","regiao":"Zona Leste"},"geometry":{"type":"Polygon","coordinates":[[[-40.45584,-9.37292],[-40.4543,-9.37101],[-40.45209,-9.37232],[-40.45269,-9.37448],[-40.45584,-9.37292]]]}},{"type":"Feature","properties":{"CD_SETOR":"261110105090036","SITUACAO":"Urbana","NM_BAIRRO":"Pedra do Bode","NM_DIST":"Petrolina","v0001":254,"v0007":81,"densidade":155.3534,"taxa_alfab":0.8446,"pct_60m":0.1693,"pop_10_14":26.0,"pop_15_19":16.0,"renda_media":1090.91,"renda_mediana":1212.0,"infra":null,"pavimentacao":null,"iluminacao":null,"calcada":null,"onibus":null,"local_id":"144-1368","regiao":"Zona Leste"},"geometry":{"type":"Polygon","coordinates":[[[-40.45296,-9.3971],[-40.45364,-9.40094],[-40.45471,-9.40298],[-40.4555,-9.40392],[-40.45751,-9.40597],[-40.46203,-9.40962],[-40.46276,-9.40994],[-40.46375,-9.40971],[-40.46433,-9.40931],[-40.46425,-9.40885],[-40.46295,-9.40826],[-40.46094,-9.4051],[-40.4607,-9.40432],[-40.45762,-9.40129],[-40.45634,-9.40038],[-40.45322,-9.39707],[-40.45296,-9.3971]]]}},{"type":"Feature","properties":{"CD_SETOR":"261110105090039","SITUACAO":"Urbana","NM_BAIRRO":"Vila Eduardo","NM_DIST":"Petrolina","v0001":613,"v0007":209,"densidade":6148.8518,"taxa_alfab":0.9615,"pct_60m":0.1175,"pop_10_14":34.0,"pop_15_19":53.0,"renda_media":2832.76,"renda_mediana":1750.0,"infra":0.75,"pavimentacao":1.0,"iluminacao":1.0,"calcada":1.0,"onibus":0.0,"local_id":"144-1040","regiao":"Zona Leste"},"geometry":{"type":"Polygon","coordinates":[[[-40.48629,-9.38663],[-40.48638,-9.38813],[-40.48625,-9.38805],[-40.48593,-9.38847],[-40.48816,-9.39001],[-40.48917,-9.38941],[-40.48902,-9.3865],[-40.48629,-9.38663]]]}},{"type":"Feature","properties":{"CD_SETOR":"261110105090040","SITUACAO":"Urbana","NM_BAIRRO":"Vila Eduardo","NM_DIST":"Petrolina","v0001":624,"v0007":202,"densidade":11418.4644,"taxa_alfab":0.9084,"pct_60m":0.1635,"pop_10_14":39.0,"pop_15_19":63.0,"renda_media":1586.36,"renda_mediana":1212.0,"infra":0.755,"pavimentacao":1.0,"iluminacao":1.0,"calcada":1.0,"onibus":0.0,"local_id":"144-1058","regiao":"Zona Leste"},"geometry":{"type":"Polygon","coordinates":[[[-40.4828,-9.38636],[-40.48593,-9.38847],[-40.48625,-9.38805],[-40.48638,-9.38813],[-40.48629,-9.38663],[-40.48452,-9.38592],[-40.48422,-9.3864],[-40.48306,-9.38583],[-40.4828,-9.38636]]]}},{"type":"Feature","properties":{"CD_SETOR":"261110105090041","SITUACAO":"Urbana","NM_BAIRRO":"Jatobá","NM_DIST":"Petrolina","v0001":635,"v0007":200,"densidade":4779.4182,"taxa_alfab":0.9542,"pct_60m":0.052,"pop_10_14":64.0,"pop_15_19":52.0,"renda_media":3301.15,"renda_mediana":2220.0,"infra":0.5388,"pavimentacao":0.185,"iluminacao":1.0,"calcada":0.97,"onibus":0.0,"local_id":"144-1465","regiao":"Zona Leste"},"geometry":{"type":"Polygon","coordinates":[[[-40.46662,-9.38724],[-40.46785,-9.38879],[-40.47257,-9.38556],[-40.47069,-9.38425],[-40.46662,-9.38724]]]}},{"type":"Feature","properties":{"CD_SETOR":"261110105090042","SITUACAO":"Urbana","NM_BAIRRO":"Jatobá","NM_DIST":"Petrolina","v0001":851,"v0007":282,"densidade":8847.6517,"taxa_alfab":0.9731,"pct_60m":0.0447,"pop_10_14":66.0,"pop_15_19":60.0,"renda_media":3553.55,"renda_mediana":2000.0,"infra":0.5195,"pavimentacao":0.0887,"iluminacao":1.0,"calcada":0.9894,"onibus":0.0,"local_id":"144-1465","regiao":"Zona Leste"},"geometry":{"type":"Polygon","coordinates":[[[-40.46785,-9.38879],[-40.46864,-9.38985],[-40.47372,-9.38637],[-40.47257,-9.38556],[-40.46785,-9.38879]]]}},{"type":"Feature","properties":{"CD_SETOR":"261110105090043","SITUACAO":"Urbana","NM_BAIRRO":"Pedra do Bode","NM_DIST":"Petrolina","v0001":1305,"v0007":361,"densidade":806.1236,"taxa_alfab":0.9944,"pct_60m":0.128,"pop_10_14":107.0,"pop_15_19":121.0,"renda_media":16583.85,"renda_mediana":15000.0,"infra":0.9439,"pavimentacao":0.9778,"iluminacao":1.0,"calcada":1.0,"onibus":0.0,"local_id":"144-1155","regiao":"Centro"},"geometry":{"type":"Polygon","coordinates":[[[-40.49441,-9.40607],[-40.49446,-9.40541],[-40.4939,-9.40311],[-40.4835,-9.40034],[-40.48264,-9.39994],[-40.47784,-9.40085],[-40.47622,-9.40055],[-40.4723,-9.40779],[-40.47532,-9.40897],[-40.47695,-9.40934],[-40.47929,-9.40928],[-40.47971,-9.409],[-40.4804,-9.40894],[-40.48057,-9.40858],[-40.48458,-9.40799],[-40.48463,-9.4078],[-40.48627,-9.40748],[-40.48825,-9.4067],[-40.49058,-9.40636],[-40.49112,-9.40658],[-40.49226,-9.40644],[-40.49271,-9.40629],[-40.4931,-9.40574],[-40.4935,-9.40619],[-40.49441,-9.40607]]]}},{"type":"Feature","properties":{"CD_SETOR":"261110105090044","SITUACAO":"Urbana","NM_BAIRRO":"Pedra do Bode","NM_DIST":"Petrolina","v0001":1203,"v0007":347,"densidade":1015.088,"taxa_alfab":0.9945,"pct_60m":0.1039,"pop_10_14":106.0,"pop_15_19":84.0,"renda_media":9315.61,"renda_mediana":6000.0,"infra":0.6156,"pavimentacao":0.5262,"iluminacao":0.9738,"calcada":0.9622,"onibus":0.0,"local_id":"144-1546","regiao":"Zona Leste"},"geometry":{"type":"Polygon","coordinates":[[[-40.4722,-9.40778],[-40.47622,-9.40055],[-40.46285,-9.39622],[-40.45996,-9.3979],[-40.46049,-9.39924],[-40.46086,-9.39963],[-40.46095,-9.40025],[-40.46206,-9.4018],[-40.46372,-9.4026],[-40.46555,-9.40413],[-40.46715,-9.40496],[-40.46751,-9.40535],[-40.46966,-9.40638],[-40.471,-9.40735],[-40.4722,-9.40778]]]}},{"type":"Feature","properties":{"CD_SETOR":"261110105090045","SITUACAO":"Urbana","NM_BAIRRO":"Jatobá","NM_DIST":"Petrolina","v0001":247,"v0007":71,"densidade":10478.5063,"taxa_alfab":0.8679,"pct_60m":0.0243,"pop_10_14":28.0,"pop_15_19":21.0,"renda_media":1062.09,"renda_mediana":1212.0,"infra":0.3204,"pavimentacao":0.2958,"iluminacao":0.9859,"calcada":0.0,"onibus":0.0423,"local_id":"144-1368","regiao":"Zona Leste"},"geometry":{"type":"Polygon","coordinates":[[[-40.46003,-9.39011],[-40.46132,-9.38926],[-40.46047,-9.38807],[-40.45959,-9.38864],[-40.46003,-9.39011]]]}},{"type":"Feature","properties":{"CD_SETOR":"261110105090046","SITUACAO":"Urbana","NM_BAIRRO":"Jatobá","NM_DIST":"Petrolina","v0001":1127,"v0007":333,"densidade":13830.6762,"taxa_alfab":0.9142,"pct_60m":0.0568,"pop_10_14":104.0,"pop_15_19":122.0,"renda_media":1018.76,"renda_mediana":1212.0,"infra":0.5214,"pavimentacao":0.3028,"iluminacao":1.0,"calcada":0.7645,"onibus":0.2049,"local_id":"144-1368","regiao":"Zona Leste"},"geometry":{"type":"Polygon","coordinates":[[[-40.46398,-9.38561],[-40.46466,-9.38656],[-40.46204,-9.38853],[-40.46129,-9.38754],[-40.46047,-9.38807],[-40.46132,-9.38926],[-40.46006,-9.39021],[-40.46018,-9.39066],[-40.4661,-9.38608],[-40.46514,-9.3848],[-40.46398,-9.38561]]]}},{"type":"Feature","properties":{"CD_SETOR":"261110105090047","SITUACAO":"Urbana","NM_BAIRRO":"Cidade Universitária","NM_DIST":"Petrolina","v0001":768,"v0007":291,"densidade":3269.0667,"taxa_alfab":0.9823,"pct_60m":0.056,"pop_10_14":52.0,"pop_15_19":60.0,"renda_media":5586.59,"renda_mediana":4800.0,"infra":0.5825,"pavimentacao":0.6976,"iluminacao":0.9519,"calcada":0.6804,"onibus":0.0,"local_id":"144-1465","regiao":"Zona Leste"},"geometry":{"type":"Polygon","coordinates":[[[-40.47521,-9.38734],[-40.47028,-9.39066],[-40.47177,-9.39277],[-40.47317,-9.39177],[-40.47402,-9.39253],[-40.47747,-9.38895],[-40.47521,-9.38734]]]}},{"type":"Feature","properties":{"CD_SETOR":"261110105090048","SITUACAO":"Urbana","NM_BAIRRO":"Jatobá","NM_DIST":"Petrolina","v0001":109,"v0007":30,"densidade":120.742,"taxa_alfab":0.8987,"pct_60m":0.1101,"pop_10_14":10.0,"pop_15_19":10.0,"renda_media":1988.14,"renda_mediana":1212.0,"infra":0.431,"pavimentacao":0.7241,"iluminacao":1.0,"calcada":0.0,"onibus":0.0,"local_id":"144-1368","regiao":"Zona Leste"},"geometry":{"type":"Polygon","coordinates":[[[-40.45718,-9.39319],[-40.458,-9.39298],[-40.45721,-9.39196],[-40.46003,-9.39011],[-40.45959,-9.38864],[-40.46819,-9.38254],[-40.46497,-9.38029],[-40.46445,-9.38079],[-40.46413,-9.38058],[-40.46188,-9.38271],[-40.45836,-9.38523],[-40.45767,-9.38498],[-40.45708,-9.38537],[-40.45655,-9.38434],[-40.45333,-9.38701],[-40.45292,-9.38725],[-40.45221,-9.38724],[-40.45131,-9.38786],[-40.45181,-9.38877],[-40.45314,-9.39003],[-40.45383,-9.3903],[-40.45449,-9.39094],[-40.45474,-9.39083],[-40.45535,-9.39163],[-40.45576,-9.3918],[-40.45718,-9.39319]]]}},{"type":"Feature","properties":{"CD_SETOR":"261110105090049","SITUACAO":"Urbana","NM_BAIRRO":"Jatobá","NM_DIST":"Petrolina","v0001":687,"v0007":212,"densidade":14250.8813,"taxa_alfab":0.8974,"pct_60m":0.0742,"pop_10_14":56.0,"pop_15_19":74.0,"renda_media":1172.52,"renda_mediana":1200.0,"infra":0.4788,"pavimentacao":0.0,"iluminacao":0.9198,"calcada":0.9953,"onibus":0.0,"local_id":"144-1368","regiao":"Zona Leste"},"geometry":{"type":"Polygon","coordinates":[[[-40.46129,-9.38754],[-40.46204,-9.38853],[-40.46466,-9.38656],[-40.46398,-9.38561],[-40.46129,-9.38754]]]}},{"type":"Feature","properties":{"CD_SETOR":"261110105090050","SITUACAO":"Urbana","NM_BAIRRO":"Loteamento Recife","NM_DIST":"Petrolina","v0001":93,"v0007":37,"densidade":1596.9204,"taxa_alfab":0.7353,"pct_60m":0.0,"pop_10_14":0.0,"pop_15_19":11.0,"renda_media":931.94,"renda_mediana":1000.0,"infra":0.0,"pavimentacao":0.0,"iluminacao":0.0,"calcada":0.0,"onibus":0.0,"local_id":"144-1236","regiao":"Zona Leste"},"geometry":{"type":"Polygon","coordinates":[[[-40.46955,-9.36159],[-40.46835,-9.36177],[-40.46789,-9.36147],[-40.4671,-9.36263],[-40.46862,-9.36366],[-40.47091,-9.3613],[-40.47021,-9.36051],[-40.46955,-9.36159]]]}},{"type":"Feature","properties":{"CD_SETOR":"261110105090051","SITUACAO":"Urbana","NM_BAIRRO":"Loteamento Recife","NM_DIST":"Petrolina","v0001":930,"v0007":311,"densidade":2869.3081,"taxa_alfab":0.9597,"pct_60m":0.0731,"pop_10_14":53.0,"pop_15_19":60.0,"renda_media":2381.56,"renda_mediana":1500.0,"infra":0.4606,"pavimentacao":0.0,"iluminacao":0.9775,"calcada":0.865,"onibus":0.0,"local_id":"144-1236","regiao":"Zona Leste"},"geometry":{"type":"Polygon","coordinates":[[[-40.47021,-9.36051],[-40.47091,-9.3613],[-40.46862,-9.36366],[-40.47117,-9.36537],[-40.47155,-9.36493],[-40.47353,-9.36376],[-40.47544,-9.36202],[-40.47458,-9.36056],[-40.47658,-9.35953],[-40.47592,-9.35826],[-40.47392,-9.35928],[-40.47341,-9.359],[-40.47233,-9.35954],[-40.47084,-9.35937],[-40.47021,-9.36051]]]}},{"type":"Feature","properties":{"CD_SETOR":"261110105090052","SITUACAO":"Urbana","NM_BAIRRO":"Loteamento Recife","NM_DIST":"Petrolina","v0001":970,"v0007":312,"densidade":1692.216,"taxa_alfab":0.942,"pct_60m":0.1082,"pop_10_14":70.0,"pop_15_19":85.0,"renda_media":2563.32,"renda_mediana":1500.0,"infra":0.5232,"pavimentacao":0.1891,"iluminacao":0.9006,"calcada":0.9968,"onibus":0.0,"local_id":"144-1236","regiao":"Zona Leste"},"geometry":{"type":"Polygon","coordinates":[[[-40.47658,-9.35953],[-40.47458,-9.36056],[-40.47544,-9.36202],[-40.47353,-9.36376],[-40.47155,-9.36493],[-40.47117,-9.36537],[-40.47409,-9.36739],[-40.48234,-9.36341],[-40.47994,-9.35889],[-40.47699,-9.36033],[-40.47658,-9.35953]]]}},{"type":"Feature","properties":{"CD_SETOR":"261110105090053","SITUACAO":"Urbana","NM_BAIRRO":"Cidade Universitária","NM_DIST":"Petrolina","v0001":573,"v0007":195,"densidade":763.1895,"taxa_alfab":0.9979,"pct_60m":0.1291,"pop_10_14":41.0,"pop_15_19":34.0,"renda_media":10461.84,"renda_mediana":7241.0,"infra":0.7897,"pavimentacao":0.9692,"iluminacao":1.0,"calcada":0.9795,"onibus":0.0,"local_id":"144-1546","regiao":"Zona Leste"},"geometry":{"type":"Polygon","coordinates":[[[-40.47747,-9.38895],[-40.47683,-9.39273],[-40.4765,-9.39339],[-40.4767,-9.39355],[-40.47669,-9.39399],[-40.47178,-9.39903],[-40.47735,-9.40085],[-40.48264,-9.39994],[-40.4816,-9.39896],[-40.48103,-9.39773],[-40.4808,-9.39125],[-40.4784,-9.38952],[-40.47747,-9.38895]]]}},{"type":"Feature","properties":{"CD_SETOR":"261110105090054","SITUACAO":"Urbana","NM_BAIRRO":"Cidade Universitária","NM_DIST":"Petrolina","v0001":951,"v0007":288,"densidade":4561.394,"taxa_alfab":0.9986,"pct_60m":0.0852,"pop_10_14":85.0,"pop_15_19":56.0,"renda_media":13129.39,"renda_mediana":10000.0,"infra":1.0,"pavimentacao":1.0,"iluminacao":1.0,"calcada":1.0,"onibus":0.0,"local_id":"144-1465","regiao":"Zona Leste"},"geometry":{"type":"Polygon","coordinates":[[[-40.47285,-9.3937],[-40.46902,-9.39764],[-40.46863,-9.39805],[-40.47178,-9.39903],[-40.47669,-9.39399],[-40.4767,-9.39355],[-40.4765,-9.39339],[-40.47454,-9.3954],[-40.47285,-9.3937]]]}},{"type":"Feature","properties":{"CD_SETOR":"261110105090055","SITUACAO":"Urbana","NM_BAIRRO":"Cidade Universitária","NM_DIST":"Petrolina","v0001":1137,"v0007":328,"densidade":8259.7035,"taxa_alfab":0.9884,"pct_60m":0.0959,"pop_10_14":97.0,"pop_15_19":83.0,"renda_media":11876.12,"renda_mediana":10000.0,"infra":1.0,"pavimentacao":1.0,"iluminacao":1.0,"calcada":1.0,"onibus":0.0,"local_id":"144-1546","regiao":"Zona Leste"},"geometry":{"type":"Polygon","coordinates":[[[-40.47733,-9.3891],[-40.47285,-9.3937],[-40.47454,-9.3954],[-40.47671,-9.393],[-40.47733,-9.3891]]]}},{"type":"Feature","properties":{"CD_SETOR":"261110105090056","SITUACAO":"Urbana","NM_BAIRRO":"Cidade Universitária","NM_DIST":"Petrolina","v0001":511,"v0007":209,"densidade":1890.2688,"taxa_alfab":0.9669,"pct_60m":0.0978,"pop_10_14":32.0,"pop_15_19":27.0,"renda_media":3836.44,"renda_mediana":2500.0,"infra":0.6202,"pavimentacao":0.5192,"iluminacao":0.9952,"calcada":0.9663,"onibus":0.0,"local_id":"144-1465","regiao":"Zona Leste"},"geometry":{"type":"Polygon","coordinates":[[[-40.4671,-9.39279],[-40.46268,-9.39604],[-40.46863,-9.39805],[-40.47127,-9.39532],[-40.4699,-9.39405],[-40.46859,-9.39492],[-40.4671,-9.39279]]]}},{"type":"Feature","properties":{"CD_SETOR":"261110105090057","SITUACAO":"Urbana","NM_BAIRRO":"Cidade Universitária","NM_DIST":"Petrolina","v0001":828,"v0007":270,"densidade":4320.6642,"taxa_alfab":0.9809,"pct_60m":0.058,"pop_10_14":72.0,"pop_15_19":51.0,"renda_media":4005.96,"renda_mediana":2424.0,"infra":0.5704,"pavimentacao":0.2926,"iluminacao":0.9889,"calcada":1.0,"onibus":0.0,"local_id":"144-1465","regiao":"Zona Leste"},"geometry":{"type":"Polygon","coordinates":[[[-40.47028,-9.39066],[-40.4671,-9.39279],[-40.46859,-9.39492],[-40.4699,-9.39405],[-40.47127,-9.39532],[-40.47402,-9.39253],[-40.47317,-9.39177],[-40.47177,-9.39277],[-40.47028,-9.39066]]]}},{"type":"Feature","properties":{"CD_SETOR":"261110105090058","SITUACAO":"Urbana","NM_BAIRRO":"Loteamento Recife","NM_DIST":"Petrolina","v0001":781,"v0007":253,"densidade":8037.7685,"taxa_alfab":0.988,"pct_60m":0.0909,"pop_10_14":65.0,"pop_15_19":40.0,"renda_media":6219.37,"renda_mediana":5000.0,"infra":0.6087,"pavimentacao":0.4348,"iluminacao":1.0,"calcada":1.0,"onibus":0.0,"local_id":"144-1180","regiao":"Zona Leste"},"geometry":{"type":"Polygon","coordinates":[[[-40.48342,-9.37302],[-40.48647,-9.37144],[-40.48545,-9.36941],[-40.48235,-9.37091],[-40.48342,-9.37302]]]}},{"type":"Feature","properties":{"CD_SETOR":"261110105090059","SITUACAO":"Urbana","NM_BAIRRO":"Loteamento Recife","NM_DIST":"Petrolina","v0001":565,"v0007":198,"densidade":3273.1072,"taxa_alfab":0.976,"pct_60m":0.0389,"pop_10_14":39.0,"pop_15_19":30.0,"renda_media":5032.81,"renda_mediana":3600.0,"infra":0.6696,"pavimentacao":0.699,"iluminacao":1.0,"calcada":0.9796,"onibus":0.0,"local_id":"145-1945","regiao":"Zona Norte"},"geometry":{"type":"Polygon","coordinates":[[[-40.48647,-9.37144],[-40.48342,-9.37302],[-40.48403,-9.37422],[-40.48743,-9.37655],[-40.48779,-9.3754],[-40.48895,-9.37506],[-40.4899,-9.37508],[-40.4887,-9.37434],[-40.48792,-9.37357],[-40.48715,-9.37275],[-40.48647,-9.37144]]]}},{"type":"Feature","properties":{"CD_SETOR":"261110105090062","SITUACAO":"Urbana","NM_BAIRRO":"Jatobá","NM_DIST":"Petrolina","v0001":510,"v0007":156,"densidade":766.0423,"taxa_alfab":0.9404,"pct_60m":0.0902,"pop_10_14":45.0,"pop_15_19":44.0,"renda_media":1662.23,"renda_mediana":1280.0,"infra":0.4856,"pavimentacao":0.3846,"iluminacao":1.0,"calcada":0.5577,"onibus":0.0,"local_id":"144-1368","regiao":"Zona Leste"},"geometry":{"type":"Polygon","coordinates":[[[-40.45831,-9.39607],[-40.45788,-9.39522],[-40.45758,-9.39529],[-40.45726,-9.39502],[-40.4574,-9.39443],[-40.45675,-9.39345],[-40.45156,-9.38905],[-40.45161,-9.38959],[-40.45244,-9.39137],[-40.45266,-9.3926],[-40.45378,-9.39422],[-40.45492,-9.3951],[-40.45635,-9.39539],[-40.45777,-9.39612],[-40.45831,-9.39607]]]}},{"type":"Feature","properties":{"CD_SETOR":"261110105090063","SITUACAO":"Urbana","NM_BAIRRO":"Jatobá","NM_DIST":"Petrolina","v0001":681,"v0007":219,"densidade":7208.2122,"taxa_alfab":0.9628,"pct_60m":0.0455,"pop_10_14":59.0,"pop_15_19":62.0,"renda_media":1771.47,"renda_mediana":1212.0,"infra":0.2568,"pavimentacao":0.0137,"iluminacao":1.0,"calcada":0.0137,"onibus":0.0,"local_id":"144-1465","regiao":"Zona Leste"},"geometry":{"type":"Polygon","coordinates":[[[-40.46472,-9.38866],[-40.46672,-9.39123],[-40.46864,-9.38985],[-40.46662,-9.38724],[-40.46472,-9.38866]]]}},{"type":"Feature","properties":{"CD_SETOR":"261110105090064","SITUACAO":"Urbana","NM_BAIRRO":"Boa Esperança","NM_DIST":"Petrolina","v0001":362,"v0007":105,"densidade":1307.631,"taxa_alfab":0.9959,"pct_60m":0.0608,"pop_10_14":27.0,"pop_15_19":19.0,"renda_media":21259.05,"renda_mediana":20000.0,"infra":0.7595,"pavimentacao":1.0,"iluminacao":1.0,"calcada":1.0,"onibus":0.8952,"local_id":"144-1236","regiao":"Zona Leste"},"geometry":{"type":"Polygon","coordinates":[[[-40.45629,-9.36426],[-40.45457,-9.35925],[-40.4537,-9.35956],[-40.45229,-9.36149],[-40.45012,-9.36226],[-40.45053,-9.3636],[-40.4517,-9.36587],[-40.45629,-9.36426]]]}},{"type":"Feature","properties":{"CD_SETOR":"261110105090065","SITUACAO":"Urbana","NM_BAIRRO":"Boa Esperança","NM_DIST":"Petrolina","v0001":450,"v0007":128,"densidade":1924.6319,"taxa_alfab":0.9938,"pct_60m":0.0667,"pop_10_14":32.0,"pop_15_19":28.0,"renda_media":19213.76,"renda_mediana":16000.0,"infra":0.75,"pavimentacao":1.0,"iluminacao":1.0,"calcada":0.9922,"onibus":0.8516,"local_id":"144-1236","regiao":"Zona Leste"},"geometry":{"type":"Polygon","coordinates":[[[-40.45457,-9.35925],[-40.45629,-9.36426],[-40.45978,-9.36305],[-40.458,-9.35805],[-40.45457,-9.35925]]]}},{"type":"Feature","properties":{"CD_SETOR":"261110105090066","SITUACAO":"Urbana","NM_BAIRRO":"Boa Esperança","NM_DIST":"Petrolina","v0001":0,"v0007":0,"densidade":0.0,"taxa_alfab":null,"pct_60m":null,"pop_10_14":null,"pop_15_19":null,"renda_media":null,"renda_mediana":null,"infra":null,"pavimentacao":null,"iluminacao":null,"calcada":null,"onibus":null,"local_id":"144-1236","regiao":"Zona Leste"},"geometry":{"type":"Polygon","coordinates":[[[-40.46785,-9.35847],[-40.46763,-9.35742],[-40.46685,-9.35733],[-40.46555,-9.35583],[-40.46578,-9.3554],[-40.4638,-9.35413],[-40.46499,-9.35219],[-40.4649,-9.35204],[-40.45235,-9.3587],[-40.44963,-9.36048],[-40.45012,-9.36226],[-40.45229,-9.36149],[-40.4537,-9.35956],[-40.458,-9.35805],[-40.45978,-9.36305],[-40.4517,-9.36587],[-40.45386,-9.37032],[-40.45794,-9.37541],[-40.4649,-9.36111],[-40.4657,-9.36166],[-40.46744,-9.35868],[-40.46785,-9.35847]]]}},{"type":"Feature","properties":{"CD_SETOR":"261110105090067","SITUACAO":"Urbana","NM_BAIRRO":"Boa Esperança","NM_DIST":"Petrolina","v0001":578,"v0007":204,"densidade":1837.4726,"taxa_alfab":0.9868,"pct_60m":0.0398,"pop_10_14":28.0,"pop_15_19":40.0,"renda_media":3633.36,"renda_mediana":3000.0,"infra":0.6127,"pavimentacao":0.5049,"iluminacao":0.9804,"calcada":0.9657,"onibus":0.0,"local_id":"144-1236","regiao":"Zona Leste"},"geometry":{"type":"Polygon","coordinates":[[[-40.46689,-9.35346],[-40.46555,-9.35583],[-40.46685,-9.35733],[-40.46763,-9.35742],[-40.46769,-9.35821],[-40.47354,-9.34877],[-40.47319,-9.34815],[-40.47222,-9.34863],[-40.46997,-9.3508],[-40.46914,-9.35107],[-40.46782,-9.35286],[-40.46747,-9.35289],[-40.46689,-9.35346]]]}},{"type":"Feature","properties":{"CD_SETOR":"261110105090068","SITUACAO":"Urbana","NM_BAIRRO":"Loteamento Recife","NM_DIST":"Petrolina","v0001":666,"v0007":212,"densidade":807.4221,"taxa_alfab":0.9625,"pct_60m":0.0616,"pop_10_14":61.0,"pop_15_19":40.0,"renda_media":2148.3,"renda_mediana":1450.0,"infra":0.4104,"pavimentacao":0.0047,"iluminacao":0.8019,"calcada":0.8349,"onibus":0.0,"local_id":"144-1236","regiao":"Zona Leste"},"geometry":{"type":"Polygon","coordinates":[[[-40.47084,-9.35937],[-40.47821,-9.35549],[-40.4742,-9.34773],[-40.46769,-9.35821],[-40.46785,-9.35847],[-40.46744,-9.35868],[-40.4657,-9.36166],[-40.4671,-9.36263],[-40.46789,-9.36147],[-40.46835,-9.36177],[-40.46955,-9.36159],[-40.47084,-9.35937]]]}},{"type":"Feature","properties":{"CD_SETOR":"261110105090069","SITUACAO":"Urbana","NM_BAIRRO":"Loteamento Recife","NM_DIST":"Petrolina","v0001":864,"v0007":265,"densidade":8460.8206,"taxa_alfab":0.9378,"pct_60m":0.066,"pop_10_14":74.0,"pop_15_19":81.0,"renda_media":1712.55,"renda_mediana":1212.0,"infra":0.4764,"pavimentacao":0.0,"iluminacao":0.9057,"calcada":1.0,"onibus":0.0,"local_id":"144-1236","regiao":"Zona Leste"},"geometry":{"type":"Polygon","coordinates":[[[-40.47821,-9.35549],[-40.47081,-9.35927],[-40.47084,-9.35937],[-40.47233,-9.35954],[-40.47341,-9.359],[-40.47392,-9.35928],[-40.47592,-9.35826],[-40.47571,-9.35783],[-40.47866,-9.35636],[-40.47821,-9.35549]]]}},{"type":"Feature","properties":{"CD_SETOR":"261110105090070","SITUACAO":"Urbana","NM_BAIRRO":"Boa Esperança","NM_DIST":"Petrolina","v0001":613,"v0007":227,"densidade":9522.2475,"taxa_alfab":0.9878,"pct_60m":0.0245,"pop_10_14":34.0,"pop_15_19":36.0,"renda_media":2466.72,"renda_mediana":2000.0,"infra":0.8128,"pavimentacao":1.0,"iluminacao":1.0,"calcada":1.0,"onibus":0.0,"local_id":"144-1236","regiao":"Zona Leste"},"geometry":{"type":"Polygon","coordinates":[[[-40.46644,-9.35423],[-40.4675,-9.35287],[-40.46654,-9.3516],[-40.46708,-9.35123],[-40.46671,-9.35071],[-40.4649,-9.35204],[-40.46499,-9.35219],[-40.4645,-9.35296],[-40.46644,-9.35423]]]}},{"type":"Feature","properties":{"CD_SETOR":"261110105090071","SITUACAO":"Urbana","NM_BAIRRO":"Boa Esperança","NM_DIST":"Petrolina","v0001":574,"v0007":212,"densidade":14893.7387,"taxa_alfab":0.9953,"pct_60m":0.0105,"pop_10_14":31.0,"pop_15_19":22.0,"renda_media":2607.04,"renda_mediana":2000.0,"infra":0.75,"pavimentacao":1.0,"iluminacao":1.0,"calcada":1.0,"onibus":0.0,"local_id":"144-1236","regiao":"Zona Leste"},"geometry":{"type":"Polygon","coordinates":[[[-40.46644,-9.35423],[-40.4645,-9.35296],[-40.4638,-9.35413],[-40.46578,-9.3554],[-40.46644,-9.35423]]]}},{"type":"Feature","properties":{"CD_SETOR":"261110105090072","SITUACAO":"Urbana","NM_BAIRRO":"Boa Esperança","NM_DIST":"Petrolina","v0001":86,"v0007":31,"densidade":52.4505,"taxa_alfab":1.0,"pct_60m":0.0,"pop_10_14":9.0,"pop_15_19":7.0,"renda_media":2573.93,"renda_mediana":1500.0,"infra":0.6129,"pavimentacao":0.5806,"iluminacao":0.9677,"calcada":0.9032,"onibus":0.0,"local_id":"144-1236","regiao":"Zona Leste"},"geometry":{"type":"Polygon","coordinates":[[[-40.46708,-9.35123],[-40.46654,-9.3516],[-40.4675,-9.35287],[-40.46782,-9.35286],[-40.46914,-9.35107],[-40.46997,-9.3508],[-40.47222,-9.34863],[-40.47319,-9.34815],[-40.47354,-9.34877],[-40.4742,-9.34773],[-40.46531,-9.33041],[-40.46418,-9.33102],[-40.46497,-9.33247],[-40.46577,-9.33211],[-40.46621,-9.33301],[-40.46123,-9.33554],[-40.46134,-9.33592],[-40.45517,-9.33916],[-40.47166,-9.34783],[-40.46697,-9.35052],[-40.46671,-9.35071],[-40.46708,-9.35123]]]}},{"type":"Feature","properties":{"CD_SETOR":"261110105090073","SITUACAO":"Urbana","NM_BAIRRO":"Boa Esperança","NM_DIST":"Petrolina","v0001":515,"v0007":166,"densidade":1079.971,"taxa_alfab":0.9865,"pct_60m":0.068,"pop_10_14":44.0,"pop_15_19":16.0,"renda_media":10605.74,"renda_mediana":7250.0,"infra":0.7319,"pavimentacao":1.0,"iluminacao":0.988,"calcada":0.9398,"onibus":0.0,"local_id":"144-1236","regiao":"Zona Leste"},"geometry":{"type":"Polygon","coordinates":[[[-40.47166,-9.34783],[-40.46364,-9.34361],[-40.45948,-9.34625],[-40.46697,-9.35052],[-40.47166,-9.34783]]]}},{"type":"Feature","properties":{"CD_SETOR":"261110105090074","SITUACAO":"Urbana","NM_BAIRRO":"Serrote do Urubu","NM_DIST":"Petrolina","v0001":194,"v0007":61,"densidade":56.3158,"taxa_alfab":0.915,"pct_60m":0.1495,"pop_10_14":16.0,"pop_15_19":13.0,"renda_media":3172.64,"renda_mediana":1212.0,"infra":0.0,"pavimentacao":0.0,"iluminacao":0.0,"calcada":0.0,"onibus":0.0,"local_id":"144-1562","regiao":"Zona Leste"},"geometry":{"type":"Polygon","coordinates":[[[-40.42516,-9.35067],[-40.42822,-9.35265],[-40.43075,-9.35334],[-40.43059,-9.35287],[-40.42895,-9.35182],[-40.42661,-9.35088],[-40.42516,-9.35067]]]}},{"type":"Feature","properties":{"CD_SETOR":"261110105090075","SITUACAO":null,"NM_BAIRRO":null,"NM_DIST":"Petrolina","v0001":0,"v0007":0,"densidade":0.0,"taxa_alfab":null,"pct_60m":null,"pop_10_14":null,"pop_15_19":null,"renda_media":null,"renda_mediana":null,"infra":null,"pavimentacao":null,"iluminacao":null,"calcada":null,"onibus":null,"local_id":"144-1368","regiao":"Zona Leste"},"geometry":{"type":"Polygon","coordinates":[[[-40.49441,-9.40607],[-40.4935,-9.40619],[-40.49304,-9.40575],[-40.49308,-9.40594],[-40.49256,-9.40637],[-40.49112,-9.40658],[-40.49058,-9.40636],[-40.48899,-9.40655],[-40.48787,-9.40679],[-40.48627,-9.40748],[-40.48463,-9.4078],[-40.48458,-9.40799],[-40.48057,-9.40858],[-40.4804,-9.40894],[-40.47971,-9.409],[-40.47929,-9.40928],[-40.47695,-9.40934],[-40.47532,-9.40897],[-40.471,-9.40735],[-40.46966,-9.40638],[-40.46583,-9.40432],[-40.46372,-9.4026],[-40.46206,-9.4018],[-40.46095,-9.40025],[-40.46086,-9.39963],[-40.46049,-9.39924],[-40.45937,-9.39655],[-40.45867,-9.3958],[-40.45814,-9.39434],[-40.45731,-9.39326],[-40.45576,-9.3918],[-40.45535,-9.39163],[-40.45474,-9.39083],[-40.45449,-9.39094],[-40.45408,-9.39072],[-40.45383,-9.3903],[-40.45314,-9.39003],[-40.45181,-9.38877],[-40.45149,-9.38801],[-40.45095,-9.38767],[-40.4505,-9.38653],[-40.45059,-9.3862],[-40.44946,-9.38452],[-40.4489,-9.38207],[-40.44855,-9.37726],[-40.44783,-9.37395],[-40.44716,-9.37235],[-40.44629,-9.37171],[-40.44587,-9.37076],[-40.44593,-9.36927],[-40.44577,-9.36907],[-40.44567,-9.36734],[-40.44392,-9.36221],[-40.44296,-9.36033],[-40.44313,-9.36028],[-40.44303,-9.36003],[-40.44247,-9.35956],[-40.44188,-9.35801],[-40.44099,-9.35708],[-40.4408,-9.35642],[-40.43926,-9.35612],[-40.43924,-9.35586],[-40.43818,-9.35538],[-40.43817,-9.35487],[-40.43751,-9.35423],[-40.43684,-9.35397],[-40.43649,-9.35357],[-40.4358,-9.35343],[-40.43452,-9.35223],[-40.43182,-9.35079],[-40.42772,-9.34784],[-40.42524,-9.34696],[-40.42425,-9.34682],[-40.4215,-9.34684],[-40.42103,-9.34705],[-40.42089,-9.35257],[-40.42366,-9.35346],[-40.43079,-9.35669],[-40.43369,-9.35917],[-40.4359,-9.36216],[-40.43931,-9.36828],[-40.44764,-9.38734],[-40.45273,-9.39723],[-40.45289,-9.4008],[-40.45382,-9.40352],[-40.45608,-9.40642],[-40.46427,-9.41336],[-40.46521,-9.41566],[-40.46527,-9.41493],[-40.46487,-9.4132],[-40.46501,-9.41315],[-40.46646,-9.41349],[-40.46941,-9.41368],[-40.47599,-9.41344],[-40.48006,-9.41364],[-40.48158,-9.41344],[-40.48201,-9.41348],[-40.48266,-9.41404],[-40.48269,-9.41425],[-40.4808,-9.41623],[-40.47806,-9.4181],[-40.475,-9.4198],[-40.47254,-9.42078],[-40.47085,-9.42102],[-40.46887,-9.42071],[-40.46756,-9.42024],[-40.46776,-9.42057],[-40.47073,-9.42121],[-40.47417,-9.42079],[-40.47783,-9.4193],[-40.48181,-9.41628],[-40.48392,-9.41397],[-40.48728,-9.41223],[-40.49519,-9.40921],[-40.49446,-9.40541],[-40.49441,-9.40607]],[[-40.45751,-9.40597],[-40.45471,-9.40298],[-40.45364,-9.40094],[-40.45306,-9.39794],[-40.45308,-9.39704],[-40.45634,-9.40038],[-40.45762,-9.40129],[-40.4607,-9.40432],[-40.46094,-9.4051],[-40.46295,-9.40826],[-40.46425,-9.40885],[-40.46433,-9.40931],[-40.46375,-9.40971],[-40.46276,-9.40994],[-40.46203,-9.40962],[-40.45751,-9.40597]],[[-40.45777,-9.39612],[-40.45611,-9.39531],[-40.45492,-9.3951],[-40.45378,-9.39422],[-40.45266,-9.3926],[-40.45244,-9.39137],[-40.45161,-9.38959],[-40.45156,-9.38905],[-40.45675,-9.39345],[-40.4574,-9.39443],[-40.45726,-9.39502],[-40.45758,-9.39529],[-40.45788,-9.39522],[-40.45831,-9.39607],[-40.45777,-9.39612]],[[-40.43938,-9.36249],[-40.44148,-9.36581],[-40.44195,-9.36699],[-40.44264,-9.37036],[-40.44404,-9.3739],[-40.44393,-9.37411],[-40.4442,-9.3746],[-40.44451,-9.3743],[-40.44465,-9.37491],[-40.44437,-9.37566],[-40.44354,-9.37481],[-40.44354,-9.37441],[-40.44164,-9.37182],[-40.44057,-9.36964],[-40.43987,-9.36884],[-40.4398,-9.36818],[-40.4402,-9.36812],[-40.4393,-9.36682],[-40.43889,-9.36534],[-40.43745,-9.36255],[-40.43696,-9.36023],[-40.4372,-9.36018],[-40.43938,-9.36249]],[[-40.43609,-9.3617],[-40.43544,-9.36016],[-40.4357,-9.36011],[-40.43613,-9.36115],[-40.43609,-9.3617]],[[-40.4376,-9.35867],[-40.43509,-9.35624],[-40.43478,-9.35616],[-40.43269,-9.35336],[-40.43545,-9.35478],[-40.43845,-9.35718],[-40.43972,-9.35877],[-40.44021,-9.36035],[-40.44002,-9.36046],[-40.43945,-9.36015],[-40.43872,-9.3593],[-40.4376,-9.35867]],[[-40.42822,-9.35265],[-40.42516,-9.35067],[-40.42661,-9.35088],[-40.42895,-9.35182],[-40.43059,-9.35287],[-40.43075,-9.35334],[-40.42822,-9.35265]],[[-40.42473,-9.35267],[-40.42248,-9.35163],[-40.423,-9.35151],[-40.42495,-9.35202],[-40.4252,-9.3526],[-40.42473,-9.35267]]]}},{"type":"Feature","properties":{"CD_SETOR":"261110110000001","SITUACAO":"Urbana","NM_BAIRRO":null,"NM_DIST":"Cristália","v0001":130,"v0007":57,"densidade":740.5031,"taxa_alfab":0.6759,"pct_60m":0.2692,"pop_10_14":9.0,"pop_15_19":0.0,"renda_media":1306.0,"renda_mediana":1212.0,"infra":0.6447,"pavimentacao":0.6316,"iluminacao":1.0,"calcada":0.9474,"onibus":0.0,"local_id":"145-1058","regiao":"Rajada / Cristália"},"geometry":{"type":"Polygon","coordinates":[[[-40.36292,-8.81779],[-40.36499,-8.82069],[-40.36719,-8.82189],[-40.36758,-8.82234],[-40.36792,-8.82202],[-40.36758,-8.82163],[-40.36871,-8.82056],[-40.36631,-8.81749],[-40.36549,-8.81789],[-40.36447,-8.81692],[-40.36292,-8.81779]]]}},{"type":"Feature","properties":{"CD_SETOR":"261110110000002","SITUACAO":"Rural","NM_BAIRRO":null,"NM_DIST":"Cristália","v0001":499,"v0007":158,"densidade":1.814,"taxa_alfab":0.7158,"pct_60m":0.1743,"pop_10_14":42.0,"pop_15_19":45.0,"renda_media":1143.68,"renda_mediana":1212.0,"infra":null,"pavimentacao":null,"iluminacao":null,"calcada":null,"onibus":null,"local_id":"145-1058","regiao":"Rajada / Cristália"},"geometry":{"type":"Polygon","coordinates":[[[-40.27442,-8.91262],[-40.28297,-8.91572],[-40.29039,-8.9156],[-40.29127,-8.91646],[-40.29289,-8.91864],[-40.29352,-8.91888],[-40.30711,-8.91766],[-40.31221,-8.91957],[-40.3138,-8.91937],[-40.31434,-8.91952],[-40.31438,-8.91937],[-40.31564,-8.92091],[-40.31666,-8.9213],[-40.3198,-8.924],[-40.32146,-8.92483],[-40.32636,-8.92329],[-40.33013,-8.92236],[-40.33511,-8.92068],[-40.33564,-8.91986],[-40.3365,-8.91913],[-40.3377,-8.91886],[-40.34982,-8.91802],[-40.35203,-8.91935],[-40.35235,-8.92006],[-40.35472,-8.93521],[-40.36246,-8.94217],[-40.36567,-8.95809],[-40.36435,-8.9622],[-40.36384,-8.96981],[-40.36524,-8.97383],[-40.37025,-8.97958],[-40.37088,-8.98072],[-40.37079,-8.98304],[-40.36887,-8.98692],[-40.36904,-8.98795],[-40.37044,-8.99018],[-40.36918,-8.99715],[-40.36924,-8.99871],[-40.36884,-9.00009],[-40.36995,-9.00041],[-40.37167,-9.00046],[-40.37287,-9.00018],[-40.37479,-8.99941],[-40.37663,-8.99816],[-40.37903,-8.99739],[-40.38155,-8.99747],[-40.38945,-9.00015],[-40.39092,-9.00005],[-40.39294,-9.00039],[-40.39448,-9.00034],[-40.39538,-8.99989],[-40.39651,-9.00003],[-40.3972,-9.00047],[-40.40121,-9.00426],[-40.40174,-9.00595],[-40.40237,-9.00673],[-40.40305,-9.00717],[-40.40325,-9.00785],[-40.40403,-9.00887],[-40.40483,-9.00964],[-40.40536,-9.00981],[-40.40716,-9.00952],[-40.41088,-9.00787],[-40.41276,-9.00671],[-40.41385,-9.00527],[-40.41482,-9.00448],[-40.4182,-9.00256],[-40.41979,-9.0022],[-40.42327,-9.00369],[-40.42487,-9.00504],[-40.42506,-9.00675],[-40.4255,-9.00768],[-40.42606,-9.00871],[-40.42772,-9.01067],[-40.43008,-9.01099],[-40.43118,-9.01092],[-40.43269,-9.00984],[-40.43394,-9.00838],[-40.4341,-9.00633],[-40.43455,-9.00478],[-40.43543,-9.0043],[-40.43794,-9.00381],[-40.43937,-9.00309],[-40.44091,-9.0018],[-40.44286,-9.00117],[-40.44478,-9.00175],[-40.44535,-9.0024],[-40.44538,-9.00381],[-40.44365,-9.00757],[-40.44326,-9.00939],[-40.44341,-9.01159],[-40.44389,-9.01186],[-40.44443,-9.01215],[-40.44733,-9.01245],[-40.44821,-9.01217],[-40.44927,-9.01144],[-40.45094,-9.0094],[-40.45299,-9.00832],[-40.45772,-9.00736],[-40.45962,-9.00718],[-40.4615,-9.00996],[-40.46713,-9.01431],[-40.46928,-9.0152],[-40.47018,-9.01599],[-40.47073,-9.01615],[-40.47188,-9.01604],[-40.47326,-9.01548],[-40.47665,-9.01325],[-40.47707,-9.01247],[-40.48004,-9.00916],[-40.48069,-9.00789],[-40.48187,-9.00722],[-40.48262,-9.00724],[-40.4842,-9.00791],[-40.48458,-9.00844],[-40.4854,-9.00873],[-40.4863,-9.00941],[-40.48651,-9.01007],[-40.48797,-9.01084],[-40.48954,-9.01208],[-40.49062,-9.01238],[-40.49193,-9.0124],[-40.4927,-9.01291],[-40.4964,-9.01383],[-40.49667,-9.01379],[-40.49666,-9.01357],[-40.49757,-9.01364],[-40.49836,-9.01339],[-40.50099,-9.01213],[-40.50206,-9.01095],[-40.50295,-9.01032],[-40.50369,-9.00851],[-40.50438,-9.00849],[-40.50666,-9.00963],[-40.5074,-9.01023],[-40.50917,-9.01247],[-40.51051,-9.01293],[-40.51175,-9.01242],[-40.51257,-9.0116],[-40.51313,-9.0106],[-40.51381,-9.00853],[-40.51472,-9.00765],[-40.51629,-9.00701],[-40.51983,-9.00797],[-40.52297,-9.00851],[-40.52622,-9.00812],[-40.52706,-9.00768],[-40.52891,-9.00722],[-40.53029,-9.00657],[-40.53192,-9.00534],[-40.53234,-9.0038],[-40.53072,-8.99762],[-40.53035,-8.99513],[-40.53092,-8.99285],[-40.53121,-8.99022],[-40.52406,-8.9793],[-40.51561,-8.96734],[-40.49658,-8.94735],[-40.48443,-8.93518],[-40.46687,-8.91693],[-40.46662,-8.91688],[-40.46532,-8.91766],[-40.46473,-8.9176],[-40.46347,-8.91517],[-40.46329,-8.91324],[-40.40482,-8.8535],[-40.40372,-8.8526],[-40.38953,-8.8447],[-40.38554,-8.8434],[-40.36719,-8.82189],[-40.36499,-8.82069],[-40.36231,-8.81696],[-40.36148,-8.81772],[-40.36095,-8.81889],[-40.36103,-8.82007],[-40.36312,-8.8224],[-40.36331,-8.82388],[-40.36315,-8.82571],[-40.36189,-8.83217],[-40.36306,-8.83387],[-40.36252,-8.83482],[-40.35924,-8.83606],[-40.35939,-8.83864],[-40.36118,-8.84149],[-40.36151,-8.84411],[-40.36236,-8.84534],[-40.36218,-8.8484],[-40.36326,-8.84943],[-40.36344,-8.85101],[-40.36152,-8.85152],[-40.3621,-8.85347],[-40.3611,-8.85405],[-40.35757,-8.85429],[-40.35641,-8.85544],[-40.35497,-8.8557],[-40.35466,-8.85631],[-40.35536,-8.85727],[-40.35479,-8.85807],[-40.3529,-8.85804],[-40.35206,-8.85893],[-40.35129,-8.86096],[-40.3497,-8.86148],[-40.34863,-8.86256],[-40.34501,-8.86288],[-40.34389,-8.86357],[-40.34266,-8.86327],[-40.33949,-8.86357],[-40.33852,-8.86292],[-40.33555,-8.8624],[-40.33205,-8.86283],[-40.32595,-8.86463],[-40.32395,-8.86334],[-40.32163,-8.86089],[-40.31809,-8.86106],[-40.31682,-8.86164],[-40.31459,-8.86165],[-40.31135,-8.86235],[-40.30913,-8.86588],[-40.30521,-8.86935],[-40.30403,-8.86962],[-40.30132,-8.86917],[-40.29837,-8.87067],[-40.29783,-8.87197],[-40.29792,-8.87489],[-40.29739,-8.87765],[-40.29625,-8.87934],[-40.29459,-8.88068],[-40.28998,-8.88284],[-40.28814,-8.88507],[-40.28618,-8.88627],[-40.28534,-8.88735],[-40.28465,-8.89018],[-40.28004,-8.89319],[-40.2731,-8.90137],[-40.27523,-8.9047],[-40.2757,-8.90661],[-40.27571,-8.91021],[-40.27442,-8.91262]]]}},{"type":"Feature","properties":{"CD_SETOR":"261110110000003","SITUACAO":"Rural","NM_BAIRRO":null,"NM_DIST":"Cristália","v0001":296,"v0007":118,"densidade":0.9663,"taxa_alfab":0.8107,"pct_60m":0.2703,"pop_10_14":24.0,"pop_15_19":22.0,"renda_media":1145.48,"renda_mediana":1212.0,"infra":null,"pavimentacao":null,"iluminacao":null,"calcada":null,"onibus":null,"local_id":"145-1040","regiao":"Zona rural da sede"},"geometry":{"type":"Polygon","coordinates":[[[-40.39259,-8.80194],[-40.39165,-8.8029],[-40.39013,-8.80362],[-40.38906,-8.80443],[-40.38779,-8.80445],[-40.38639,-8.80636],[-40.38522,-8.8073],[-40.38291,-8.80865],[-40.38248,-8.80949],[-40.38184,-8.81007],[-40.38131,-8.80992],[-40.38138,-8.80908],[-40.38037,-8.80806],[-40.38037,-8.8075],[-40.38009,-8.80707],[-40.37955,-8.80758],[-40.37912,-8.80867],[-40.37805,-8.80954],[-40.37671,-8.8118],[-40.37594,-8.81195],[-40.37432,-8.81048],[-40.37396,-8.81109],[-40.37249,-8.81233],[-40.37144,-8.81259],[-40.36997,-8.81211],[-40.3687,-8.81236],[-40.36722,-8.81455],[-40.36646,-8.81493],[-40.36456,-8.81419],[-40.36377,-8.81457],[-40.36377,-8.81587],[-40.36231,-8.81696],[-40.36292,-8.81779],[-40.36447,-8.81692],[-40.36549,-8.81789],[-40.36631,-8.81749],[-40.36871,-8.82056],[-40.36758,-8.82163],[-40.36792,-8.82202],[-40.36758,-8.82234],[-40.36768,-8.8225],[-40.38554,-8.8434],[-40.38953,-8.8447],[-40.40372,-8.8526],[-40.40482,-8.8535],[-40.46329,-8.91324],[-40.46347,-8.91517],[-40.46473,-8.9176],[-40.46532,-8.91766],[-40.46662,-8.91688],[-40.46687,-8.91693],[-40.48443,-8.93518],[-40.49658,-8.94735],[-40.51185,-8.96321],[-40.51623,-8.96804],[-40.52406,-8.9793],[-40.5302,-8.98865],[-40.53121,-8.99022],[-40.5316,-8.99135],[-40.53243,-8.99249],[-40.53287,-8.99372],[-40.53326,-8.9935],[-40.5341,-8.99214],[-40.53459,-8.99172],[-40.53728,-8.99065],[-40.54037,-8.99083],[-40.54362,-8.99176],[-40.54494,-8.99244],[-40.54604,-8.99339],[-40.54718,-8.99383],[-40.55074,-8.99314],[-40.5527,-8.99299],[-40.55266,-8.99246],[-40.55299,-8.99152],[-40.55466,-8.99127],[-40.55531,-8.99084],[-40.5566,-8.98848],[-40.55643,-8.98716],[-40.55323,-8.98093],[-40.55293,-8.979],[-40.55306,-8.97698],[-40.55415,-8.97236],[-40.55444,-8.968],[-40.55481,-8.96637],[-40.55508,-8.96286],[-40.55548,-8.96166],[-40.55663,-8.96091],[-40.55812,-8.95923],[-40.55955,-8.95828],[-40.5615,-8.95634],[-40.56196,-8.95555],[-40.56266,-8.95138],[-40.56348,-8.94962],[-40.5648,-8.94832],[-40.5666,-8.94718],[-40.56852,-8.94535],[-40.56889,-8.94288],[-40.56873,-8.94114],[-40.56881,-8.93596],[-40.56904,-8.93318],[-40.56933,-8.93235],[-40.57071,-8.93116],[-40.57144,-8.93088],[-40.574,-8.93094],[-40.57544,-8.93044],[-40.57576,-8.92967],[-40.57586,-8.9285],[-40.57544,-8.928],[-40.57486,-8.92608],[-40.57515,-8.92489],[-40.57501,-8.92321],[-40.57558,-8.92232],[-40.57608,-8.92056],[-40.57578,-8.92041],[-40.57562,-8.91978],[-40.57585,-8.91735],[-40.57513,-8.9148],[-40.57482,-8.91218],[-40.57533,-8.91046],[-40.57561,-8.90833],[-40.57656,-8.90641],[-40.57811,-8.90487],[-40.57861,-8.90385],[-40.57971,-8.90305],[-40.58215,-8.902],[-40.58255,-8.89971],[-40.58241,-8.89675],[-40.58255,-8.89537],[-40.58178,-8.89299],[-40.58161,-8.89009],[-40.58092,-8.88958],[-40.58018,-8.8895],[-40.57993,-8.88839],[-40.58062,-8.88778],[-40.58181,-8.88733],[-40.58354,-8.88705],[-40.58488,-8.88704],[-40.58732,-8.88745],[-40.59095,-8.88867],[-40.59261,-8.88847],[-40.59306,-8.88821],[-40.59393,-8.88673],[-40.59424,-8.88514],[-40.59504,-8.8833],[-40.59537,-8.88148],[-40.59529,-8.88076],[-40.59647,-8.87642],[-40.5963,-8.87451],[-40.59701,-8.87411],[-40.59964,-8.87362],[-40.60133,-8.87268],[-40.60131,-8.87223],[-40.60208,-8.87092],[-40.60257,-8.86567],[-40.60276,-8.86477],[-40.60313,-8.86453],[-40.60336,-8.8623],[-40.60429,-8.86166],[-40.60561,-8.86114],[-40.60913,-8.86108],[-40.61234,-8.86036],[-40.61468,-8.86209],[-40.61521,-8.86203],[-40.61735,-8.86105],[-40.61911,-8.85894],[-40.61926,-8.85831],[-40.61907,-8.85774],[-40.61822,-8.8571],[-40.61673,-8.85695],[-40.61412,-8.85592],[-40.61391,-8.85486],[-40.61522,-8.85198],[-40.61468,-8.85117],[-40.61361,-8.85047],[-40.6123,-8.84995],[-40.61059,-8.84981],[-40.60965,-8.84915],[-40.60673,-8.84357],[-40.60522,-8.84313],[-40.60493,-8.84434],[-40.60513,-8.84513],[-40.60366,-8.84494],[-40.60241,-8.84382],[-40.6011,-8.84337],[-40.60077,-8.84304],[-40.60093,-8.84263],[-40.59997,-8.84237],[-40.59923,-8.84186],[-40.59835,-8.84003],[-40.59847,-8.83899],[-40.59882,-8.83828],[-40.60024,-8.8369],[-40.59889,-8.83282],[-40.59875,-8.83167],[-40.59928,-8.83076],[-40.6006,-8.82934],[-40.60123,-8.82784],[-40.60048,-8.827],[-40.59748,-8.82509],[-40.5963,-8.82329],[-40.59832,-8.82062],[-40.5981,-8.81914],[-40.5982,-8.81754],[-40.59915,-8.81626],[-40.60072,-8.81477],[-40.59647,-8.81104],[-40.59042,-8.81107],[-40.58588,-8.81242],[-40.58267,-8.81243],[-40.57839,-8.80979],[-40.57482,-8.80963],[-40.57028,-8.80974],[-40.56725,-8.80868],[-40.56369,-8.80976],[-40.56058,-8.80958],[-40.55819,-8.80992],[-40.55521,-8.80955],[-40.55533,-8.8131],[-40.55506,-8.81392],[-40.55394,-8.81411],[-40.55375,-8.81526],[-40.55406,-8.81739],[-40.55314,-8.82117],[-40.55096,-8.82637],[-40.54913,-8.82819],[-40.54792,-8.83105],[-40.54777,-8.83284],[-40.5481,-8.83347],[-40.54612,-8.83343],[-40.54422,-8.83037],[-40.54211,-8.82941],[-40.54042,-8.82832],[-40.53971,-8.827],[-40.53895,-8.82616],[-40.53749,-8.82618],[-40.53669,-8.82573],[-40.536,-8.8248],[-40.53445,-8.82356],[-40.53391,-8.82228],[-40.53302,-8.82116],[-40.52981,-8.81932],[-40.52634,-8.81925],[-40.52373,-8.81957],[-40.52274,-8.8201],[-40.52074,-8.81944],[-40.52072,-8.81864],[-40.5191,-8.81836],[-40.51852,-8.81885],[-40.51816,-8.81886],[-40.51752,-8.81833],[-40.50746,-8.81478],[-40.48535,-8.80711],[-40.48477,-8.80707],[-40.46561,-8.80058],[-40.46399,-8.79967],[-40.45791,-8.79464],[-40.43636,-8.77517],[-40.43154,-8.77341],[-40.43109,-8.77378],[-40.42829,-8.7741],[-40.42677,-8.77454],[-40.42029,-8.79244],[-40.41949,-8.79314],[-40.41568,-8.79414],[-40.39468,-8.80394],[-40.39349,-8.80228],[-40.3928,-8.80216],[-40.39259,-8.80194]]]}},{"type":"Feature","properties":{"CD_SETOR":"261110110000008","SITUACAO":"Rural","NM_BAIRRO":null,"NM_DIST":"Cristália","v0001":118,"v0007":50,"densidade":404.3013,"taxa_alfab":0.8953,"pct_60m":0.1441,"pop_10_14":8.0,"pop_15_19":3.0,"renda_media":1076.28,"renda_mediana":1212.0,"infra":null,"pavimentacao":null,"iluminacao":null,"calcada":null,"onibus":null,"local_id":"145-1694","regiao":"Rajada / Cristália"},"geometry":{"type":"Polygon","coordinates":[[[-40.52167,-8.76],[-40.5251,-8.76066],[-40.5267,-8.75959],[-40.52523,-8.75726],[-40.52547,-8.75656],[-40.52686,-8.75565],[-40.5247,-8.75455],[-40.52094,-8.75624],[-40.52158,-8.75794],[-40.52108,-8.75874],[-40.52167,-8.76]]]}},{"type":"Feature","properties":{"CD_SETOR":"261110110000009","SITUACAO":"Rural","NM_BAIRRO":null,"NM_DIST":"Cristália","v0001":295,"v0007":126,"densidade":3.1794,"taxa_alfab":0.716,"pct_60m":0.2576,"pop_10_14":18.0,"pop_15_19":20.0,"renda_media":1059.87,"renda_mediana":1212.0,"infra":null,"pavimentacao":null,"iluminacao":null,"calcada":null,"onibus":null,"local_id":"145-1694","regiao":"Rajada / Cristália"},"geometry":{"type":"Polygon","coordinates":[[[-40.43154,-8.77341],[-40.43636,-8.77517],[-40.45791,-8.79464],[-40.46399,-8.79967],[-40.46561,-8.80058],[-40.48477,-8.80707],[-40.48535,-8.80711],[-40.50746,-8.81478],[-40.51752,-8.81833],[-40.51816,-8.81886],[-40.51852,-8.81885],[-40.5191,-8.81836],[-40.52072,-8.81864],[-40.52074,-8.81944],[-40.52274,-8.8201],[-40.52373,-8.81957],[-40.52634,-8.81925],[-40.52981,-8.81932],[-40.53302,-8.82116],[-40.53391,-8.82228],[-40.53445,-8.82356],[-40.536,-8.8248],[-40.53669,-8.82573],[-40.53749,-8.82618],[-40.53895,-8.82616],[-40.53971,-8.827],[-40.54042,-8.82832],[-40.54211,-8.82941],[-40.54422,-8.83037],[-40.54588,-8.83325],[-40.54612,-8.83343],[-40.5481,-8.83347],[-40.54777,-8.83284],[-40.54792,-8.83105],[-40.54913,-8.82819],[-40.55096,-8.82637],[-40.55314,-8.82117],[-40.55406,-8.81739],[-40.55375,-8.81526],[-40.55394,-8.81411],[-40.55506,-8.81392],[-40.55533,-8.8131],[-40.55521,-8.80955],[-40.55485,-8.80756],[-40.55366,-8.80568],[-40.55028,-8.80227],[-40.54961,-8.80043],[-40.54946,-8.79821],[-40.54968,-8.79576],[-40.5493,-8.79326],[-40.54966,-8.7901],[-40.54951,-8.78895],[-40.54836,-8.78556],[-40.54802,-8.7839],[-40.54804,-8.78081],[-40.54591,-8.77948],[-40.5455,-8.77751],[-40.54542,-8.77454],[-40.54454,-8.77304],[-40.5444,-8.77221],[-40.54497,-8.76843],[-40.54459,-8.76794],[-40.54388,-8.76759],[-40.54188,-8.76757],[-40.54125,-8.76717],[-40.54056,-8.76566],[-40.53859,-8.76484],[-40.538,-8.76421],[-40.53753,-8.76266],[-40.53463,-8.75943],[-40.53277,-8.75573],[-40.52941,-8.75111],[-40.52834,-8.75015],[-40.52723,-8.74963],[-40.52466,-8.74906],[-40.52377,-8.74838],[-40.51645,-8.75291],[-40.51609,-8.75293],[-40.51442,-8.75122],[-40.51422,-8.74885],[-40.51371,-8.74792],[-40.51546,-8.74652],[-40.51012,-8.74223],[-40.50756,-8.73825],[-40.50118,-8.73454],[-40.49782,-8.73095],[-40.49523,-8.72939],[-40.49288,-8.7286],[-40.49046,-8.7285],[-40.48833,-8.72937],[-40.48802,-8.72932],[-40.48761,-8.72887],[-40.48751,-8.72806],[-40.48081,-8.72779],[-40.47773,-8.72365],[-40.47534,-8.72164],[-40.47294,-8.72006],[-40.47252,-8.72031],[-40.46929,-8.7248],[-40.46865,-8.72501],[-40.45982,-8.71451],[-40.45962,-8.71907],[-40.4557,-8.73173],[-40.45366,-8.73751],[-40.44322,-8.74819],[-40.44296,-8.74942],[-40.44193,-8.75036],[-40.44201,-8.75658],[-40.44143,-8.75787],[-40.43777,-8.76512],[-40.43521,-8.76817],[-40.43488,-8.76937],[-40.43497,-8.77036],[-40.43342,-8.77145],[-40.43154,-8.77341]],[[-40.52167,-8.76],[-40.52108,-8.75874],[-40.52158,-8.75794],[-40.52094,-8.75624],[-40.5247,-8.75455],[-40.52686,-8.75565],[-40.52547,-8.75656],[-40.52523,-8.75726],[-40.5267,-8.75959],[-40.5251,-8.76066],[-40.52167,-8.76]]]}},{"type":"Feature","properties":{"CD_SETOR":"261110110000010","SITUACAO":"Rural","NM_BAIRRO":null,"NM_DIST":"Cristália","v0001":284,"v0007":114,"densidade":2.0762,"taxa_alfab":0.823,"pct_60m":0.2042,"pop_10_14":19.0,"pop_15_19":19.0,"renda_media":1319.52,"renda_mediana":1212.0,"infra":null,"pavimentacao":null,"iluminacao":null,"calcada":null,"onibus":null,"local_id":"145-1708","regiao":"Rajada / Cristália"},"geometry":{"type":"Polygon","coordinates":[[[-40.42948,-8.64451],[-40.42479,-8.65022],[-40.42146,-8.65629],[-40.41919,-8.65837],[-40.41818,-8.6608],[-40.41799,-8.66454],[-40.41633,-8.66813],[-40.41532,-8.66844],[-40.40632,-8.67788],[-40.40529,-8.6855],[-40.40458,-8.68742],[-40.40306,-8.68884],[-40.39936,-8.68931],[-40.39673,-8.69074],[-40.39409,-8.69125],[-40.39308,-8.69237],[-40.39315,-8.69615],[-40.39397,-8.69787],[-40.39285,-8.69898],[-40.39418,-8.70019],[-40.39231,-8.70429],[-40.39324,-8.70722],[-40.39233,-8.70894],[-40.39234,-8.71065],[-40.39356,-8.71176],[-40.39464,-8.71433],[-40.39505,-8.71666],[-40.39698,-8.71867],[-40.39688,-8.71938],[-40.39557,-8.7198],[-40.39634,-8.72347],[-40.39272,-8.72802],[-40.3945,-8.73424],[-40.39503,-8.73818],[-40.39717,-8.73968],[-40.39717,-8.7415],[-40.39835,-8.74286],[-40.39815,-8.74448],[-40.39593,-8.74802],[-40.39604,-8.74944],[-40.39792,-8.75079],[-40.40066,-8.75189],[-40.40189,-8.75432],[-40.39986,-8.75564],[-40.39967,-8.75695],[-40.39891,-8.75811],[-40.40034,-8.76074],[-40.39751,-8.76418],[-40.39327,-8.77356],[-40.3943,-8.77485],[-40.39594,-8.77416],[-40.39775,-8.77681],[-40.39784,-8.77961],[-40.39566,-8.78173],[-40.39132,-8.78308],[-40.39158,-8.78507],[-40.39335,-8.78656],[-40.39414,-8.78888],[-40.39708,-8.79148],[-40.39723,-8.79197],[-40.39544,-8.79607],[-40.39303,-8.79754],[-40.3927,-8.79835],[-40.39333,-8.80074],[-40.39259,-8.80194],[-40.3928,-8.80216],[-40.39349,-8.80228],[-40.39468,-8.80394],[-40.41568,-8.79414],[-40.41949,-8.79314],[-40.42029,-8.79244],[-40.42677,-8.77454],[-40.42829,-8.7741],[-40.43109,-8.77378],[-40.43342,-8.77145],[-40.4348,-8.7706],[-40.43521,-8.76817],[-40.43777,-8.76512],[-40.44201,-8.75658],[-40.44193,-8.75036],[-40.44296,-8.74942],[-40.44322,-8.74819],[-40.45366,-8.73751],[-40.4557,-8.73173],[-40.45962,-8.71907],[-40.45982,-8.71451],[-40.46865,-8.72501],[-40.46929,-8.7248],[-40.47252,-8.72031],[-40.47294,-8.72006],[-40.47534,-8.72164],[-40.47773,-8.72365],[-40.48081,-8.72779],[-40.48751,-8.72806],[-40.48761,-8.72887],[-40.48802,-8.72932],[-40.48833,-8.72937],[-40.49046,-8.7285],[-40.49288,-8.7286],[-40.49523,-8.72939],[-40.49738,-8.7306],[-40.50118,-8.73454],[-40.50756,-8.73825],[-40.51012,-8.74223],[-40.51546,-8.74652],[-40.51371,-8.74792],[-40.51422,-8.74885],[-40.51442,-8.75122],[-40.51609,-8.75293],[-40.51645,-8.75291],[-40.52377,-8.74838],[-40.52128,-8.74471],[-40.51905,-8.74314],[-40.51767,-8.74084],[-40.51587,-8.73884],[-40.51548,-8.73813],[-40.51533,-8.73357],[-40.51581,-8.73027],[-40.5151,-8.72761],[-40.51425,-8.72639],[-40.51331,-8.72297],[-40.51294,-8.72221],[-40.5119,-8.72123],[-40.51135,-8.72037],[-40.5108,-8.71815],[-40.51009,-8.71676],[-40.50995,-8.71335],[-40.5095,-8.71114],[-40.50777,-8.70814],[-40.50486,-8.70509],[-40.50428,-8.70379],[-40.50343,-8.70006],[-40.50285,-8.69925],[-40.50123,-8.69797],[-40.50037,-8.69757],[-40.50036,-8.68377],[-40.49976,-8.68072],[-40.49986,-8.67976],[-40.50001,-8.67923],[-40.50079,-8.6786],[-40.50362,-8.67757],[-40.50776,-8.67564],[-40.51161,-8.67503],[-40.5151,-8.67334],[-40.51655,-8.6729],[-40.51822,-8.67138],[-40.51959,-8.66947],[-40.52107,-8.66829],[-40.52183,-8.66803],[-40.52589,-8.66846],[-40.52744,-8.66836],[-40.52814,-8.66793],[-40.52945,-8.66643],[-40.52997,-8.66502],[-40.52956,-8.66334],[-40.52996,-8.66268],[-40.53083,-8.66187],[-40.53211,-8.66116],[-40.53471,-8.6605],[-40.42948,-8.64451]]]}},{"type":"Feature","properties":{"CD_SETOR":"261110110000011","SITUACAO":"Rural","NM_BAIRRO":null,"NM_DIST":"Cristália","v0001":48,"v0007":17,"densidade":371.0646,"taxa_alfab":0.4412,"pct_60m":0.3125,"pop_10_14":0.0,"pop_15_19":0.0,"renda_media":1071.65,"renda_mediana":1212.0,"infra":null,"pavimentacao":null,"iluminacao":null,"calcada":null,"onibus":null,"local_id":"144-1376","regiao":"Zona rural da sede"},"geometry":{"type":"Polygon","coordinates":[[[-40.31554,-8.92081],[-40.31238,-8.92099],[-40.30989,-8.92141],[-40.30949,-8.92156],[-40.30886,-8.92236],[-40.30966,-8.92294],[-40.31734,-8.92188],[-40.31666,-8.9213],[-40.31554,-8.92081]]]}},{"type":"Feature","properties":{"CD_SETOR":"261110110000012","SITUACAO":"Rural","NM_BAIRRO":null,"NM_DIST":"Cristália","v0001":223,"v0007":66,"densidade":3.078,"taxa_alfab":0.7342,"pct_60m":0.1614,"pop_10_14":24.0,"pop_15_19":16.0,"renda_media":1114.31,"renda_mediana":1212.0,"infra":null,"pavimentacao":null,"iluminacao":null,"calcada":null,"onibus":null,"local_id":"144-1376","regiao":"Zona rural da sede"},"geometry":{"type":"Polygon","coordinates":[[[-40.31734,-8.92188],[-40.30966,-8.92294],[-40.30886,-8.92236],[-40.30949,-8.92156],[-40.30989,-8.92141],[-40.31238,-8.92099],[-40.31554,-8.92081],[-40.31438,-8.91937],[-40.31434,-8.91952],[-40.3138,-8.91937],[-40.31221,-8.91957],[-40.30711,-8.91766],[-40.29352,-8.91888],[-40.29289,-8.91864],[-40.29127,-8.91646],[-40.29039,-8.9156],[-40.28297,-8.91572],[-40.27442,-8.91262],[-40.27331,-8.9147],[-40.27292,-8.91701],[-40.27464,-8.92137],[-40.27492,-8.9247],[-40.27246,-8.92624],[-40.27146,-8.92801],[-40.27201,-8.92938],[-40.2739,-8.93087],[-40.27952,-8.933],[-40.28145,-8.93307],[-40.28458,-8.93432],[-40.28597,-8.93662],[-40.29003,-8.94039],[-40.29249,-8.94046],[-40.29634,-8.93876],[-40.29742,-8.93891],[-40.29808,-8.94002],[-40.29863,-8.94477],[-40.30025,-8.9463],[-40.30147,-8.94976],[-40.30323,-8.9512],[-40.30499,-8.95438],[-40.3036,-8.95754],[-40.30331,-8.95969],[-40.30243,-8.96051],[-40.30068,-8.96096],[-40.29713,-8.96432],[-40.29634,-8.96657],[-40.29368,-8.97129],[-40.29348,-8.97299],[-40.29389,-8.97549],[-40.29827,-8.98058],[-40.29917,-8.98682],[-40.29717,-8.98887],[-40.29662,-8.99002],[-40.2966,-8.99224],[-40.29742,-8.99473],[-40.29668,-8.99495],[-40.30173,-8.99501],[-40.30449,-8.99559],[-40.3055,-8.99649],[-40.30798,-8.9979],[-40.30898,-8.99905],[-40.30991,-9.00077],[-40.31183,-9.00316],[-40.31251,-9.00379],[-40.31327,-9.00414],[-40.31401,-9.00416],[-40.31459,-9.00452],[-40.31618,-9.00565],[-40.31677,-9.00633],[-40.31729,-9.00872],[-40.31787,-9.01032],[-40.32127,-9.01271],[-40.32487,-9.01618],[-40.32644,-9.01627],[-40.32799,-9.01586],[-40.33084,-9.01432],[-40.33157,-9.01347],[-40.33325,-9.00885],[-40.33517,-9.00665],[-40.33624,-9.00596],[-40.33678,-9.00374],[-40.33837,-9.0027],[-40.34008,-9.00198],[-40.34281,-9.00114],[-40.34677,-9.00166],[-40.35069,-9.00257],[-40.35223,-9.00273],[-40.35796,-9.00202],[-40.36104,-9.00073],[-40.36333,-9.00016],[-40.36884,-9.00009],[-40.36924,-8.99871],[-40.36918,-8.99715],[-40.37044,-8.99018],[-40.36904,-8.98795],[-40.36887,-8.98692],[-40.37079,-8.98304],[-40.37092,-8.98098],[-40.37025,-8.97958],[-40.36524,-8.97383],[-40.36384,-8.96981],[-40.36435,-8.9622],[-40.36567,-8.95809],[-40.36246,-8.94217],[-40.35472,-8.93521],[-40.35235,-8.92006],[-40.35203,-8.91935],[-40.34982,-8.91802],[-40.3377,-8.91886],[-40.3365,-8.91913],[-40.33564,-8.91986],[-40.33511,-8.92068],[-40.33013,-8.92236],[-40.32636,-8.92329],[-40.32146,-8.92483],[-40.3198,-8.924],[-40.31734,-8.92188]],[[-40.30291,-8.94519],[-40.304,-8.94521],[-40.30458,-8.94705],[-40.30305,-8.94732],[-40.30257,-8.94551],[-40.30291,-8.94519]]]}},{"type":"Feature","properties":{"CD_SETOR":"261110110000013","SITUACAO":"Rural","NM_BAIRRO":null,"NM_DIST":"Cristália","v0001":21,"v0007":8,"densidade":583.5125,"taxa_alfab":null,"pct_60m":0.0,"pop_10_14":0.0,"pop_15_19":0.0,"renda_media":907.5,"renda_mediana":1212.0,"infra":null,"pavimentacao":null,"iluminacao":null,"calcada":null,"onibus":null,"local_id":"144-1376","regiao":"Zona rural da sede"},"geometry":{"type":"Polygon","coordinates":[[[-40.304,-8.94521],[-40.30291,-8.94519],[-40.30257,-8.94551],[-40.30305,-8.94732],[-40.30458,-8.94705],[-40.304,-8.94521]]]}},{"type":"Feature","properties":{"CD_SETOR":"261110115000001","SITUACAO":"Urbana","NM_BAIRRO":null,"NM_DIST":"Curral Queimado","v0001":0,"v0007":0,"densidade":0.0,"taxa_alfab":null,"pct_60m":null,"pop_10_14":null,"pop_15_19":null,"renda_media":null,"renda_mediana":null,"infra":null,"pavimentacao":null,"iluminacao":null,"calcada":null,"onibus":null,"local_id":"83-1570","regiao":"Curral Queimado (rural)"},"geometry":{"type":"Polygon","coordinates":[[[-40.6571,-9.22761],[-40.65869,-9.22912],[-40.65946,-9.22861],[-40.6592,-9.22778],[-40.6577,-9.22614],[-40.6571,-9.22761]]]}},{"type":"Feature","properties":{"CD_SETOR":"261110115000007","SITUACAO":"Urbana","NM_BAIRRO":null,"NM_DIST":"Curral Queimado","v0001":301,"v0007":98,"densidade":1246.2457,"taxa_alfab":0.9609,"pct_60m":0.196,"pop_10_14":14.0,"pop_15_19":23.0,"renda_media":2846.79,"renda_mediana":2000.0,"infra":null,"pavimentacao":null,"iluminacao":null,"calcada":null,"onibus":null,"local_id":"83-1538","regiao":"Projetos irrigados (Nilo Coelho / Maria Tereza)"},"geometry":{"type":"Polygon","coordinates":[[[-40.56749,-9.32474],[-40.56846,-9.32305],[-40.56702,-9.32206],[-40.56658,-9.32031],[-40.56474,-9.31875],[-40.56285,-9.32236],[-40.56224,-9.324],[-40.56563,-9.32424],[-40.56749,-9.32474]]]}},{"type":"Feature","properties":{"CD_SETOR":"261110115000008","SITUACAO":"Urbana","NM_BAIRRO":null,"NM_DIST":"Curral Queimado","v0001":652,"v0007":191,"densidade":998.4343,"taxa_alfab":0.8882,"pct_60m":0.0936,"pop_10_14":38.0,"pop_15_19":60.0,"renda_media":1557.98,"renda_mediana":1212.0,"infra":null,"pavimentacao":null,"iluminacao":null,"calcada":null,"onibus":null,"local_id":"83-1538","regiao":"Projetos irrigados (Nilo Coelho / Maria Tereza)"},"geometry":{"type":"Polygon","coordinates":[[[-40.56646,-9.33514],[-40.56468,-9.33838],[-40.56411,-9.33802],[-40.56355,-9.33892],[-40.56319,-9.33993],[-40.56358,-9.34097],[-40.56299,-9.34171],[-40.56261,-9.34168],[-40.56266,-9.34243],[-40.5623,-9.34312],[-40.56396,-9.34425],[-40.56502,-9.34551],[-40.56548,-9.34573],[-40.56557,-9.34624],[-40.57186,-9.34116],[-40.57104,-9.34011],[-40.56963,-9.33915],[-40.56961,-9.33736],[-40.56806,-9.33608],[-40.56729,-9.33727],[-40.56613,-9.33753],[-40.56726,-9.33556],[-40.56646,-9.33514]]]}},{"type":"Feature","properties":{"CD_SETOR":"261110115000010","SITUACAO":"Rural","NM_BAIRRO":null,"NM_DIST":"Curral Queimado","v0001":422,"v0007":126,"densidade":14.6047,"taxa_alfab":0.8655,"pct_60m":0.0379,"pop_10_14":45.0,"pop_15_19":34.0,"renda_media":1286.17,"renda_mediana":1212.0,"infra":null,"pavimentacao":null,"iluminacao":null,"calcada":null,"onibus":null,"local_id":"83-1902","regiao":"Projetos irrigados (Nilo Coelho / Maria Tereza)"},"geometry":{"type":"Polygon","coordinates":[[[-40.57596,-9.33787],[-40.55242,-9.35678],[-40.55078,-9.3583],[-40.55085,-9.35954],[-40.55283,-9.3706],[-40.56952,-9.36955],[-40.61151,-9.35774],[-40.63646,-9.3503],[-40.63631,-9.34922],[-40.63686,-9.34686],[-40.63713,-9.34628],[-40.63791,-9.3459],[-40.63641,-9.34242],[-40.63405,-9.33568],[-40.62707,-9.32807],[-40.62748,-9.3275],[-40.62641,-9.3266],[-40.6251,-9.32421],[-40.62234,-9.32334],[-40.62428,-9.32719],[-40.62128,-9.32876],[-40.62126,-9.33077],[-40.61589,-9.33193],[-40.61554,-9.32983],[-40.61442,-9.32842],[-40.61412,-9.32848],[-40.61397,-9.32685],[-40.6135,-9.32615],[-40.6138,-9.3207],[-40.60808,-9.31893],[-40.6078,-9.32161],[-40.60689,-9.32136],[-40.60614,-9.32379],[-40.60312,-9.32289],[-40.59673,-9.32558],[-40.59487,-9.32763],[-40.59438,-9.32857],[-40.59512,-9.32936],[-40.58854,-9.3283],[-40.58878,-9.331],[-40.58634,-9.33256],[-40.58465,-9.33438],[-40.58299,-9.33198],[-40.58059,-9.33351],[-40.57878,-9.33546],[-40.57634,-9.33743],[-40.57631,-9.33787],[-40.57596,-9.33787]]]}},{"type":"Feature","properties":{"CD_SETOR":"261110115000011","SITUACAO":"Urbana","NM_BAIRRO":null,"NM_DIST":"Curral Queimado","v0001":445,"v0007":152,"densidade":1602.6637,"taxa_alfab":0.8854,"pct_60m":0.0854,"pop_10_14":27.0,"pop_15_19":40.0,"renda_media":1549.21,"renda_mediana":1212.0,"infra":0.654,"pavimentacao":0.9404,"iluminacao":0.8609,"calcada":0.8146,"onibus":0.8146,"local_id":"83-1546","regiao":"Projetos irrigados (Nilo Coelho / Maria Tereza)"},"geometry":{"type":"Polygon","coordinates":[[[-40.61705,-9.32444],[-40.61975,-9.32523],[-40.62113,-9.32654],[-40.62161,-9.32744],[-40.62093,-9.32786],[-40.62128,-9.32876],[-40.62428,-9.32719],[-40.62234,-9.32334],[-40.61654,-9.32155],[-40.61705,-9.32444]]]}},{"type":"Feature","properties":{"CD_SETOR":"261110115000015","SITUACAO":"Rural","NM_BAIRRO":null,"NM_DIST":"Curral Queimado","v0001":387,"v0007":124,"densidade":11.8004,"taxa_alfab":0.8314,"pct_60m":0.0388,"pop_10_14":40.0,"pop_15_19":33.0,"renda_media":1125.44,"renda_mediana":1230.0,"infra":null,"pavimentacao":null,"iluminacao":null,"calcada":null,"onibus":null,"local_id":"83-1562","regiao":"Projetos irrigados (Nilo Coelho / Maria Tereza)"},"geometry":{"type":"Polygon","coordinates":[[[-40.64667,-9.34724],[-40.62765,-9.35293],[-40.6277,-9.35333],[-40.62545,-9.35405],[-40.62516,-9.35528],[-40.62579,-9.35545],[-40.62512,-9.35781],[-40.62549,-9.35901],[-40.62473,-9.35923],[-40.62456,-9.35956],[-40.62358,-9.35935],[-40.62327,-9.36045],[-40.62282,-9.35976],[-40.62236,-9.35984],[-40.62169,-9.35938],[-40.62123,-9.35943],[-40.6238,-9.36384],[-40.62127,-9.3667],[-40.62164,-9.36701],[-40.62025,-9.36787],[-40.61933,-9.36589],[-40.61849,-9.36629],[-40.6157,-9.36902],[-40.61399,-9.36687],[-40.6119,-9.36504],[-40.61367,-9.36363],[-40.61333,-9.36274],[-40.61364,-9.36229],[-40.61338,-9.36141],[-40.61266,-9.36112],[-40.61188,-9.36128],[-40.62006,-9.35765],[-40.62028,-9.35705],[-40.61987,-9.3557],[-40.61943,-9.35538],[-40.56952,-9.36955],[-40.55283,-9.3706],[-40.55321,-9.37508],[-40.55348,-9.37587],[-40.55402,-9.37597],[-40.55417,-9.37625],[-40.55461,-9.37922],[-40.55451,-9.37964],[-40.55485,-9.3799],[-40.55525,-9.38257],[-40.55562,-9.38264],[-40.55728,-9.38204],[-40.56492,-9.39251],[-40.58097,-9.3926],[-40.58155,-9.3938],[-40.5818,-9.3949],[-40.64024,-9.39629],[-40.64066,-9.38935],[-40.64068,-9.38503],[-40.63642,-9.38502],[-40.63545,-9.38472],[-40.6308,-9.37657],[-40.63576,-9.37291],[-40.637,-9.37176],[-40.64704,-9.35705],[-40.64763,-9.35669],[-40.64779,-9.35596],[-40.64858,-9.35481],[-40.64873,-9.3538],[-40.64667,-9.34724]]]}},{"type":"Feature","properties":{"CD_SETOR":"261110115000020","SITUACAO":"Rural","NM_BAIRRO":null,"NM_DIST":"Curral Queimado","v0001":437,"v0007":124,"densidade":1770.7176,"taxa_alfab":0.8654,"pct_60m":0.0709,"pop_10_14":36.0,"pop_15_19":36.0,"renda_media":1112.56,"renda_mediana":1212.0,"infra":null,"pavimentacao":null,"iluminacao":null,"calcada":null,"onibus":null,"local_id":"83-1554","regiao":"Projetos irrigados (Nilo Coelho / Maria Tereza)"},"geometry":{"type":"Polygon","coordinates":[[[-40.69314,-9.31983],[-40.69501,-9.32454],[-40.69884,-9.3231],[-40.69689,-9.31848],[-40.69314,-9.31983]]]}},{"type":"Feature","properties":{"CD_SETOR":"261110115000021","SITUACAO":"Rural","NM_BAIRRO":null,"NM_DIST":"Curral Queimado","v0001":457,"v0007":144,"densidade":1233.8557,"taxa_alfab":0.8358,"pct_60m":0.1619,"pop_10_14":46.0,"pop_15_19":36.0,"renda_media":1528.12,"renda_mediana":1212.0,"infra":null,"pavimentacao":null,"iluminacao":null,"calcada":null,"onibus":null,"local_id":"83-1732","regiao":"Curral Queimado (rural)"},"geometry":{"type":"Polygon","coordinates":[[[-40.60082,-9.26775],[-40.59798,-9.27263],[-40.60347,-9.2744],[-40.60585,-9.26938],[-40.60082,-9.26775]]]}},{"type":"Feature","properties":{"CD_SETOR":"261110115000022","SITUACAO":"Rural","NM_BAIRRO":null,"NM_DIST":"Curral Queimado","v0001":253,"v0007":70,"densidade":2000.2786,"taxa_alfab":0.8042,"pct_60m":0.1581,"pop_10_14":17.0,"pop_15_19":19.0,"renda_media":1105.87,"renda_mediana":1200.0,"infra":null,"pavimentacao":null,"iluminacao":null,"calcada":null,"onibus":null,"local_id":"83-1732","regiao":"Curral Queimado (rural)"},"geometry":{"type":"Polygon","coordinates":[[[-40.59845,-9.26959],[-40.59558,-9.26792],[-40.59396,-9.27052],[-40.59689,-9.27222],[-40.59845,-9.26959]]]}},{"type":"Feature","properties":{"CD_SETOR":"261110115000027","SITUACAO":"Urbana","NM_BAIRRO":null,"NM_DIST":"Curral Queimado","v0001":532,"v0007":160,"densidade":5852.4382,"taxa_alfab":0.8252,"pct_60m":0.0564,"pop_10_14":51.0,"pop_15_19":61.0,"renda_media":1279.97,"renda_mediana":1212.0,"infra":0.75,"pavimentacao":1.0,"iluminacao":1.0,"calcada":1.0,"onibus":0.35,"local_id":"83-1848","regiao":"Projetos irrigados (Nilo Coelho / Maria Tereza)"},"geometry":{"type":"Polygon","coordinates":[[[-40.68249,-9.34742],[-40.68271,-9.34888],[-40.68317,-9.34849],[-40.68414,-9.34851],[-40.68436,-9.34619],[-40.68626,-9.34622],[-40.68577,-9.34526],[-40.68257,-9.34517],[-40.68249,-9.34742]]]}},{"type":"Feature","properties":{"CD_SETOR":"261110115000030","SITUACAO":"Urbana","NM_BAIRRO":null,"NM_DIST":"Curral Queimado","v0001":588,"v0007":181,"densidade":11407.298,"taxa_alfab":0.8112,"pct_60m":0.0833,"pop_10_14":39.0,"pop_15_19":49.0,"renda_media":1503.0,"renda_mediana":1212.0,"infra":0.7431,"pavimentacao":1.0,"iluminacao":1.0,"calcada":0.9724,"onibus":0.2597,"local_id":"83-1546","regiao":"Projetos irrigados (Nilo Coelho / Maria Tereza)"},"geometry":{"type":"Polygon","coordinates":[[[-40.61655,-9.32605],[-40.6173,-9.32939],[-40.61811,-9.32927],[-40.61802,-9.32572],[-40.61655,-9.32605]]]}},{"type":"Feature","properties":{"CD_SETOR":"261110115000031","SITUACAO":"Urbana","NM_BAIRRO":null,"NM_DIST":"Curral Queimado","v0001":579,"v0007":182,"densidade":8928.8859,"taxa_alfab":0.8208,"pct_60m":0.0397,"pop_10_14":41.0,"pop_15_19":60.0,"renda_media":1229.12,"renda_mediana":1200.0,"infra":0.75,"pavimentacao":1.0,"iluminacao":1.0,"calcada":0.9945,"onibus":0.0,"local_id":"83-1902","regiao":"Projetos irrigados (Nilo Coelho / Maria Tereza)"},"geometry":{"type":"Polygon","coordinates":[[[-40.62313,-9.35428],[-40.62204,-9.3587],[-40.62314,-9.35896],[-40.62436,-9.35391],[-40.62313,-9.35428]]]}},{"type":"Feature","properties":{"CD_SETOR":"261110115000035","SITUACAO":"Rural","NM_BAIRRO":null,"NM_DIST":"Curral Queimado","v0001":452,"v0007":132,"densidade":7.7716,"taxa_alfab":0.8158,"pct_60m":0.0376,"pop_10_14":43.0,"pop_15_19":46.0,"renda_media":1102.14,"renda_mediana":1212.0,"infra":null,"pavimentacao":null,"iluminacao":null,"calcada":null,"onibus":null,"local_id":"83-1848","regiao":"Projetos irrigados (Nilo Coelho / Maria Tereza)"},"geometry":{"type":"Polygon","coordinates":[[[-40.74664,-9.31719],[-40.68509,-9.33576],[-40.68539,-9.33665],[-40.68534,-9.33742],[-40.68432,-9.33916],[-40.68425,-9.33978],[-40.68769,-9.34793],[-40.68625,-9.34868],[-40.68265,-9.35213],[-40.67682,-9.35422],[-40.67665,-9.35492],[-40.6767,-9.35836],[-40.67631,-9.3588],[-40.67461,-9.35943],[-40.67423,-9.35978],[-40.67223,-9.36624],[-40.6721,-9.36728],[-40.67295,-9.3732],[-40.67273,-9.3743],[-40.66555,-9.38549],[-40.66475,-9.38589],[-40.66102,-9.38548],[-40.66105,-9.38782],[-40.66188,-9.38936],[-40.65759,-9.38939],[-40.6611,-9.39678],[-40.74349,-9.39828],[-40.74411,-9.39645],[-40.74375,-9.39108],[-40.74254,-9.38331],[-40.74352,-9.37941],[-40.74587,-9.37481],[-40.74648,-9.37105],[-40.74453,-9.36483],[-40.73974,-9.35829],[-40.7381,-9.35524],[-40.73821,-9.3532],[-40.74094,-9.34837],[-40.7414,-9.34678],[-40.74067,-9.34316],[-40.73765,-9.33875],[-40.73729,-9.33687],[-40.73935,-9.33134],[-40.74231,-9.32721],[-40.75163,-9.31828],[-40.75501,-9.31705],[-40.75642,-9.31503],[-40.75559,-9.31355],[-40.75095,-9.31481],[-40.74973,-9.31526],[-40.74664,-9.31719]]]}},{"type":"Feature","properties":{"CD_SETOR":"261110115000036","SITUACAO":"Rural","NM_BAIRRO":null,"NM_DIST":"Curral Queimado","v0001":273,"v0007":91,"densidade":13.9097,"taxa_alfab":0.754,"pct_60m":0.0696,"pop_10_14":36.0,"pop_15_19":24.0,"renda_media":1108.8,"renda_mediana":1212.0,"infra":null,"pavimentacao":null,"iluminacao":null,"calcada":null,"onibus":null,"local_id":"83-1686","regiao":"Projetos irrigados (Nilo Coelho / Maria Tereza)"},"geometry":{"type":"Polygon","coordinates":[[[-40.64667,-9.34724],[-40.64875,-9.35399],[-40.64858,-9.35481],[-40.64779,-9.35596],[-40.64763,-9.35669],[-40.64704,-9.35705],[-40.637,-9.37176],[-40.63576,-9.37291],[-40.6308,-9.37657],[-40.63545,-9.38472],[-40.63642,-9.38502],[-40.64068,-9.38503],[-40.64066,-9.38935],[-40.64024,-9.39629],[-40.6611,-9.39678],[-40.65759,-9.38939],[-40.66188,-9.38936],[-40.66105,-9.38782],[-40.66102,-9.38548],[-40.66475,-9.38589],[-40.66555,-9.38549],[-40.67273,-9.3743],[-40.67295,-9.3732],[-40.6721,-9.36728],[-40.67223,-9.36624],[-40.67423,-9.35978],[-40.67461,-9.35943],[-40.67631,-9.3588],[-40.6767,-9.35836],[-40.67665,-9.35492],[-40.67693,-9.35434],[-40.67618,-9.35371],[-40.67783,-9.34871],[-40.67793,-9.34332],[-40.67848,-9.34341],[-40.67855,-9.34184],[-40.67899,-9.3403],[-40.68065,-9.33936],[-40.6818,-9.33737],[-40.68176,-9.33684],[-40.64667,-9.34724]]]}},{"type":"Feature","properties":{"CD_SETOR":"261110115000037","SITUACAO":"Rural","NM_BAIRRO":null,"NM_DIST":"Curral Queimado","v0001":392,"v0007":119,"densidade":1275.5321,"taxa_alfab":0.7751,"pct_60m":0.1378,"pop_10_14":41.0,"pop_15_19":50.0,"renda_media":1081.98,"renda_mediana":1212.0,"infra":null,"pavimentacao":null,"iluminacao":null,"calcada":null,"onibus":null,"local_id":"83-1554","regiao":"Projetos irrigados (Nilo Coelho / Maria Tereza)"},"geometry":{"type":"Polygon","coordinates":[[[-40.70807,-9.3289],[-40.71285,-9.32745],[-40.70962,-9.32193],[-40.70903,-9.3227],[-40.70898,-9.32313],[-40.7079,-9.32346],[-40.70766,-9.32263],[-40.70743,-9.32275],[-40.7072,-9.32221],[-40.70593,-9.3227],[-40.70683,-9.32437],[-40.70807,-9.3289]]]}},{"type":"Feature","properties":{"CD_SETOR":"261110115000039","SITUACAO":"Rural","NM_BAIRRO":null,"NM_DIST":"Curral Queimado","v0001":425,"v0007":145,"densidade":978.9874,"taxa_alfab":0.8199,"pct_60m":0.1247,"pop_10_14":33.0,"pop_15_19":49.0,"renda_media":1268.15,"renda_mediana":1212.0,"infra":null,"pavimentacao":null,"iluminacao":null,"calcada":null,"onibus":null,"local_id":"83-1570","regiao":"Curral Queimado (rural)"},"geometry":{"type":"Polygon","coordinates":[[[-40.68705,-9.23778],[-40.68394,-9.23966],[-40.68288,-9.24176],[-40.68207,-9.24651],[-40.68395,-9.24616],[-40.68498,-9.24548],[-40.68579,-9.24461],[-40.68706,-9.24226],[-40.68946,-9.24113],[-40.6903,-9.23887],[-40.68705,-9.23778]]]}},{"type":"Feature","properties":{"CD_SETOR":"261110115000043","SITUACAO":"Rural","NM_BAIRRO":null,"NM_DIST":"Curral Queimado","v0001":25,"v0007":7,"densidade":18.7513,"taxa_alfab":0.0,"pct_60m":0.0,"pop_10_14":4.0,"pop_15_19":0.0,"renda_media":2027.43,"renda_mediana":1240.0,"infra":null,"pavimentacao":null,"iluminacao":null,"calcada":null,"onibus":null,"local_id":"83-1538","regiao":"Projetos irrigados (Nilo Coelho / Maria Tereza)"},"geometry":{"type":"Polygon","coordinates":[[[-40.55769,-9.34146],[-40.54846,-9.35724],[-40.55078,-9.3583],[-40.55242,-9.35678],[-40.56557,-9.34624],[-40.56548,-9.34573],[-40.56502,-9.34551],[-40.56378,-9.34409],[-40.5623,-9.34312],[-40.55769,-9.34146]]]}},{"type":"Feature","properties":{"CD_SETOR":"261110115000044","SITUACAO":"Rural","NM_BAIRRO":null,"NM_DIST":"Curral Queimado","v0001":129,"v0007":43,"densidade":1123.2493,"taxa_alfab":0.8021,"pct_60m":0.093,"pop_10_14":10.0,"pop_15_19":3.0,"renda_media":1271.02,"renda_mediana":1212.0,"infra":null,"pavimentacao":null,"iluminacao":null,"calcada":null,"onibus":null,"local_id":"83-1570","regiao":"Curral Queimado (rural)"},"geometry":{"type":"Polygon","coordinates":[[[-40.67434,-9.24753],[-40.67708,-9.2482],[-40.68004,-9.24798],[-40.68048,-9.24695],[-40.6793,-9.24617],[-40.67437,-9.24658],[-40.67434,-9.24753]]]}},{"type":"Feature","properties":{"CD_SETOR":"261110115000045","SITUACAO":"Rural","NM_BAIRRO":null,"NM_DIST":"Curral Queimado","v0001":493,"v0007":177,"densidade":12.284,"taxa_alfab":0.6658,"pct_60m":0.2028,"pop_10_14":36.0,"pop_15_19":36.0,"renda_media":1496.33,"renda_mediana":1212.0,"infra":null,"pavimentacao":null,"iluminacao":null,"calcada":null,"onibus":null,"local_id":"83-1570","regiao":"Curral Queimado (rural)"},"geometry":{"type":"Polygon","coordinates":[[[-40.6314,-9.21537],[-40.61038,-9.25138],[-40.61716,-9.25426],[-40.61603,-9.25553],[-40.61733,-9.25444],[-40.62982,-9.25942],[-40.63246,-9.25998],[-40.63324,-9.26083],[-40.63559,-9.26155],[-40.63562,-9.26299],[-40.63655,-9.26252],[-40.6368,-9.26259],[-40.64453,-9.2664],[-40.64507,-9.26532],[-40.64505,-9.26466],[-40.65008,-9.26387],[-40.65161,-9.26292],[-40.65548,-9.26387],[-40.65607,-9.26524],[-40.66022,-9.26402],[-40.66373,-9.26369],[-40.66473,-9.26772],[-40.66532,-9.26921],[-40.6658,-9.26982],[-40.66726,-9.27069],[-40.66848,-9.27044],[-40.66997,-9.26941],[-40.6705,-9.26938],[-40.67778,-9.27159],[-40.67858,-9.27141],[-40.68514,-9.27415],[-40.68562,-9.27458],[-40.6849,-9.27103],[-40.68327,-9.26726],[-40.68115,-9.26348],[-40.68009,-9.25921],[-40.68048,-9.25769],[-40.6827,-9.25731],[-40.68666,-9.25802],[-40.68924,-9.25699],[-40.69026,-9.25264],[-40.6901,-9.25145],[-40.68743,-9.24668],[-40.68646,-9.24355],[-40.68498,-9.24548],[-40.68395,-9.24616],[-40.68207,-9.24651],[-40.68288,-9.24176],[-40.68394,-9.23966],[-40.68654,-9.23817],[-40.68647,-9.23782],[-40.68163,-9.23364],[-40.67969,-9.23208],[-40.67907,-9.23182],[-40.67905,-9.23072],[-40.67775,-9.22852],[-40.67711,-9.22819],[-40.67636,-9.22824],[-40.67528,-9.22868],[-40.6749,-9.22869],[-40.67457,-9.22841],[-40.67072,-9.22068],[-40.66789,-9.21355],[-40.66692,-9.21228],[-40.66605,-9.20848],[-40.66308,-9.20514],[-40.66234,-9.20469],[-40.66015,-9.19828],[-40.65557,-9.19942],[-40.65508,-9.19991],[-40.65294,-9.19972],[-40.64992,-9.20092],[-40.64631,-9.20176],[-40.64634,-9.20301],[-40.64712,-9.20509],[-40.64669,-9.20621],[-40.64582,-9.20778],[-40.64358,-9.20981],[-40.64275,-9.21128],[-40.64191,-9.21215],[-40.6405,-9.21289],[-40.63814,-9.21501],[-40.63583,-9.21547],[-40.6314,-9.21537]],[[-40.6571,-9.22761],[-40.6577,-9.22614],[-40.6592,-9.22778],[-40.65946,-9.22861],[-40.65869,-9.22912],[-40.6571,-9.22761]],[[-40.67434,-9.24753],[-40.67437,-9.24658],[-40.6793,-9.24617],[-40.68048,-9.24695],[-40.68004,-9.24798],[-40.67708,-9.2482],[-40.67434,-9.24753]]]}},{"type":"Feature","properties":{"CD_SETOR":"261110115000046","SITUACAO":"Rural","NM_BAIRRO":null,"NM_DIST":"Curral Queimado","v0001":253,"v0007":75,"densidade":3118.9291,"taxa_alfab":0.8587,"pct_60m":0.0909,"pop_10_14":25.0,"pop_15_19":26.0,"renda_media":1272.77,"renda_mediana":1200.0,"infra":0.7033,"pavimentacao":0.9867,"iluminacao":1.0,"calcada":0.8267,"onibus":0.0,"local_id":"145-2151","regiao":"Projetos irrigados (Nilo Coelho / Maria Tereza)"},"geometry":{"type":"Polygon","coordinates":[[[-40.55897,-9.2015],[-40.55874,-9.2032],[-40.55826,-9.20673],[-40.55912,-9.20677],[-40.56029,-9.20634],[-40.55967,-9.20362],[-40.5616,-9.20322],[-40.56161,-9.20276],[-40.55914,-9.20321],[-40.55935,-9.20148],[-40.55897,-9.2015]]]}},{"type":"Feature","properties":{"CD_SETOR":"261110115000047","SITUACAO":"Rural","NM_BAIRRO":null,"NM_DIST":"Curral Queimado","v0001":303,"v0007":104,"densidade":22.5186,"taxa_alfab":0.894,"pct_60m":0.0627,"pop_10_14":17.0,"pop_15_19":17.0,"renda_media":1568.83,"renda_mediana":1212.0,"infra":null,"pavimentacao":null,"iluminacao":null,"calcada":null,"onibus":null,"local_id":"145-1325","regiao":"Projetos irrigados (Nilo Coelho / Maria Tereza)"},"geometry":{"type":"Polygon","coordinates":[[[-40.58483,-9.11241],[-40.58236,-9.11237],[-40.58251,-9.11283],[-40.58184,-9.11318],[-40.58187,-9.11398],[-40.57896,-9.11627],[-40.57876,-9.1193],[-40.57598,-9.11933],[-40.5657,-9.15625],[-40.56514,-9.15876],[-40.5645,-9.16294],[-40.5646,-9.16437],[-40.56412,-9.16548],[-40.56306,-9.1731],[-40.5631,-9.17331],[-40.56488,-9.17297],[-40.56538,-9.17328],[-40.56573,-9.17568],[-40.56637,-9.17618],[-40.56758,-9.17645],[-40.56769,-9.17599],[-40.56709,-9.17415],[-40.56811,-9.16745],[-40.58731,-9.16829],[-40.58697,-9.17121],[-40.59064,-9.16933],[-40.58994,-9.16805],[-40.58988,-9.16756],[-40.58809,-9.16467],[-40.58796,-9.16385],[-40.58737,-9.16323],[-40.5877,-9.16148],[-40.58737,-9.16119],[-40.58845,-9.15984],[-40.59234,-9.13367],[-40.59237,-9.13194],[-40.5891,-9.11761],[-40.58876,-9.1158],[-40.58893,-9.11531],[-40.58835,-9.11513],[-40.58653,-9.11351],[-40.58483,-9.11241]]]}},{"type":"Feature","properties":{"CD_SETOR":"261110115000049","SITUACAO":"Rural","NM_BAIRRO":null,"NM_DIST":"Curral Queimado","v0001":502,"v0007":158,"densidade":11.2921,"taxa_alfab":0.8051,"pct_60m":0.0677,"pop_10_14":53.0,"pop_15_19":45.0,"renda_media":1808.66,"renda_mediana":1212.0,"infra":null,"pavimentacao":null,"iluminacao":null,"calcada":null,"onibus":null,"local_id":"83-1732","regiao":"Curral Queimado (rural)"},"geometry":{"type":"Polygon","coordinates":[[[-40.61038,-9.25138],[-40.60082,-9.26775],[-40.60585,-9.26938],[-40.60347,-9.2744],[-40.59798,-9.27263],[-40.56213,-9.33388],[-40.56602,-9.336],[-40.56646,-9.33514],[-40.56726,-9.33556],[-40.56613,-9.33753],[-40.56729,-9.33727],[-40.56806,-9.33608],[-40.56961,-9.33736],[-40.56963,-9.33915],[-40.57104,-9.34011],[-40.57186,-9.34116],[-40.57596,-9.33787],[-40.57631,-9.33787],[-40.57634,-9.33743],[-40.57878,-9.33546],[-40.58059,-9.33351],[-40.58299,-9.33198],[-40.58465,-9.33438],[-40.58634,-9.33256],[-40.58878,-9.331],[-40.58854,-9.3283],[-40.59512,-9.32936],[-40.59438,-9.32857],[-40.59487,-9.32763],[-40.59673,-9.32558],[-40.60312,-9.32289],[-40.60614,-9.32379],[-40.60689,-9.32136],[-40.6078,-9.32161],[-40.60808,-9.31893],[-40.60599,-9.31826],[-40.60688,-9.31766],[-40.60721,-9.31643],[-40.6079,-9.31553],[-40.61005,-9.31803],[-40.61443,-9.30892],[-40.61732,-9.30546],[-40.62324,-9.30747],[-40.62391,-9.30706],[-40.62443,-9.30708],[-40.62521,-9.30311],[-40.62667,-9.30322],[-40.62669,-9.30028],[-40.63104,-9.30075],[-40.63278,-9.30064],[-40.63299,-9.30047],[-40.63294,-9.29771],[-40.63329,-9.29701],[-40.63521,-9.29568],[-40.63629,-9.29147],[-40.63835,-9.29195],[-40.63897,-9.29247],[-40.63952,-9.29352],[-40.64034,-9.29375],[-40.64122,-9.29321],[-40.64158,-9.29229],[-40.64236,-9.29162],[-40.64422,-9.29159],[-40.64541,-9.29077],[-40.64655,-9.29144],[-40.64793,-9.29093],[-40.65308,-9.29015],[-40.65412,-9.28982],[-40.65553,-9.28876],[-40.65852,-9.28713],[-40.65915,-9.28612],[-40.65918,-9.28337],[-40.65973,-9.28291],[-40.66065,-9.28257],[-40.66089,-9.28186],[-40.66105,-9.28114],[-40.66069,-9.27988],[-40.66079,-9.27898],[-40.6606,-9.27808],[-40.6613,-9.27745],[-40.66153,-9.2764],[-40.66251,-9.27573],[-40.66303,-9.27508],[-40.6629,-9.2734],[-40.66364,-9.27261],[-40.66356,-9.27208],[-40.66609,-9.27153],[-40.66678,-9.27123],[-40.66719,-9.27065],[-40.6658,-9.26982],[-40.66532,-9.26921],[-40.66473,-9.26772],[-40.66373,-9.26369],[-40.66022,-9.26402],[-40.65607,-9.26524],[-40.65548,-9.26387],[-40.65161,-9.26292],[-40.65008,-9.26387],[-40.64505,-9.26466],[-40.64507,-9.26532],[-40.64453,-9.2664],[-40.6368,-9.26259],[-40.63655,-9.26252],[-40.63562,-9.26299],[-40.63559,-9.26155],[-40.63324,-9.26083],[-40.63246,-9.25998],[-40.62982,-9.25942],[-40.61733,-9.25444],[-40.61603,-9.25553],[-40.61716,-9.25426],[-40.61038,-9.25138]],[[-40.58253,-9.30588],[-40.58962,-9.30846],[-40.59029,-9.31022],[-40.59011,-9.31026],[-40.59108,-9.31174],[-40.59113,-9.3137],[-40.59461,-9.31476],[-40.59442,-9.31548],[-40.59249,-9.31812],[-40.59147,-9.31778],[-40.59127,-9.31677],[-40.59106,-9.31664],[-40.58954,-9.31634],[-40.58964,-9.31532],[-40.58714,-9.315],[-40.58674,-9.31232],[-40.58004,-9.31026],[-40.58253,-9.30588]]]}},{"type":"Feature","properties":{"CD_SETOR":"261110115000050","SITUACAO":"Rural","NM_BAIRRO":null,"NM_DIST":"Curral Queimado","v0001":396,"v0007":117,"densidade":1092.1254,"taxa_alfab":0.8885,"pct_60m":0.0505,"pop_10_14":28.0,"pop_15_19":47.0,"renda_media":1080.07,"renda_mediana":1212.0,"infra":null,"pavimentacao":null,"iluminacao":null,"calcada":null,"onibus":null,"local_id":"83-1732","regiao":"Curral Queimado (rural)"},"geometry":{"type":"Polygon","coordinates":[[[-40.59044,-9.26616],[-40.59558,-9.26792],[-40.59947,-9.27006],[-40.60093,-9.26756],[-40.59795,-9.26673],[-40.59785,-9.26448],[-40.59534,-9.26449],[-40.59546,-9.2642],[-40.59331,-9.26324],[-40.59309,-9.26511],[-40.59065,-9.26433],[-40.59065,-9.26565],[-40.59044,-9.26616]]]}},{"type":"Feature","properties":{"CD_SETOR":"261110115000052","SITUACAO":"Rural","NM_BAIRRO":null,"NM_DIST":"Curral Queimado","v0001":134,"v0007":48,"densidade":296.975,"taxa_alfab":0.9126,"pct_60m":0.1119,"pop_10_14":11.0,"pop_15_19":11.0,"renda_media":2090.58,"renda_mediana":1212.0,"infra":null,"pavimentacao":null,"iluminacao":null,"calcada":null,"onibus":null,"local_id":"83-1732","regiao":"Curral Queimado (rural)"},"geometry":{"type":"Polygon","coordinates":[[[-40.59044,-9.26616],[-40.59065,-9.26565],[-40.59065,-9.26433],[-40.59309,-9.26511],[-40.59329,-9.26222],[-40.59146,-9.2615],[-40.5909,-9.26284],[-40.5886,-9.26204],[-40.58884,-9.26108],[-40.58738,-9.26071],[-40.58704,-9.26137],[-40.58375,-9.25897],[-40.58338,-9.26003],[-40.58211,-9.259],[-40.58181,-9.26127],[-40.58435,-9.26279],[-40.58697,-9.26503],[-40.59044,-9.26616]]]}},{"type":"Feature","properties":{"CD_SETOR":"261110115000053","SITUACAO":"Urbana","NM_BAIRRO":null,"NM_DIST":"Curral Queimado","v0001":383,"v0007":106,"densidade":2774.6973,"taxa_alfab":0.8583,"pct_60m":0.0339,"pop_10_14":37.0,"pop_15_19":37.0,"renda_media":1220.39,"renda_mediana":1200.0,"infra":0.4953,"pavimentacao":0.6981,"iluminacao":0.8868,"calcada":0.3962,"onibus":0.0,"local_id":"83-1635","regiao":"Projetos irrigados (Nilo Coelho / Maria Tereza)"},"geometry":{"type":"Polygon","coordinates":[[[-40.58476,-9.31169],[-40.58824,-9.31279],[-40.59113,-9.3137],[-40.59108,-9.31174],[-40.5901,-9.31218],[-40.58927,-9.31115],[-40.58567,-9.30986],[-40.58476,-9.31169]]]}},{"type":"Feature","properties":{"CD_SETOR":"261110115000054","SITUACAO":"Urbana","NM_BAIRRO":null,"NM_DIST":"Curral Queimado","v0001":543,"v0007":177,"densidade":3700.9683,"taxa_alfab":0.8418,"pct_60m":0.0387,"pop_10_14":39.0,"pop_15_19":43.0,"renda_media":1296.07,"renda_mediana":1212.0,"infra":0.5014,"pavimentacao":0.5367,"iluminacao":0.8079,"calcada":0.661,"onibus":0.0,"local_id":"83-1635","regiao":"Projetos irrigados (Nilo Coelho / Maria Tereza)"},"geometry":{"type":"Polygon","coordinates":[[[-40.58567,-9.30986],[-40.58927,-9.31115],[-40.5901,-9.31218],[-40.59108,-9.31174],[-40.59011,-9.31026],[-40.59029,-9.31022],[-40.58962,-9.30846],[-40.58653,-9.30733],[-40.58567,-9.30986]]]}},{"type":"Feature","properties":{"CD_SETOR":"261110115000055","SITUACAO":"Rural","NM_BAIRRO":null,"NM_DIST":"Curral Queimado","v0001":395,"v0007":125,"densidade":6.9088,"taxa_alfab":0.8755,"pct_60m":0.0684,"pop_10_14":44.0,"pop_15_19":21.0,"renda_media":1247.36,"renda_mediana":1212.0,"infra":null,"pavimentacao":null,"iluminacao":null,"calcada":null,"onibus":null,"local_id":"145-1325","regiao":"Projetos irrigados (Nilo Coelho / Maria Tereza)"},"geometry":{"type":"Polygon","coordinates":[[[-40.5631,-9.17331],[-40.56236,-9.17616],[-40.56168,-9.18155],[-40.56377,-9.18157],[-40.5668,-9.18213],[-40.56782,-9.18201],[-40.56795,-9.18276],[-40.56504,-9.18461],[-40.56388,-9.18883],[-40.56084,-9.18839],[-40.55897,-9.2015],[-40.55935,-9.20148],[-40.55914,-9.20321],[-40.56161,-9.20276],[-40.5616,-9.20322],[-40.55967,-9.20362],[-40.56029,-9.20634],[-40.55912,-9.20677],[-40.55826,-9.20673],[-40.55449,-9.23284],[-40.56841,-9.23035],[-40.57078,-9.23039],[-40.57429,-9.23184],[-40.5789,-9.23323],[-40.5822,-9.23387],[-40.58669,-9.23583],[-40.5918,-9.23761],[-40.59792,-9.23652],[-40.59939,-9.2458],[-40.59924,-9.24606],[-40.59974,-9.24659],[-40.61075,-9.24436],[-40.61157,-9.24455],[-40.61257,-9.24523],[-40.61301,-9.24515],[-40.61365,-9.24576],[-40.6314,-9.21537],[-40.63259,-9.21258],[-40.63297,-9.20909],[-40.63467,-9.17787],[-40.63334,-9.1752],[-40.63188,-9.17475],[-40.63136,-9.17503],[-40.63023,-9.17511],[-40.62879,-9.17459],[-40.62664,-9.17288],[-40.62482,-9.17051],[-40.62209,-9.17016],[-40.61887,-9.17121],[-40.61701,-9.17093],[-40.61621,-9.1705],[-40.61408,-9.17041],[-40.61158,-9.17396],[-40.6111,-9.17289],[-40.6107,-9.17279],[-40.60814,-9.17259],[-40.60499,-9.17303],[-40.60371,-9.17269],[-40.60221,-9.17407],[-40.59784,-9.17506],[-40.59744,-9.17359],[-40.59353,-9.17374],[-40.59228,-9.17158],[-40.59159,-9.17096],[-40.59064,-9.16933],[-40.58697,-9.17121],[-40.58731,-9.16829],[-40.56811,-9.16745],[-40.56709,-9.17415],[-40.56769,-9.17599],[-40.56758,-9.17645],[-40.56637,-9.17618],[-40.56573,-9.17568],[-40.56556,-9.17357],[-40.56518,-9.1731],[-40.56467,-9.17297],[-40.5631,-9.17331]]]}},{"type":"Feature","properties":{"CD_SETOR":"261110115000057","SITUACAO":"Urbana","NM_BAIRRO":null,"NM_DIST":"Curral Queimado","v0001":13,"v0007":6,"densidade":46.2933,"taxa_alfab":null,"pct_60m":0.0,"pop_10_14":0.0,"pop_15_19":0.0,"renda_media":2413.33,"renda_mediana":1840.0,"infra":0.2917,"pavimentacao":0.0,"iluminacao":0.8333,"calcada":0.3333,"onibus":0.0,"local_id":"145-1309","regiao":"Projetos irrigados (Nilo Coelho / Maria Tereza)"},"geometry":{"type":"Polygon","coordinates":[[[-40.56053,-9.24306],[-40.55337,-9.24173],[-40.5557,-9.24589],[-40.56083,-9.24679],[-40.56053,-9.24306]]]}},{"type":"Feature","properties":{"CD_SETOR":"261110115000058","SITUACAO":"Rural","NM_BAIRRO":null,"NM_DIST":"Curral Queimado","v0001":390,"v0007":130,"densidade":8.7816,"taxa_alfab":0.8404,"pct_60m":0.0564,"pop_10_14":36.0,"pop_15_19":35.0,"renda_media":1388.74,"renda_mediana":1200.0,"infra":null,"pavimentacao":null,"iluminacao":null,"calcada":null,"onibus":null,"local_id":"83-1635","regiao":"Projetos irrigados (Nilo Coelho / Maria Tereza)"},"geometry":{"type":"Polygon","coordinates":[[[-40.56083,-9.24679],[-40.5557,-9.24589],[-40.55337,-9.242],[-40.55337,-9.24173],[-40.56053,-9.24306],[-40.55958,-9.23196],[-40.55449,-9.23284],[-40.55334,-9.23941],[-40.55198,-9.24189],[-40.55067,-9.24357],[-40.54716,-9.24999],[-40.54642,-9.26493],[-40.54565,-9.26775],[-40.54424,-9.26947],[-40.54221,-9.27104],[-40.54108,-9.27222],[-40.53974,-9.27427],[-40.53451,-9.2937],[-40.53459,-9.29468],[-40.53415,-9.29466],[-40.52725,-9.32005],[-40.52582,-9.32427],[-40.52539,-9.32679],[-40.52429,-9.32884],[-40.52189,-9.34043],[-40.52475,-9.34036],[-40.53209,-9.34423],[-40.53295,-9.34502],[-40.53402,-9.34551],[-40.53401,-9.34632],[-40.53473,-9.34662],[-40.53523,-9.34552],[-40.53558,-9.34554],[-40.53715,-9.34676],[-40.53675,-9.34766],[-40.54183,-9.35038],[-40.54201,-9.35008],[-40.54355,-9.35091],[-40.54543,-9.35002],[-40.5465,-9.34821],[-40.5507,-9.35004],[-40.55086,-9.35038],[-40.55224,-9.35078],[-40.56749,-9.32474],[-40.56563,-9.32424],[-40.56224,-9.324],[-40.56285,-9.32236],[-40.56459,-9.31901],[-40.56474,-9.31875],[-40.56641,-9.32009],[-40.56676,-9.3207],[-40.56702,-9.32206],[-40.56846,-9.32305],[-40.59174,-9.28329],[-40.5872,-9.2789],[-40.58623,-9.27825],[-40.58127,-9.27557],[-40.58093,-9.27601],[-40.57928,-9.27577],[-40.57946,-9.27465],[-40.57915,-9.27416],[-40.57304,-9.27173],[-40.57194,-9.27189],[-40.56717,-9.27567],[-40.56637,-9.27724],[-40.56639,-9.27772],[-40.56606,-9.2784],[-40.56553,-9.279],[-40.56518,-9.27888],[-40.56481,-9.27682],[-40.56008,-9.27104],[-40.55884,-9.26838],[-40.55909,-9.26715],[-40.55892,-9.26655],[-40.55415,-9.26326],[-40.55354,-9.2625],[-40.55387,-9.26169],[-40.55644,-9.25909],[-40.55608,-9.25673],[-40.55773,-9.2537],[-40.55731,-9.25193],[-40.55954,-9.25154],[-40.56114,-9.25078],[-40.56083,-9.24679]]]}},{"type":"Feature","properties":{"CD_SETOR":"261110115000060","SITUACAO":"Urbana","NM_BAIRRO":null,"NM_DIST":"Curral Queimado","v0001":47,"v0007":15,"densidade":86.9032,"taxa_alfab":0.871,"pct_60m":0.234,"pop_10_14":3.0,"pop_15_19":0.0,"renda_media":3841.6,"renda_mediana":2500.0,"infra":0.2667,"pavimentacao":0.1333,"iluminacao":0.8,"calcada":0.1333,"onibus":0.0,"local_id":"145-1309","regiao":"Projetos irrigados (Nilo Coelho / Maria Tereza)"},"geometry":{"type":"Polygon","coordinates":[[[-40.56114,-9.25078],[-40.56427,-9.25384],[-40.56581,-9.25498],[-40.56708,-9.25553],[-40.56935,-9.25604],[-40.56949,-9.25161],[-40.567,-9.25191],[-40.56669,-9.24911],[-40.56503,-9.25051],[-40.56467,-9.25045],[-40.5658,-9.24873],[-40.56565,-9.24674],[-40.56086,-9.24712],[-40.56114,-9.25078]]]}},{"type":"Feature","properties":{"CD_SETOR":"261110115000061","SITUACAO":"Rural","NM_BAIRRO":null,"NM_DIST":"Curral Queimado","v0001":287,"v0007":101,"densidade":13.5127,"taxa_alfab":0.8235,"pct_60m":0.1533,"pop_10_14":17.0,"pop_15_19":20.0,"renda_media":1994.56,"renda_mediana":1450.0,"infra":null,"pavimentacao":null,"iluminacao":null,"calcada":null,"onibus":null,"local_id":"83-1732","regiao":"Curral Queimado (rural)"},"geometry":{"type":"Polygon","coordinates":[[[-40.59331,-9.26324],[-40.59411,-9.26309],[-40.5942,-9.2621],[-40.59443,-9.26212],[-40.5946,-9.26041],[-40.5953,-9.26063],[-40.5955,-9.25994],[-40.59657,-9.26053],[-40.59725,-9.25935],[-40.59762,-9.2593],[-40.59876,-9.26011],[-40.59879,-9.26225],[-40.59784,-9.26235],[-40.59784,-9.26347],[-40.5961,-9.26362],[-40.59534,-9.26449],[-40.59785,-9.26448],[-40.59795,-9.26673],[-40.60093,-9.26756],[-40.61365,-9.24576],[-40.61351,-9.24551],[-40.61301,-9.24515],[-40.61257,-9.24523],[-40.61157,-9.24455],[-40.61075,-9.24436],[-40.59974,-9.24659],[-40.59924,-9.24606],[-40.59939,-9.2458],[-40.59792,-9.23652],[-40.5918,-9.23761],[-40.58669,-9.23583],[-40.5822,-9.23387],[-40.57829,-9.23306],[-40.57348,-9.23159],[-40.57068,-9.23038],[-40.56841,-9.23035],[-40.55958,-9.23196],[-40.56086,-9.24712],[-40.56565,-9.24674],[-40.5658,-9.24873],[-40.56467,-9.25045],[-40.56503,-9.25051],[-40.56669,-9.24911],[-40.567,-9.25191],[-40.56949,-9.25161],[-40.56935,-9.25604],[-40.56708,-9.25553],[-40.56581,-9.25498],[-40.56427,-9.25384],[-40.56114,-9.25078],[-40.55954,-9.25154],[-40.55731,-9.25193],[-40.55773,-9.2537],[-40.55608,-9.25673],[-40.55644,-9.25909],[-40.55387,-9.26169],[-40.55354,-9.2625],[-40.55415,-9.26326],[-40.55892,-9.26655],[-40.55909,-9.26715],[-40.55884,-9.26838],[-40.56008,-9.27104],[-40.56481,-9.27682],[-40.56518,-9.27888],[-40.56553,-9.279],[-40.56606,-9.2784],[-40.56639,-9.27772],[-40.56637,-9.27724],[-40.56717,-9.27567],[-40.57194,-9.27189],[-40.57304,-9.27173],[-40.57915,-9.27416],[-40.57946,-9.27465],[-40.57928,-9.27577],[-40.58093,-9.27601],[-40.58127,-9.27557],[-40.58623,-9.27825],[-40.5872,-9.2789],[-40.59174,-9.28329],[-40.59947,-9.27006],[-40.59845,-9.26959],[-40.59689,-9.27222],[-40.59396,-9.27052],[-40.59558,-9.26792],[-40.58697,-9.26503],[-40.58435,-9.26279],[-40.58181,-9.26127],[-40.58211,-9.259],[-40.58338,-9.26003],[-40.58375,-9.25897],[-40.58704,-9.26137],[-40.58738,-9.26071],[-40.58884,-9.26108],[-40.5886,-9.26204],[-40.5909,-9.26284],[-40.59146,-9.2615],[-40.59329,-9.26222],[-40.59331,-9.26324]]]}},{"type":"Feature","properties":{"CD_SETOR":"261110115000062","SITUACAO":"Rural","NM_BAIRRO":null,"NM_DIST":"Curral Queimado","v0001":42,"v0007":17,"densidade":225.2957,"taxa_alfab":0.52,"pct_60m":0.0714,"pop_10_14":0.0,"pop_15_19":3.0,"renda_media":1379.53,"renda_mediana":1212.0,"infra":null,"pavimentacao":null,"iluminacao":null,"calcada":null,"onibus":null,"local_id":"83-1732","regiao":"Curral Queimado (rural)"},"geometry":{"type":"Polygon","coordinates":[[[-40.59546,-9.2642],[-40.5961,-9.26362],[-40.59784,-9.26347],[-40.59784,-9.26235],[-40.59879,-9.26225],[-40.59876,-9.26011],[-40.59762,-9.2593],[-40.59725,-9.25935],[-40.59657,-9.26053],[-40.5955,-9.25994],[-40.5953,-9.26063],[-40.5946,-9.26041],[-40.59443,-9.26212],[-40.5942,-9.2621],[-40.59411,-9.26309],[-40.59331,-9.26324],[-40.59546,-9.2642]]]}},{"type":"Feature","properties":{"CD_SETOR":"261110115000063","SITUACAO":"Rural","NM_BAIRRO":null,"NM_DIST":"Curral Queimado","v0001":104,"v0007":34,"densidade":240.1571,"taxa_alfab":0.8833,"pct_60m":0.0288,"pop_10_14":12.0,"pop_15_19":4.0,"renda_media":1017.81,"renda_mediana":1212.0,"infra":null,"pavimentacao":null,"iluminacao":null,"calcada":null,"onibus":null,"local_id":"83-1554","regiao":"Projetos irrigados (Nilo Coelho / Maria Tereza)"},"geometry":{"type":"Polygon","coordinates":[[[-40.72367,-9.32416],[-40.72271,-9.31743],[-40.72131,-9.3177],[-40.72141,-9.31903],[-40.71815,-9.31994],[-40.71754,-9.32219],[-40.71719,-9.32613],[-40.72367,-9.32416]]]}},{"type":"Feature","properties":{"CD_SETOR":"261110115000064","SITUACAO":"Rural","NM_BAIRRO":null,"NM_DIST":"Curral Queimado","v0001":331,"v0007":111,"densidade":4.9263,"taxa_alfab":0.8292,"pct_60m":0.0937,"pop_10_14":25.0,"pop_15_19":27.0,"renda_media":1838.39,"renda_mediana":1212.0,"infra":null,"pavimentacao":null,"iluminacao":null,"calcada":null,"onibus":null,"local_id":"83-1554","regiao":"Projetos irrigados (Nilo Coelho / Maria Tereza)"},"geometry":{"type":"Polygon","coordinates":[[[-40.68509,-9.33576],[-40.68483,-9.33475],[-40.68571,-9.33468],[-40.68697,-9.33319],[-40.68714,-9.33271],[-40.68915,-9.33387],[-40.68917,-9.33456],[-40.70807,-9.3289],[-40.70683,-9.32437],[-40.70593,-9.3227],[-40.7072,-9.32221],[-40.70743,-9.32275],[-40.70766,-9.32263],[-40.7079,-9.32346],[-40.70898,-9.32313],[-40.70903,-9.3227],[-40.70962,-9.32193],[-40.71285,-9.32745],[-40.71719,-9.32613],[-40.71754,-9.32219],[-40.71815,-9.31994],[-40.72141,-9.31903],[-40.72131,-9.3177],[-40.72271,-9.31743],[-40.72367,-9.32416],[-40.74664,-9.31719],[-40.75019,-9.31504],[-40.75559,-9.31355],[-40.75375,-9.31025],[-40.75159,-9.30803],[-40.74906,-9.30746],[-40.74746,-9.30662],[-40.74398,-9.30623],[-40.7429,-9.30428],[-40.74245,-9.30224],[-40.74262,-9.30051],[-40.74184,-9.29887],[-40.73944,-9.29659],[-40.73745,-9.29678],[-40.73414,-9.29987],[-40.73043,-9.30148],[-40.72865,-9.30312],[-40.72501,-9.30446],[-40.72325,-9.30567],[-40.72009,-9.3059],[-40.71682,-9.30388],[-40.71407,-9.30038],[-40.70829,-9.29608],[-40.70731,-9.29455],[-40.70706,-9.29294],[-40.70869,-9.28688],[-40.70759,-9.28535],[-40.70604,-9.28504],[-40.70129,-9.28233],[-40.69225,-9.28123],[-40.68723,-9.27833],[-40.68599,-9.27637],[-40.68562,-9.27458],[-40.68514,-9.27415],[-40.67858,-9.27141],[-40.67778,-9.27159],[-40.67028,-9.26937],[-40.6696,-9.26962],[-40.66848,-9.27044],[-40.66719,-9.27065],[-40.66678,-9.27123],[-40.66609,-9.27153],[-40.66356,-9.27208],[-40.66364,-9.27261],[-40.6629,-9.2734],[-40.66303,-9.27508],[-40.66251,-9.27573],[-40.66153,-9.2764],[-40.6613,-9.27745],[-40.6606,-9.27808],[-40.66079,-9.27898],[-40.66069,-9.27988],[-40.66105,-9.28114],[-40.66089,-9.28186],[-40.66065,-9.28257],[-40.65973,-9.28291],[-40.65918,-9.28337],[-40.65915,-9.28612],[-40.65852,-9.28713],[-40.65553,-9.28876],[-40.65412,-9.28982],[-40.65308,-9.29015],[-40.64793,-9.29093],[-40.64655,-9.29144],[-40.64541,-9.29077],[-40.64422,-9.29159],[-40.64236,-9.29162],[-40.64158,-9.29229],[-40.64122,-9.29321],[-40.64034,-9.29375],[-40.63952,-9.29352],[-40.63897,-9.29247],[-40.63835,-9.29195],[-40.63629,-9.29147],[-40.63521,-9.29568],[-40.63329,-9.29701],[-40.63294,-9.29771],[-40.63299,-9.30047],[-40.63278,-9.30064],[-40.63104,-9.30075],[-40.62669,-9.30028],[-40.62667,-9.30322],[-40.62521,-9.30311],[-40.62443,-9.30708],[-40.62391,-9.30706],[-40.62324,-9.30747],[-40.61732,-9.30546],[-40.61443,-9.30892],[-40.61005,-9.31803],[-40.6079,-9.31553],[-40.60721,-9.31643],[-40.60688,-9.31766],[-40.60599,-9.31826],[-40.6251,-9.32421],[-40.62641,-9.3266],[-40.62748,-9.3275],[-40.62707,-9.32807],[-40.63405,-9.33568],[-40.63641,-9.34242],[-40.63791,-9.3459],[-40.64101,-9.34514],[-40.64316,-9.34706],[-40.64365,-9.34815],[-40.68509,-9.33576]],[[-40.69314,-9.31983],[-40.69689,-9.31848],[-40.69884,-9.3231],[-40.69501,-9.32454],[-40.69314,-9.31983]]]}},{"type":"Feature","properties":{"CD_SETOR":"261110115000065","SITUACAO":"Rural","NM_BAIRRO":null,"NM_DIST":"Curral Queimado","v0001":138,"v0007":43,"densidade":1802.3313,"taxa_alfab":0.519,"pct_60m":0.0362,"pop_10_14":18.0,"pop_15_19":10.0,"renda_media":744.48,"renda_mediana":400.0,"infra":null,"pavimentacao":null,"iluminacao":null,"calcada":null,"onibus":null,"local_id":"83-1554","regiao":"Projetos irrigados (Nilo Coelho / Maria Tereza)"},"geometry":{"type":"Polygon","coordinates":[[[-40.68917,-9.33456],[-40.68915,-9.33387],[-40.68714,-9.33271],[-40.68697,-9.33319],[-40.68571,-9.33468],[-40.68483,-9.33475],[-40.68509,-9.33576],[-40.68917,-9.33456]]]}},{"type":"Feature","properties":{"CD_SETOR":"261110115000066","SITUACAO":"Urbana","NM_BAIRRO":null,"NM_DIST":"Curral Queimado","v0001":446,"v0007":141,"densidade":2859.1243,"taxa_alfab":0.8413,"pct_60m":0.0605,"pop_10_14":46.0,"pop_15_19":38.0,"renda_media":1199.89,"renda_mediana":1212.0,"infra":0.7252,"pavimentacao":0.9716,"iluminacao":0.9858,"calcada":0.9433,"onibus":0.0,"local_id":"83-1686","regiao":"Projetos irrigados (Nilo Coelho / Maria Tereza)"},"geometry":{"type":"Polygon","coordinates":[[[-40.63977,-9.34534],[-40.63875,-9.34961],[-40.64365,-9.34815],[-40.64316,-9.34706],[-40.64124,-9.34524],[-40.64078,-9.3451],[-40.63977,-9.34534]]]}},{"type":"Feature","properties":{"CD_SETOR":"261110115000067","SITUACAO":"Urbana","NM_BAIRRO":null,"NM_DIST":"Curral Queimado","v0001":496,"v0007":150,"densidade":3874.6342,"taxa_alfab":0.9199,"pct_60m":0.0605,"pop_10_14":45.0,"pop_15_19":47.0,"renda_media":1050.05,"renda_mediana":1212.0,"infra":0.7183,"pavimentacao":0.9533,"iluminacao":1.0,"calcada":0.92,"onibus":0.0,"local_id":"83-1686","regiao":"Projetos irrigados (Nilo Coelho / Maria Tereza)"},"geometry":{"type":"Polygon","coordinates":[[[-40.63875,-9.34961],[-40.63883,-9.34924],[-40.63977,-9.34534],[-40.63739,-9.34608],[-40.63698,-9.34653],[-40.63675,-9.3473],[-40.63631,-9.34922],[-40.63646,-9.3503],[-40.63875,-9.34961]]]}},{"type":"Feature","properties":{"CD_SETOR":"261110115000068","SITUACAO":"Urbana","NM_BAIRRO":null,"NM_DIST":"Curral Queimado","v0001":615,"v0007":193,"densidade":6727.4384,"taxa_alfab":0.8126,"pct_60m":0.0667,"pop_10_14":58.0,"pop_15_19":61.0,"renda_media":1219.52,"renda_mediana":1212.0,"infra":0.7319,"pavimentacao":0.9482,"iluminacao":0.9896,"calcada":0.9896,"onibus":0.0,"local_id":"83-1902","regiao":"Projetos irrigados (Nilo Coelho / Maria Tereza)"},"geometry":{"type":"Polygon","coordinates":[[[-40.6253,-9.35719],[-40.62466,-9.35703],[-40.62481,-9.3565],[-40.62377,-9.35625],[-40.62314,-9.35896],[-40.6214,-9.3586],[-40.62099,-9.35897],[-40.62117,-9.35934],[-40.62169,-9.35938],[-40.62236,-9.35984],[-40.62282,-9.35976],[-40.62327,-9.36045],[-40.62358,-9.35935],[-40.62456,-9.35956],[-40.62473,-9.35923],[-40.62549,-9.35901],[-40.62512,-9.35781],[-40.6253,-9.35719]]]}},{"type":"Feature","properties":{"CD_SETOR":"261110115000069","SITUACAO":"Urbana","NM_BAIRRO":null,"NM_DIST":"Curral Queimado","v0001":675,"v0007":201,"densidade":10856.0897,"taxa_alfab":0.8274,"pct_60m":0.0311,"pop_10_14":72.0,"pop_15_19":57.0,"renda_media":1125.76,"renda_mediana":1212.0,"infra":0.6779,"pavimentacao":0.9403,"iluminacao":0.8308,"calcada":0.9403,"onibus":0.0,"local_id":"83-1902","regiao":"Projetos irrigados (Nilo Coelho / Maria Tereza)"},"geometry":{"type":"Polygon","coordinates":[[[-40.62377,-9.35625],[-40.62481,-9.3565],[-40.62466,-9.35703],[-40.6253,-9.35719],[-40.62579,-9.35545],[-40.62516,-9.35528],[-40.62545,-9.35405],[-40.6277,-9.35333],[-40.62765,-9.35293],[-40.62436,-9.35391],[-40.62377,-9.35625]]]}},{"type":"Feature","properties":{"CD_SETOR":"261110115000070","SITUACAO":"Urbana","NM_BAIRRO":null,"NM_DIST":"Curral Queimado","v0001":419,"v0007":115,"densidade":5111.7918,"taxa_alfab":0.8475,"pct_60m":0.0549,"pop_10_14":36.0,"pop_15_19":55.0,"renda_media":1354.89,"renda_mediana":1230.0,"infra":0.75,"pavimentacao":1.0,"iluminacao":1.0,"calcada":1.0,"onibus":0.0,"local_id":"83-1902","regiao":"Projetos irrigados (Nilo Coelho / Maria Tereza)"},"geometry":{"type":"Polygon","coordinates":[[[-40.62084,-9.35871],[-40.62154,-9.35628],[-40.62258,-9.35652],[-40.62313,-9.35428],[-40.61943,-9.35538],[-40.61987,-9.3557],[-40.6203,-9.35772],[-40.62084,-9.35871]]]}},{"type":"Feature","properties":{"CD_SETOR":"261110115000071","SITUACAO":"Urbana","NM_BAIRRO":null,"NM_DIST":"Curral Queimado","v0001":332,"v0007":103,"densidade":10737.1947,"taxa_alfab":0.8319,"pct_60m":0.0482,"pop_10_14":30.0,"pop_15_19":33.0,"renda_media":1260.15,"renda_mediana":1200.0,"infra":0.75,"pavimentacao":1.0,"iluminacao":1.0,"calcada":1.0,"onibus":0.0,"local_id":"83-1902","regiao":"Projetos irrigados (Nilo Coelho / Maria Tereza)"},"geometry":{"type":"Polygon","coordinates":[[[-40.62258,-9.35652],[-40.62154,-9.35628],[-40.62084,-9.35871],[-40.62099,-9.35897],[-40.6214,-9.3586],[-40.62204,-9.3587],[-40.62258,-9.35652]]]}},{"type":"Feature","properties":{"CD_SETOR":"261110115000072","SITUACAO":"Urbana","NM_BAIRRO":null,"NM_DIST":"Curral Queimado","v0001":377,"v0007":120,"densidade":1972.0873,"taxa_alfab":0.8787,"pct_60m":0.0902,"pop_10_14":29.0,"pop_15_19":29.0,"renda_media":1306.74,"renda_mediana":1212.0,"infra":0.6458,"pavimentacao":0.8667,"iluminacao":0.9083,"calcada":0.8083,"onibus":0.0,"local_id":"83-1562","regiao":"Projetos irrigados (Nilo Coelho / Maria Tereza)"},"geometry":{"type":"Polygon","coordinates":[[[-40.61722,-9.36216],[-40.61661,-9.3608],[-40.61834,-9.36001],[-40.61929,-9.35906],[-40.62031,-9.35798],[-40.62028,-9.35705],[-40.61979,-9.35786],[-40.61188,-9.36128],[-40.61266,-9.36112],[-40.61338,-9.36141],[-40.61364,-9.36229],[-40.61333,-9.36274],[-40.61365,-9.36373],[-40.61722,-9.36216]]]}},{"type":"Feature","properties":{"CD_SETOR":"261110115000073","SITUACAO":"Urbana","NM_BAIRRO":null,"NM_DIST":"Curral Queimado","v0001":320,"v0007":96,"densidade":3533.1531,"taxa_alfab":0.9231,"pct_60m":0.0375,"pop_10_14":35.0,"pop_15_19":33.0,"renda_media":1596.69,"renda_mediana":1212.0,"infra":0.7396,"pavimentacao":1.0,"iluminacao":1.0,"calcada":0.9583,"onibus":0.0,"local_id":"83-1902","regiao":"Projetos irrigados (Nilo Coelho / Maria Tereza)"},"geometry":{"type":"Polygon","coordinates":[[[-40.62034,-9.3578],[-40.61834,-9.36001],[-40.61661,-9.3608],[-40.61722,-9.36216],[-40.61931,-9.36115],[-40.62117,-9.35934],[-40.62034,-9.3578]]]}},{"type":"Feature","properties":{"CD_SETOR":"261110115000074","SITUACAO":"Urbana","NM_BAIRRO":null,"NM_DIST":"Curral Queimado","v0001":320,"v0007":95,"densidade":1615.6344,"taxa_alfab":0.9386,"pct_60m":0.1031,"pop_10_14":31.0,"pop_15_19":31.0,"renda_media":1198.05,"renda_mediana":1212.0,"infra":0.6605,"pavimentacao":0.9474,"iluminacao":0.9474,"calcada":0.7474,"onibus":0.0,"local_id":"83-1562","regiao":"Projetos irrigados (Nilo Coelho / Maria Tereza)"},"geometry":{"type":"Polygon","coordinates":[[[-40.61843,-9.36493],[-40.61722,-9.36216],[-40.61294,-9.36405],[-40.6119,-9.36504],[-40.61399,-9.36687],[-40.61843,-9.36493]]]}},{"type":"Feature","properties":{"CD_SETOR":"261110115000075","SITUACAO":"Urbana","NM_BAIRRO":null,"NM_DIST":"Curral Queimado","v0001":406,"v0007":126,"densidade":3725.2436,"taxa_alfab":0.9085,"pct_60m":0.064,"pop_10_14":40.0,"pop_15_19":30.0,"renda_media":1485.46,"renda_mediana":1260.0,"infra":0.7421,"pavimentacao":1.0,"iluminacao":1.0,"calcada":0.9683,"onibus":0.119,"local_id":"83-1562","regiao":"Projetos irrigados (Nilo Coelho / Maria Tereza)"},"geometry":{"type":"Polygon","coordinates":[[[-40.61722,-9.36216],[-40.61783,-9.36357],[-40.62242,-9.36157],[-40.62117,-9.35934],[-40.61931,-9.36115],[-40.61722,-9.36216]]]}},{"type":"Feature","properties":{"CD_SETOR":"261110115000076","SITUACAO":"Urbana","NM_BAIRRO":null,"NM_DIST":"Curral Queimado","v0001":433,"v0007":133,"densidade":10061.3879,"taxa_alfab":0.8322,"pct_60m":0.0393,"pop_10_14":46.0,"pop_15_19":38.0,"renda_media":1140.48,"renda_mediana":1212.0,"infra":0.7199,"pavimentacao":0.9549,"iluminacao":1.0,"calcada":0.9248,"onibus":0.0,"local_id":"83-1562","regiao":"Projetos irrigados (Nilo Coelho / Maria Tereza)"},"geometry":{"type":"Polygon","coordinates":[[[-40.62289,-9.3624],[-40.62092,-9.36325],[-40.62127,-9.36409],[-40.62208,-9.36375],[-40.62288,-9.36499],[-40.6238,-9.36384],[-40.62289,-9.3624]]]}},{"type":"Feature","properties":{"CD_SETOR":"261110115000077","SITUACAO":"Urbana","NM_BAIRRO":null,"NM_DIST":"Curral Queimado","v0001":369,"v0007":115,"densidade":1675.1593,"taxa_alfab":0.8346,"pct_60m":0.0786,"pop_10_14":30.0,"pop_15_19":36.0,"renda_media":1166.21,"renda_mediana":1212.0,"infra":0.45,"pavimentacao":0.6957,"iluminacao":0.7652,"calcada":0.3391,"onibus":0.0,"local_id":"83-1562","regiao":"Projetos irrigados (Nilo Coelho / Maria Tereza)"},"geometry":{"type":"Polygon","coordinates":[[[-40.62127,-9.36409],[-40.61989,-9.36429],[-40.61401,-9.36698],[-40.6157,-9.36902],[-40.61849,-9.36629],[-40.61933,-9.36589],[-40.62025,-9.36787],[-40.62164,-9.36701],[-40.62127,-9.3667],[-40.62288,-9.36499],[-40.62208,-9.36375],[-40.62127,-9.36409]]]}},{"type":"Feature","properties":{"CD_SETOR":"261110115000078","SITUACAO":"Urbana","NM_BAIRRO":null,"NM_DIST":"Curral Queimado","v0001":461,"v0007":149,"densidade":5668.6367,"taxa_alfab":0.8218,"pct_60m":0.0629,"pop_10_14":43.0,"pop_15_19":46.0,"renda_media":1219.67,"renda_mediana":1212.0,"infra":0.7198,"pavimentacao":0.9933,"iluminacao":1.0,"calcada":0.8859,"onibus":0.1409,"local_id":"83-1562","regiao":"Projetos irrigados (Nilo Coelho / Maria Tereza)"},"geometry":{"type":"Polygon","coordinates":[[[-40.61843,-9.36493],[-40.61989,-9.36429],[-40.62127,-9.36409],[-40.62092,-9.36325],[-40.62289,-9.3624],[-40.62242,-9.36157],[-40.61783,-9.36357],[-40.61843,-9.36493]]]}},{"type":"Feature","properties":{"CD_SETOR":"261110115000079","SITUACAO":"Urbana","NM_BAIRRO":null,"NM_DIST":"Curral Queimado","v0001":382,"v0007":123,"densidade":2903.1947,"taxa_alfab":0.8149,"pct_60m":0.0524,"pop_10_14":27.0,"pop_15_19":33.0,"renda_media":1591.93,"renda_mediana":1212.0,"infra":0.3415,"pavimentacao":0.3821,"iluminacao":0.748,"calcada":0.2358,"onibus":0.1138,"local_id":"83-1546","regiao":"Projetos irrigados (Nilo Coelho / Maria Tereza)"},"geometry":{"type":"Polygon","coordinates":[[[-40.62034,-9.32563],[-40.61985,-9.32634],[-40.62009,-9.32658],[-40.6195,-9.32695],[-40.61982,-9.32752],[-40.61849,-9.32825],[-40.61867,-9.32915],[-40.61828,-9.3294],[-40.61867,-9.32977],[-40.61909,-9.33123],[-40.62126,-9.33077],[-40.62128,-9.32876],[-40.62093,-9.32786],[-40.62161,-9.32744],[-40.62034,-9.32563]]]}},{"type":"Feature","properties":{"CD_SETOR":"261110115000080","SITUACAO":"Urbana","NM_BAIRRO":null,"NM_DIST":"Curral Queimado","v0001":465,"v0007":153,"densidade":6167.9149,"taxa_alfab":0.7686,"pct_60m":0.0753,"pop_10_14":33.0,"pop_15_19":37.0,"renda_media":1357.83,"renda_mediana":1212.0,"infra":0.4281,"pavimentacao":0.7124,"iluminacao":0.3987,"calcada":0.6013,"onibus":0.3856,"local_id":"83-1546","regiao":"Projetos irrigados (Nilo Coelho / Maria Tereza)"},"geometry":{"type":"Polygon","coordinates":[[[-40.61828,-9.3294],[-40.61867,-9.32915],[-40.61849,-9.32825],[-40.61982,-9.32752],[-40.6195,-9.32695],[-40.62009,-9.32658],[-40.61985,-9.32634],[-40.62034,-9.32563],[-40.61943,-9.32506],[-40.61803,-9.32463],[-40.61808,-9.32895],[-40.61828,-9.3294]]]}},{"type":"Feature","properties":{"CD_SETOR":"261110115000081","SITUACAO":"Urbana","NM_BAIRRO":null,"NM_DIST":"Curral Queimado","v0001":398,"v0007":129,"densidade":3545.9135,"taxa_alfab":0.8283,"pct_60m":0.0352,"pop_10_14":31.0,"pop_15_19":46.0,"renda_media":1156.91,"renda_mediana":1200.0,"infra":0.595,"pavimentacao":0.8992,"iluminacao":1.0,"calcada":0.4806,"onibus":0.0,"local_id":"83-1546","regiao":"Projetos irrigados (Nilo Coelho / Maria Tereza)"},"geometry":{"type":"Polygon","coordinates":[[[-40.61616,-9.32627],[-40.61641,-9.32824],[-40.61577,-9.32845],[-40.61612,-9.32972],[-40.61555,-9.32991],[-40.61589,-9.33193],[-40.61909,-9.33123],[-40.61867,-9.32977],[-40.61811,-9.32927],[-40.6173,-9.32939],[-40.61655,-9.32605],[-40.61616,-9.32627]]]}},{"type":"Feature","properties":{"CD_SETOR":"261110115000082","SITUACAO":"Urbana","NM_BAIRRO":null,"NM_DIST":"Curral Queimado","v0001":449,"v0007":139,"densidade":8896.5455,"taxa_alfab":0.8208,"pct_60m":0.049,"pop_10_14":47.0,"pop_15_19":46.0,"renda_media":1029.28,"renda_mediana":1147.0,"infra":0.6061,"pavimentacao":0.8993,"iluminacao":0.8993,"calcada":0.6259,"onibus":0.0,"local_id":"83-1546","regiao":"Projetos irrigados (Nilo Coelho / Maria Tereza)"},"geometry":{"type":"Polygon","coordinates":[[[-40.61555,-9.32991],[-40.61612,-9.32972],[-40.61577,-9.32845],[-40.61641,-9.32824],[-40.61616,-9.32627],[-40.61448,-9.328],[-40.61402,-9.32758],[-40.61412,-9.32848],[-40.61442,-9.32842],[-40.61555,-9.32991]]]}},{"type":"Feature","properties":{"CD_SETOR":"261110115000083","SITUACAO":"Urbana","NM_BAIRRO":null,"NM_DIST":"Curral Queimado","v0001":494,"v0007":147,"densidade":2939.0521,"taxa_alfab":0.8378,"pct_60m":0.0628,"pop_10_14":32.0,"pop_15_19":50.0,"renda_media":1668.69,"renda_mediana":1212.0,"infra":0.6276,"pavimentacao":0.8912,"iluminacao":0.8503,"calcada":0.7687,"onibus":0.2041,"local_id":"83-1546","regiao":"Projetos irrigados (Nilo Coelho / Maria Tereza)"},"geometry":{"type":"Polygon","coordinates":[[[-40.61394,-9.3268],[-40.61515,-9.32532],[-40.61696,-9.32465],[-40.61705,-9.32444],[-40.61654,-9.32155],[-40.6138,-9.3207],[-40.61349,-9.32601],[-40.61394,-9.3268]]]}},{"type":"Feature","properties":{"CD_SETOR":"261110115000084","SITUACAO":"Urbana","NM_BAIRRO":null,"NM_DIST":"Curral Queimado","v0001":401,"v0007":136,"densidade":5472.465,"taxa_alfab":0.7966,"pct_60m":0.0698,"pop_10_14":31.0,"pop_15_19":41.0,"renda_media":1251.17,"renda_mediana":1212.0,"infra":0.6397,"pavimentacao":0.8088,"iluminacao":0.9412,"calcada":0.8088,"onibus":0.5882,"local_id":"83-1546","regiao":"Projetos irrigados (Nilo Coelho / Maria Tereza)"},"geometry":{"type":"Polygon","coordinates":[[[-40.61705,-9.32444],[-40.61696,-9.32465],[-40.61515,-9.32532],[-40.61433,-9.32619],[-40.61394,-9.3268],[-40.61393,-9.32752],[-40.61448,-9.328],[-40.61618,-9.32626],[-40.61722,-9.32578],[-40.61802,-9.32572],[-40.61803,-9.32463],[-40.61705,-9.32444]]]}},{"type":"Feature","properties":{"CD_SETOR":"261110115000085","SITUACAO":"Urbana","NM_BAIRRO":null,"NM_DIST":"Curral Queimado","v0001":373,"v0007":135,"densidade":2217.1027,"taxa_alfab":0.8502,"pct_60m":0.0563,"pop_10_14":30.0,"pop_15_19":35.0,"renda_media":1301.59,"renda_mediana":1200.0,"infra":0.6889,"pavimentacao":0.8222,"iluminacao":0.9926,"calcada":0.9407,"onibus":0.1778,"local_id":"83-1635","regiao":"Projetos irrigados (Nilo Coelho / Maria Tereza)"},"geometry":{"type":"Polygon","coordinates":[[[-40.5805,-9.30945],[-40.58168,-9.31013],[-40.58264,-9.30851],[-40.58567,-9.30986],[-40.58653,-9.30733],[-40.58253,-9.30588],[-40.5805,-9.30945]]]}},{"type":"Feature","properties":{"CD_SETOR":"261110115000086","SITUACAO":"Urbana","NM_BAIRRO":null,"NM_DIST":"Curral Queimado","v0001":468,"v0007":139,"densidade":4460.3769,"taxa_alfab":0.8081,"pct_60m":0.0855,"pop_10_14":48.0,"pop_15_19":46.0,"renda_media":1219.82,"renda_mediana":1200.0,"infra":0.6763,"pavimentacao":0.9856,"iluminacao":0.9137,"calcada":0.8058,"onibus":0.0,"local_id":"83-1635","regiao":"Projetos irrigados (Nilo Coelho / Maria Tereza)"},"geometry":{"type":"Polygon","coordinates":[[[-40.58567,-9.30986],[-40.58264,-9.30851],[-40.58168,-9.31013],[-40.5805,-9.30945],[-40.58004,-9.31026],[-40.58476,-9.31169],[-40.58567,-9.30986]]]}},{"type":"Feature","properties":{"CD_SETOR":"261110115000087","SITUACAO":"Urbana","NM_BAIRRO":null,"NM_DIST":"Curral Queimado","v0001":340,"v0007":104,"densidade":2713.9723,"taxa_alfab":0.8,"pct_60m":0.0176,"pop_10_14":43.0,"pop_15_19":29.0,"renda_media":1394.85,"renda_mediana":1212.0,"infra":null,"pavimentacao":null,"iluminacao":null,"calcada":null,"onibus":null,"local_id":"83-1635","regiao":"Projetos irrigados (Nilo Coelho / Maria Tereza)"},"geometry":{"type":"Polygon","coordinates":[[[-40.59424,-9.31571],[-40.59015,-9.31465],[-40.5871,-9.31437],[-40.58714,-9.315],[-40.58964,-9.31532],[-40.58954,-9.31634],[-40.59106,-9.31664],[-40.59127,-9.31677],[-40.59147,-9.31778],[-40.59249,-9.31812],[-40.59424,-9.31571]]]}},{"type":"Feature","properties":{"CD_SETOR":"261110115000088","SITUACAO":"Urbana","NM_BAIRRO":null,"NM_DIST":"Curral Queimado","v0001":461,"v0007":149,"densidade":3795.0138,"taxa_alfab":0.7967,"pct_60m":0.026,"pop_10_14":50.0,"pop_15_19":43.0,"renda_media":1354.33,"renda_mediana":1212.0,"infra":null,"pavimentacao":null,"iluminacao":null,"calcada":null,"onibus":null,"local_id":"83-1635","regiao":"Projetos irrigados (Nilo Coelho / Maria Tereza)"},"geometry":{"type":"Polygon","coordinates":[[[-40.5871,-9.31437],[-40.59015,-9.31465],[-40.59424,-9.31571],[-40.59461,-9.31476],[-40.58674,-9.31232],[-40.5871,-9.31437]]]}},{"type":"Feature","properties":{"CD_SETOR":"261110115000089","SITUACAO":"Urbana","NM_BAIRRO":null,"NM_DIST":"Curral Queimado","v0001":293,"v0007":94,"densidade":922.0427,"taxa_alfab":0.799,"pct_60m":0.058,"pop_10_14":26.0,"pop_15_19":34.0,"renda_media":1262.3,"renda_mediana":1212.0,"infra":null,"pavimentacao":null,"iluminacao":null,"calcada":null,"onibus":null,"local_id":"83-1538","regiao":"Projetos irrigados (Nilo Coelho / Maria Tereza)"},"geometry":{"type":"Polygon","coordinates":[[[-40.56411,-9.33802],[-40.56242,-9.33706],[-40.5627,-9.33656],[-40.56108,-9.33567],[-40.55769,-9.34146],[-40.5623,-9.34312],[-40.56266,-9.34243],[-40.56261,-9.34168],[-40.56299,-9.34171],[-40.56358,-9.34097],[-40.56319,-9.33993],[-40.56411,-9.33802]]]}},{"type":"Feature","properties":{"CD_SETOR":"261110115000090","SITUACAO":"Urbana","NM_BAIRRO":null,"NM_DIST":"Curral Queimado","v0001":390,"v0007":126,"densidade":2960.3015,"taxa_alfab":0.8237,"pct_60m":0.0718,"pop_10_14":25.0,"pop_15_19":43.0,"renda_media":1259.38,"renda_mediana":1212.0,"infra":null,"pavimentacao":null,"iluminacao":null,"calcada":null,"onibus":null,"local_id":"83-1538","regiao":"Projetos irrigados (Nilo Coelho / Maria Tereza)"},"geometry":{"type":"Polygon","coordinates":[[[-40.56108,-9.33567],[-40.5627,-9.33656],[-40.56242,-9.33706],[-40.56468,-9.33838],[-40.56602,-9.336],[-40.56213,-9.33388],[-40.56108,-9.33567]]]}},{"type":"Feature","properties":{"CD_SETOR":"261110115000091","SITUACAO":"Urbana","NM_BAIRRO":null,"NM_DIST":"Curral Queimado","v0001":372,"v0007":129,"densidade":9161.5518,"taxa_alfab":0.8577,"pct_60m":0.0457,"pop_10_14":31.0,"pop_15_19":30.0,"renda_media":1135.53,"renda_mediana":1212.0,"infra":0.5426,"pavimentacao":0.1783,"iluminacao":1.0,"calcada":0.9922,"onibus":0.062,"local_id":"145-1325","regiao":"Projetos irrigados (Nilo Coelho / Maria Tereza)"},"geometry":{"type":"Polygon","coordinates":[[[-40.56421,-9.18284],[-40.56423,-9.18176],[-40.5632,-9.18152],[-40.56168,-9.18155],[-40.56152,-9.18285],[-40.56421,-9.18284]]]}},{"type":"Feature","properties":{"CD_SETOR":"261110115000092","SITUACAO":"Urbana","NM_BAIRRO":null,"NM_DIST":"Curral Queimado","v0001":512,"v0007":161,"densidade":12631.4684,"taxa_alfab":0.8599,"pct_60m":0.0215,"pop_10_14":47.0,"pop_15_19":69.0,"renda_media":1211.0,"renda_mediana":1212.0,"infra":0.4658,"pavimentacao":0.1366,"iluminacao":0.9814,"calcada":0.7453,"onibus":0.0,"local_id":"145-1325","regiao":"Projetos irrigados (Nilo Coelho / Maria Tereza)"},"geometry":{"type":"Polygon","coordinates":[[[-40.56423,-9.18176],[-40.56421,-9.18284],[-40.56689,-9.18279],[-40.56695,-9.18338],[-40.56795,-9.18276],[-40.56782,-9.18201],[-40.5668,-9.18213],[-40.56423,-9.18176]]]}},{"type":"Feature","properties":{"CD_SETOR":"261110115000093","SITUACAO":"Urbana","NM_BAIRRO":null,"NM_DIST":"Curral Queimado","v0001":504,"v0007":157,"densidade":6710.2189,"taxa_alfab":0.8443,"pct_60m":0.0575,"pop_10_14":50.0,"pop_15_19":49.0,"renda_media":1262.57,"renda_mediana":1212.0,"infra":0.7179,"pavimentacao":0.9744,"iluminacao":0.9936,"calcada":0.9038,"onibus":0.0,"local_id":"145-1325","regiao":"Projetos irrigados (Nilo Coelho / Maria Tereza)"},"geometry":{"type":"Polygon","coordinates":[[[-40.56534,-9.18436],[-40.56395,-9.18437],[-40.56421,-9.18284],[-40.56152,-9.18285],[-40.56128,-9.18492],[-40.56485,-9.18496],[-40.56534,-9.18436]]]}},{"type":"Feature","properties":{"CD_SETOR":"261110115000094","SITUACAO":"Urbana","NM_BAIRRO":null,"NM_DIST":"Curral Queimado","v0001":504,"v0007":159,"densidade":11391.0686,"taxa_alfab":0.7989,"pct_60m":0.0437,"pop_10_14":57.0,"pop_15_19":63.0,"renda_media":1121.99,"renda_mediana":1212.0,"infra":0.5535,"pavimentacao":0.3145,"iluminacao":0.9811,"calcada":0.9182,"onibus":0.0,"local_id":"145-1325","regiao":"Projetos irrigados (Nilo Coelho / Maria Tereza)"},"geometry":{"type":"Polygon","coordinates":[[[-40.56421,-9.18284],[-40.56395,-9.18437],[-40.56534,-9.18436],[-40.56695,-9.18338],[-40.56689,-9.18279],[-40.56421,-9.18284]]]}},{"type":"Feature","properties":{"CD_SETOR":"261110115000095","SITUACAO":"Urbana","NM_BAIRRO":null,"NM_DIST":"Curral Queimado","v0001":361,"v0007":119,"densidade":9252.882,"taxa_alfab":0.8669,"pct_60m":0.0277,"pop_10_14":32.0,"pop_15_19":40.0,"renda_media":1123.57,"renda_mediana":1200.0,"infra":0.7227,"pavimentacao":0.8992,"iluminacao":1.0,"calcada":0.9916,"onibus":0.0,"local_id":"145-1325","regiao":"Projetos irrigados (Nilo Coelho / Maria Tereza)"},"geometry":{"type":"Polygon","coordinates":[[[-40.56459,-9.18595],[-40.56358,-9.18598],[-40.56368,-9.1855],[-40.56176,-9.18552],[-40.5618,-9.18494],[-40.56128,-9.18492],[-40.56102,-9.18688],[-40.56155,-9.1869],[-40.56161,-9.18644],[-40.56448,-9.1864],[-40.56459,-9.18595]]]}},{"type":"Feature","properties":{"CD_SETOR":"261110115000096","SITUACAO":"Urbana","NM_BAIRRO":null,"NM_DIST":"Curral Queimado","v0001":314,"v0007":100,"densidade":11910.3217,"taxa_alfab":0.8924,"pct_60m":0.0287,"pop_10_14":31.0,"pop_15_19":34.0,"renda_media":1131.74,"renda_mediana":1200.0,"infra":0.725,"pavimentacao":0.94,"iluminacao":0.96,"calcada":1.0,"onibus":0.0,"local_id":"145-1325","regiao":"Projetos irrigados (Nilo Coelho / Maria Tereza)"},"geometry":{"type":"Polygon","coordinates":[[[-40.5618,-9.18494],[-40.56176,-9.18552],[-40.56368,-9.1855],[-40.56358,-9.18598],[-40.56459,-9.18595],[-40.56485,-9.18496],[-40.5618,-9.18494]]]}},{"type":"Feature","properties":{"CD_SETOR":"261110115000097","SITUACAO":"Urbana","NM_BAIRRO":null,"NM_DIST":"Curral Queimado","v0001":566,"v0007":163,"densidade":13451.9429,"taxa_alfab":0.8747,"pct_60m":0.0265,"pop_10_14":75.0,"pop_15_19":68.0,"renda_media":1124.36,"renda_mediana":1212.0,"infra":0.5337,"pavimentacao":0.4724,"iluminacao":0.9325,"calcada":0.7301,"onibus":0.0,"local_id":"145-2151","regiao":"Projetos irrigados (Nilo Coelho / Maria Tereza)"},"geometry":{"type":"Polygon","coordinates":[[[-40.56425,-9.18733],[-40.56149,-9.18735],[-40.56139,-9.18847],[-40.56388,-9.18883],[-40.56425,-9.18733]]]}},{"type":"Feature","properties":{"CD_SETOR":"261110115000098","SITUACAO":"Urbana","NM_BAIRRO":null,"NM_DIST":"Curral Queimado","v0001":471,"v0007":138,"densidade":11411.0818,"taxa_alfab":0.8395,"pct_60m":0.0318,"pop_10_14":55.0,"pop_15_19":40.0,"renda_media":1316.0,"renda_mediana":1212.0,"infra":0.7372,"pavimentacao":0.9781,"iluminacao":1.0,"calcada":0.9708,"onibus":0.0,"local_id":"145-2151","regiao":"Projetos irrigados (Nilo Coelho / Maria Tereza)"},"geometry":{"type":"Polygon","coordinates":[[[-40.56139,-9.18847],[-40.56149,-9.18735],[-40.56425,-9.18733],[-40.56448,-9.1864],[-40.56161,-9.18644],[-40.56155,-9.1869],[-40.56102,-9.18688],[-40.56084,-9.18839],[-40.56139,-9.18847]]]}},{"type":"Feature","properties":{"CD_SETOR":"261110115000099","SITUACAO":"Urbana","NM_BAIRRO":null,"NM_DIST":"Curral Queimado","v0001":467,"v0007":139,"densidade":13248.9958,"taxa_alfab":0.8654,"pct_60m":0.0514,"pop_10_14":51.0,"pop_15_19":43.0,"renda_media":1095.46,"renda_mediana":1212.0,"infra":0.7464,"pavimentacao":1.0,"iluminacao":1.0,"calcada":0.9856,"onibus":0.0432,"local_id":"83-1554","regiao":"Projetos irrigados (Nilo Coelho / Maria Tereza)"},"geometry":{"type":"Polygon","coordinates":[[[-40.68422,-9.3476],[-40.68631,-9.34763],[-40.68626,-9.34622],[-40.68436,-9.34619],[-40.68422,-9.3476]]]}},{"type":"Feature","properties":{"CD_SETOR":"261110115000100","SITUACAO":"Urbana","NM_BAIRRO":null,"NM_DIST":"Curral Queimado","v0001":301,"v0007":96,"densidade":12895.5374,"taxa_alfab":0.8075,"pct_60m":0.0532,"pop_10_14":26.0,"pop_15_19":39.0,"renda_media":1025.81,"renda_mediana":1212.0,"infra":0.75,"pavimentacao":1.0,"iluminacao":0.9896,"calcada":0.9896,"onibus":0.0,"local_id":"83-1848","regiao":"Projetos irrigados (Nilo Coelho / Maria Tereza)"},"geometry":{"type":"Polygon","coordinates":[[[-40.68631,-9.34763],[-40.68422,-9.3476],[-40.68414,-9.34851],[-40.68599,-9.34851],[-40.68628,-9.34828],[-40.68631,-9.34763]]]}},{"type":"Feature","properties":{"CD_SETOR":"261110115000101","SITUACAO":"Urbana","NM_BAIRRO":null,"NM_DIST":"Curral Queimado","v0001":465,"v0007":141,"densidade":5310.6352,"taxa_alfab":0.8525,"pct_60m":0.0237,"pop_10_14":49.0,"pop_15_19":48.0,"renda_media":1129.34,"renda_mediana":1212.0,"infra":0.3138,"pavimentacao":0.4255,"iluminacao":0.305,"calcada":0.3262,"onibus":0.0,"local_id":"83-1848","regiao":"Projetos irrigados (Nilo Coelho / Maria Tereza)"},"geometry":{"type":"Polygon","coordinates":[[[-40.68183,-9.34964],[-40.68342,-9.35142],[-40.68625,-9.34868],[-40.68769,-9.34793],[-40.68755,-9.34763],[-40.6858,-9.34858],[-40.68317,-9.34849],[-40.68183,-9.34964]]]}},{"type":"Feature","properties":{"CD_SETOR":"261110115000102","SITUACAO":"Urbana","NM_BAIRRO":null,"NM_DIST":"Curral Queimado","v0001":435,"v0007":128,"densidade":1931.684,"taxa_alfab":0.8858,"pct_60m":0.0644,"pop_10_14":32.0,"pop_15_19":41.0,"renda_media":1278.42,"renda_mediana":1212.0,"infra":0.75,"pavimentacao":0.9219,"iluminacao":0.9219,"calcada":0.9766,"onibus":0.3906,"local_id":"83-1848","regiao":"Projetos irrigados (Nilo Coelho / Maria Tereza)"},"geometry":{"type":"Polygon","coordinates":[[[-40.67682,-9.35422],[-40.68002,-9.35315],[-40.67947,-9.35171],[-40.68019,-9.35103],[-40.67937,-9.34976],[-40.67906,-9.34853],[-40.67918,-9.34462],[-40.67791,-9.34459],[-40.67783,-9.34871],[-40.67618,-9.35371],[-40.67682,-9.35422]]]}},{"type":"Feature","properties":{"CD_SETOR":"261110115000103","SITUACAO":"Urbana","NM_BAIRRO":null,"NM_DIST":"Curral Queimado","v0001":341,"v0007":98,"densidade":3784.1436,"taxa_alfab":0.8644,"pct_60m":0.0645,"pop_10_14":40.0,"pop_15_19":34.0,"renda_media":1243.59,"renda_mediana":1212.0,"infra":0.4821,"pavimentacao":0.5408,"iluminacao":0.6122,"calcada":0.5408,"onibus":0.2347,"local_id":"83-1848","regiao":"Projetos irrigados (Nilo Coelho / Maria Tereza)"},"geometry":{"type":"Polygon","coordinates":[[[-40.68183,-9.34964],[-40.67947,-9.35171],[-40.68002,-9.35315],[-40.68208,-9.35244],[-40.68342,-9.35142],[-40.68183,-9.34964]]]}},{"type":"Feature","properties":{"CD_SETOR":"261110115000104","SITUACAO":"Urbana","NM_BAIRRO":null,"NM_DIST":"Curral Queimado","v0001":634,"v0007":187,"densidade":7852.7641,"taxa_alfab":0.8456,"pct_60m":0.0457,"pop_10_14":73.0,"pop_15_19":59.0,"renda_media":984.86,"renda_mediana":1212.0,"infra":0.7941,"pavimentacao":0.984,"iluminacao":0.9091,"calcada":0.9037,"onibus":0.0,"local_id":"83-1554","regiao":"Projetos irrigados (Nilo Coelho / Maria Tereza)"},"geometry":{"type":"Polygon","coordinates":[[[-40.68444,-9.34194],[-40.68512,-9.34292],[-40.68535,-9.34429],[-40.68345,-9.34428],[-40.68338,-9.3452],[-40.68577,-9.34526],[-40.68633,-9.34643],[-40.68628,-9.34828],[-40.68755,-9.34763],[-40.68493,-9.34147],[-40.68444,-9.34194]]]}},{"type":"Feature","properties":{"CD_SETOR":"261110115000105","SITUACAO":"Urbana","NM_BAIRRO":null,"NM_DIST":"Curral Queimado","v0001":556,"v0007":160,"densidade":8951.4215,"taxa_alfab":0.8561,"pct_60m":0.0629,"pop_10_14":52.0,"pop_15_19":72.0,"renda_media":1121.89,"renda_mediana":1212.0,"infra":0.6578,"pavimentacao":0.8313,"iluminacao":0.9688,"calcada":0.8313,"onibus":0.0,"local_id":"83-1554","regiao":"Projetos irrigados (Nilo Coelho / Maria Tereza)"},"geometry":{"type":"Polygon","coordinates":[[[-40.68338,-9.3452],[-40.68345,-9.34428],[-40.68535,-9.34429],[-40.68512,-9.34292],[-40.68444,-9.34194],[-40.68335,-9.34281],[-40.68264,-9.34389],[-40.68257,-9.34517],[-40.68338,-9.3452]]]}},{"type":"Feature","properties":{"CD_SETOR":"261110115000106","SITUACAO":"Urbana","NM_BAIRRO":null,"NM_DIST":"Curral Queimado","v0001":402,"v0007":123,"densidade":4558.1045,"taxa_alfab":0.9333,"pct_60m":0.0572,"pop_10_14":26.0,"pop_15_19":38.0,"renda_media":1162.12,"renda_mediana":1212.0,"infra":0.6707,"pavimentacao":0.8943,"iluminacao":0.8943,"calcada":0.8943,"onibus":0.4065,"local_id":"83-1848","regiao":"Projetos irrigados (Nilo Coelho / Maria Tereza)"},"geometry":{"type":"Polygon","coordinates":[[[-40.67922,-9.3493],[-40.68083,-9.34874],[-40.68083,-9.34469],[-40.67918,-9.34462],[-40.67906,-9.34853],[-40.67922,-9.3493]]]}},{"type":"Feature","properties":{"CD_SETOR":"261110115000107","SITUACAO":"Urbana","NM_BAIRRO":null,"NM_DIST":"Curral Queimado","v0001":411,"v0007":134,"densidade":5192.4996,"taxa_alfab":0.8878,"pct_60m":0.0389,"pop_10_14":33.0,"pop_15_19":47.0,"renda_media":1176.12,"renda_mediana":1212.0,"infra":0.7276,"pavimentacao":0.9701,"iluminacao":0.9701,"calcada":0.9701,"onibus":0.0,"local_id":"83-1848","regiao":"Projetos irrigados (Nilo Coelho / Maria Tereza)"},"geometry":{"type":"Polygon","coordinates":[[[-40.67922,-9.3493],[-40.68019,-9.35103],[-40.68271,-9.34888],[-40.68249,-9.34742],[-40.68076,-9.34739],[-40.68083,-9.34874],[-40.67922,-9.3493]]]}},{"type":"Feature","properties":{"CD_SETOR":"261110115000108","SITUACAO":"Urbana","NM_BAIRRO":null,"NM_DIST":"Curral Queimado","v0001":402,"v0007":116,"densidade":1612.5927,"taxa_alfab":0.75,"pct_60m":0.0547,"pop_10_14":40.0,"pop_15_19":46.0,"renda_media":1035.24,"renda_mediana":1200.0,"infra":0.4138,"pavimentacao":0.2845,"iluminacao":0.7759,"calcada":0.5776,"onibus":0.2845,"local_id":"83-1554","regiao":"Projetos irrigados (Nilo Coelho / Maria Tereza)"},"geometry":{"type":"Polygon","coordinates":[[[-40.68056,-9.33942],[-40.6805,-9.33998],[-40.6807,-9.34023],[-40.68335,-9.34281],[-40.6847,-9.34176],[-40.68493,-9.34147],[-40.68425,-9.33946],[-40.68534,-9.33742],[-40.68539,-9.33665],[-40.68509,-9.33576],[-40.68171,-9.33676],[-40.6818,-9.33737],[-40.68056,-9.33942]]]}},{"type":"Feature","properties":{"CD_SETOR":"261110115000109","SITUACAO":"Urbana","NM_BAIRRO":null,"NM_DIST":"Curral Queimado","v0001":486,"v0007":149,"densidade":3034.7105,"taxa_alfab":0.8564,"pct_60m":0.0844,"pop_10_14":33.0,"pop_15_19":40.0,"renda_media":1450.06,"renda_mediana":1212.0,"infra":0.75,"pavimentacao":1.0,"iluminacao":1.0,"calcada":1.0,"onibus":0.7987,"local_id":"83-1554","regiao":"Projetos irrigados (Nilo Coelho / Maria Tereza)"},"geometry":{"type":"Polygon","coordinates":[[[-40.68083,-9.34469],[-40.68116,-9.34307],[-40.68216,-9.34165],[-40.6805,-9.33998],[-40.68056,-9.33942],[-40.67899,-9.3403],[-40.67855,-9.34184],[-40.67848,-9.34341],[-40.67793,-9.34332],[-40.67791,-9.34459],[-40.68083,-9.34469]]]}},{"type":"Feature","properties":{"CD_SETOR":"261110115000110","SITUACAO":"Urbana","NM_BAIRRO":null,"NM_DIST":"Curral Queimado","v0001":358,"v0007":124,"densidade":3142.0321,"taxa_alfab":0.8546,"pct_60m":0.0894,"pop_10_14":20.0,"pop_15_19":32.0,"renda_media":1629.95,"renda_mediana":1212.0,"infra":0.75,"pavimentacao":1.0,"iluminacao":1.0,"calcada":1.0,"onibus":0.2339,"local_id":"83-1554","regiao":"Projetos irrigados (Nilo Coelho / Maria Tereza)"},"geometry":{"type":"Polygon","coordinates":[[[-40.68216,-9.34165],[-40.68159,-9.34228],[-40.68105,-9.34336],[-40.68076,-9.34739],[-40.68249,-9.34742],[-40.68264,-9.34389],[-40.68335,-9.34281],[-40.68216,-9.34165]]]}},{"type":"Feature","properties":{"CD_SETOR":"261110130000001","SITUACAO":"Urbana","NM_BAIRRO":null,"NM_DIST":"Rajada","v0001":426,"v0007":158,"densidade":714.169,"taxa_alfab":0.8928,"pct_60m":0.1972,"pop_10_14":28.0,"pop_15_19":35.0,"renda_media":1858.5,"renda_mediana":1212.0,"infra":0.7102,"pavimentacao":0.8599,"iluminacao":0.9936,"calcada":0.9873,"onibus":0.0191,"local_id":"83-1899","regiao":"Rajada / Cristália"},"geometry":{"type":"Polygon","coordinates":[[[-40.82815,-8.80804],[-40.82743,-8.80927],[-40.82646,-8.80926],[-40.82725,-8.80959],[-40.82696,-8.81068],[-40.82616,-8.81182],[-40.82644,-8.81246],[-40.8261,-8.81449],[-40.82527,-8.81615],[-40.82594,-8.81685],[-40.82783,-8.81799],[-40.83022,-8.81316],[-40.83102,-8.81206],[-40.83449,-8.80933],[-40.8365,-8.80838],[-40.83562,-8.80727],[-40.83386,-8.80588],[-40.83211,-8.80787],[-40.83154,-8.80818],[-40.83092,-8.80819],[-40.83069,-8.80851],[-40.8286,-8.80849],[-40.82815,-8.80804]]]}},{"type":"Feature","properties":{"CD_SETOR":"261110130000003","SITUACAO":"Rural","NM_BAIRRO":null,"NM_DIST":"Rajada","v0001":325,"v0007":119,"densidade":3.3017,"taxa_alfab":0.6654,"pct_60m":0.1877,"pop_10_14":32.0,"pop_15_19":25.0,"renda_media":883.64,"renda_mediana":1212.0,"infra":null,"pavimentacao":null,"iluminacao":null,"calcada":null,"onibus":null,"local_id":"145-1686","regiao":"Rajada / Cristália"},"geometry":{"type":"Polygon","coordinates":[[[-40.73892,-8.70762],[-40.73951,-8.70975],[-40.73932,-8.71025],[-40.7376,-8.71308],[-40.7358,-8.71548],[-40.73611,-8.71986],[-40.7356,-8.72252],[-40.73605,-8.7242],[-40.73623,-8.72615],[-40.73661,-8.72641],[-40.73674,-8.72682],[-40.73677,-8.72877],[-40.73343,-8.73134],[-40.73299,-8.73217],[-40.73273,-8.73523],[-40.73483,-8.73796],[-40.73548,-8.73928],[-40.73541,-8.73955],[-40.7346,-8.73976],[-40.73351,-8.73966],[-40.73304,-8.73936],[-40.73195,-8.7394],[-40.7289,-8.73808],[-40.72845,-8.73762],[-40.7263,-8.73759],[-40.72129,-8.73873],[-40.72112,-8.73902],[-40.72009,-8.73942],[-40.71929,-8.74011],[-40.71897,-8.74056],[-40.71952,-8.74085],[-40.72046,-8.7425],[-40.72133,-8.74322],[-40.72276,-8.74364],[-40.7225,-8.74469],[-40.72137,-8.74548],[-40.72422,-8.7475],[-40.72175,-8.74915],[-40.72123,-8.74909],[-40.72001,-8.74824],[-40.71949,-8.74821],[-40.71643,-8.74853],[-40.71588,-8.74868],[-40.71569,-8.74904],[-40.7157,-8.74963],[-40.71638,-8.75008],[-40.71669,-8.75095],[-40.71783,-8.75185],[-40.71859,-8.752],[-40.71919,-8.75242],[-40.71995,-8.75351],[-40.72017,-8.75583],[-40.72005,-8.75655],[-40.71812,-8.75952],[-40.71531,-8.75939],[-40.71446,-8.7589],[-40.71361,-8.75877],[-40.70988,-8.76054],[-40.70888,-8.76204],[-40.70744,-8.76188],[-40.70444,-8.7607],[-40.70358,-8.76076],[-40.70236,-8.76203],[-40.7022,-8.76275],[-40.70095,-8.76378],[-40.69958,-8.76428],[-40.69903,-8.76505],[-40.69866,-8.76523],[-40.69697,-8.7647],[-40.69534,-8.76376],[-40.69434,-8.76653],[-40.69321,-8.76637],[-40.69167,-8.76727],[-40.69061,-8.76705],[-40.68973,-8.76775],[-40.6898,-8.76808],[-40.69334,-8.76949],[-40.69431,-8.77049],[-40.69347,-8.77271],[-40.6924,-8.77454],[-40.69239,-8.7769],[-40.69018,-8.77684],[-40.68969,-8.77619],[-40.68734,-8.77471],[-40.68637,-8.77346],[-40.68647,-8.77087],[-40.68535,-8.77034],[-40.6843,-8.77035],[-40.68263,-8.77246],[-40.6825,-8.7729],[-40.68145,-8.77317],[-40.68055,-8.77496],[-40.67788,-8.77543],[-40.67729,-8.77586],[-40.67674,-8.77695],[-40.67617,-8.77733],[-40.67542,-8.77846],[-40.67527,-8.77838],[-40.67487,-8.77916],[-40.67422,-8.77874],[-40.67423,-8.77967],[-40.6739,-8.78013],[-40.67386,-8.78101],[-40.67439,-8.78261],[-40.67439,-8.78371],[-40.6741,-8.78441],[-40.67332,-8.78488],[-40.67417,-8.78541],[-40.67452,-8.78512],[-40.67492,-8.78519],[-40.67505,-8.78611],[-40.67586,-8.78672],[-40.6787,-8.78722],[-40.68008,-8.78825],[-40.68447,-8.78927],[-40.68622,-8.78992],[-40.68688,-8.78988],[-40.69397,-8.79112],[-40.69669,-8.79024],[-40.70187,-8.787],[-40.7041,-8.78726],[-40.70672,-8.78853],[-40.71811,-8.79187],[-40.72008,-8.79182],[-40.72066,-8.79136],[-40.72288,-8.79081],[-40.7238,-8.79476],[-40.72442,-8.79932],[-40.7317,-8.79739],[-40.73258,-8.7967],[-40.73674,-8.79511],[-40.73886,-8.79599],[-40.73932,-8.79667],[-40.74092,-8.7975],[-40.75146,-8.79782],[-40.75517,-8.79698],[-40.75948,-8.79507],[-40.76076,-8.79522],[-40.76359,-8.79469],[-40.76503,-8.79419],[-40.76683,-8.79406],[-40.76836,-8.79421],[-40.76912,-8.794],[-40.76935,-8.79374],[-40.76942,-8.79306],[-40.77053,-8.79255],[-40.773,-8.79259],[-40.77729,-8.79313],[-40.78577,-8.79595],[-40.78609,-8.79523],[-40.78981,-8.79201],[-40.79103,-8.79295],[-40.79359,-8.79374],[-40.79572,-8.79409],[-40.8045,-8.7993],[-40.80674,-8.8012],[-40.80859,-8.80487],[-40.80918,-8.80517],[-40.819,-8.80558],[-40.82045,-8.80635],[-40.8197,-8.80499],[-40.81255,-8.7961],[-40.81138,-8.79552],[-40.81021,-8.79528],[-40.80734,-8.7928],[-40.80847,-8.79084],[-40.80866,-8.78737],[-40.80738,-8.78603],[-40.80717,-8.78555],[-40.80653,-8.7823],[-40.80406,-8.7796],[-40.8013,-8.77015],[-40.79654,-8.76662],[-40.79639,-8.76463],[-40.79591,-8.76293],[-40.79474,-8.76108],[-40.79471,-8.76012],[-40.79545,-8.75876],[-40.79564,-8.75666],[-40.79441,-8.75406],[-40.79285,-8.75149],[-40.79137,-8.74981],[-40.78965,-8.74656],[-40.78993,-8.74464],[-40.79048,-8.7435],[-40.79055,-8.74138],[-40.78981,-8.7405],[-40.78908,-8.74009],[-40.7879,-8.73637],[-40.78689,-8.73472],[-40.78425,-8.73228],[-40.78317,-8.73085],[-40.78286,-8.7279],[-40.78008,-8.72545],[-40.78034,-8.72512],[-40.78253,-8.72423],[-40.78104,-8.71601],[-40.78034,-8.71454],[-40.77982,-8.71425],[-40.77779,-8.71151],[-40.77733,-8.70948],[-40.77742,-8.70721],[-40.7757,-8.70353],[-40.77207,-8.70009],[-40.7705,-8.69883],[-40.76923,-8.69828],[-40.76848,-8.69661],[-40.76544,-8.69445],[-40.7642,-8.69339],[-40.76342,-8.69238],[-40.76302,-8.68915],[-40.7644,-8.68597],[-40.76437,-8.68004],[-40.76471,-8.67862],[-40.76506,-8.67354],[-40.7665,-8.6703],[-40.76651,-8.66995],[-40.765,-8.66715],[-40.76532,-8.66447],[-40.76626,-8.66101],[-40.7682,-8.65702],[-40.7687,-8.65452],[-40.76879,-8.65254],[-40.76994,-8.6481],[-40.77352,-8.64231],[-40.77355,-8.6412],[-40.77283,-8.6403],[-40.77442,-8.63961],[-40.75825,-8.6235],[-40.75806,-8.62372],[-40.75861,-8.62516],[-40.76061,-8.62741],[-40.7578,-8.62764],[-40.75558,-8.62734],[-40.75446,-8.62665],[-40.75343,-8.62564],[-40.75267,-8.62642],[-40.75213,-8.62782],[-40.75122,-8.62855],[-40.7505,-8.6288],[-40.75039,-8.62996],[-40.75137,-8.63178],[-40.75107,-8.63273],[-40.75054,-8.6333],[-40.75047,-8.63417],[-40.7506,-8.63443],[-40.75261,-8.63532],[-40.75303,-8.63527],[-40.75374,-8.63587],[-40.75428,-8.6357],[-40.75441,-8.63584],[-40.75415,-8.63613],[-40.75458,-8.6362],[-40.75563,-8.63701],[-40.75572,-8.63739],[-40.75544,-8.63778],[-40.75575,-8.63809],[-40.75617,-8.63829],[-40.75684,-8.63812],[-40.75802,-8.63907],[-40.75871,-8.63914],[-40.75907,-8.63954],[-40.76008,-8.63985],[-40.76387,-8.64027],[-40.76582,-8.64123],[-40.76603,-8.6417],[-40.76463,-8.64604],[-40.76258,-8.64672],[-40.76238,-8.64712],[-40.76113,-8.64812],[-40.76119,-8.64857],[-40.76082,-8.64931],[-40.76092,-8.65021],[-40.76178,-8.65101],[-40.76242,-8.65081],[-40.76355,-8.65091],[-40.7638,-8.65232],[-40.76387,-8.65251],[-40.76427,-8.65244],[-40.76494,-8.65469],[-40.76482,-8.65507],[-40.76515,-8.65548],[-40.76514,-8.65709],[-40.7646,-8.65753],[-40.76366,-8.65775],[-40.7628,-8.65702],[-40.76188,-8.65659],[-40.76107,-8.65558],[-40.76031,-8.65585],[-40.75854,-8.65495],[-40.75813,-8.65527],[-40.75797,-8.65523],[-40.75805,-8.65492],[-40.75747,-8.65485],[-40.75689,-8.65563],[-40.7572,-8.65707],[-40.75711,-8.65863],[-40.7575,-8.65943],[-40.75755,-8.6603],[-40.75733,-8.66098],[-40.7566,-8.66129],[-40.75644,-8.66166],[-40.75695,-8.66204],[-40.75663,-8.66256],[-40.75672,-8.66452],[-40.75724,-8.66635],[-40.75778,-8.66689],[-40.75834,-8.66799],[-40.75907,-8.67107],[-40.76066,-8.67315],[-40.76138,-8.67489],[-40.76128,-8.67525],[-40.7608,-8.67555],[-40.75976,-8.67581],[-40.757,-8.67508],[-40.75433,-8.67575],[-40.75404,-8.67668],[-40.75537,-8.67899],[-40.75465,-8.68084],[-40.75453,-8.68246],[-40.75411,-8.68398],[-40.75425,-8.68429],[-40.75391,-8.6852],[-40.75377,-8.68514],[-40.75274,-8.68654],[-40.75101,-8.68774],[-40.75059,-8.68857],[-40.75089,-8.6901],[-40.75164,-8.69019],[-40.75169,-8.69045],[-40.75115,-8.69118],[-40.7512,-8.69148],[-40.75256,-8.69224],[-40.75327,-8.69364],[-40.75326,-8.69433],[-40.75135,-8.69553],[-40.74921,-8.69615],[-40.74783,-8.69494],[-40.74763,-8.69431],[-40.74519,-8.69908],[-40.74258,-8.69979],[-40.74423,-8.70433],[-40.74402,-8.70542],[-40.74245,-8.70582],[-40.73824,-8.70452],[-40.73762,-8.70446],[-40.73722,-8.70466],[-40.73911,-8.70672],[-40.73892,-8.70762]]]}},{"type":"Feature","properties":{"CD_SETOR":"261110130000004","SITUACAO":"Rural","NM_BAIRRO":null,"NM_DIST":"Rajada","v0001":460,"v0007":169,"densidade":2.8917,"taxa_alfab":0.7876,"pct_60m":0.2152,"pop_10_14":35.0,"pop_15_19":25.0,"renda_media":1071.6,"renda_mediana":1212.0,"infra":null,"pavimentacao":null,"iluminacao":null,"calcada":null,"onibus":null,"local_id":"145-1350","regiao":"Rajada / Cristália"},"geometry":{"type":"Polygon","coordinates":[[[-40.59882,-8.83828],[-40.5983,-8.83989],[-40.59923,-8.84186],[-40.59997,-8.84237],[-40.60093,-8.84263],[-40.60077,-8.84304],[-40.6011,-8.84337],[-40.60241,-8.84382],[-40.6035,-8.84485],[-40.60424,-8.84509],[-40.60513,-8.84513],[-40.60493,-8.84434],[-40.60522,-8.84313],[-40.6065,-8.84337],[-40.60694,-8.84382],[-40.60751,-8.84528],[-40.60965,-8.84915],[-40.61059,-8.84981],[-40.6123,-8.84995],[-40.61361,-8.85047],[-40.61468,-8.85117],[-40.61522,-8.85198],[-40.61391,-8.85486],[-40.61412,-8.85592],[-40.61673,-8.85695],[-40.61822,-8.8571],[-40.61907,-8.85774],[-40.61926,-8.85831],[-40.61896,-8.85918],[-40.61758,-8.86086],[-40.61521,-8.86203],[-40.61468,-8.86209],[-40.61234,-8.86036],[-40.60913,-8.86108],[-40.60561,-8.86114],[-40.60429,-8.86166],[-40.60336,-8.8623],[-40.60313,-8.86453],[-40.60276,-8.86477],[-40.60257,-8.86567],[-40.60208,-8.87092],[-40.60131,-8.87223],[-40.60133,-8.87268],[-40.60245,-8.87312],[-40.60228,-8.87358],[-40.60537,-8.87469],[-40.60689,-8.87717],[-40.60745,-8.87767],[-40.60758,-8.87818],[-40.60922,-8.87914],[-40.61029,-8.87954],[-40.61497,-8.88004],[-40.61603,-8.88071],[-40.6186,-8.88152],[-40.61989,-8.88154],[-40.62075,-8.88094],[-40.62397,-8.87999],[-40.62482,-8.87886],[-40.62523,-8.87777],[-40.62528,-8.87597],[-40.62418,-8.87342],[-40.62375,-8.87316],[-40.62283,-8.87091],[-40.62279,-8.87024],[-40.62324,-8.86969],[-40.62604,-8.86761],[-40.6265,-8.86689],[-40.62671,-8.86624],[-40.62652,-8.86579],[-40.62648,-8.86354],[-40.62669,-8.86195],[-40.62764,-8.86151],[-40.62972,-8.86149],[-40.63066,-8.86165],[-40.63085,-8.86219],[-40.63047,-8.86415],[-40.62864,-8.86751],[-40.62811,-8.86941],[-40.62823,-8.87246],[-40.62889,-8.87338],[-40.62968,-8.87403],[-40.63102,-8.87436],[-40.63414,-8.87382],[-40.63533,-8.87389],[-40.63823,-8.87446],[-40.63953,-8.875],[-40.64238,-8.87653],[-40.64517,-8.87741],[-40.64553,-8.87806],[-40.64575,-8.87953],[-40.64553,-8.8801],[-40.6464,-8.88164],[-40.6479,-8.88172],[-40.64838,-8.88155],[-40.65077,-8.87937],[-40.6516,-8.87777],[-40.65078,-8.87533],[-40.6501,-8.87452],[-40.64889,-8.87371],[-40.64796,-8.87205],[-40.64825,-8.87085],[-40.65047,-8.86913],[-40.6512,-8.869],[-40.65222,-8.86918],[-40.65368,-8.86971],[-40.65545,-8.86943],[-40.65675,-8.86896],[-40.65722,-8.86792],[-40.65686,-8.86629],[-40.65611,-8.86566],[-40.65593,-8.86268],[-40.65618,-8.8605],[-40.65932,-8.85963],[-40.66001,-8.85992],[-40.66057,-8.8612],[-40.65959,-8.86848],[-40.65962,-8.87044],[-40.66152,-8.87134],[-40.6621,-8.87109],[-40.66297,-8.87006],[-40.66485,-8.86949],[-40.66541,-8.86986],[-40.66574,-8.87043],[-40.66634,-8.87225],[-40.66937,-8.87616],[-40.67207,-8.87709],[-40.67653,-8.87752],[-40.67819,-8.87892],[-40.68121,-8.88],[-40.68413,-8.87972],[-40.68843,-8.87771],[-40.68857,-8.87687],[-40.6878,-8.87268],[-40.68787,-8.87066],[-40.68828,-8.87019],[-40.68912,-8.87014],[-40.68983,-8.87048],[-40.69158,-8.87041],[-40.69368,-8.86975],[-40.69459,-8.87007],[-40.69498,-8.87049],[-40.69521,-8.87147],[-40.69438,-8.8754],[-40.69447,-8.87691],[-40.69659,-8.88169],[-40.69718,-8.88283],[-40.69818,-8.88408],[-40.70083,-8.88411],[-40.70407,-8.8831],[-40.70445,-8.88218],[-40.70427,-8.88114],[-40.70541,-8.8804],[-40.70861,-8.87961],[-40.70978,-8.8796],[-40.71096,-8.88075],[-40.71224,-8.88286],[-40.71488,-8.8854],[-40.71664,-8.88685],[-40.71862,-8.88791],[-40.7195,-8.88881],[-40.71998,-8.88885],[-40.72012,-8.88947],[-40.72206,-8.89083],[-40.7249,-8.89105],[-40.72706,-8.89055],[-40.72929,-8.89103],[-40.73491,-8.88981],[-40.73544,-8.88928],[-40.73595,-8.88771],[-40.73483,-8.88604],[-40.73202,-8.88306],[-40.73037,-8.88049],[-40.73001,-8.87956],[-40.72947,-8.87921],[-40.72905,-8.87811],[-40.72693,-8.87137],[-40.72864,-8.86724],[-40.72923,-8.86626],[-40.72998,-8.86554],[-40.73089,-8.86507],[-40.73506,-8.86393],[-40.73705,-8.8627],[-40.74142,-8.85768],[-40.74404,-8.85677],[-40.74635,-8.85626],[-40.74664,-8.85523],[-40.7476,-8.85509],[-40.74911,-8.85445],[-40.7512,-8.85306],[-40.75298,-8.85125],[-40.75618,-8.84633],[-40.75757,-8.84485],[-40.75784,-8.84405],[-40.75771,-8.84331],[-40.75803,-8.8409],[-40.75846,-8.84077],[-40.75932,-8.84003],[-40.75938,-8.8392],[-40.76346,-8.83814],[-40.76477,-8.83802],[-40.76548,-8.83758],[-40.76736,-8.83732],[-40.76878,-8.83736],[-40.77136,-8.83884],[-40.77264,-8.83903],[-40.7735,-8.83873],[-40.77465,-8.83805],[-40.77533,-8.83737],[-40.77656,-8.83547],[-40.77736,-8.83335],[-40.7777,-8.83312],[-40.78082,-8.83327],[-40.78153,-8.83365],[-40.78169,-8.83409],[-40.7834,-8.83462],[-40.78414,-8.83408],[-40.78478,-8.83417],[-40.7855,-8.83313],[-40.78615,-8.83293],[-40.78655,-8.83252],[-40.78783,-8.83079],[-40.78993,-8.8303],[-40.79001,-8.83007],[-40.78969,-8.83008],[-40.7897,-8.82985],[-40.79033,-8.8294],[-40.7912,-8.82938],[-40.79339,-8.82841],[-40.7938,-8.82842],[-40.79573,-8.82719],[-40.796,-8.82677],[-40.79614,-8.82538],[-40.79666,-8.8238],[-40.7982,-8.82371],[-40.80013,-8.82419],[-40.80143,-8.82293],[-40.80279,-8.8224],[-40.8032,-8.82249],[-40.8032,-8.82284],[-40.80385,-8.82286],[-40.80492,-8.82415],[-40.80568,-8.82446],[-40.80655,-8.82536],[-40.80918,-8.82626],[-40.81026,-8.82708],[-40.81047,-8.82764],[-40.81133,-8.82825],[-40.81157,-8.82821],[-40.81202,-8.82878],[-40.8126,-8.82881],[-40.81365,-8.82842],[-40.81588,-8.82701],[-40.81674,-8.82679],[-40.81881,-8.82691],[-40.81969,-8.82717],[-40.82091,-8.8266],[-40.82223,-8.82722],[-40.82236,-8.82467],[-40.8235,-8.82118],[-40.82648,-8.81722],[-40.82527,-8.81615],[-40.8261,-8.81449],[-40.82644,-8.81246],[-40.82616,-8.81182],[-40.82696,-8.81068],[-40.82725,-8.80959],[-40.82516,-8.80848],[-40.82433,-8.8085],[-40.82294,-8.80807],[-40.819,-8.80558],[-40.80918,-8.80517],[-40.80859,-8.80487],[-40.80674,-8.8012],[-40.8045,-8.7993],[-40.79572,-8.79409],[-40.79359,-8.79374],[-40.79103,-8.79295],[-40.78981,-8.79201],[-40.78609,-8.79523],[-40.78577,-8.79595],[-40.77729,-8.79313],[-40.773,-8.79259],[-40.77053,-8.79255],[-40.76942,-8.79306],[-40.76935,-8.79374],[-40.76912,-8.794],[-40.76836,-8.79421],[-40.76683,-8.79406],[-40.76503,-8.79419],[-40.76359,-8.79469],[-40.76076,-8.79522],[-40.75948,-8.79507],[-40.75517,-8.79698],[-40.75146,-8.79782],[-40.74092,-8.7975],[-40.73932,-8.79667],[-40.73886,-8.79599],[-40.73674,-8.79511],[-40.73258,-8.7967],[-40.7317,-8.79739],[-40.72442,-8.79932],[-40.7238,-8.79476],[-40.72288,-8.79081],[-40.72066,-8.79136],[-40.72008,-8.79182],[-40.71811,-8.79187],[-40.70672,-8.78853],[-40.7041,-8.78726],[-40.70187,-8.787],[-40.69669,-8.79024],[-40.69397,-8.79112],[-40.68688,-8.78988],[-40.68622,-8.78992],[-40.68447,-8.78927],[-40.68008,-8.78825],[-40.6787,-8.78722],[-40.67586,-8.78672],[-40.67505,-8.78611],[-40.67492,-8.78519],[-40.67452,-8.78512],[-40.67417,-8.78541],[-40.67332,-8.78488],[-40.67299,-8.78772],[-40.67366,-8.78955],[-40.6717,-8.79409],[-40.67197,-8.79728],[-40.67162,-8.80113],[-40.67055,-8.80193],[-40.66903,-8.80393],[-40.66624,-8.80592],[-40.66507,-8.80575],[-40.66341,-8.8071],[-40.66199,-8.80974],[-40.65909,-8.81051],[-40.65586,-8.81049],[-40.65143,-8.80998],[-40.64689,-8.80857],[-40.64552,-8.80912],[-40.64371,-8.814],[-40.64243,-8.81557],[-40.64111,-8.81663],[-40.63948,-8.81628],[-40.63758,-8.81662],[-40.63659,-8.81638],[-40.63536,-8.81514],[-40.63429,-8.8154],[-40.63313,-8.81644],[-40.63335,-8.81864],[-40.63312,-8.82006],[-40.6318,-8.82041],[-40.62673,-8.81773],[-40.62376,-8.81701],[-40.62191,-8.81688],[-40.61828,-8.81871],[-40.61758,-8.81843],[-40.61332,-8.81933],[-40.61387,-8.82518],[-40.61362,-8.82592],[-40.61075,-8.82676],[-40.61026,-8.82716],[-40.61018,-8.82767],[-40.61082,-8.83034],[-40.61067,-8.83123],[-40.60953,-8.83238],[-40.60493,-8.83252],[-40.60435,-8.83307],[-40.60402,-8.83419],[-40.60451,-8.83461],[-40.60406,-8.83709],[-40.60328,-8.83795],[-40.59882,-8.83828]],[[-40.60638,-8.83778],[-40.60641,-8.83812],[-40.6067,-8.8379],[-40.60693,-8.83817],[-40.60669,-8.83851],[-40.60721,-8.8392],[-40.60579,-8.84005],[-40.60562,-8.83984],[-40.6046,-8.84066],[-40.60422,-8.84023],[-40.60366,-8.84046],[-40.6031,-8.84115],[-40.6028,-8.84102],[-40.60262,-8.84022],[-40.60205,-8.83963],[-40.60205,-8.83901],[-40.60378,-8.83903],[-40.6039,-8.8392],[-40.60638,-8.83778]]]}},{"type":"Feature","properties":{"CD_SETOR":"261110130000005","SITUACAO":"Rural","NM_BAIRRO":null,"NM_DIST":"Rajada","v0001":508,"v0007":183,"densidade":3.3911,"taxa_alfab":0.7794,"pct_60m":0.2264,"pop_10_14":44.0,"pop_15_19":35.0,"renda_media":1029.47,"renda_mediana":1212.0,"infra":null,"pavimentacao":null,"iluminacao":null,"calcada":null,"onibus":null,"local_id":"145-1350","regiao":"Rajada / Cristália"},"geometry":{"type":"Polygon","coordinates":[[[-40.60133,-8.87268],[-40.59964,-8.87362],[-40.59701,-8.87411],[-40.5963,-8.87451],[-40.59647,-8.87642],[-40.59529,-8.88076],[-40.59537,-8.88148],[-40.59504,-8.8833],[-40.59424,-8.88514],[-40.59393,-8.88673],[-40.59306,-8.88821],[-40.59261,-8.88847],[-40.59095,-8.88867],[-40.58732,-8.88745],[-40.58488,-8.88704],[-40.58354,-8.88705],[-40.58181,-8.88733],[-40.58062,-8.88778],[-40.57993,-8.88839],[-40.58018,-8.8895],[-40.58092,-8.88958],[-40.58161,-8.89009],[-40.58178,-8.89299],[-40.58255,-8.89537],[-40.58241,-8.89675],[-40.58255,-8.89971],[-40.58215,-8.902],[-40.57971,-8.90305],[-40.57861,-8.90385],[-40.57811,-8.90487],[-40.57656,-8.90641],[-40.57561,-8.90833],[-40.57533,-8.91046],[-40.57482,-8.91218],[-40.57513,-8.9148],[-40.57585,-8.91735],[-40.57562,-8.91978],[-40.57578,-8.92041],[-40.57608,-8.92056],[-40.57558,-8.92232],[-40.57501,-8.92321],[-40.57515,-8.92489],[-40.57486,-8.92608],[-40.57544,-8.928],[-40.57586,-8.9285],[-40.57576,-8.92967],[-40.57544,-8.93044],[-40.5746,-8.93065],[-40.57647,-8.93082],[-40.57773,-8.93047],[-40.57832,-8.93098],[-40.57867,-8.93101],[-40.57926,-8.93067],[-40.58089,-8.92834],[-40.58172,-8.92776],[-40.58396,-8.92769],[-40.58555,-8.92827],[-40.58854,-8.92742],[-40.58973,-8.92649],[-40.5905,-8.92778],[-40.5914,-8.92829],[-40.59179,-8.92827],[-40.59454,-8.92574],[-40.59635,-8.92819],[-40.59654,-8.92874],[-40.59876,-8.92856],[-40.59989,-8.92759],[-40.60003,-8.92431],[-40.60062,-8.92355],[-40.60148,-8.9229],[-40.60252,-8.92279],[-40.60469,-8.92369],[-40.60476,-8.92395],[-40.60436,-8.9241],[-40.60431,-8.92435],[-40.60536,-8.9257],[-40.60705,-8.92685],[-40.60759,-8.92785],[-40.60816,-8.92829],[-40.61036,-8.92862],[-40.6126,-8.92806],[-40.6153,-8.92899],[-40.61625,-8.92852],[-40.61926,-8.92828],[-40.61974,-8.92796],[-40.6204,-8.92826],[-40.62086,-8.92891],[-40.62044,-8.92915],[-40.6208,-8.92941],[-40.62281,-8.92902],[-40.62321,-8.92862],[-40.62427,-8.9287],[-40.62442,-8.9281],[-40.62518,-8.92754],[-40.62817,-8.92758],[-40.62857,-8.92791],[-40.62989,-8.93022],[-40.6303,-8.9305],[-40.63265,-8.93064],[-40.63376,-8.93139],[-40.63429,-8.93201],[-40.63393,-8.93258],[-40.63364,-8.93262],[-40.63367,-8.93286],[-40.63414,-8.93393],[-40.63447,-8.93419],[-40.63473,-8.93511],[-40.63523,-8.93542],[-40.63537,-8.93615],[-40.63635,-8.93687],[-40.63684,-8.93677],[-40.63744,-8.93705],[-40.63879,-8.93634],[-40.64071,-8.93609],[-40.6413,-8.93551],[-40.64154,-8.93471],[-40.64276,-8.93483],[-40.64287,-8.93403],[-40.6432,-8.93362],[-40.6429,-8.9334],[-40.64412,-8.9328],[-40.64382,-8.93245],[-40.6441,-8.93233],[-40.64591,-8.93274],[-40.64639,-8.93258],[-40.6465,-8.93211],[-40.6476,-8.93182],[-40.64832,-8.93123],[-40.64907,-8.931],[-40.64938,-8.93102],[-40.64917,-8.93147],[-40.64947,-8.93152],[-40.65099,-8.93116],[-40.65336,-8.93123],[-40.65457,-8.93198],[-40.65635,-8.93219],[-40.65686,-8.93269],[-40.65737,-8.93442],[-40.65818,-8.93459],[-40.65875,-8.93596],[-40.65945,-8.93646],[-40.66034,-8.93683],[-40.66086,-8.93674],[-40.66187,-8.9357],[-40.66368,-8.93554],[-40.66448,-8.93736],[-40.66444,-8.93887],[-40.66598,-8.94013],[-40.66692,-8.94023],[-40.66761,-8.94077],[-40.66828,-8.94098],[-40.66889,-8.94067],[-40.6694,-8.94068],[-40.67035,-8.94139],[-40.67139,-8.94136],[-40.67362,-8.94279],[-40.67489,-8.9431],[-40.67505,-8.94357],[-40.67549,-8.94383],[-40.67628,-8.94332],[-40.67749,-8.94429],[-40.67815,-8.94549],[-40.67814,-8.94593],[-40.6776,-8.94674],[-40.67779,-8.94735],[-40.67766,-8.9477],[-40.6782,-8.94867],[-40.67903,-8.94887],[-40.68114,-8.94994],[-40.68181,-8.95045],[-40.68254,-8.95183],[-40.6835,-8.95231],[-40.68459,-8.95246],[-40.68537,-8.95199],[-40.68723,-8.95281],[-40.68792,-8.95268],[-40.68848,-8.95227],[-40.68951,-8.95251],[-40.68982,-8.95224],[-40.69039,-8.95229],[-40.69199,-8.953],[-40.69356,-8.95321],[-40.69366,-8.95345],[-40.69332,-8.95376],[-40.69366,-8.95441],[-40.69428,-8.95495],[-40.69521,-8.95481],[-40.69648,-8.95412],[-40.69664,-8.95368],[-40.69648,-8.95323],[-40.69766,-8.95268],[-40.6981,-8.9527],[-40.69848,-8.9532],[-40.69959,-8.95311],[-40.70009,-8.95327],[-40.7005,-8.95361],[-40.70049,-8.95413],[-40.70159,-8.95475],[-40.70133,-8.95553],[-40.70135,-8.95643],[-40.70162,-8.95652],[-40.70214,-8.95592],[-40.70316,-8.95597],[-40.70363,-8.95719],[-40.70424,-8.95754],[-40.70391,-8.95782],[-40.70532,-8.95849],[-40.70505,-8.95905],[-40.70649,-8.96015],[-40.70807,-8.96068],[-40.70939,-8.96198],[-40.71037,-8.96212],[-40.71052,-8.9623],[-40.71029,-8.96261],[-40.7105,-8.96311],[-40.71123,-8.96351],[-40.71139,-8.96415],[-40.71235,-8.96496],[-40.71277,-8.96496],[-40.71382,-8.96602],[-40.71503,-8.96564],[-40.7148,-8.9653],[-40.71681,-8.9657],[-40.71763,-8.96521],[-40.7178,-8.96445],[-40.7166,-8.96332],[-40.71889,-8.95805],[-40.7198,-8.95856],[-40.72209,-8.95908],[-40.72552,-8.9552],[-40.72627,-8.95396],[-40.76419,-8.8693],[-40.76579,-8.86783],[-40.82047,-8.83183],[-40.82172,-8.83048],[-40.82783,-8.81799],[-40.82648,-8.81722],[-40.82372,-8.82073],[-40.82253,-8.82387],[-40.82219,-8.82579],[-40.82223,-8.82722],[-40.82091,-8.8266],[-40.81969,-8.82717],[-40.81881,-8.82691],[-40.81674,-8.82679],[-40.81588,-8.82701],[-40.81365,-8.82842],[-40.8126,-8.82881],[-40.81202,-8.82878],[-40.81157,-8.82821],[-40.81133,-8.82825],[-40.81047,-8.82764],[-40.81026,-8.82708],[-40.80918,-8.82626],[-40.80655,-8.82536],[-40.80568,-8.82446],[-40.80492,-8.82415],[-40.80385,-8.82286],[-40.8032,-8.82284],[-40.8032,-8.82249],[-40.80279,-8.8224],[-40.80143,-8.82293],[-40.80013,-8.82419],[-40.7982,-8.82371],[-40.79666,-8.8238],[-40.79614,-8.82538],[-40.796,-8.82677],[-40.79573,-8.82719],[-40.7938,-8.82842],[-40.79339,-8.82841],[-40.7912,-8.82938],[-40.79033,-8.8294],[-40.7897,-8.82985],[-40.78969,-8.83008],[-40.79001,-8.83007],[-40.78993,-8.8303],[-40.78783,-8.83079],[-40.78655,-8.83252],[-40.78615,-8.83293],[-40.7855,-8.83313],[-40.78478,-8.83417],[-40.78414,-8.83408],[-40.7834,-8.83462],[-40.78169,-8.83409],[-40.78153,-8.83365],[-40.78082,-8.83327],[-40.7777,-8.83312],[-40.77736,-8.83335],[-40.77656,-8.83547],[-40.77533,-8.83737],[-40.77465,-8.83805],[-40.7735,-8.83873],[-40.77264,-8.83903],[-40.77136,-8.83884],[-40.76878,-8.83736],[-40.76736,-8.83732],[-40.76548,-8.83758],[-40.76477,-8.83802],[-40.76346,-8.83814],[-40.75938,-8.8392],[-40.75932,-8.84003],[-40.75846,-8.84077],[-40.75803,-8.8409],[-40.75771,-8.84331],[-40.75784,-8.84405],[-40.75757,-8.84485],[-40.75618,-8.84633],[-40.75298,-8.85125],[-40.7512,-8.85306],[-40.74911,-8.85445],[-40.7476,-8.85509],[-40.74664,-8.85523],[-40.74635,-8.85626],[-40.74404,-8.85677],[-40.74142,-8.85768],[-40.73705,-8.8627],[-40.73506,-8.86393],[-40.73089,-8.86507],[-40.72998,-8.86554],[-40.72923,-8.86626],[-40.72864,-8.86724],[-40.72707,-8.87075],[-40.72704,-8.87208],[-40.72947,-8.87921],[-40.73001,-8.87956],[-40.73037,-8.88049],[-40.73202,-8.88306],[-40.73483,-8.88604],[-40.73595,-8.88771],[-40.73544,-8.88928],[-40.73491,-8.88981],[-40.73425,-8.89],[-40.72929,-8.89103],[-40.72706,-8.89055],[-40.7249,-8.89105],[-40.72206,-8.89083],[-40.72012,-8.88947],[-40.71998,-8.88885],[-40.7195,-8.88881],[-40.71862,-8.88791],[-40.71664,-8.88685],[-40.71488,-8.8854],[-40.71224,-8.88286],[-40.71096,-8.88075],[-40.70978,-8.8796],[-40.70861,-8.87961],[-40.70541,-8.8804],[-40.70427,-8.88114],[-40.70445,-8.88218],[-40.70407,-8.8831],[-40.70083,-8.88411],[-40.69818,-8.88408],[-40.69718,-8.88283],[-40.69659,-8.88169],[-40.69447,-8.87691],[-40.69438,-8.8754],[-40.69521,-8.87147],[-40.69498,-8.87049],[-40.69459,-8.87007],[-40.69368,-8.86975],[-40.69158,-8.87041],[-40.68983,-8.87048],[-40.68912,-8.87014],[-40.68828,-8.87019],[-40.68787,-8.87066],[-40.6878,-8.87268],[-40.68857,-8.87687],[-40.68843,-8.87771],[-40.68413,-8.87972],[-40.68121,-8.88],[-40.67819,-8.87892],[-40.67653,-8.87752],[-40.67336,-8.87733],[-40.6705,-8.87663],[-40.66937,-8.87616],[-40.66767,-8.87414],[-40.66701,-8.87291],[-40.66634,-8.87225],[-40.66625,-8.87159],[-40.66541,-8.86986],[-40.66485,-8.86949],[-40.66297,-8.87006],[-40.6621,-8.87109],[-40.66152,-8.87134],[-40.65962,-8.87044],[-40.65959,-8.86848],[-40.66057,-8.8612],[-40.66001,-8.85992],[-40.65932,-8.85963],[-40.65618,-8.8605],[-40.65593,-8.86268],[-40.65611,-8.86566],[-40.65686,-8.86629],[-40.65722,-8.86792],[-40.65675,-8.86896],[-40.65545,-8.86943],[-40.65368,-8.86971],[-40.65222,-8.86918],[-40.6512,-8.869],[-40.65047,-8.86913],[-40.64825,-8.87085],[-40.64796,-8.87205],[-40.64889,-8.87371],[-40.6501,-8.87452],[-40.65078,-8.87533],[-40.6516,-8.87777],[-40.65077,-8.87937],[-40.64838,-8.88155],[-40.6479,-8.88172],[-40.6464,-8.88164],[-40.64553,-8.8801],[-40.64575,-8.87953],[-40.64553,-8.87806],[-40.64517,-8.87741],[-40.64238,-8.87653],[-40.63823,-8.87446],[-40.63414,-8.87382],[-40.63102,-8.87436],[-40.62968,-8.87403],[-40.62889,-8.87338],[-40.62823,-8.87246],[-40.62811,-8.86941],[-40.62864,-8.86751],[-40.63047,-8.86415],[-40.63085,-8.86219],[-40.63066,-8.86165],[-40.62764,-8.86151],[-40.62669,-8.86195],[-40.62648,-8.86354],[-40.62652,-8.86579],[-40.62671,-8.86624],[-40.6265,-8.86689],[-40.62604,-8.86761],[-40.62324,-8.86969],[-40.62279,-8.87024],[-40.62283,-8.87091],[-40.62375,-8.87316],[-40.62418,-8.87342],[-40.62528,-8.87597],[-40.62523,-8.87777],[-40.62482,-8.87886],[-40.62397,-8.87999],[-40.62282,-8.88044],[-40.62075,-8.88094],[-40.61989,-8.88154],[-40.6186,-8.88152],[-40.61603,-8.88071],[-40.61497,-8.88004],[-40.61029,-8.87954],[-40.60758,-8.87818],[-40.60745,-8.87767],[-40.60689,-8.87717],[-40.60537,-8.87469],[-40.60228,-8.87358],[-40.60245,-8.87312],[-40.60133,-8.87268]]]}},{"type":"Feature","properties":{"CD_SETOR":"261110130000006","SITUACAO":"Rural","NM_BAIRRO":null,"NM_DIST":"Rajada","v0001":387,"v0007":135,"densidade":579.8866,"taxa_alfab":0.8414,"pct_60m":0.1447,"pop_10_14":36.0,"pop_15_19":24.0,"renda_media":1328.3,"renda_mediana":1200.0,"infra":null,"pavimentacao":null,"iluminacao":null,"calcada":null,"onibus":null,"local_id":"83-1503","regiao":"Rajada / Cristália"},"geometry":{"type":"Polygon","coordinates":[[[-40.71681,-8.9657],[-40.7184,-8.96593],[-40.71903,-8.96745],[-40.71963,-8.96727],[-40.72234,-8.96787],[-40.72252,-8.96774],[-40.72262,-8.96535],[-40.7233,-8.96516],[-40.72312,-8.96474],[-40.7263,-8.96096],[-40.72306,-8.95913],[-40.72136,-8.959],[-40.7198,-8.95856],[-40.71889,-8.95805],[-40.7166,-8.96332],[-40.7178,-8.96445],[-40.71763,-8.96521],[-40.71681,-8.9657]]]}},{"type":"Feature","properties":{"CD_SETOR":"261110130000007","SITUACAO":"Rural","NM_BAIRRO":null,"NM_DIST":"Rajada","v0001":655,"v0007":248,"densidade":1.9645,"taxa_alfab":0.745,"pct_60m":0.2779,"pop_10_14":38.0,"pop_15_19":44.0,"renda_media":1268.19,"renda_mediana":1212.0,"infra":null,"pavimentacao":null,"iluminacao":null,"calcada":null,"onibus":null,"local_id":"83-1503","regiao":"Rajada / Cristália"},"geometry":{"type":"Polygon","coordinates":[[[-40.82801,-8.81769],[-40.82172,-8.83048],[-40.82047,-8.83183],[-40.76579,-8.86783],[-40.76419,-8.8693],[-40.72627,-8.95396],[-40.72552,-8.9552],[-40.72209,-8.95908],[-40.72306,-8.95913],[-40.7263,-8.96096],[-40.72312,-8.96474],[-40.7233,-8.96516],[-40.72262,-8.96535],[-40.72252,-8.96774],[-40.72234,-8.96787],[-40.71944,-8.96725],[-40.71929,-8.97161],[-40.71959,-8.97408],[-40.71949,-8.97486],[-40.71862,-8.97689],[-40.71866,-8.9774],[-40.71888,-8.97794],[-40.71993,-8.97836],[-40.72011,-8.98142],[-40.7209,-8.98445],[-40.72247,-8.98698],[-40.72558,-8.99063],[-40.72573,-8.99154],[-40.72674,-8.99374],[-40.72673,-8.99549],[-40.72918,-9.00078],[-40.72954,-9.00223],[-40.72943,-9.00358],[-40.73036,-9.00687],[-40.73089,-9.0072],[-40.73214,-9.00707],[-40.73304,-9.00739],[-40.73655,-9.01264],[-40.73959,-9.01418],[-40.74229,-9.01707],[-40.74415,-9.01842],[-40.74733,-9.01941],[-40.74932,-9.02187],[-40.75006,-9.02342],[-40.7509,-9.0261],[-40.75081,-9.03137],[-40.7525,-9.03136],[-40.75383,-9.03229],[-40.75395,-9.03292],[-40.75314,-9.03415],[-40.7539,-9.03723],[-40.75386,-9.03774],[-40.75434,-9.03862],[-40.75684,-9.04135],[-40.75788,-9.04385],[-40.75796,-9.04537],[-40.75835,-9.04654],[-40.76192,-9.05212],[-40.76276,-9.0528],[-40.76434,-9.0559],[-40.7645,-9.0572],[-40.765,-9.05854],[-40.76503,-9.05991],[-40.76369,-9.06225],[-40.76278,-9.06478],[-40.76052,-9.06897],[-40.76046,-9.06941],[-40.76102,-9.07021],[-40.76278,-9.07179],[-40.7645,-9.07463],[-40.76443,-9.07683],[-40.7628,-9.08281],[-40.76325,-9.0841],[-40.76435,-9.08476],[-40.76456,-9.08542],[-40.76602,-9.08776],[-40.76725,-9.08699],[-40.76787,-9.08842],[-40.76769,-9.0886],[-40.76835,-9.08931],[-40.76994,-9.09769],[-40.77211,-9.10133],[-40.77279,-9.10182],[-40.77509,-9.10088],[-40.77726,-9.10067],[-40.77979,-9.10142],[-40.78368,-9.10439],[-40.7861,-9.10519],[-40.78745,-9.10407],[-40.78759,-9.10063],[-40.78946,-9.09895],[-40.79378,-9.09872],[-40.79892,-9.0992],[-40.8041,-9.09834],[-40.80887,-9.09369],[-40.80982,-9.09228],[-40.81076,-9.08595],[-40.81196,-9.0844],[-40.81319,-9.08317],[-40.8184,-9.08218],[-40.82007,-9.08126],[-40.82101,-9.07989],[-40.82132,-9.07808],[-40.82106,-9.07616],[-40.81915,-9.06909],[-40.82114,-9.0654],[-40.82359,-9.06211],[-40.8242,-9.05737],[-40.82307,-9.05198],[-40.8253,-9.04564],[-40.82491,-9.03998],[-40.82523,-9.03819],[-40.82637,-9.03681],[-40.82996,-9.03399],[-40.83221,-9.03116],[-40.83204,-9.02983],[-40.83024,-9.0267],[-40.83145,-9.02396],[-40.83281,-9.02307],[-40.83422,-9.02099],[-40.83496,-9.01462],[-40.83437,-9.01052],[-40.83501,-9.00869],[-40.83684,-9.00562],[-40.84135,-9.00199],[-40.84196,-9.00058],[-40.84466,-8.99761],[-40.84596,-8.99685],[-40.84684,-8.99554],[-40.84778,-8.99164],[-40.84959,-8.98881],[-40.85196,-8.98258],[-40.85211,-8.98047],[-40.85105,-8.95756],[-40.85101,-8.95424],[-40.8516,-8.9525],[-40.85274,-8.95121],[-40.85554,-8.94947],[-40.85878,-8.94922],[-40.86132,-8.94802],[-40.86332,-8.94272],[-40.86552,-8.93227],[-40.8654,-8.92682],[-40.86628,-8.92339],[-40.86897,-8.92107],[-40.87254,-8.91907],[-40.87831,-8.91743],[-40.88123,-8.91563],[-40.88202,-8.91364],[-40.88218,-8.90954],[-40.88344,-8.90486],[-40.88539,-8.9024],[-40.88888,-8.89898],[-40.89301,-8.89117],[-40.89504,-8.88909],[-40.89546,-8.88389],[-40.89674,-8.8807],[-40.8964,-8.87103],[-40.89685,-8.87005],[-40.90151,-8.8665],[-40.90266,-8.86055],[-40.89498,-8.85781],[-40.88503,-8.85388],[-40.8782,-8.85153],[-40.87598,-8.85129],[-40.87011,-8.85126],[-40.86594,-8.85192],[-40.86306,-8.85114],[-40.85475,-8.84395],[-40.85433,-8.84278],[-40.85425,-8.84127],[-40.85358,-8.83822],[-40.85272,-8.8352],[-40.84927,-8.8317],[-40.84915,-8.83088],[-40.84803,-8.8293],[-40.84712,-8.8292],[-40.84656,-8.82878],[-40.8425,-8.82498],[-40.8405,-8.82187],[-40.83841,-8.81932],[-40.83721,-8.82039],[-40.83342,-8.82023],[-40.82801,-8.81769]]]}},{"type":"Feature","properties":{"CD_SETOR":"261110130000008","SITUACAO":"Rural","NM_BAIRRO":null,"NM_DIST":"Rajada","v0001":341,"v0007":124,"densidade":4.1589,"taxa_alfab":0.7862,"pct_60m":0.217,"pop_10_14":30.0,"pop_15_19":23.0,"renda_media":1127.51,"renda_mediana":1212.0,"infra":null,"pavimentacao":null,"iluminacao":null,"calcada":null,"onibus":null,"local_id":"83-1716","regiao":"Rajada / Cristália"},"geometry":{"type":"Polygon","coordinates":[[[-40.83986,-8.8076],[-40.84022,-8.80809],[-40.84195,-8.81458],[-40.83996,-8.81542],[-40.83811,-8.81575],[-40.83775,-8.81749],[-40.83802,-8.81779],[-40.83809,-8.81898],[-40.8405,-8.82187],[-40.8425,-8.82498],[-40.84656,-8.82878],[-40.84712,-8.8292],[-40.84803,-8.8293],[-40.84915,-8.83088],[-40.84927,-8.8317],[-40.85272,-8.8352],[-40.85358,-8.83822],[-40.85425,-8.84127],[-40.85433,-8.84278],[-40.85475,-8.84395],[-40.86262,-8.85084],[-40.86536,-8.85187],[-40.87044,-8.85125],[-40.87598,-8.85129],[-40.8782,-8.85153],[-40.88503,-8.85388],[-40.89498,-8.85781],[-40.90266,-8.86055],[-40.90304,-8.85862],[-40.9069,-8.85686],[-40.91498,-8.84952],[-40.91696,-8.84453],[-40.91846,-8.83888],[-40.91924,-8.83718],[-40.92134,-8.83543],[-40.92424,-8.83539],[-40.92728,-8.83589],[-40.93103,-8.8372],[-40.94638,-8.845],[-40.9484,-8.84485],[-40.9516,-8.84353],[-40.95486,-8.84388],[-40.95904,-8.84198],[-40.95639,-8.83744],[-40.9531,-8.83462],[-40.95098,-8.83188],[-40.94839,-8.83044],[-40.94446,-8.82448],[-40.94435,-8.82326],[-40.94294,-8.82018],[-40.94171,-8.81381],[-40.94381,-8.80917],[-40.94213,-8.80339],[-40.9425,-8.80155],[-40.94228,-8.79685],[-40.94356,-8.79307],[-40.94282,-8.79035],[-40.94448,-8.78808],[-40.94356,-8.78637],[-40.94214,-8.78535],[-40.94118,-8.78226],[-40.93955,-8.78027],[-40.93894,-8.77861],[-40.93794,-8.77756],[-40.9348,-8.77693],[-40.93332,-8.77463],[-40.93004,-8.77289],[-40.92933,-8.77112],[-40.93032,-8.7691],[-40.92999,-8.76845],[-40.92869,-8.7683],[-40.92621,-8.7696],[-40.92573,-8.7703],[-40.92566,-8.77351],[-40.92448,-8.77416],[-40.9199,-8.77205],[-40.9182,-8.77234],[-40.91119,-8.77586],[-40.89349,-8.75822],[-40.89354,-8.75844],[-40.87972,-8.78136],[-40.87684,-8.78844],[-40.87558,-8.79009],[-40.8612,-8.80241],[-40.85938,-8.80311],[-40.83986,-8.8076]]]}},{"type":"Feature","properties":{"CD_SETOR":"261110130000009","SITUACAO":"Rural","NM_BAIRRO":null,"NM_DIST":"Rajada","v0001":184,"v0007":73,"densidade":5.6325,"taxa_alfab":0.7407,"pct_60m":0.2663,"pop_10_14":11.0,"pop_15_19":19.0,"renda_media":1211.59,"renda_mediana":1212.0,"infra":null,"pavimentacao":null,"iluminacao":null,"calcada":null,"onibus":null,"local_id":"83-1716","regiao":"Rajada / Cristália"},"geometry":{"type":"Polygon","coordinates":[[[-40.85253,-8.73618],[-40.85163,-8.73769],[-40.85198,-8.73983],[-40.85185,-8.74098],[-40.85114,-8.74423],[-40.85149,-8.74544],[-40.8512,-8.74694],[-40.8512,-8.7488],[-40.85158,-8.75026],[-40.85013,-8.75139],[-40.8496,-8.7529],[-40.84926,-8.75399],[-40.8484,-8.76045],[-40.84846,-8.76166],[-40.84975,-8.76366],[-40.85,-8.76439],[-40.84742,-8.76735],[-40.8471,-8.76834],[-40.84586,-8.76991],[-40.84521,-8.77288],[-40.84383,-8.7733],[-40.84316,-8.77373],[-40.84288,-8.77426],[-40.84256,-8.77505],[-40.84224,-8.77733],[-40.83898,-8.78473],[-40.83877,-8.78596],[-40.83685,-8.7883],[-40.8361,-8.78976],[-40.83501,-8.79093],[-40.83427,-8.79285],[-40.83293,-8.79535],[-40.83314,-8.79691],[-40.83273,-8.79782],[-40.83149,-8.7993],[-40.82799,-8.80104],[-40.8276,-8.8029],[-40.82817,-8.8055],[-40.82833,-8.80727],[-40.82815,-8.80804],[-40.8286,-8.80849],[-40.83069,-8.80851],[-40.83092,-8.80819],[-40.83154,-8.80818],[-40.83249,-8.80755],[-40.83386,-8.80588],[-40.83562,-8.80727],[-40.8365,-8.80838],[-40.85938,-8.80311],[-40.8612,-8.80241],[-40.86213,-8.80175],[-40.87631,-8.78927],[-40.877,-8.78808],[-40.87972,-8.78136],[-40.89354,-8.75844],[-40.8552,-8.72008],[-40.85243,-8.72254],[-40.85348,-8.72387],[-40.85407,-8.72412],[-40.85519,-8.72516],[-40.85622,-8.72684],[-40.85658,-8.72933],[-40.8558,-8.73128],[-40.85577,-8.73469],[-40.8551,-8.73572],[-40.85443,-8.73602],[-40.85253,-8.73618]]]}},{"type":"Feature","properties":{"CD_SETOR":"261110130000010","SITUACAO":"Rural","NM_BAIRRO":null,"NM_DIST":"Rajada","v0001":267,"v0007":108,"densidade":4.2293,"taxa_alfab":0.7273,"pct_60m":0.1873,"pop_10_14":24.0,"pop_15_19":20.0,"renda_media":910.52,"renda_mediana":1212.0,"infra":null,"pavimentacao":null,"iluminacao":null,"calcada":null,"onibus":null,"local_id":"83-1899","regiao":"Rajada / Cristália"},"geometry":{"type":"Polygon","coordinates":[[[-40.79564,-8.75666],[-40.80332,-8.75406],[-40.80365,-8.75323],[-40.80475,-8.7519],[-40.8051,-8.74922],[-40.80545,-8.74923],[-40.80778,-8.74747],[-40.80927,-8.74444],[-40.81092,-8.74446],[-40.81093,-8.74395],[-40.81502,-8.74378],[-40.8153,-8.74341],[-40.81707,-8.74354],[-40.81711,-8.74254],[-40.82093,-8.74209],[-40.82399,-8.73938],[-40.82467,-8.73953],[-40.82582,-8.74035],[-40.82614,-8.74029],[-40.82698,-8.73982],[-40.82827,-8.7383],[-40.82883,-8.73853],[-40.82975,-8.73819],[-40.8319,-8.73604],[-40.83598,-8.73504],[-40.8373,-8.73401],[-40.83818,-8.73292],[-40.83901,-8.7324],[-40.84339,-8.73359],[-40.84504,-8.7333],[-40.8464,-8.73445],[-40.84891,-8.7351],[-40.85029,-8.73583],[-40.85092,-8.73574],[-40.85169,-8.73613],[-40.85199,-8.73695],[-40.85253,-8.73618],[-40.85443,-8.73602],[-40.8551,-8.73572],[-40.85577,-8.73469],[-40.8558,-8.73128],[-40.85658,-8.72933],[-40.85622,-8.72684],[-40.85519,-8.72516],[-40.85407,-8.72412],[-40.85348,-8.72387],[-40.85243,-8.72254],[-40.8552,-8.72008],[-40.77442,-8.63961],[-40.77283,-8.6403],[-40.77355,-8.6412],[-40.77352,-8.64231],[-40.76994,-8.6481],[-40.76879,-8.65254],[-40.7687,-8.65452],[-40.7682,-8.65702],[-40.76626,-8.66101],[-40.76532,-8.66447],[-40.765,-8.66715],[-40.76651,-8.66995],[-40.7665,-8.6703],[-40.76506,-8.67354],[-40.76471,-8.67862],[-40.76437,-8.68004],[-40.76447,-8.6854],[-40.7644,-8.68597],[-40.76302,-8.68915],[-40.76326,-8.69189],[-40.7642,-8.69339],[-40.76848,-8.69661],[-40.76923,-8.69828],[-40.7705,-8.69883],[-40.77207,-8.70009],[-40.7757,-8.70353],[-40.77742,-8.70721],[-40.77733,-8.70948],[-40.77779,-8.71151],[-40.77982,-8.71425],[-40.78034,-8.71454],[-40.78104,-8.71601],[-40.78253,-8.72423],[-40.78034,-8.72512],[-40.78008,-8.72545],[-40.78286,-8.7279],[-40.78317,-8.73085],[-40.78425,-8.73228],[-40.78689,-8.73472],[-40.7879,-8.73637],[-40.78908,-8.74009],[-40.78981,-8.7405],[-40.79055,-8.74138],[-40.79048,-8.7435],[-40.78993,-8.74464],[-40.78965,-8.74656],[-40.79137,-8.74981],[-40.79285,-8.75149],[-40.79441,-8.75406],[-40.79564,-8.75666]]]}},{"type":"Feature","properties":{"CD_SETOR":"261110130000013","SITUACAO":"Rural","NM_BAIRRO":null,"NM_DIST":"Rajada","v0001":290,"v0007":106,"densidade":2.1319,"taxa_alfab":0.7273,"pct_60m":0.2241,"pop_10_14":25.0,"pop_15_19":27.0,"renda_media":989.7,"renda_mediana":1212.0,"infra":null,"pavimentacao":null,"iluminacao":null,"calcada":null,"onibus":null,"local_id":"145-1694","regiao":"Rajada / Cristália"},"geometry":{"type":"Polygon","coordinates":[[[-40.52377,-8.74838],[-40.52466,-8.74906],[-40.52723,-8.74963],[-40.52834,-8.75015],[-40.52941,-8.75111],[-40.53277,-8.75573],[-40.53463,-8.75943],[-40.53753,-8.76266],[-40.538,-8.76421],[-40.53859,-8.76484],[-40.54056,-8.76566],[-40.54125,-8.76717],[-40.54188,-8.76757],[-40.54388,-8.76759],[-40.54459,-8.76794],[-40.54497,-8.76843],[-40.5444,-8.77221],[-40.54454,-8.77304],[-40.54542,-8.77454],[-40.5455,-8.77751],[-40.54591,-8.77948],[-40.54804,-8.78081],[-40.54802,-8.7839],[-40.54836,-8.78556],[-40.54951,-8.78895],[-40.54966,-8.7901],[-40.5493,-8.79326],[-40.54968,-8.79576],[-40.54946,-8.79821],[-40.54961,-8.80043],[-40.55028,-8.80227],[-40.55366,-8.80568],[-40.55485,-8.80756],[-40.55521,-8.80955],[-40.55819,-8.80992],[-40.56058,-8.80958],[-40.56369,-8.80976],[-40.56725,-8.80868],[-40.57028,-8.80974],[-40.57482,-8.80963],[-40.57839,-8.80979],[-40.58267,-8.81243],[-40.58588,-8.81242],[-40.59042,-8.81107],[-40.59647,-8.81104],[-40.60072,-8.81477],[-40.60112,-8.8141],[-40.60119,-8.81308],[-40.60098,-8.8126],[-40.59901,-8.81051],[-40.59875,-8.80981],[-40.59903,-8.80895],[-40.60044,-8.80738],[-40.60283,-8.80714],[-40.60417,-8.80657],[-40.60452,-8.80586],[-40.60446,-8.80523],[-40.6037,-8.80337],[-40.60385,-8.80267],[-40.60469,-8.80122],[-40.6068,-8.7992],[-40.60716,-8.79853],[-40.6066,-8.79568],[-40.60462,-8.78863],[-40.60497,-8.78708],[-40.60546,-8.78656],[-40.60635,-8.78631],[-40.60819,-8.78631],[-40.60929,-8.78668],[-40.61046,-8.78849],[-40.61083,-8.78973],[-40.61141,-8.79048],[-40.61238,-8.79122],[-40.61322,-8.79149],[-40.61403,-8.79129],[-40.615,-8.79012],[-40.61552,-8.78723],[-40.61585,-8.78669],[-40.61833,-8.78489],[-40.61954,-8.7817],[-40.62257,-8.77747],[-40.62231,-8.77592],[-40.62172,-8.77464],[-40.62167,-8.77338],[-40.6224,-8.77119],[-40.62234,-8.76943],[-40.62085,-8.76713],[-40.62098,-8.76613],[-40.62175,-8.76531],[-40.62194,-8.75902],[-40.62141,-8.75763],[-40.62079,-8.75717],[-40.6194,-8.75667],[-40.61828,-8.75658],[-40.61755,-8.75599],[-40.61607,-8.75547],[-40.61406,-8.75552],[-40.61344,-8.75616],[-40.61257,-8.75924],[-40.61209,-8.75986],[-40.61137,-8.76026],[-40.61005,-8.76018],[-40.60957,-8.75959],[-40.60857,-8.75624],[-40.60853,-8.75467],[-40.61036,-8.75117],[-40.61099,-8.75055],[-40.61239,-8.74752],[-40.61166,-8.74616],[-40.60986,-8.74479],[-40.60911,-8.7436],[-40.60906,-8.74306],[-40.60933,-8.74229],[-40.60985,-8.74166],[-40.61045,-8.74123],[-40.61117,-8.74113],[-40.61183,-8.74057],[-40.61182,-8.73986],[-40.61074,-8.73852],[-40.61045,-8.73781],[-40.6109,-8.73577],[-40.61194,-8.73356],[-40.61189,-8.73279],[-40.61145,-8.73179],[-40.60943,-8.73013],[-40.60718,-8.73052],[-40.60681,-8.72997],[-40.60714,-8.72788],[-40.60816,-8.7251],[-40.60789,-8.72328],[-40.60614,-8.723],[-40.60327,-8.72122],[-40.60075,-8.72125],[-40.5995,-8.72013],[-40.59761,-8.71909],[-40.59522,-8.71881],[-40.59459,-8.71827],[-40.59409,-8.71498],[-40.5941,-8.71414],[-40.59482,-8.71193],[-40.59443,-8.71091],[-40.59371,-8.71092],[-40.59215,-8.71233],[-40.58941,-8.71069],[-40.58652,-8.70548],[-40.58355,-8.70242],[-40.58136,-8.70082],[-40.58029,-8.69938],[-40.58026,-8.69754],[-40.58067,-8.69669],[-40.58352,-8.69517],[-40.5843,-8.69437],[-40.58438,-8.69303],[-40.58408,-8.69234],[-40.58234,-8.69026],[-40.58098,-8.68995],[-40.57925,-8.68986],[-40.57871,-8.68961],[-40.57664,-8.68525],[-40.57649,-8.68383],[-40.57724,-8.68344],[-40.5787,-8.68342],[-40.58265,-8.68062],[-40.58289,-8.67991],[-40.58269,-8.67961],[-40.58193,-8.67929],[-40.57959,-8.6791],[-40.57701,-8.67845],[-40.57562,-8.67597],[-40.57563,-8.67471],[-40.57875,-8.67351],[-40.57978,-8.67202],[-40.58016,-8.66868],[-40.57926,-8.66726],[-40.53471,-8.6605],[-40.53211,-8.66116],[-40.53083,-8.66187],[-40.52996,-8.66268],[-40.52956,-8.66334],[-40.52997,-8.66502],[-40.52945,-8.66643],[-40.52814,-8.66793],[-40.52744,-8.66836],[-40.52589,-8.66846],[-40.52183,-8.66803],[-40.52107,-8.66829],[-40.51959,-8.66947],[-40.51822,-8.67138],[-40.51655,-8.6729],[-40.5151,-8.67334],[-40.51161,-8.67503],[-40.50776,-8.67564],[-40.50362,-8.67757],[-40.50079,-8.6786],[-40.50001,-8.67923],[-40.49976,-8.68072],[-40.50036,-8.68377],[-40.50037,-8.69757],[-40.50123,-8.69797],[-40.50285,-8.69925],[-40.50343,-8.70006],[-40.50428,-8.70379],[-40.50486,-8.70509],[-40.50777,-8.70814],[-40.5095,-8.71114],[-40.50995,-8.71335],[-40.51009,-8.71676],[-40.5108,-8.71815],[-40.51135,-8.72037],[-40.5119,-8.72123],[-40.51294,-8.72221],[-40.51331,-8.72297],[-40.51425,-8.72639],[-40.5151,-8.72761],[-40.51581,-8.73027],[-40.51533,-8.73357],[-40.51548,-8.73813],[-40.51587,-8.73884],[-40.51767,-8.74084],[-40.51905,-8.74314],[-40.52128,-8.74471],[-40.52377,-8.74838]],[[-40.56325,-8.67339],[-40.56795,-8.67488],[-40.56852,-8.67384],[-40.56881,-8.67392],[-40.56827,-8.67534],[-40.56915,-8.67604],[-40.56986,-8.67775],[-40.5675,-8.67636],[-40.56715,-8.67692],[-40.56528,-8.67635],[-40.56444,-8.67812],[-40.56351,-8.67748],[-40.56193,-8.67683],[-40.56325,-8.67339]]]}},{"type":"Feature","properties":{"CD_SETOR":"261110130000014","SITUACAO":"Rural","NM_BAIRRO":null,"NM_DIST":"Rajada","v0001":270,"v0007":98,"densidade":1191.3447,"taxa_alfab":0.7946,"pct_60m":0.1556,"pop_10_14":14.0,"pop_15_19":29.0,"renda_media":1452.5,"renda_mediana":1212.0,"infra":null,"pavimentacao":null,"iluminacao":null,"calcada":null,"onibus":null,"local_id":"145-1376","regiao":"Rajada / Cristália"},"geometry":{"type":"Polygon","coordinates":[[[-40.56325,-8.67339],[-40.56193,-8.67683],[-40.56351,-8.67748],[-40.56444,-8.67812],[-40.56528,-8.67635],[-40.56715,-8.67692],[-40.5675,-8.67636],[-40.56986,-8.67775],[-40.56915,-8.67604],[-40.56827,-8.67534],[-40.56881,-8.67392],[-40.56852,-8.67384],[-40.56795,-8.67488],[-40.56325,-8.67339]]]}},{"type":"Feature","properties":{"CD_SETOR":"261110130000015","SITUACAO":"Rural","NM_BAIRRO":null,"NM_DIST":"Rajada","v0001":176,"v0007":67,"densidade":1863.7644,"taxa_alfab":0.8014,"pct_60m":0.2159,"pop_10_14":14.0,"pop_15_19":10.0,"renda_media":1276.06,"renda_mediana":1212.0,"infra":null,"pavimentacao":null,"iluminacao":null,"calcada":null,"onibus":null,"local_id":"145-1350","regiao":"Rajada / Cristália"},"geometry":{"type":"Polygon","coordinates":[[[-40.60638,-8.83778],[-40.6039,-8.8392],[-40.60378,-8.83903],[-40.60205,-8.83901],[-40.60205,-8.83963],[-40.60262,-8.84022],[-40.6028,-8.84102],[-40.6031,-8.84115],[-40.60366,-8.84046],[-40.60422,-8.84023],[-40.6046,-8.84066],[-40.60562,-8.83984],[-40.60579,-8.84005],[-40.60721,-8.8392],[-40.60669,-8.83851],[-40.60693,-8.83817],[-40.6067,-8.8379],[-40.60641,-8.83812],[-40.60638,-8.83778]]]}},{"type":"Feature","properties":{"CD_SETOR":"261110130000016","SITUACAO":"Rural","NM_BAIRRO":null,"NM_DIST":"Rajada","v0001":106,"v0007":40,"densidade":2.7036,"taxa_alfab":0.8652,"pct_60m":0.2264,"pop_10_14":7.0,"pop_15_19":12.0,"renda_media":1241.13,"renda_mediana":1212.0,"infra":null,"pavimentacao":null,"iluminacao":null,"calcada":null,"onibus":null,"local_id":"145-1600","regiao":"Rajada / Cristália"},"geometry":{"type":"Polygon","coordinates":[[[-40.60366,-9.10376],[-40.60401,-9.1038],[-40.60433,-9.10474],[-40.60455,-9.10485],[-40.60794,-9.1048],[-40.60902,-9.10334],[-40.6091,-9.10239],[-40.60947,-9.10208],[-40.61019,-9.10225],[-40.61121,-9.10323],[-40.61189,-9.10338],[-40.61243,-9.10243],[-40.61286,-9.10068],[-40.61393,-9.09982],[-40.6147,-9.09964],[-40.61508,-9.10096],[-40.61515,-9.10225],[-40.61536,-9.10251],[-40.61737,-9.10279],[-40.61822,-9.10236],[-40.6185,-9.10249],[-40.61851,-9.10449],[-40.6195,-9.10481],[-40.62295,-9.10709],[-40.62339,-9.1058],[-40.62453,-9.10519],[-40.62438,-9.10459],[-40.62391,-9.10431],[-40.62397,-9.10376],[-40.62498,-9.10319],[-40.62615,-9.10302],[-40.62737,-9.10336],[-40.62844,-9.10265],[-40.62951,-9.10268],[-40.63186,-9.10172],[-40.6328,-9.10221],[-40.63292,-9.10246],[-40.63264,-9.10292],[-40.63376,-9.10341],[-40.63428,-9.10328],[-40.63536,-9.10175],[-40.63527,-9.10107],[-40.63554,-9.10062],[-40.63756,-9.09976],[-40.6376,-9.09956],[-40.6372,-9.09922],[-40.63738,-9.09881],[-40.63879,-9.09801],[-40.63965,-9.09783],[-40.63985,-9.09703],[-40.64114,-9.097],[-40.64134,-9.09738],[-40.64168,-9.09738],[-40.64207,-9.0968],[-40.64213,-9.09568],[-40.64234,-9.09549],[-40.64305,-9.09504],[-40.64417,-9.0952],[-40.6461,-9.09442],[-40.64664,-9.09381],[-40.64694,-9.09294],[-40.64753,-9.09315],[-40.648,-9.09375],[-40.64871,-9.09412],[-40.6496,-9.09499],[-40.65225,-9.09816],[-40.66271,-9.07777],[-40.66249,-9.07699],[-40.65501,-9.06175],[-40.65284,-9.05769],[-40.65097,-9.04702],[-40.64993,-9.04467],[-40.64861,-9.04251],[-40.64787,-9.03778],[-40.64542,-9.0344],[-40.64464,-9.03379],[-40.64252,-9.03302],[-40.63127,-9.02654],[-40.62738,-9.02554],[-40.62672,-9.02515],[-40.62334,-9.02187],[-40.62212,-9.02],[-40.61879,-9.01774],[-40.61665,-9.01485],[-40.61296,-9.01374],[-40.61197,-9.01306],[-40.61122,-9.01209],[-40.6119,-9.0965],[-40.60922,-9.09868],[-40.60751,-9.09939],[-40.60552,-9.10189],[-40.60366,-9.10376]]]}},{"type":"Feature","properties":{"CD_SETOR":"261110130000018","SITUACAO":"Rural","NM_BAIRRO":null,"NM_DIST":"Rajada","v0001":222,"v0007":88,"densidade":2.0449,"taxa_alfab":0.7604,"pct_60m":0.2793,"pop_10_14":14.0,"pop_15_19":17.0,"renda_media":1491.45,"renda_mediana":1212.0,"infra":null,"pavimentacao":null,"iluminacao":null,"calcada":null,"onibus":null,"local_id":"83-1503","regiao":"Rajada / Cristália"},"geometry":{"type":"Polygon","coordinates":[[[-40.7184,-8.96593],[-40.7124,-8.97709],[-40.71162,-8.97804],[-40.70814,-8.98105],[-40.70726,-8.98224],[-40.70266,-8.99997],[-40.66314,-9.07692],[-40.66249,-9.07699],[-40.66271,-9.07777],[-40.65368,-9.09535],[-40.6581,-9.09438],[-40.66035,-9.09513],[-40.66499,-9.09564],[-40.66573,-9.0958],[-40.66767,-9.09687],[-40.6714,-9.09839],[-40.67668,-9.09919],[-40.67992,-9.10074],[-40.68309,-9.10109],[-40.68551,-9.10222],[-40.68767,-9.10248],[-40.68992,-9.10166],[-40.6907,-9.10158],[-40.69184,-9.1019],[-40.69381,-9.1034],[-40.69502,-9.10392],[-40.71165,-9.10596],[-40.71377,-9.10795],[-40.71417,-9.1081],[-40.72157,-9.10924],[-40.72759,-9.10747],[-40.7356,-9.10713],[-40.73555,-9.10647],[-40.73623,-9.10631],[-40.73604,-9.10507],[-40.73855,-9.10313],[-40.73899,-9.10529],[-40.7397,-9.10515],[-40.7396,-9.10559],[-40.73984,-9.10605],[-40.74221,-9.1078],[-40.74248,-9.10858],[-40.74311,-9.10942],[-40.7439,-9.11209],[-40.74358,-9.1166],[-40.74332,-9.11774],[-40.74336,-9.12011],[-40.74453,-9.1205],[-40.74508,-9.12158],[-40.75039,-9.11789],[-40.75534,-9.11997],[-40.75706,-9.11984],[-40.7577,-9.11863],[-40.7577,-9.11519],[-40.75629,-9.11169],[-40.75737,-9.10801],[-40.75678,-9.10498],[-40.76317,-9.10694],[-40.76662,-9.10535],[-40.76948,-9.10318],[-40.77279,-9.10182],[-40.77211,-9.10133],[-40.76994,-9.09769],[-40.76835,-9.08931],[-40.76769,-9.0886],[-40.76787,-9.08842],[-40.76725,-9.08699],[-40.76602,-9.08776],[-40.76456,-9.08542],[-40.76435,-9.08476],[-40.76325,-9.0841],[-40.76281,-9.0831],[-40.76443,-9.07683],[-40.7645,-9.07463],[-40.76278,-9.07179],[-40.76102,-9.07021],[-40.76046,-9.06941],[-40.76052,-9.06897],[-40.76278,-9.06478],[-40.76369,-9.06225],[-40.76503,-9.05991],[-40.765,-9.05854],[-40.7645,-9.0572],[-40.76434,-9.0559],[-40.76276,-9.0528],[-40.76192,-9.05212],[-40.75835,-9.04654],[-40.75796,-9.04537],[-40.75788,-9.04385],[-40.75684,-9.04135],[-40.75434,-9.03862],[-40.75386,-9.03774],[-40.7539,-9.03723],[-40.75314,-9.03415],[-40.75395,-9.03292],[-40.75383,-9.03229],[-40.7525,-9.03136],[-40.75081,-9.03137],[-40.7509,-9.0261],[-40.75006,-9.02342],[-40.74932,-9.02187],[-40.74733,-9.01941],[-40.74415,-9.01842],[-40.74229,-9.01707],[-40.73959,-9.01418],[-40.73655,-9.01264],[-40.73304,-9.00739],[-40.73214,-9.00707],[-40.73089,-9.0072],[-40.73036,-9.00687],[-40.72943,-9.00358],[-40.72954,-9.00223],[-40.72918,-9.00078],[-40.72673,-8.99549],[-40.72674,-8.99374],[-40.72573,-8.99154],[-40.72558,-8.99063],[-40.72247,-8.98698],[-40.7209,-8.98445],[-40.72011,-8.98142],[-40.71993,-8.97836],[-40.71888,-8.97794],[-40.71866,-8.9774],[-40.71862,-8.97689],[-40.71949,-8.97486],[-40.71959,-8.97408],[-40.71928,-8.97059],[-40.71956,-8.96763],[-40.71944,-8.96725],[-40.71903,-8.96745],[-40.7184,-8.96593]]]}},{"type":"Feature","properties":{"CD_SETOR":"261110130000019","SITUACAO":"Rural","NM_BAIRRO":null,"NM_DIST":"Rajada","v0001":141,"v0007":53,"densidade":492.9603,"taxa_alfab":0.7009,"pct_60m":0.2837,"pop_10_14":13.0,"pop_15_19":11.0,"renda_media":1508.26,"renda_mediana":1212.0,"infra":null,"pavimentacao":null,"iluminacao":null,"calcada":null,"onibus":null,"local_id":"145-1600","regiao":"Rajada / Cristália"},"geometry":{"type":"Polygon","coordinates":[[[-40.73555,-9.10647],[-40.73593,-9.10939],[-40.74248,-9.10858],[-40.74204,-9.10759],[-40.73984,-9.10605],[-40.7396,-9.10559],[-40.7397,-9.10515],[-40.73899,-9.10529],[-40.73855,-9.10313],[-40.73604,-9.10507],[-40.73623,-9.10631],[-40.73555,-9.10647]]]}},{"type":"Feature","properties":{"CD_SETOR":"261110130000020","SITUACAO":"Rural","NM_BAIRRO":null,"NM_DIST":"Rajada","v0001":284,"v0007":103,"densidade":2.5224,"taxa_alfab":0.8584,"pct_60m":0.1831,"pop_10_14":24.0,"pop_15_19":20.0,"renda_media":1259.36,"renda_mediana":1200.0,"infra":null,"pavimentacao":null,"iluminacao":null,"calcada":null,"onibus":null,"local_id":"83-1503","regiao":"Rajada / Cristália"},"geometry":{"type":"Polygon","coordinates":[[[-40.61055,-8.92855],[-40.61122,-9.01209],[-40.61197,-9.01306],[-40.61296,-9.01374],[-40.61665,-9.01485],[-40.61879,-9.01774],[-40.62212,-9.02],[-40.62334,-9.02187],[-40.62672,-9.02515],[-40.62738,-9.02554],[-40.63127,-9.02654],[-40.64252,-9.03302],[-40.64464,-9.03379],[-40.64529,-9.03423],[-40.64787,-9.03778],[-40.64861,-9.04251],[-40.64993,-9.04467],[-40.65097,-9.04702],[-40.65284,-9.05769],[-40.66249,-9.07699],[-40.66314,-9.07692],[-40.70266,-8.99997],[-40.70726,-8.98224],[-40.70814,-8.98105],[-40.71162,-8.97804],[-40.7124,-8.97709],[-40.7184,-8.96593],[-40.7148,-8.9653],[-40.71503,-8.96564],[-40.71382,-8.96602],[-40.71277,-8.96496],[-40.71235,-8.96496],[-40.71139,-8.96415],[-40.71123,-8.96351],[-40.7105,-8.96311],[-40.71029,-8.96261],[-40.71052,-8.9623],[-40.71037,-8.96212],[-40.70939,-8.96198],[-40.70807,-8.96068],[-40.70649,-8.96015],[-40.70505,-8.95905],[-40.70532,-8.95849],[-40.70391,-8.95782],[-40.70424,-8.95754],[-40.70363,-8.95719],[-40.70316,-8.95597],[-40.70214,-8.95592],[-40.70162,-8.95652],[-40.70135,-8.95643],[-40.70133,-8.95553],[-40.70159,-8.95475],[-40.70049,-8.95413],[-40.7005,-8.95361],[-40.70009,-8.95327],[-40.69959,-8.95311],[-40.69848,-8.9532],[-40.6981,-8.9527],[-40.69766,-8.95268],[-40.69648,-8.95323],[-40.69664,-8.95368],[-40.69648,-8.95412],[-40.69521,-8.95481],[-40.69428,-8.95495],[-40.69366,-8.95441],[-40.69332,-8.95376],[-40.69366,-8.95345],[-40.69356,-8.95321],[-40.69199,-8.953],[-40.69039,-8.95229],[-40.68982,-8.95224],[-40.68951,-8.95251],[-40.68848,-8.95227],[-40.68792,-8.95268],[-40.68723,-8.95281],[-40.68537,-8.95199],[-40.68459,-8.95246],[-40.6835,-8.95231],[-40.68254,-8.95183],[-40.68181,-8.95045],[-40.68114,-8.94994],[-40.67903,-8.94887],[-40.6782,-8.94867],[-40.67766,-8.9477],[-40.67779,-8.94735],[-40.6776,-8.94674],[-40.67814,-8.94593],[-40.67815,-8.94549],[-40.67749,-8.94429],[-40.6768,-8.94369],[-40.67628,-8.94332],[-40.67549,-8.94383],[-40.67505,-8.94357],[-40.67489,-8.9431],[-40.67362,-8.94279],[-40.67139,-8.94136],[-40.67035,-8.94139],[-40.6694,-8.94068],[-40.66889,-8.94067],[-40.66828,-8.94098],[-40.66761,-8.94077],[-40.66692,-8.94023],[-40.66598,-8.94013],[-40.66444,-8.93887],[-40.66448,-8.93736],[-40.66368,-8.93554],[-40.66187,-8.9357],[-40.66086,-8.93674],[-40.66034,-8.93683],[-40.65945,-8.93646],[-40.65875,-8.93596],[-40.65818,-8.93459],[-40.65737,-8.93442],[-40.65686,-8.93269],[-40.65635,-8.93219],[-40.65457,-8.93198],[-40.65336,-8.93123],[-40.65099,-8.93116],[-40.64947,-8.93152],[-40.64917,-8.93147],[-40.64938,-8.93102],[-40.64907,-8.931],[-40.64832,-8.93123],[-40.6476,-8.93182],[-40.6465,-8.93211],[-40.64639,-8.93258],[-40.64591,-8.93274],[-40.6441,-8.93233],[-40.64382,-8.93245],[-40.64412,-8.9328],[-40.6429,-8.9334],[-40.6432,-8.93362],[-40.64287,-8.93403],[-40.64276,-8.93483],[-40.64154,-8.93471],[-40.6413,-8.93551],[-40.64071,-8.93609],[-40.63879,-8.93634],[-40.63744,-8.93705],[-40.63684,-8.93677],[-40.63635,-8.93687],[-40.63537,-8.93615],[-40.63523,-8.93542],[-40.63473,-8.93511],[-40.63447,-8.93419],[-40.63414,-8.93393],[-40.63367,-8.93286],[-40.63364,-8.93262],[-40.63393,-8.93258],[-40.63429,-8.93201],[-40.63376,-8.93139],[-40.63265,-8.93064],[-40.6303,-8.9305],[-40.62989,-8.93022],[-40.62857,-8.92791],[-40.62817,-8.92758],[-40.62518,-8.92754],[-40.62442,-8.9281],[-40.62427,-8.9287],[-40.62321,-8.92862],[-40.62281,-8.92902],[-40.6208,-8.92941],[-40.62044,-8.92915],[-40.62086,-8.92891],[-40.6204,-8.92826],[-40.61974,-8.92796],[-40.61926,-8.92828],[-40.61625,-8.92852],[-40.6153,-8.92899],[-40.6126,-8.92806],[-40.61055,-8.92855]]]}},{"type":"Feature","properties":{"CD_SETOR":"261110130000021","SITUACAO":"Rural","NM_BAIRRO":null,"NM_DIST":"Rajada","v0001":304,"v0007":116,"densidade":9.8169,"taxa_alfab":0.7742,"pct_60m":0.1382,"pop_10_14":20.0,"pop_15_19":12.0,"renda_media":921.11,"renda_mediana":1212.0,"infra":null,"pavimentacao":null,"iluminacao":null,"calcada":null,"onibus":null,"local_id":"83-1899","regiao":"Rajada / Cristália"},"geometry":{"type":"Polygon","coordinates":[[[-40.79564,-8.75666],[-40.79545,-8.75876],[-40.79471,-8.76012],[-40.79474,-8.76108],[-40.79591,-8.76293],[-40.79639,-8.76463],[-40.79654,-8.76662],[-40.8013,-8.77015],[-40.80406,-8.7796],[-40.80653,-8.7823],[-40.80717,-8.78555],[-40.80738,-8.78603],[-40.80866,-8.78737],[-40.80847,-8.79084],[-40.80734,-8.7928],[-40.81021,-8.79528],[-40.81138,-8.79552],[-40.81255,-8.7961],[-40.8197,-8.80499],[-40.82062,-8.80653],[-40.82294,-8.80807],[-40.82433,-8.8085],[-40.82516,-8.80848],[-40.82623,-8.8092],[-40.82743,-8.80927],[-40.82815,-8.80804],[-40.82833,-8.80727],[-40.82791,-8.80382],[-40.8276,-8.8029],[-40.82799,-8.80104],[-40.83149,-8.7993],[-40.83273,-8.79782],[-40.83314,-8.79691],[-40.83293,-8.79535],[-40.83427,-8.79285],[-40.83501,-8.79093],[-40.8361,-8.78976],[-40.83685,-8.7883],[-40.83877,-8.78596],[-40.83898,-8.78473],[-40.84224,-8.77733],[-40.84256,-8.77505],[-40.84288,-8.77426],[-40.84316,-8.77373],[-40.84383,-8.7733],[-40.84521,-8.77288],[-40.84586,-8.76991],[-40.8471,-8.76834],[-40.84742,-8.76735],[-40.85,-8.76439],[-40.84975,-8.76366],[-40.84846,-8.76166],[-40.8484,-8.76045],[-40.84926,-8.75399],[-40.8496,-8.7529],[-40.85013,-8.75139],[-40.85158,-8.75026],[-40.8512,-8.7488],[-40.8512,-8.74694],[-40.85149,-8.74544],[-40.85114,-8.74423],[-40.85198,-8.73983],[-40.85163,-8.73769],[-40.85198,-8.73688],[-40.85169,-8.73613],[-40.85092,-8.73574],[-40.85029,-8.73583],[-40.84891,-8.7351],[-40.8464,-8.73445],[-40.845,-8.73328],[-40.84339,-8.73359],[-40.83901,-8.7324],[-40.83818,-8.73292],[-40.8373,-8.73401],[-40.83598,-8.73504],[-40.8319,-8.73604],[-40.82975,-8.73819],[-40.82883,-8.73853],[-40.82827,-8.7383],[-40.82698,-8.73982],[-40.82614,-8.74029],[-40.82582,-8.74035],[-40.82467,-8.73953],[-40.82399,-8.73938],[-40.82093,-8.74209],[-40.81711,-8.74254],[-40.81707,-8.74354],[-40.8153,-8.74341],[-40.81502,-8.74378],[-40.81093,-8.74395],[-40.81092,-8.74446],[-40.80927,-8.74444],[-40.80778,-8.74747],[-40.80545,-8.74923],[-40.8051,-8.74922],[-40.80475,-8.7519],[-40.80365,-8.75323],[-40.80332,-8.75406],[-40.79564,-8.75666]]]}},{"type":"Feature","properties":{"CD_SETOR":"261110130000022","SITUACAO":"Rural","NM_BAIRRO":null,"NM_DIST":"Rajada","v0001":434,"v0007":153,"densidade":5.4788,"taxa_alfab":0.7376,"pct_60m":0.1797,"pop_10_14":30.0,"pop_15_19":38.0,"renda_media":1337.95,"renda_mediana":1212.0,"infra":null,"pavimentacao":null,"iluminacao":null,"calcada":null,"onibus":null,"local_id":"145-2178","regiao":"Rajada / Cristália"},"geometry":{"type":"Polygon","coordinates":[[[-40.65368,-9.09535],[-40.63803,-9.12581],[-40.63745,-9.12762],[-40.63283,-9.21132],[-40.63224,-9.21366],[-40.6314,-9.21537],[-40.63583,-9.21547],[-40.63814,-9.21501],[-40.6405,-9.21289],[-40.64191,-9.21215],[-40.64275,-9.21128],[-40.64358,-9.20981],[-40.64582,-9.20778],[-40.64669,-9.20621],[-40.64712,-9.20509],[-40.64634,-9.20301],[-40.64631,-9.20176],[-40.64992,-9.20092],[-40.65294,-9.19972],[-40.65508,-9.19991],[-40.65557,-9.19942],[-40.66015,-9.19828],[-40.66234,-9.20469],[-40.66308,-9.20514],[-40.66605,-9.20848],[-40.66692,-9.21228],[-40.66719,-9.21282],[-40.66765,-9.21303],[-40.67072,-9.22068],[-40.67473,-9.22862],[-40.67528,-9.22868],[-40.67683,-9.22819],[-40.67775,-9.22852],[-40.67905,-9.23072],[-40.67907,-9.23182],[-40.67969,-9.23208],[-40.68467,-9.23615],[-40.68619,-9.2375],[-40.68654,-9.23817],[-40.68705,-9.23778],[-40.6903,-9.23887],[-40.69085,-9.2374],[-40.69101,-9.23406],[-40.6945,-9.23346],[-40.69345,-9.23128],[-40.6807,-9.2122],[-40.68156,-9.21085],[-40.68221,-9.20801],[-40.68198,-9.20474],[-40.68056,-9.20031],[-40.67822,-9.1963],[-40.67706,-9.19331],[-40.67547,-9.19393],[-40.67336,-9.1928],[-40.67064,-9.18871],[-40.66987,-9.18613],[-40.67025,-9.18384],[-40.67196,-9.18052],[-40.67204,-9.17886],[-40.67053,-9.17535],[-40.67209,-9.17239],[-40.6697,-9.165],[-40.66722,-9.16049],[-40.6674,-9.15906],[-40.67232,-9.1565],[-40.67773,-9.15125],[-40.68281,-9.14112],[-40.68509,-9.13761],[-40.68729,-9.13698],[-40.69029,-9.13795],[-40.6947,-9.14055],[-40.70016,-9.14223],[-40.7062,-9.14201],[-40.70989,-9.14088],[-40.72227,-9.13382],[-40.72887,-9.12885],[-40.73049,-9.12725],[-40.73092,-9.12596],[-40.73254,-9.12401],[-40.73539,-9.12324],[-40.74314,-9.1224],[-40.74508,-9.12158],[-40.74453,-9.1205],[-40.74336,-9.12011],[-40.74332,-9.11774],[-40.74358,-9.1166],[-40.7439,-9.11209],[-40.74311,-9.10942],[-40.74248,-9.10858],[-40.73593,-9.10939],[-40.7356,-9.10713],[-40.72759,-9.10747],[-40.72157,-9.10924],[-40.71615,-9.10848],[-40.71377,-9.10795],[-40.71165,-9.10596],[-40.69502,-9.10392],[-40.69381,-9.1034],[-40.69184,-9.1019],[-40.6907,-9.10158],[-40.68992,-9.10166],[-40.68767,-9.10248],[-40.68551,-9.10222],[-40.68309,-9.10109],[-40.67992,-9.10074],[-40.67668,-9.09919],[-40.6714,-9.09839],[-40.66767,-9.09687],[-40.66573,-9.0958],[-40.66035,-9.09513],[-40.6581,-9.09438],[-40.65368,-9.09535]]]}},{"type":"Feature","properties":{"CD_SETOR":"261110130000023","SITUACAO":"Urbana","NM_BAIRRO":null,"NM_DIST":"Rajada","v0001":832,"v0007":286,"densidade":1112.4037,"taxa_alfab":0.8704,"pct_60m":0.1274,"pop_10_14":69.0,"pop_15_19":46.0,"renda_media":1122.49,"renda_mediana":1200.0,"infra":0.5428,"pavimentacao":0.3077,"iluminacao":0.972,"calcada":0.8916,"onibus":0.0,"local_id":"83-1716","regiao":"Rajada / Cristália"},"geometry":{"type":"Polygon","coordinates":[[[-40.8365,-8.80838],[-40.83475,-8.80915],[-40.83122,-8.81187],[-40.83792,-8.81832],[-40.83802,-8.81779],[-40.83775,-8.81749],[-40.83811,-8.81575],[-40.83996,-8.81542],[-40.84195,-8.81458],[-40.8401,-8.8078],[-40.83986,-8.8076],[-40.8365,-8.80838]]]}},{"type":"Feature","properties":{"CD_SETOR":"261110130000024","SITUACAO":"Urbana","NM_BAIRRO":null,"NM_DIST":"Rajada","v0001":897,"v0007":288,"densidade":1583.6205,"taxa_alfab":0.8343,"pct_60m":0.1271,"pop_10_14":80.0,"pop_15_19":75.0,"renda_media":1151.11,"renda_mediana":1212.0,"infra":0.6172,"pavimentacao":0.5451,"iluminacao":0.9931,"calcada":0.9306,"onibus":0.0312,"local_id":"83-1716","regiao":"Rajada / Cristália"},"geometry":{"type":"Polygon","coordinates":[[[-40.82801,-8.81769],[-40.83342,-8.82023],[-40.83721,-8.82039],[-40.83841,-8.81932],[-40.83792,-8.81832],[-40.83122,-8.81187],[-40.83022,-8.81316],[-40.82801,-8.81769]]]}},{"type":"Feature","properties":{"CD_SETOR":"261110130000025","SITUACAO":"Rural","NM_BAIRRO":null,"NM_DIST":"Rajada","v0001":123,"v0007":43,"densidade":749.0884,"taxa_alfab":0.7391,"pct_60m":0.2602,"pop_10_14":13.0,"pop_15_19":7.0,"renda_media":1214.1,"renda_mediana":1212.0,"infra":null,"pavimentacao":null,"iluminacao":null,"calcada":null,"onibus":null,"local_id":"145-1724","regiao":"Rajada / Cristália"},"geometry":{"type":"Polygon","coordinates":[[[-40.62224,-8.74613],[-40.62021,-8.74699],[-40.62103,-8.75095],[-40.62175,-8.75252],[-40.62246,-8.75251],[-40.62265,-8.7542],[-40.62357,-8.75406],[-40.62224,-8.74613]]]}},{"type":"Feature","properties":{"CD_SETOR":"261110130000026","SITUACAO":"Rural","NM_BAIRRO":null,"NM_DIST":"Rajada","v0001":495,"v0007":161,"densidade":2.895,"taxa_alfab":0.7177,"pct_60m":0.2162,"pop_10_14":45.0,"pop_15_19":39.0,"renda_media":868.55,"renda_mediana":1212.0,"infra":null,"pavimentacao":null,"iluminacao":null,"calcada":null,"onibus":null,"local_id":"145-1724","regiao":"Rajada / Cristália"},"geometry":{"type":"Polygon","coordinates":[[[-40.5795,-8.67907],[-40.58193,-8.67929],[-40.58269,-8.67961],[-40.58289,-8.67991],[-40.58265,-8.68062],[-40.5787,-8.68342],[-40.57724,-8.68344],[-40.57649,-8.68383],[-40.57664,-8.68525],[-40.57871,-8.68961],[-40.57925,-8.68986],[-40.58098,-8.68995],[-40.58234,-8.69026],[-40.58408,-8.69234],[-40.58438,-8.69303],[-40.5843,-8.69437],[-40.58352,-8.69517],[-40.58067,-8.69669],[-40.58026,-8.69754],[-40.58029,-8.69938],[-40.58056,-8.69993],[-40.58136,-8.70082],[-40.58355,-8.70242],[-40.58652,-8.70548],[-40.58941,-8.71069],[-40.59215,-8.71233],[-40.59371,-8.71092],[-40.59443,-8.71091],[-40.59482,-8.71193],[-40.5941,-8.71414],[-40.59409,-8.71498],[-40.59459,-8.71827],[-40.59522,-8.71881],[-40.59761,-8.71909],[-40.5995,-8.72013],[-40.60075,-8.72125],[-40.60327,-8.72122],[-40.60614,-8.723],[-40.60789,-8.72328],[-40.60816,-8.7251],[-40.60714,-8.72788],[-40.60681,-8.72997],[-40.60718,-8.73052],[-40.60943,-8.73013],[-40.61145,-8.73179],[-40.61189,-8.73279],[-40.61194,-8.73356],[-40.6109,-8.73577],[-40.61045,-8.73781],[-40.61074,-8.73852],[-40.61182,-8.73986],[-40.61183,-8.74057],[-40.61117,-8.74113],[-40.61045,-8.74123],[-40.60985,-8.74166],[-40.60933,-8.74229],[-40.60906,-8.74306],[-40.60911,-8.7436],[-40.60986,-8.74479],[-40.61166,-8.74616],[-40.61239,-8.74752],[-40.61099,-8.75055],[-40.61036,-8.75117],[-40.60853,-8.75467],[-40.60857,-8.75624],[-40.60957,-8.75959],[-40.61005,-8.76018],[-40.61137,-8.76026],[-40.61209,-8.75986],[-40.61257,-8.75924],[-40.61344,-8.75616],[-40.61406,-8.75552],[-40.61607,-8.75547],[-40.61755,-8.75599],[-40.61828,-8.75658],[-40.6194,-8.75667],[-40.62079,-8.75717],[-40.62141,-8.75763],[-40.62194,-8.75902],[-40.62175,-8.76531],[-40.62098,-8.76613],[-40.62085,-8.76713],[-40.62234,-8.76943],[-40.6224,-8.77119],[-40.62167,-8.77338],[-40.62172,-8.77464],[-40.62231,-8.77592],[-40.62257,-8.77747],[-40.61954,-8.7817],[-40.61833,-8.78489],[-40.61585,-8.78669],[-40.61552,-8.78723],[-40.615,-8.79012],[-40.61403,-8.79129],[-40.61322,-8.79149],[-40.61238,-8.79122],[-40.61141,-8.79048],[-40.61083,-8.78973],[-40.61046,-8.78849],[-40.60929,-8.78668],[-40.60819,-8.78631],[-40.60635,-8.78631],[-40.60546,-8.78656],[-40.60497,-8.78708],[-40.60473,-8.78776],[-40.60462,-8.78863],[-40.6066,-8.79568],[-40.60716,-8.79853],[-40.6068,-8.7992],[-40.60469,-8.80122],[-40.60385,-8.80267],[-40.6037,-8.80337],[-40.60446,-8.80523],[-40.60452,-8.80586],[-40.60417,-8.80657],[-40.60283,-8.80714],[-40.60044,-8.80738],[-40.59903,-8.80895],[-40.59875,-8.80981],[-40.59901,-8.81051],[-40.60098,-8.8126],[-40.60124,-8.81351],[-40.60112,-8.8141],[-40.60026,-8.81539],[-40.59915,-8.81626],[-40.5982,-8.81754],[-40.5981,-8.81914],[-40.59832,-8.82062],[-40.5963,-8.82329],[-40.59748,-8.82509],[-40.60048,-8.827],[-40.60123,-8.82784],[-40.6006,-8.82934],[-40.59928,-8.83076],[-40.59875,-8.83167],[-40.59889,-8.83282],[-40.60024,-8.8369],[-40.59882,-8.83828],[-40.60328,-8.83795],[-40.60406,-8.83709],[-40.60451,-8.83461],[-40.60402,-8.83419],[-40.60435,-8.83307],[-40.60493,-8.83252],[-40.60953,-8.83238],[-40.61067,-8.83123],[-40.61082,-8.83034],[-40.61018,-8.82767],[-40.61026,-8.82716],[-40.61075,-8.82676],[-40.61362,-8.82592],[-40.61387,-8.82518],[-40.61332,-8.81933],[-40.61758,-8.81843],[-40.61828,-8.81871],[-40.62191,-8.81688],[-40.62376,-8.81701],[-40.62673,-8.81773],[-40.6318,-8.82041],[-40.63312,-8.82006],[-40.63335,-8.81864],[-40.63313,-8.81644],[-40.63429,-8.8154],[-40.63536,-8.81514],[-40.63659,-8.81638],[-40.63758,-8.81662],[-40.63948,-8.81628],[-40.64111,-8.81663],[-40.64243,-8.81557],[-40.64371,-8.814],[-40.64552,-8.80912],[-40.64689,-8.80857],[-40.65143,-8.80998],[-40.65586,-8.81049],[-40.65909,-8.81051],[-40.66199,-8.80974],[-40.66341,-8.8071],[-40.66507,-8.80575],[-40.66624,-8.80592],[-40.66903,-8.80393],[-40.67055,-8.80193],[-40.67162,-8.80113],[-40.67197,-8.79728],[-40.6717,-8.79409],[-40.67366,-8.78955],[-40.67299,-8.78772],[-40.67332,-8.78488],[-40.6741,-8.78441],[-40.67439,-8.78371],[-40.67439,-8.78261],[-40.67386,-8.78101],[-40.6739,-8.78013],[-40.67423,-8.77967],[-40.67422,-8.77874],[-40.67487,-8.77916],[-40.67527,-8.77838],[-40.67542,-8.77846],[-40.67617,-8.77733],[-40.67674,-8.77695],[-40.67729,-8.77586],[-40.67788,-8.77543],[-40.68055,-8.77496],[-40.68145,-8.77317],[-40.6825,-8.7729],[-40.68387,-8.77078],[-40.6846,-8.77025],[-40.68535,-8.77034],[-40.68647,-8.77087],[-40.68637,-8.77346],[-40.68734,-8.77471],[-40.68969,-8.77619],[-40.69018,-8.77684],[-40.69239,-8.7769],[-40.6924,-8.77454],[-40.69347,-8.77271],[-40.69431,-8.77049],[-40.69334,-8.76949],[-40.6898,-8.76808],[-40.68973,-8.76775],[-40.69061,-8.76705],[-40.69167,-8.76727],[-40.69321,-8.76637],[-40.69434,-8.76653],[-40.69534,-8.76376],[-40.69697,-8.7647],[-40.69866,-8.76523],[-40.69903,-8.76505],[-40.69958,-8.76428],[-40.70095,-8.76378],[-40.7022,-8.76275],[-40.70236,-8.76203],[-40.70358,-8.76076],[-40.70444,-8.7607],[-40.70744,-8.76188],[-40.70888,-8.76204],[-40.70988,-8.76054],[-40.71361,-8.75877],[-40.71446,-8.7589],[-40.71531,-8.75939],[-40.71812,-8.75952],[-40.72005,-8.75655],[-40.72017,-8.75583],[-40.71995,-8.75351],[-40.71919,-8.75242],[-40.71859,-8.752],[-40.71783,-8.75185],[-40.71669,-8.75095],[-40.71638,-8.75008],[-40.7157,-8.74963],[-40.71569,-8.74904],[-40.71588,-8.74868],[-40.71643,-8.74853],[-40.71949,-8.74821],[-40.72001,-8.74824],[-40.72123,-8.74909],[-40.72175,-8.74915],[-40.72422,-8.7475],[-40.72137,-8.74548],[-40.7225,-8.74469],[-40.72276,-8.74364],[-40.72133,-8.74322],[-40.72046,-8.7425],[-40.71952,-8.74085],[-40.71897,-8.74056],[-40.72009,-8.73942],[-40.72112,-8.73902],[-40.72129,-8.73873],[-40.7263,-8.73759],[-40.72845,-8.73762],[-40.7289,-8.73808],[-40.73195,-8.7394],[-40.73304,-8.73936],[-40.73351,-8.73966],[-40.7346,-8.73976],[-40.73541,-8.73955],[-40.73548,-8.73928],[-40.73483,-8.73796],[-40.73273,-8.73523],[-40.73299,-8.73217],[-40.73343,-8.73134],[-40.73677,-8.72877],[-40.73674,-8.72682],[-40.73661,-8.72641],[-40.73623,-8.72615],[-40.73605,-8.7242],[-40.7356,-8.72252],[-40.73611,-8.71986],[-40.7358,-8.71548],[-40.7376,-8.71308],[-40.73932,-8.71025],[-40.73951,-8.70975],[-40.73941,-8.70926],[-40.73872,-8.70839],[-40.73555,-8.70762],[-40.73312,-8.7032],[-40.73179,-8.70221],[-40.72694,-8.69722],[-40.72438,-8.69705],[-40.71891,-8.69568],[-40.71782,-8.69508],[-40.71713,-8.69431],[-40.71633,-8.69276],[-40.71443,-8.69165],[-40.70874,-8.69151],[-40.69839,-8.68734],[-40.69557,-8.68747],[-40.69441,-8.68664],[-40.68632,-8.6853],[-40.6814,-8.68483],[-40.66199,-8.68699],[-40.6612,-8.68692],[-40.65602,-8.68503],[-40.64833,-8.68316],[-40.64039,-8.67851],[-40.6403,-8.67799],[-40.64063,-8.67691],[-40.64027,-8.67644],[-40.63866,-8.67647],[-40.63752,-8.67734],[-40.62195,-8.67247],[-40.6021,-8.67278],[-40.59579,-8.67167],[-40.59224,-8.67071],[-40.59052,-8.67058],[-40.58907,-8.67142],[-40.58787,-8.67172],[-40.58643,-8.67269],[-40.58619,-8.67308],[-40.58618,-8.67434],[-40.58522,-8.6753],[-40.58529,-8.67612],[-40.58076,-8.6778],[-40.5795,-8.67907]],[[-40.62224,-8.74613],[-40.62357,-8.75406],[-40.62265,-8.7542],[-40.62246,-8.75251],[-40.62175,-8.75252],[-40.62103,-8.75095],[-40.62021,-8.74699],[-40.62224,-8.74613]]]}},{"type":"Feature","properties":{"CD_SETOR":"261110130000027","SITUACAO":"Rural","NM_BAIRRO":null,"NM_DIST":"Rajada","v0001":115,"v0007":39,"densidade":601.6815,"taxa_alfab":0.725,"pct_60m":0.1043,"pop_10_14":13.0,"pop_15_19":6.0,"renda_media":994.41,"renda_mediana":1212.0,"infra":null,"pavimentacao":null,"iluminacao":null,"calcada":null,"onibus":null,"local_id":"145-1686","regiao":"Rajada / Cristália"},"geometry":{"type":"Polygon","coordinates":[[[-40.68234,-8.64878],[-40.68266,-8.64983],[-40.68712,-8.64868],[-40.68721,-8.64604],[-40.68641,-8.64597],[-40.68592,-8.64444],[-40.68439,-8.64529],[-40.68234,-8.64878]]]}},{"type":"Feature","properties":{"CD_SETOR":"261110130000028","SITUACAO":"Rural","NM_BAIRRO":null,"NM_DIST":"Rajada","v0001":240,"v0007":80,"densidade":2.8103,"taxa_alfab":0.6878,"pct_60m":0.2042,"pop_10_14":20.0,"pop_15_19":17.0,"renda_media":847.95,"renda_mediana":1212.0,"infra":null,"pavimentacao":null,"iluminacao":null,"calcada":null,"onibus":null,"local_id":"145-1686","regiao":"Rajada / Cristália"},"geometry":{"type":"Polygon","coordinates":[[[-40.75825,-8.6235],[-40.57954,-8.66712],[-40.57926,-8.66726],[-40.58016,-8.66868],[-40.57978,-8.67202],[-40.57875,-8.67351],[-40.57563,-8.67471],[-40.57562,-8.67597],[-40.57701,-8.67845],[-40.5795,-8.67907],[-40.58076,-8.6778],[-40.58529,-8.67612],[-40.58522,-8.6753],[-40.58618,-8.67434],[-40.58619,-8.67308],[-40.58643,-8.67269],[-40.58787,-8.67172],[-40.58907,-8.67142],[-40.59052,-8.67058],[-40.59224,-8.67071],[-40.59579,-8.67167],[-40.6021,-8.67278],[-40.62195,-8.67247],[-40.63752,-8.67734],[-40.63866,-8.67647],[-40.64027,-8.67644],[-40.64063,-8.67691],[-40.6403,-8.67799],[-40.64039,-8.67851],[-40.64833,-8.68316],[-40.65602,-8.68503],[-40.6612,-8.68692],[-40.66199,-8.68699],[-40.6814,-8.68483],[-40.68632,-8.6853],[-40.69441,-8.68664],[-40.69557,-8.68747],[-40.69839,-8.68734],[-40.70874,-8.69151],[-40.71443,-8.69165],[-40.71633,-8.69276],[-40.71713,-8.69431],[-40.71782,-8.69508],[-40.71891,-8.69568],[-40.72438,-8.69705],[-40.72694,-8.69722],[-40.73179,-8.70221],[-40.73312,-8.7032],[-40.73555,-8.70762],[-40.73872,-8.70839],[-40.73923,-8.70889],[-40.73892,-8.70762],[-40.73911,-8.70672],[-40.73722,-8.70466],[-40.73762,-8.70446],[-40.73824,-8.70452],[-40.74245,-8.70582],[-40.74402,-8.70542],[-40.74423,-8.70433],[-40.74258,-8.69979],[-40.74519,-8.69908],[-40.74763,-8.69431],[-40.74783,-8.69494],[-40.74921,-8.69615],[-40.75135,-8.69553],[-40.75326,-8.69433],[-40.75327,-8.69364],[-40.75256,-8.69224],[-40.7512,-8.69148],[-40.75115,-8.69118],[-40.75169,-8.69045],[-40.75164,-8.69019],[-40.75089,-8.6901],[-40.75059,-8.68857],[-40.75101,-8.68774],[-40.75274,-8.68654],[-40.75377,-8.68514],[-40.75391,-8.6852],[-40.75425,-8.68429],[-40.75411,-8.68398],[-40.75453,-8.68246],[-40.75465,-8.68084],[-40.75537,-8.67899],[-40.75404,-8.67668],[-40.75433,-8.67575],[-40.757,-8.67508],[-40.75976,-8.67581],[-40.7608,-8.67555],[-40.76128,-8.67525],[-40.76138,-8.67489],[-40.76066,-8.67315],[-40.75907,-8.67107],[-40.75834,-8.66799],[-40.75778,-8.66689],[-40.75724,-8.66635],[-40.75672,-8.66452],[-40.75663,-8.66256],[-40.75695,-8.66204],[-40.75644,-8.66166],[-40.7566,-8.66129],[-40.75733,-8.66098],[-40.75755,-8.6603],[-40.7575,-8.65943],[-40.75711,-8.65863],[-40.7572,-8.65707],[-40.75689,-8.65563],[-40.75747,-8.65485],[-40.75805,-8.65492],[-40.75797,-8.65523],[-40.75813,-8.65527],[-40.75854,-8.65495],[-40.76031,-8.65585],[-40.76107,-8.65558],[-40.76188,-8.65659],[-40.7628,-8.65702],[-40.76366,-8.65775],[-40.7646,-8.65753],[-40.76514,-8.65709],[-40.76515,-8.65548],[-40.76482,-8.65507],[-40.76494,-8.65469],[-40.76427,-8.65244],[-40.76387,-8.65251],[-40.7638,-8.65232],[-40.76355,-8.65091],[-40.76242,-8.65081],[-40.76178,-8.65101],[-40.76092,-8.65021],[-40.76082,-8.64931],[-40.76119,-8.64857],[-40.76113,-8.64812],[-40.76238,-8.64712],[-40.76258,-8.64672],[-40.76463,-8.64604],[-40.76603,-8.6417],[-40.76582,-8.64123],[-40.76387,-8.64027],[-40.76008,-8.63985],[-40.75907,-8.63954],[-40.75871,-8.63914],[-40.75802,-8.63907],[-40.75684,-8.63812],[-40.75617,-8.63829],[-40.75575,-8.63809],[-40.75544,-8.63778],[-40.75572,-8.63739],[-40.75563,-8.63701],[-40.75458,-8.6362],[-40.75415,-8.63613],[-40.75441,-8.63584],[-40.75428,-8.6357],[-40.75374,-8.63587],[-40.75303,-8.63527],[-40.75261,-8.63532],[-40.7506,-8.63443],[-40.75047,-8.63417],[-40.75054,-8.6333],[-40.75107,-8.63273],[-40.75137,-8.63178],[-40.75039,-8.62996],[-40.7505,-8.6288],[-40.75122,-8.62855],[-40.75213,-8.62782],[-40.75267,-8.62642],[-40.75343,-8.62564],[-40.75446,-8.62665],[-40.75558,-8.62734],[-40.7578,-8.62764],[-40.76061,-8.62741],[-40.75861,-8.62516],[-40.75806,-8.62372],[-40.75825,-8.6235]],[[-40.68234,-8.64878],[-40.68439,-8.64529],[-40.68592,-8.64444],[-40.68641,-8.64597],[-40.68721,-8.64604],[-40.68712,-8.64868],[-40.68266,-8.64983],[-40.68234,-8.64878]]]}},{"type":"Feature","properties":{"CD_SETOR":"261110130000029","SITUACAO":"Rural","NM_BAIRRO":null,"NM_DIST":"Rajada","v0001":65,"v0007":21,"densidade":349.3773,"taxa_alfab":0.6818,"pct_60m":0.0615,"pop_10_14":9.0,"pop_15_19":3.0,"renda_media":1091.79,"renda_mediana":1212.0,"infra":null,"pavimentacao":null,"iluminacao":null,"calcada":null,"onibus":null,"local_id":"145-2178","regiao":"Rajada / Cristália"},"geometry":{"type":"Polygon","coordinates":[[[-40.62323,-9.15583],[-40.62395,-9.15571],[-40.62412,-9.15362],[-40.62318,-9.15325],[-40.62325,-9.15192],[-40.62289,-9.15176],[-40.62269,-9.15208],[-40.62252,-9.15181],[-40.62208,-9.15187],[-40.62195,-9.15137],[-40.62137,-9.15162],[-40.62097,-9.15113],[-40.62063,-9.15015],[-40.61954,-9.15085],[-40.6199,-9.15298],[-40.61906,-9.15334],[-40.61982,-9.15418],[-40.61959,-9.15442],[-40.61996,-9.15489],[-40.62033,-9.15468],[-40.62048,-9.15485],[-40.62147,-9.15458],[-40.62186,-9.15477],[-40.62222,-9.1555],[-40.62266,-9.15543],[-40.62323,-9.15583]]]}},{"type":"Feature","properties":{"CD_SETOR":"261110130000030","SITUACAO":"Rural","NM_BAIRRO":null,"NM_DIST":"Rajada","v0001":169,"v0007":65,"densidade":7.4072,"taxa_alfab":0.704,"pct_60m":0.213,"pop_10_14":18.0,"pop_15_19":7.0,"renda_media":971.3,"renda_mediana":1212.0,"infra":null,"pavimentacao":null,"iluminacao":null,"calcada":null,"onibus":null,"local_id":"145-2178","regiao":"Rajada / Cristália"},"geometry":{"type":"Polygon","coordinates":[[[-40.62063,-9.15015],[-40.61596,-9.14514],[-40.6158,-9.14462],[-40.61594,-9.14382],[-40.61554,-9.1424],[-40.60812,-9.13552],[-40.60847,-9.13526],[-40.62283,-9.13415],[-40.62405,-9.13286],[-40.625,-9.13289],[-40.62386,-9.12953],[-40.62393,-9.1286],[-40.62055,-9.12545],[-40.61548,-9.11806],[-40.62016,-9.11802],[-40.62105,-9.11951],[-40.62239,-9.11945],[-40.62242,-9.11736],[-40.62105,-9.10578],[-40.6195,-9.10481],[-40.61851,-9.10449],[-40.6185,-9.10249],[-40.61822,-9.10236],[-40.61737,-9.10279],[-40.61536,-9.10251],[-40.61515,-9.10225],[-40.61508,-9.10096],[-40.6147,-9.09964],[-40.61437,-9.09963],[-40.61286,-9.10068],[-40.61243,-9.10243],[-40.61189,-9.10338],[-40.61121,-9.10323],[-40.61019,-9.10225],[-40.60947,-9.10208],[-40.6091,-9.10239],[-40.60902,-9.10334],[-40.60794,-9.1048],[-40.60455,-9.10485],[-40.60433,-9.10474],[-40.60401,-9.1038],[-40.60311,-9.10379],[-40.60322,-9.1045],[-40.60298,-9.10502],[-40.60141,-9.10566],[-40.60146,-9.10698],[-40.60101,-9.10741],[-40.60018,-9.10773],[-40.60021,-9.10903],[-40.60088,-9.1098],[-40.60086,-9.11032],[-40.6003,-9.11072],[-40.59889,-9.11113],[-40.59846,-9.11151],[-40.59902,-9.11294],[-40.59818,-9.11438],[-40.59676,-9.11608],[-40.59558,-9.11639],[-40.5949,-9.11536],[-40.5944,-9.11505],[-40.592,-9.11547],[-40.59146,-9.11536],[-40.59125,-9.11507],[-40.58893,-9.11531],[-40.58876,-9.1158],[-40.59244,-9.13262],[-40.58845,-9.15984],[-40.58737,-9.16119],[-40.5877,-9.16148],[-40.58737,-9.16323],[-40.58796,-9.16385],[-40.58809,-9.16467],[-40.58988,-9.16756],[-40.58994,-9.16805],[-40.59159,-9.17096],[-40.59228,-9.17158],[-40.59353,-9.17374],[-40.59744,-9.17359],[-40.59784,-9.17506],[-40.60221,-9.17407],[-40.60371,-9.17269],[-40.60499,-9.17303],[-40.60911,-9.17258],[-40.6111,-9.17289],[-40.61158,-9.17396],[-40.62134,-9.16026],[-40.62042,-9.15961],[-40.6191,-9.16018],[-40.61909,-9.15824],[-40.62015,-9.1578],[-40.62076,-9.15727],[-40.62103,-9.1565],[-40.62096,-9.15467],[-40.61996,-9.15489],[-40.61959,-9.15442],[-40.61982,-9.15418],[-40.61906,-9.15334],[-40.6199,-9.15298],[-40.61954,-9.15085],[-40.62063,-9.15015]]]}},{"type":"Feature","properties":{"CD_SETOR":"261110130000031","SITUACAO":"Rural","NM_BAIRRO":null,"NM_DIST":"Rajada","v0001":191,"v0007":67,"densidade":10.7468,"taxa_alfab":0.8716,"pct_60m":0.2251,"pop_10_14":11.0,"pop_15_19":14.0,"renda_media":1111.17,"renda_mediana":1212.0,"infra":null,"pavimentacao":null,"iluminacao":null,"calcada":null,"onibus":null,"local_id":"145-2178","regiao":"Rajada / Cristália"},"geometry":{"type":"Polygon","coordinates":[[[-40.62105,-9.10578],[-40.62242,-9.11736],[-40.62239,-9.11945],[-40.62105,-9.11951],[-40.62016,-9.11802],[-40.61548,-9.11806],[-40.62055,-9.12545],[-40.62393,-9.1286],[-40.62386,-9.12953],[-40.625,-9.13289],[-40.62405,-9.13286],[-40.62283,-9.13415],[-40.60847,-9.13526],[-40.60812,-9.13552],[-40.61554,-9.1424],[-40.61594,-9.14382],[-40.6158,-9.14462],[-40.61596,-9.14514],[-40.62063,-9.15015],[-40.62097,-9.15113],[-40.62137,-9.15162],[-40.62195,-9.15137],[-40.62208,-9.15187],[-40.62252,-9.15181],[-40.62269,-9.15208],[-40.62289,-9.15176],[-40.62325,-9.15192],[-40.62318,-9.15325],[-40.62412,-9.15362],[-40.62395,-9.15571],[-40.62323,-9.15583],[-40.62266,-9.15543],[-40.62222,-9.1555],[-40.62186,-9.15477],[-40.62147,-9.15458],[-40.62096,-9.15467],[-40.62103,-9.1565],[-40.62076,-9.15727],[-40.62015,-9.1578],[-40.61909,-9.15824],[-40.6191,-9.16018],[-40.62042,-9.15961],[-40.62134,-9.16026],[-40.61408,-9.17041],[-40.61621,-9.1705],[-40.61701,-9.17093],[-40.61887,-9.17121],[-40.61994,-9.17101],[-40.62192,-9.17016],[-40.62482,-9.17051],[-40.62664,-9.17288],[-40.62857,-9.17448],[-40.63023,-9.17511],[-40.63136,-9.17503],[-40.63188,-9.17475],[-40.63334,-9.1752],[-40.63467,-9.17787],[-40.63754,-9.12713],[-40.63803,-9.12581],[-40.65225,-9.09816],[-40.6496,-9.09499],[-40.64871,-9.09412],[-40.648,-9.09375],[-40.64753,-9.09315],[-40.64694,-9.09294],[-40.64664,-9.09381],[-40.6461,-9.09442],[-40.64417,-9.0952],[-40.64305,-9.09504],[-40.64234,-9.09549],[-40.64213,-9.09568],[-40.64207,-9.0968],[-40.64168,-9.09738],[-40.64134,-9.09738],[-40.64114,-9.097],[-40.63985,-9.09703],[-40.63965,-9.09783],[-40.63879,-9.09801],[-40.63738,-9.09881],[-40.6372,-9.09922],[-40.6376,-9.09956],[-40.63756,-9.09976],[-40.63554,-9.10062],[-40.63527,-9.10107],[-40.63536,-9.10175],[-40.63428,-9.10328],[-40.63376,-9.10341],[-40.63264,-9.10292],[-40.63292,-9.10246],[-40.6328,-9.10221],[-40.63186,-9.10172],[-40.62951,-9.10268],[-40.62844,-9.10265],[-40.62737,-9.10336],[-40.62615,-9.10302],[-40.62466,-9.10331],[-40.62397,-9.10376],[-40.62388,-9.10414],[-40.62396,-9.10441],[-40.62438,-9.10459],[-40.62453,-9.10519],[-40.62339,-9.1058],[-40.62295,-9.10709],[-40.62105,-9.10578]]]}}]}